analysis_id,dictionary_id,quarter,coverage_state,regime,kind,term,count,denominator,frequency,status,unit,context
HNB_MEDIA_LEXICAL_1.1,HNB_MEDIA_LEXICAL_1.0,2021-Q1,complete,legacy,term,banka,294,916,0.32096069868995636,reported,distinct_body_within_quarter,explicit_HNB_title_and_body_segments
HNB_MEDIA_LEXICAL_1.1,HNB_MEDIA_LEXICAL_1.0,2021-Q1,complete,legacy,term,kredit,279,916,0.30458515283842796,reported,distinct_body_within_quarter,explicit_HNB_title_and_body_segments
HNB_MEDIA_LEXICAL_1.1,HNB_MEDIA_LEXICAL_1.0,2021-Q1,complete,legacy,term,euro,129,916,0.1408296943231441,reported,distinct_body_within_quarter,explicit_HNB_title_and_body_segments
HNB_MEDIA_LEXICAL_1.1,HNB_MEDIA_LEXICAL_1.0,2021-Q1,complete,legacy,term,kuna,215,916,0.23471615720524017,reported,distinct_body_within_quarter,explicit_HNB_title_and_body_segments
HNB_MEDIA_LEXICAL_1.1,HNB_MEDIA_LEXICAL_1.0,2021-Q1,complete,legacy,term,inflacija,6,916,,below_reporting_threshold,distinct_body_within_quarter,explicit_HNB_title_and_body_segments
HNB_MEDIA_LEXICAL_1.1,HNB_MEDIA_LEXICAL_1.0,2021-Q1,complete,legacy,term,cijena,94,916,0.10262008733624454,reported,distinct_body_within_quarter,explicit_HNB_title_and_body_segments
HNB_MEDIA_LEXICAL_1.1,HNB_MEDIA_LEXICAL_1.0,2021-Q1,complete,legacy,term,kamata,74,916,0.08078602620087336,reported,distinct_body_within_quarter,explicit_HNB_title_and_body_segments
HNB_MEDIA_LEXICAL_1.1,HNB_MEDIA_LEXICAL_1.0,2021-Q1,complete,legacy,term,rast,102,916,0.11135371179039301,reported,distinct_body_within_quarter,explicit_HNB_title_and_body_segments
HNB_MEDIA_LEXICAL_1.1,HNB_MEDIA_LEXICAL_1.0,2021-Q1,complete,legacy,term,guverner,139,916,0.1517467248908297,reported,distinct_body_within_quarter,explicit_HNB_title_and_body_segments
HNB_MEDIA_LEXICAL_1.1,HNB_MEDIA_LEXICAL_1.0,2021-Q1,complete,legacy,term,ESB / ECB,20,916,,below_reporting_threshold,distinct_body_within_quarter,explicit_HNB_title_and_body_segments
HNB_MEDIA_LEXICAL_1.1,HNB_MEDIA_LEXICAL_1.0,2021-Q1,complete,legacy,term,gospodarstvo,61,916,0.0665938864628821,reported,distinct_body_within_quarter,explicit_HNB_title_and_body_segments
HNB_MEDIA_LEXICAL_1.1,HNB_MEDIA_LEXICAL_1.0,2021-Q1,complete,legacy,term,potrošač,69,916,0.07532751091703056,reported,distinct_body_within_quarter,explicit_HNB_title_and_body_segments
HNB_MEDIA_LEXICAL_1.1,HNB_MEDIA_LEXICAL_1.0,2021-Q1,complete,legacy,term,građanin,123,916,0.13427947598253276,reported,distinct_body_within_quarter,explicit_HNB_title_and_body_segments
HNB_MEDIA_LEXICAL_1.1,HNB_MEDIA_LEXICAL_1.0,2021-Q1,complete,legacy,term,plaćanje,28,916,,below_reporting_threshold,distinct_body_within_quarter,explicit_HNB_title_and_body_segments
HNB_MEDIA_LEXICAL_1.1,HNB_MEDIA_LEXICAL_1.0,2021-Q1,complete,legacy,term,gotovina,25,916,,below_reporting_threshold,distinct_body_within_quarter,explicit_HNB_title_and_body_segments
HNB_MEDIA_LEXICAL_1.1,HNB_MEDIA_LEXICAL_1.0,2021-Q1,complete,legacy,term,depozit,54,916,0.05895196506550218,reported,distinct_body_within_quarter,explicit_HNB_title_and_body_segments
HNB_MEDIA_LEXICAL_1.1,HNB_MEDIA_LEXICAL_1.0,2021-Q1,complete,legacy,term,nekretnina,39,916,0.0425764192139738,reported,distinct_body_within_quarter,explicit_HNB_title_and_body_segments
HNB_MEDIA_LEXICAL_1.1,HNB_MEDIA_LEXICAL_1.0,2021-Q1,complete,legacy,term,stabilnost,68,916,0.07423580786026202,reported,distinct_body_within_quarter,explicit_HNB_title_and_body_segments
HNB_MEDIA_LEXICAL_1.1,HNB_MEDIA_LEXICAL_1.0,2021-Q1,complete,legacy,term,rizik,104,916,0.11353711790393013,reported,distinct_body_within_quarter,explicit_HNB_title_and_body_segments
HNB_MEDIA_LEXICAL_1.1,HNB_MEDIA_LEXICAL_1.0,2021-Q1,complete,legacy,term,nadzor,90,916,0.0982532751091703,reported,distinct_body_within_quarter,explicit_HNB_title_and_body_segments
HNB_MEDIA_LEXICAL_1.1,HNB_MEDIA_LEXICAL_1.0,2021-Q1,complete,legacy,term,prognoza,15,916,,below_reporting_threshold,distinct_body_within_quarter,explicit_HNB_title_and_body_segments
HNB_MEDIA_LEXICAL_1.1,HNB_MEDIA_LEXICAL_1.0,2021-Q1,complete,legacy,term,projekcija,13,916,,below_reporting_threshold,distinct_body_within_quarter,explicit_HNB_title_and_body_segments
HNB_MEDIA_LEXICAL_1.1,HNB_MEDIA_LEXICAL_1.0,2021-Q1,complete,legacy,term,statistika,19,916,,below_reporting_threshold,distinct_body_within_quarter,explicit_HNB_title_and_body_segments
HNB_MEDIA_LEXICAL_1.1,HNB_MEDIA_LEXICAL_1.0,2021-Q1,complete,legacy,term,tečaj,74,916,0.08078602620087336,reported,distinct_body_within_quarter,explicit_HNB_title_and_body_segments
HNB_MEDIA_LEXICAL_1.1,HNB_MEDIA_LEXICAL_1.0,2021-Q1,complete,legacy,term,štednja,24,916,,below_reporting_threshold,distinct_body_within_quarter,explicit_HNB_title_and_body_segments
HNB_MEDIA_LEXICAL_1.1,HNB_MEDIA_LEXICAL_1.0,2021-Q1,complete,legacy,term,dug,71,916,0.07751091703056769,reported,distinct_body_within_quarter,explicit_HNB_title_and_body_segments
HNB_MEDIA_LEXICAL_1.1,HNB_MEDIA_LEXICAL_1.0,2021-Q1,complete,legacy,term,dohodak,8,916,,below_reporting_threshold,distinct_body_within_quarter,explicit_HNB_title_and_body_segments
HNB_MEDIA_LEXICAL_1.1,HNB_MEDIA_LEXICAL_1.0,2021-Q1,complete,legacy,term,plaća,21,916,,below_reporting_threshold,distinct_body_within_quarter,explicit_HNB_title_and_body_segments
HNB_MEDIA_LEXICAL_1.1,HNB_MEDIA_LEXICAL_1.0,2021-Q1,complete,legacy,term,kućanstvo,1,916,,below_reporting_threshold,distinct_body_within_quarter,explicit_HNB_title_and_body_segments
HNB_MEDIA_LEXICAL_1.1,HNB_MEDIA_LEXICAL_1.0,2021-Q1,complete,legacy,term,monetarna politika,21,916,,below_reporting_threshold,distinct_body_within_quarter,explicit_HNB_title_and_body_segments
HNB_MEDIA_LEXICAL_1.1,HNB_MEDIA_LEXICAL_1.0,2021-Q1,complete,legacy,term,europodručje,23,916,,below_reporting_threshold,distinct_body_within_quarter,explicit_HNB_title_and_body_segments
HNB_MEDIA_LEXICAL_1.1,HNB_MEDIA_LEXICAL_1.0,2021-Q1,complete,legacy,term,novčanica,20,916,,below_reporting_threshold,distinct_body_within_quarter,explicit_HNB_title_and_body_segments
HNB_MEDIA_LEXICAL_1.1,HNB_MEDIA_LEXICAL_1.0,2021-Q1,complete,legacy,term,kovanica,23,916,,below_reporting_threshold,distinct_body_within_quarter,explicit_HNB_title_and_body_segments
HNB_MEDIA_LEXICAL_1.1,HNB_MEDIA_LEXICAL_1.0,2021-Q1,complete,legacy,term,zaduživanje,49,916,0.05349344978165939,reported,distinct_body_within_quarter,explicit_HNB_title_and_body_segments
HNB_MEDIA_LEXICAL_1.1,HNB_MEDIA_LEXICAL_1.0,2021-Q1,complete,legacy,term,mjera,63,916,0.06877729257641921,reported,distinct_body_within_quarter,explicit_HNB_title_and_body_segments
HNB_MEDIA_LEXICAL_1.1,HNB_MEDIA_LEXICAL_1.0,2021-Q1,complete,legacy,term,tržište,81,916,0.08842794759825327,reported,distinct_body_within_quarter,explicit_HNB_title_and_body_segments
HNB_MEDIA_LEXICAL_1.1,HNB_MEDIA_LEXICAL_1.0,2021-Q1,complete,legacy,term,likvidnost,22,916,,below_reporting_threshold,distinct_body_within_quarter,explicit_HNB_title_and_body_segments
HNB_MEDIA_LEXICAL_1.1,HNB_MEDIA_LEXICAL_1.0,2021-Q1,complete,legacy,term,kapital,75,916,0.08187772925764192,reported,distinct_body_within_quarter,explicit_HNB_title_and_body_segments
HNB_MEDIA_LEXICAL_1.1,HNB_MEDIA_LEXICAL_1.0,2021-Q1,complete,legacy,term,odgovornost,5,916,,below_reporting_threshold,distinct_body_within_quarter,explicit_HNB_title_and_body_segments
HNB_MEDIA_LEXICAL_1.1,HNB_MEDIA_LEXICAL_1.0,2021-Q1,complete,legacy,term,mandat,3,916,,below_reporting_threshold,distinct_body_within_quarter,explicit_HNB_title_and_body_segments
HNB_MEDIA_LEXICAL_1.1,HNB_MEDIA_LEXICAL_1.0,2021-Q1,complete,legacy,term,savjet,74,916,0.08078602620087336,reported,distinct_body_within_quarter,explicit_HNB_title_and_body_segments
HNB_MEDIA_LEXICAL_1.1,HNB_MEDIA_LEXICAL_1.0,2021-Q1,complete,legacy,term,dionica,10,916,,below_reporting_threshold,distinct_body_within_quarter,explicit_HNB_title_and_body_segments
HNB_MEDIA_LEXICAL_1.1,HNB_MEDIA_LEXICAL_1.0,2021-Q1,complete,legacy,term,obveznica,21,916,,below_reporting_threshold,distinct_body_within_quarter,explicit_HNB_title_and_body_segments
HNB_MEDIA_LEXICAL_1.1,HNB_MEDIA_LEXICAL_1.0,2021-Q1,complete,legacy,term,Vlada,75,916,0.08187772925764192,reported,distinct_body_within_quarter,explicit_HNB_title_and_body_segments
HNB_MEDIA_LEXICAL_1.1,HNB_MEDIA_LEXICAL_1.0,2021-Q1,complete,legacy,term,Sabor,19,916,,below_reporting_threshold,distinct_body_within_quarter,explicit_HNB_title_and_body_segments
HNB_MEDIA_LEXICAL_1.1,HNB_MEDIA_LEXICAL_1.0,2021-Q1,complete,legacy,term,BDP,72,916,0.07860262008733625,reported,distinct_body_within_quarter,explicit_HNB_title_and_body_segments
HNB_MEDIA_LEXICAL_1.1,HNB_MEDIA_LEXICAL_1.0,2021-Q1,complete,legacy,term,investicija,49,916,0.05349344978165939,reported,distinct_body_within_quarter,explicit_HNB_title_and_body_segments
HNB_MEDIA_LEXICAL_1.1,HNB_MEDIA_LEXICAL_1.0,2021-Q1,complete,legacy,term,izvoz,25,916,,below_reporting_threshold,distinct_body_within_quarter,explicit_HNB_title_and_body_segments
HNB_MEDIA_LEXICAL_1.1,HNB_MEDIA_LEXICAL_1.0,2021-Q1,complete,legacy,term,uvoz,3,916,,below_reporting_threshold,distinct_body_within_quarter,explicit_HNB_title_and_body_segments
HNB_MEDIA_LEXICAL_1.1,HNB_MEDIA_LEXICAL_1.0,2021-Q1,complete,legacy,term,naknada,40,916,0.043668122270742356,reported,distinct_body_within_quarter,explicit_HNB_title_and_body_segments
HNB_MEDIA_LEXICAL_1.1,HNB_MEDIA_LEXICAL_1.0,2021-Q1,complete,legacy,term,sanacija,36,916,0.039301310043668124,reported,distinct_body_within_quarter,explicit_HNB_title_and_body_segments
HNB_MEDIA_LEXICAL_1.1,HNB_MEDIA_LEXICAL_1.0,2021-Q1,complete,legacy,term,digitalni euro,0,916,0.0,zero,distinct_body_within_quarter,explicit_HNB_title_and_body_segments
HNB_MEDIA_LEXICAL_1.1,HNB_MEDIA_LEXICAL_1.0,2021-Q1,complete,legacy,phrase,kamatna stopa,61,916,0.0665938864628821,reported,distinct_body_within_quarter,explicit_HNB_title_and_body_segments
HNB_MEDIA_LEXICAL_1.1,HNB_MEDIA_LEXICAL_1.0,2021-Q1,complete,legacy,phrase,financijska stabilnost,33,916,0.036026200873362446,reported,distinct_body_within_quarter,explicit_HNB_title_and_body_segments
HNB_MEDIA_LEXICAL_1.1,HNB_MEDIA_LEXICAL_1.0,2021-Q1,complete,legacy,phrase,uvođenje eura,23,916,,below_reporting_threshold,distinct_body_within_quarter,explicit_HNB_title_and_body_segments
HNB_MEDIA_LEXICAL_1.1,HNB_MEDIA_LEXICAL_1.0,2021-Q1,complete,legacy,phrase,stambeni kredit,39,916,0.0425764192139738,reported,distinct_body_within_quarter,explicit_HNB_title_and_body_segments
HNB_MEDIA_LEXICAL_1.1,HNB_MEDIA_LEXICAL_1.0,2021-Q1,complete,legacy,phrase,gotovinski kredit,7,916,,below_reporting_threshold,distinct_body_within_quarter,explicit_HNB_title_and_body_segments
HNB_MEDIA_LEXICAL_1.1,HNB_MEDIA_LEXICAL_1.0,2021-Q1,complete,legacy,phrase,kupovna moć,2,916,,below_reporting_threshold,distinct_body_within_quarter,explicit_HNB_title_and_body_segments
HNB_MEDIA_LEXICAL_1.1,HNB_MEDIA_LEXICAL_1.0,2021-Q1,complete,legacy,phrase,sukob interesa,10,916,,below_reporting_threshold,distinct_body_within_quarter,explicit_HNB_title_and_body_segments
HNB_MEDIA_LEXICAL_1.1,HNB_MEDIA_LEXICAL_1.0,2021-Q1,complete,legacy,phrase,zaštita potrošača,26,916,,below_reporting_threshold,distinct_body_within_quarter,explicit_HNB_title_and_body_segments
HNB_MEDIA_LEXICAL_1.1,HNB_MEDIA_LEXICAL_1.0,2021-Q1,complete,legacy,phrase,platni promet,25,916,,below_reporting_threshold,distinct_body_within_quarter,explicit_HNB_title_and_body_segments
HNB_MEDIA_LEXICAL_1.1,HNB_MEDIA_LEXICAL_1.0,2021-Q1,complete,legacy,phrase,monetarna politika,21,916,,below_reporting_threshold,distinct_body_within_quarter,explicit_HNB_title_and_body_segments
HNB_MEDIA_LEXICAL_1.1,HNB_MEDIA_LEXICAL_1.0,2021-Q1,complete,legacy,phrase,digitalni euro,0,916,0.0,zero,distinct_body_within_quarter,explicit_HNB_title_and_body_segments
HNB_MEDIA_LEXICAL_1.1,HNB_MEDIA_LEXICAL_1.0,2021-Q1,complete,legacy,phrase,kreditna sposobnost,1,916,,below_reporting_threshold,distinct_body_within_quarter,explicit_HNB_title_and_body_segments
HNB_MEDIA_LEXICAL_1.1,HNB_MEDIA_LEXICAL_1.0,2021-Q2,complete,legacy,term,banka,260,817,0.3182374541003672,reported,distinct_body_within_quarter,explicit_HNB_title_and_body_segments
HNB_MEDIA_LEXICAL_1.1,HNB_MEDIA_LEXICAL_1.0,2021-Q2,complete,legacy,term,kredit,186,817,0.22766217870257038,reported,distinct_body_within_quarter,explicit_HNB_title_and_body_segments
HNB_MEDIA_LEXICAL_1.1,HNB_MEDIA_LEXICAL_1.0,2021-Q2,complete,legacy,term,euro,121,817,0.1481028151774786,reported,distinct_body_within_quarter,explicit_HNB_title_and_body_segments
HNB_MEDIA_LEXICAL_1.1,HNB_MEDIA_LEXICAL_1.0,2021-Q2,complete,legacy,term,kuna,196,817,0.23990208078335373,reported,distinct_body_within_quarter,explicit_HNB_title_and_body_segments
HNB_MEDIA_LEXICAL_1.1,HNB_MEDIA_LEXICAL_1.0,2021-Q2,complete,legacy,term,inflacija,37,817,0.04528763769889841,reported,distinct_body_within_quarter,explicit_HNB_title_and_body_segments
HNB_MEDIA_LEXICAL_1.1,HNB_MEDIA_LEXICAL_1.0,2021-Q2,complete,legacy,term,cijena,96,817,0.1175030599755202,reported,distinct_body_within_quarter,explicit_HNB_title_and_body_segments
HNB_MEDIA_LEXICAL_1.1,HNB_MEDIA_LEXICAL_1.0,2021-Q2,complete,legacy,term,kamata,83,817,0.10159118727050184,reported,distinct_body_within_quarter,explicit_HNB_title_and_body_segments
HNB_MEDIA_LEXICAL_1.1,HNB_MEDIA_LEXICAL_1.0,2021-Q2,complete,legacy,term,rast,184,817,0.2252141982864137,reported,distinct_body_within_quarter,explicit_HNB_title_and_body_segments
HNB_MEDIA_LEXICAL_1.1,HNB_MEDIA_LEXICAL_1.0,2021-Q2,complete,legacy,term,guverner,173,817,0.211750305997552,reported,distinct_body_within_quarter,explicit_HNB_title_and_body_segments
HNB_MEDIA_LEXICAL_1.1,HNB_MEDIA_LEXICAL_1.0,2021-Q2,complete,legacy,term,ESB / ECB,10,817,,below_reporting_threshold,distinct_body_within_quarter,explicit_HNB_title_and_body_segments
HNB_MEDIA_LEXICAL_1.1,HNB_MEDIA_LEXICAL_1.0,2021-Q2,complete,legacy,term,gospodarstvo,39,817,0.04773561811505508,reported,distinct_body_within_quarter,explicit_HNB_title_and_body_segments
HNB_MEDIA_LEXICAL_1.1,HNB_MEDIA_LEXICAL_1.0,2021-Q2,complete,legacy,term,potrošač,39,817,0.04773561811505508,reported,distinct_body_within_quarter,explicit_HNB_title_and_body_segments
HNB_MEDIA_LEXICAL_1.1,HNB_MEDIA_LEXICAL_1.0,2021-Q2,complete,legacy,term,građanin,96,817,0.1175030599755202,reported,distinct_body_within_quarter,explicit_HNB_title_and_body_segments
HNB_MEDIA_LEXICAL_1.1,HNB_MEDIA_LEXICAL_1.0,2021-Q2,complete,legacy,term,plaćanje,36,817,0.044063647490820076,reported,distinct_body_within_quarter,explicit_HNB_title_and_body_segments
HNB_MEDIA_LEXICAL_1.1,HNB_MEDIA_LEXICAL_1.0,2021-Q2,complete,legacy,term,gotovina,23,817,,below_reporting_threshold,distinct_body_within_quarter,explicit_HNB_title_and_body_segments
HNB_MEDIA_LEXICAL_1.1,HNB_MEDIA_LEXICAL_1.0,2021-Q2,complete,legacy,term,depozit,75,817,0.09179926560587515,reported,distinct_body_within_quarter,explicit_HNB_title_and_body_segments
HNB_MEDIA_LEXICAL_1.1,HNB_MEDIA_LEXICAL_1.0,2021-Q2,complete,legacy,term,nekretnina,37,817,0.04528763769889841,reported,distinct_body_within_quarter,explicit_HNB_title_and_body_segments
HNB_MEDIA_LEXICAL_1.1,HNB_MEDIA_LEXICAL_1.0,2021-Q2,complete,legacy,term,stabilnost,89,817,0.10893512851897184,reported,distinct_body_within_quarter,explicit_HNB_title_and_body_segments
HNB_MEDIA_LEXICAL_1.1,HNB_MEDIA_LEXICAL_1.0,2021-Q2,complete,legacy,term,rizik,56,817,0.06854345165238677,reported,distinct_body_within_quarter,explicit_HNB_title_and_body_segments
HNB_MEDIA_LEXICAL_1.1,HNB_MEDIA_LEXICAL_1.0,2021-Q2,complete,legacy,term,nadzor,58,817,0.07099143206854346,reported,distinct_body_within_quarter,explicit_HNB_title_and_body_segments
HNB_MEDIA_LEXICAL_1.1,HNB_MEDIA_LEXICAL_1.0,2021-Q2,complete,legacy,term,prognoza,23,817,,below_reporting_threshold,distinct_body_within_quarter,explicit_HNB_title_and_body_segments
HNB_MEDIA_LEXICAL_1.1,HNB_MEDIA_LEXICAL_1.0,2021-Q2,complete,legacy,term,projekcija,46,817,0.056303549571603426,reported,distinct_body_within_quarter,explicit_HNB_title_and_body_segments
HNB_MEDIA_LEXICAL_1.1,HNB_MEDIA_LEXICAL_1.0,2021-Q2,complete,legacy,term,statistika,35,817,0.042839657282741736,reported,distinct_body_within_quarter,explicit_HNB_title_and_body_segments
HNB_MEDIA_LEXICAL_1.1,HNB_MEDIA_LEXICAL_1.0,2021-Q2,complete,legacy,term,tečaj,81,817,0.09914320685434516,reported,distinct_body_within_quarter,explicit_HNB_title_and_body_segments
HNB_MEDIA_LEXICAL_1.1,HNB_MEDIA_LEXICAL_1.0,2021-Q2,complete,legacy,term,štednja,18,817,,below_reporting_threshold,distinct_body_within_quarter,explicit_HNB_title_and_body_segments
HNB_MEDIA_LEXICAL_1.1,HNB_MEDIA_LEXICAL_1.0,2021-Q2,complete,legacy,term,dug,61,817,0.07466340269277846,reported,distinct_body_within_quarter,explicit_HNB_title_and_body_segments
HNB_MEDIA_LEXICAL_1.1,HNB_MEDIA_LEXICAL_1.0,2021-Q2,complete,legacy,term,dohodak,13,817,,below_reporting_threshold,distinct_body_within_quarter,explicit_HNB_title_and_body_segments
HNB_MEDIA_LEXICAL_1.1,HNB_MEDIA_LEXICAL_1.0,2021-Q2,complete,legacy,term,plaća,23,817,,below_reporting_threshold,distinct_body_within_quarter,explicit_HNB_title_and_body_segments
HNB_MEDIA_LEXICAL_1.1,HNB_MEDIA_LEXICAL_1.0,2021-Q2,complete,legacy,term,kućanstvo,16,817,,below_reporting_threshold,distinct_body_within_quarter,explicit_HNB_title_and_body_segments
HNB_MEDIA_LEXICAL_1.1,HNB_MEDIA_LEXICAL_1.0,2021-Q2,complete,legacy,term,monetarna politika,60,817,0.07343941248470012,reported,distinct_body_within_quarter,explicit_HNB_title_and_body_segments
HNB_MEDIA_LEXICAL_1.1,HNB_MEDIA_LEXICAL_1.0,2021-Q2,complete,legacy,term,europodručje,25,817,,below_reporting_threshold,distinct_body_within_quarter,explicit_HNB_title_and_body_segments
HNB_MEDIA_LEXICAL_1.1,HNB_MEDIA_LEXICAL_1.0,2021-Q2,complete,legacy,term,novčanica,27,817,,below_reporting_threshold,distinct_body_within_quarter,explicit_HNB_title_and_body_segments
HNB_MEDIA_LEXICAL_1.1,HNB_MEDIA_LEXICAL_1.0,2021-Q2,complete,legacy,term,kovanica,20,817,,below_reporting_threshold,distinct_body_within_quarter,explicit_HNB_title_and_body_segments
HNB_MEDIA_LEXICAL_1.1,HNB_MEDIA_LEXICAL_1.0,2021-Q2,complete,legacy,term,zaduživanje,2,817,,below_reporting_threshold,distinct_body_within_quarter,explicit_HNB_title_and_body_segments
HNB_MEDIA_LEXICAL_1.1,HNB_MEDIA_LEXICAL_1.0,2021-Q2,complete,legacy,term,mjera,69,817,0.08445532435740515,reported,distinct_body_within_quarter,explicit_HNB_title_and_body_segments
HNB_MEDIA_LEXICAL_1.1,HNB_MEDIA_LEXICAL_1.0,2021-Q2,complete,legacy,term,tržište,99,817,0.1211750305997552,reported,distinct_body_within_quarter,explicit_HNB_title_and_body_segments
HNB_MEDIA_LEXICAL_1.1,HNB_MEDIA_LEXICAL_1.0,2021-Q2,complete,legacy,term,likvidnost,21,817,,below_reporting_threshold,distinct_body_within_quarter,explicit_HNB_title_and_body_segments
HNB_MEDIA_LEXICAL_1.1,HNB_MEDIA_LEXICAL_1.0,2021-Q2,complete,legacy,term,kapital,45,817,0.05507955936352509,reported,distinct_body_within_quarter,explicit_HNB_title_and_body_segments
HNB_MEDIA_LEXICAL_1.1,HNB_MEDIA_LEXICAL_1.0,2021-Q2,complete,legacy,term,odgovornost,2,817,,below_reporting_threshold,distinct_body_within_quarter,explicit_HNB_title_and_body_segments
HNB_MEDIA_LEXICAL_1.1,HNB_MEDIA_LEXICAL_1.0,2021-Q2,complete,legacy,term,mandat,16,817,,below_reporting_threshold,distinct_body_within_quarter,explicit_HNB_title_and_body_segments
HNB_MEDIA_LEXICAL_1.1,HNB_MEDIA_LEXICAL_1.0,2021-Q2,complete,legacy,term,savjet,66,817,0.08078335373317014,reported,distinct_body_within_quarter,explicit_HNB_title_and_body_segments
HNB_MEDIA_LEXICAL_1.1,HNB_MEDIA_LEXICAL_1.0,2021-Q2,complete,legacy,term,dionica,2,817,,below_reporting_threshold,distinct_body_within_quarter,explicit_HNB_title_and_body_segments
HNB_MEDIA_LEXICAL_1.1,HNB_MEDIA_LEXICAL_1.0,2021-Q2,complete,legacy,term,obveznica,17,817,,below_reporting_threshold,distinct_body_within_quarter,explicit_HNB_title_and_body_segments
HNB_MEDIA_LEXICAL_1.1,HNB_MEDIA_LEXICAL_1.0,2021-Q2,complete,legacy,term,Vlada,42,817,0.051407588739290085,reported,distinct_body_within_quarter,explicit_HNB_title_and_body_segments
HNB_MEDIA_LEXICAL_1.1,HNB_MEDIA_LEXICAL_1.0,2021-Q2,complete,legacy,term,Sabor,39,817,0.04773561811505508,reported,distinct_body_within_quarter,explicit_HNB_title_and_body_segments
HNB_MEDIA_LEXICAL_1.1,HNB_MEDIA_LEXICAL_1.0,2021-Q2,complete,legacy,term,BDP,93,817,0.11383108935128519,reported,distinct_body_within_quarter,explicit_HNB_title_and_body_segments
HNB_MEDIA_LEXICAL_1.1,HNB_MEDIA_LEXICAL_1.0,2021-Q2,complete,legacy,term,investicija,31,817,0.037943696450428395,reported,distinct_body_within_quarter,explicit_HNB_title_and_body_segments
HNB_MEDIA_LEXICAL_1.1,HNB_MEDIA_LEXICAL_1.0,2021-Q2,complete,legacy,term,izvoz,14,817,,below_reporting_threshold,distinct_body_within_quarter,explicit_HNB_title_and_body_segments
HNB_MEDIA_LEXICAL_1.1,HNB_MEDIA_LEXICAL_1.0,2021-Q2,complete,legacy,term,uvoz,1,817,,below_reporting_threshold,distinct_body_within_quarter,explicit_HNB_title_and_body_segments
HNB_MEDIA_LEXICAL_1.1,HNB_MEDIA_LEXICAL_1.0,2021-Q2,complete,legacy,term,naknada,17,817,,below_reporting_threshold,distinct_body_within_quarter,explicit_HNB_title_and_body_segments
HNB_MEDIA_LEXICAL_1.1,HNB_MEDIA_LEXICAL_1.0,2021-Q2,complete,legacy,term,sanacija,0,817,0.0,zero,distinct_body_within_quarter,explicit_HNB_title_and_body_segments
HNB_MEDIA_LEXICAL_1.1,HNB_MEDIA_LEXICAL_1.0,2021-Q2,complete,legacy,term,digitalni euro,0,817,0.0,zero,distinct_body_within_quarter,explicit_HNB_title_and_body_segments
HNB_MEDIA_LEXICAL_1.1,HNB_MEDIA_LEXICAL_1.0,2021-Q2,complete,legacy,phrase,kamatna stopa,34,817,0.0416156670746634,reported,distinct_body_within_quarter,explicit_HNB_title_and_body_segments
HNB_MEDIA_LEXICAL_1.1,HNB_MEDIA_LEXICAL_1.0,2021-Q2,complete,legacy,phrase,financijska stabilnost,29,817,,below_reporting_threshold,distinct_body_within_quarter,explicit_HNB_title_and_body_segments
HNB_MEDIA_LEXICAL_1.1,HNB_MEDIA_LEXICAL_1.0,2021-Q2,complete,legacy,phrase,uvođenje eura,24,817,,below_reporting_threshold,distinct_body_within_quarter,explicit_HNB_title_and_body_segments
HNB_MEDIA_LEXICAL_1.1,HNB_MEDIA_LEXICAL_1.0,2021-Q2,complete,legacy,phrase,stambeni kredit,17,817,,below_reporting_threshold,distinct_body_within_quarter,explicit_HNB_title_and_body_segments
HNB_MEDIA_LEXICAL_1.1,HNB_MEDIA_LEXICAL_1.0,2021-Q2,complete,legacy,phrase,gotovinski kredit,13,817,,below_reporting_threshold,distinct_body_within_quarter,explicit_HNB_title_and_body_segments
HNB_MEDIA_LEXICAL_1.1,HNB_MEDIA_LEXICAL_1.0,2021-Q2,complete,legacy,phrase,kupovna moć,1,817,,below_reporting_threshold,distinct_body_within_quarter,explicit_HNB_title_and_body_segments
HNB_MEDIA_LEXICAL_1.1,HNB_MEDIA_LEXICAL_1.0,2021-Q2,complete,legacy,phrase,sukob interesa,1,817,,below_reporting_threshold,distinct_body_within_quarter,explicit_HNB_title_and_body_segments
HNB_MEDIA_LEXICAL_1.1,HNB_MEDIA_LEXICAL_1.0,2021-Q2,complete,legacy,phrase,zaštita potrošača,5,817,,below_reporting_threshold,distinct_body_within_quarter,explicit_HNB_title_and_body_segments
HNB_MEDIA_LEXICAL_1.1,HNB_MEDIA_LEXICAL_1.0,2021-Q2,complete,legacy,phrase,platni promet,8,817,,below_reporting_threshold,distinct_body_within_quarter,explicit_HNB_title_and_body_segments
HNB_MEDIA_LEXICAL_1.1,HNB_MEDIA_LEXICAL_1.0,2021-Q2,complete,legacy,phrase,monetarna politika,60,817,0.07343941248470012,reported,distinct_body_within_quarter,explicit_HNB_title_and_body_segments
HNB_MEDIA_LEXICAL_1.1,HNB_MEDIA_LEXICAL_1.0,2021-Q2,complete,legacy,phrase,digitalni euro,0,817,0.0,zero,distinct_body_within_quarter,explicit_HNB_title_and_body_segments
HNB_MEDIA_LEXICAL_1.1,HNB_MEDIA_LEXICAL_1.0,2021-Q2,complete,legacy,phrase,kreditna sposobnost,2,817,,below_reporting_threshold,distinct_body_within_quarter,explicit_HNB_title_and_body_segments
HNB_MEDIA_LEXICAL_1.1,HNB_MEDIA_LEXICAL_1.0,2021-Q3,complete,legacy,term,banka,682,1949,0.34992303745510517,reported,distinct_body_within_quarter,explicit_HNB_title_and_body_segments
HNB_MEDIA_LEXICAL_1.1,HNB_MEDIA_LEXICAL_1.0,2021-Q3,complete,legacy,term,kredit,308,1949,0.15802975885069268,reported,distinct_body_within_quarter,explicit_HNB_title_and_body_segments
HNB_MEDIA_LEXICAL_1.1,HNB_MEDIA_LEXICAL_1.0,2021-Q3,complete,legacy,term,euro,523,1949,0.26834273986659823,reported,distinct_body_within_quarter,explicit_HNB_title_and_body_segments
HNB_MEDIA_LEXICAL_1.1,HNB_MEDIA_LEXICAL_1.0,2021-Q3,complete,legacy,term,kuna,517,1949,0.2652642380708055,reported,distinct_body_within_quarter,explicit_HNB_title_and_body_segments
HNB_MEDIA_LEXICAL_1.1,HNB_MEDIA_LEXICAL_1.0,2021-Q3,complete,legacy,term,inflacija,133,1949,0.06824012314007183,reported,distinct_body_within_quarter,explicit_HNB_title_and_body_segments
HNB_MEDIA_LEXICAL_1.1,HNB_MEDIA_LEXICAL_1.0,2021-Q3,complete,legacy,term,cijena,266,1949,0.13648024628014366,reported,distinct_body_within_quarter,explicit_HNB_title_and_body_segments
HNB_MEDIA_LEXICAL_1.1,HNB_MEDIA_LEXICAL_1.0,2021-Q3,complete,legacy,term,kamata,352,1949,0.1806054386865059,reported,distinct_body_within_quarter,explicit_HNB_title_and_body_segments
HNB_MEDIA_LEXICAL_1.1,HNB_MEDIA_LEXICAL_1.0,2021-Q3,complete,legacy,term,rast,281,1949,0.14417650076962546,reported,distinct_body_within_quarter,explicit_HNB_title_and_body_segments
HNB_MEDIA_LEXICAL_1.1,HNB_MEDIA_LEXICAL_1.0,2021-Q3,complete,legacy,term,guverner,555,1949,0.28476141611082606,reported,distinct_body_within_quarter,explicit_HNB_title_and_body_segments
HNB_MEDIA_LEXICAL_1.1,HNB_MEDIA_LEXICAL_1.0,2021-Q3,complete,legacy,term,ESB / ECB,10,1949,,below_reporting_threshold,distinct_body_within_quarter,explicit_HNB_title_and_body_segments
HNB_MEDIA_LEXICAL_1.1,HNB_MEDIA_LEXICAL_1.0,2021-Q3,complete,legacy,term,gospodarstvo,117,1949,0.06003078501795793,reported,distinct_body_within_quarter,explicit_HNB_title_and_body_segments
HNB_MEDIA_LEXICAL_1.1,HNB_MEDIA_LEXICAL_1.0,2021-Q3,complete,legacy,term,potrošač,329,1949,0.16880451513596717,reported,distinct_body_within_quarter,explicit_HNB_title_and_body_segments
HNB_MEDIA_LEXICAL_1.1,HNB_MEDIA_LEXICAL_1.0,2021-Q3,complete,legacy,term,građanin,470,1949,0.24114930733709594,reported,distinct_body_within_quarter,explicit_HNB_title_and_body_segments
HNB_MEDIA_LEXICAL_1.1,HNB_MEDIA_LEXICAL_1.0,2021-Q3,complete,legacy,term,plaćanje,49,1949,0.025141097998973832,reported,distinct_body_within_quarter,explicit_HNB_title_and_body_segments
HNB_MEDIA_LEXICAL_1.1,HNB_MEDIA_LEXICAL_1.0,2021-Q3,complete,legacy,term,gotovina,42,1949,0.021549512570549,reported,distinct_body_within_quarter,explicit_HNB_title_and_body_segments
HNB_MEDIA_LEXICAL_1.1,HNB_MEDIA_LEXICAL_1.0,2021-Q3,complete,legacy,term,depozit,59,1949,0.030271934325295024,reported,distinct_body_within_quarter,explicit_HNB_title_and_body_segments
HNB_MEDIA_LEXICAL_1.1,HNB_MEDIA_LEXICAL_1.0,2021-Q3,complete,legacy,term,nekretnina,35,1949,0.017957927142124165,reported,distinct_body_within_quarter,explicit_HNB_title_and_body_segments
HNB_MEDIA_LEXICAL_1.1,HNB_MEDIA_LEXICAL_1.0,2021-Q3,complete,legacy,term,stabilnost,48,1949,0.024628014366341714,reported,distinct_body_within_quarter,explicit_HNB_title_and_body_segments
HNB_MEDIA_LEXICAL_1.1,HNB_MEDIA_LEXICAL_1.0,2021-Q3,complete,legacy,term,rizik,91,1949,0.04669061056952283,reported,distinct_body_within_quarter,explicit_HNB_title_and_body_segments
HNB_MEDIA_LEXICAL_1.1,HNB_MEDIA_LEXICAL_1.0,2021-Q3,complete,legacy,term,nadzor,111,1949,0.056952283222165216,reported,distinct_body_within_quarter,explicit_HNB_title_and_body_segments
HNB_MEDIA_LEXICAL_1.1,HNB_MEDIA_LEXICAL_1.0,2021-Q3,complete,legacy,term,prognoza,43,1949,0.022062596203181118,reported,distinct_body_within_quarter,explicit_HNB_title_and_body_segments
HNB_MEDIA_LEXICAL_1.1,HNB_MEDIA_LEXICAL_1.0,2021-Q3,complete,legacy,term,projekcija,56,1949,0.028732683427398667,reported,distinct_body_within_quarter,explicit_HNB_title_and_body_segments
HNB_MEDIA_LEXICAL_1.1,HNB_MEDIA_LEXICAL_1.0,2021-Q3,complete,legacy,term,statistika,27,1949,,below_reporting_threshold,distinct_body_within_quarter,explicit_HNB_title_and_body_segments
HNB_MEDIA_LEXICAL_1.1,HNB_MEDIA_LEXICAL_1.0,2021-Q3,complete,legacy,term,tečaj,92,1949,0.04720369420215495,reported,distinct_body_within_quarter,explicit_HNB_title_and_body_segments
HNB_MEDIA_LEXICAL_1.1,HNB_MEDIA_LEXICAL_1.0,2021-Q3,complete,legacy,term,štednja,15,1949,,below_reporting_threshold,distinct_body_within_quarter,explicit_HNB_title_and_body_segments
HNB_MEDIA_LEXICAL_1.1,HNB_MEDIA_LEXICAL_1.0,2021-Q3,complete,legacy,term,dug,117,1949,0.06003078501795793,reported,distinct_body_within_quarter,explicit_HNB_title_and_body_segments
HNB_MEDIA_LEXICAL_1.1,HNB_MEDIA_LEXICAL_1.0,2021-Q3,complete,legacy,term,dohodak,12,1949,,below_reporting_threshold,distinct_body_within_quarter,explicit_HNB_title_and_body_segments
HNB_MEDIA_LEXICAL_1.1,HNB_MEDIA_LEXICAL_1.0,2021-Q3,complete,legacy,term,plaća,67,1949,0.03437660338635198,reported,distinct_body_within_quarter,explicit_HNB_title_and_body_segments
HNB_MEDIA_LEXICAL_1.1,HNB_MEDIA_LEXICAL_1.0,2021-Q3,complete,legacy,term,kućanstvo,10,1949,,below_reporting_threshold,distinct_body_within_quarter,explicit_HNB_title_and_body_segments
HNB_MEDIA_LEXICAL_1.1,HNB_MEDIA_LEXICAL_1.0,2021-Q3,complete,legacy,term,monetarna politika,28,1949,,below_reporting_threshold,distinct_body_within_quarter,explicit_HNB_title_and_body_segments
HNB_MEDIA_LEXICAL_1.1,HNB_MEDIA_LEXICAL_1.0,2021-Q3,complete,legacy,term,europodručje,134,1949,0.06875320677270395,reported,distinct_body_within_quarter,explicit_HNB_title_and_body_segments
HNB_MEDIA_LEXICAL_1.1,HNB_MEDIA_LEXICAL_1.0,2021-Q3,complete,legacy,term,novčanica,77,1949,0.03950743971267317,reported,distinct_body_within_quarter,explicit_HNB_title_and_body_segments
HNB_MEDIA_LEXICAL_1.1,HNB_MEDIA_LEXICAL_1.0,2021-Q3,complete,legacy,term,kovanica,212,1949,0.10877373011800924,reported,distinct_body_within_quarter,explicit_HNB_title_and_body_segments
HNB_MEDIA_LEXICAL_1.1,HNB_MEDIA_LEXICAL_1.0,2021-Q3,complete,legacy,term,zaduživanje,20,1949,,below_reporting_threshold,distinct_body_within_quarter,explicit_HNB_title_and_body_segments
HNB_MEDIA_LEXICAL_1.1,HNB_MEDIA_LEXICAL_1.0,2021-Q3,complete,legacy,term,mjera,121,1949,0.0620831195484864,reported,distinct_body_within_quarter,explicit_HNB_title_and_body_segments
HNB_MEDIA_LEXICAL_1.1,HNB_MEDIA_LEXICAL_1.0,2021-Q3,complete,legacy,term,tržište,125,1949,0.06413545407901487,reported,distinct_body_within_quarter,explicit_HNB_title_and_body_segments
HNB_MEDIA_LEXICAL_1.1,HNB_MEDIA_LEXICAL_1.0,2021-Q3,complete,legacy,term,likvidnost,33,1949,0.01693175987685993,reported,distinct_body_within_quarter,explicit_HNB_title_and_body_segments
HNB_MEDIA_LEXICAL_1.1,HNB_MEDIA_LEXICAL_1.0,2021-Q3,complete,legacy,term,kapital,65,1949,0.033350436121087734,reported,distinct_body_within_quarter,explicit_HNB_title_and_body_segments
HNB_MEDIA_LEXICAL_1.1,HNB_MEDIA_LEXICAL_1.0,2021-Q3,complete,legacy,term,odgovornost,21,1949,,below_reporting_threshold,distinct_body_within_quarter,explicit_HNB_title_and_body_segments
HNB_MEDIA_LEXICAL_1.1,HNB_MEDIA_LEXICAL_1.0,2021-Q3,complete,legacy,term,mandat,10,1949,,below_reporting_threshold,distinct_body_within_quarter,explicit_HNB_title_and_body_segments
HNB_MEDIA_LEXICAL_1.1,HNB_MEDIA_LEXICAL_1.0,2021-Q3,complete,legacy,term,savjet,60,1949,0.03078501795792714,reported,distinct_body_within_quarter,explicit_HNB_title_and_body_segments
HNB_MEDIA_LEXICAL_1.1,HNB_MEDIA_LEXICAL_1.0,2021-Q3,complete,legacy,term,dionica,12,1949,,below_reporting_threshold,distinct_body_within_quarter,explicit_HNB_title_and_body_segments
HNB_MEDIA_LEXICAL_1.1,HNB_MEDIA_LEXICAL_1.0,2021-Q3,complete,legacy,term,obveznica,10,1949,,below_reporting_threshold,distinct_body_within_quarter,explicit_HNB_title_and_body_segments
HNB_MEDIA_LEXICAL_1.1,HNB_MEDIA_LEXICAL_1.0,2021-Q3,complete,legacy,term,Vlada,400,1949,0.20523345305284763,reported,distinct_body_within_quarter,explicit_HNB_title_and_body_segments
HNB_MEDIA_LEXICAL_1.1,HNB_MEDIA_LEXICAL_1.0,2021-Q3,complete,legacy,term,Sabor,66,1949,0.03386351975371986,reported,distinct_body_within_quarter,explicit_HNB_title_and_body_segments
HNB_MEDIA_LEXICAL_1.1,HNB_MEDIA_LEXICAL_1.0,2021-Q3,complete,legacy,term,BDP,151,1949,0.07747562852744998,reported,distinct_body_within_quarter,explicit_HNB_title_and_body_segments
HNB_MEDIA_LEXICAL_1.1,HNB_MEDIA_LEXICAL_1.0,2021-Q3,complete,legacy,term,investicija,29,1949,,below_reporting_threshold,distinct_body_within_quarter,explicit_HNB_title_and_body_segments
HNB_MEDIA_LEXICAL_1.1,HNB_MEDIA_LEXICAL_1.0,2021-Q3,complete,legacy,term,izvoz,33,1949,0.01693175987685993,reported,distinct_body_within_quarter,explicit_HNB_title_and_body_segments
HNB_MEDIA_LEXICAL_1.1,HNB_MEDIA_LEXICAL_1.0,2021-Q3,complete,legacy,term,uvoz,0,1949,0.0,zero,distinct_body_within_quarter,explicit_HNB_title_and_body_segments
HNB_MEDIA_LEXICAL_1.1,HNB_MEDIA_LEXICAL_1.0,2021-Q3,complete,legacy,term,naknada,116,1949,0.059517701385325805,reported,distinct_body_within_quarter,explicit_HNB_title_and_body_segments
HNB_MEDIA_LEXICAL_1.1,HNB_MEDIA_LEXICAL_1.0,2021-Q3,complete,legacy,term,sanacija,3,1949,,below_reporting_threshold,distinct_body_within_quarter,explicit_HNB_title_and_body_segments
HNB_MEDIA_LEXICAL_1.1,HNB_MEDIA_LEXICAL_1.0,2021-Q3,complete,legacy,term,digitalni euro,2,1949,,below_reporting_threshold,distinct_body_within_quarter,explicit_HNB_title_and_body_segments
HNB_MEDIA_LEXICAL_1.1,HNB_MEDIA_LEXICAL_1.0,2021-Q3,complete,legacy,phrase,kamatna stopa,225,1949,0.11544381734222678,reported,distinct_body_within_quarter,explicit_HNB_title_and_body_segments
HNB_MEDIA_LEXICAL_1.1,HNB_MEDIA_LEXICAL_1.0,2021-Q3,complete,legacy,phrase,financijska stabilnost,4,1949,,below_reporting_threshold,distinct_body_within_quarter,explicit_HNB_title_and_body_segments
HNB_MEDIA_LEXICAL_1.1,HNB_MEDIA_LEXICAL_1.0,2021-Q3,complete,legacy,phrase,uvođenje eura,277,1949,0.14212416623909696,reported,distinct_body_within_quarter,explicit_HNB_title_and_body_segments
HNB_MEDIA_LEXICAL_1.1,HNB_MEDIA_LEXICAL_1.0,2021-Q3,complete,legacy,phrase,stambeni kredit,40,1949,0.02052334530528476,reported,distinct_body_within_quarter,explicit_HNB_title_and_body_segments
HNB_MEDIA_LEXICAL_1.1,HNB_MEDIA_LEXICAL_1.0,2021-Q3,complete,legacy,phrase,gotovinski kredit,4,1949,,below_reporting_threshold,distinct_body_within_quarter,explicit_HNB_title_and_body_segments
HNB_MEDIA_LEXICAL_1.1,HNB_MEDIA_LEXICAL_1.0,2021-Q3,complete,legacy,phrase,kupovna moć,0,1949,0.0,zero,distinct_body_within_quarter,explicit_HNB_title_and_body_segments
HNB_MEDIA_LEXICAL_1.1,HNB_MEDIA_LEXICAL_1.0,2021-Q3,complete,legacy,phrase,sukob interesa,0,1949,0.0,zero,distinct_body_within_quarter,explicit_HNB_title_and_body_segments
HNB_MEDIA_LEXICAL_1.1,HNB_MEDIA_LEXICAL_1.0,2021-Q3,complete,legacy,phrase,zaštita potrošača,144,1949,0.07388404309902515,reported,distinct_body_within_quarter,explicit_HNB_title_and_body_segments
HNB_MEDIA_LEXICAL_1.1,HNB_MEDIA_LEXICAL_1.0,2021-Q3,complete,legacy,phrase,platni promet,11,1949,,below_reporting_threshold,distinct_body_within_quarter,explicit_HNB_title_and_body_segments
HNB_MEDIA_LEXICAL_1.1,HNB_MEDIA_LEXICAL_1.0,2021-Q3,complete,legacy,phrase,monetarna politika,28,1949,,below_reporting_threshold,distinct_body_within_quarter,explicit_HNB_title_and_body_segments
HNB_MEDIA_LEXICAL_1.1,HNB_MEDIA_LEXICAL_1.0,2021-Q3,complete,legacy,phrase,digitalni euro,2,1949,,below_reporting_threshold,distinct_body_within_quarter,explicit_HNB_title_and_body_segments
HNB_MEDIA_LEXICAL_1.1,HNB_MEDIA_LEXICAL_1.0,2021-Q3,complete,legacy,phrase,kreditna sposobnost,18,1949,,below_reporting_threshold,distinct_body_within_quarter,explicit_HNB_title_and_body_segments
HNB_MEDIA_LEXICAL_1.1,HNB_MEDIA_LEXICAL_1.0,2021-Q4,complete,legacy,term,banka,456,1702,0.2679200940070505,reported,distinct_body_within_quarter,explicit_HNB_title_and_body_segments
HNB_MEDIA_LEXICAL_1.1,HNB_MEDIA_LEXICAL_1.0,2021-Q4,complete,legacy,term,kredit,377,1702,0.22150411280846063,reported,distinct_body_within_quarter,explicit_HNB_title_and_body_segments
HNB_MEDIA_LEXICAL_1.1,HNB_MEDIA_LEXICAL_1.0,2021-Q4,complete,legacy,term,euro,324,1702,0.19036427732079905,reported,distinct_body_within_quarter,explicit_HNB_title_and_body_segments
HNB_MEDIA_LEXICAL_1.1,HNB_MEDIA_LEXICAL_1.0,2021-Q4,complete,legacy,term,kuna,341,1702,0.20035252643948295,reported,distinct_body_within_quarter,explicit_HNB_title_and_body_segments
HNB_MEDIA_LEXICAL_1.1,HNB_MEDIA_LEXICAL_1.0,2021-Q4,complete,legacy,term,inflacija,248,1702,0.14571092831962398,reported,distinct_body_within_quarter,explicit_HNB_title_and_body_segments
HNB_MEDIA_LEXICAL_1.1,HNB_MEDIA_LEXICAL_1.0,2021-Q4,complete,legacy,term,cijena,262,1702,0.15393654524089306,reported,distinct_body_within_quarter,explicit_HNB_title_and_body_segments
HNB_MEDIA_LEXICAL_1.1,HNB_MEDIA_LEXICAL_1.0,2021-Q4,complete,legacy,term,kamata,317,1702,0.1862514688601645,reported,distinct_body_within_quarter,explicit_HNB_title_and_body_segments
HNB_MEDIA_LEXICAL_1.1,HNB_MEDIA_LEXICAL_1.0,2021-Q4,complete,legacy,term,rast,494,1702,0.2902467685076381,reported,distinct_body_within_quarter,explicit_HNB_title_and_body_segments
HNB_MEDIA_LEXICAL_1.1,HNB_MEDIA_LEXICAL_1.0,2021-Q4,complete,legacy,term,guverner,631,1702,0.3707403055229142,reported,distinct_body_within_quarter,explicit_HNB_title_and_body_segments
HNB_MEDIA_LEXICAL_1.1,HNB_MEDIA_LEXICAL_1.0,2021-Q4,complete,legacy,term,ESB / ECB,37,1702,0.021739130434782608,reported,distinct_body_within_quarter,explicit_HNB_title_and_body_segments
HNB_MEDIA_LEXICAL_1.1,HNB_MEDIA_LEXICAL_1.0,2021-Q4,complete,legacy,term,gospodarstvo,114,1702,0.06698002350176263,reported,distinct_body_within_quarter,explicit_HNB_title_and_body_segments
HNB_MEDIA_LEXICAL_1.1,HNB_MEDIA_LEXICAL_1.0,2021-Q4,complete,legacy,term,potrošač,101,1702,0.05934195064629847,reported,distinct_body_within_quarter,explicit_HNB_title_and_body_segments
HNB_MEDIA_LEXICAL_1.1,HNB_MEDIA_LEXICAL_1.0,2021-Q4,complete,legacy,term,građanin,290,1702,0.17038777908343125,reported,distinct_body_within_quarter,explicit_HNB_title_and_body_segments
HNB_MEDIA_LEXICAL_1.1,HNB_MEDIA_LEXICAL_1.0,2021-Q4,complete,legacy,term,plaćanje,27,1702,,below_reporting_threshold,distinct_body_within_quarter,explicit_HNB_title_and_body_segments
HNB_MEDIA_LEXICAL_1.1,HNB_MEDIA_LEXICAL_1.0,2021-Q4,complete,legacy,term,gotovina,51,1702,0.029964747356051705,reported,distinct_body_within_quarter,explicit_HNB_title_and_body_segments
HNB_MEDIA_LEXICAL_1.1,HNB_MEDIA_LEXICAL_1.0,2021-Q4,complete,legacy,term,depozit,63,1702,0.03701527614571093,reported,distinct_body_within_quarter,explicit_HNB_title_and_body_segments
HNB_MEDIA_LEXICAL_1.1,HNB_MEDIA_LEXICAL_1.0,2021-Q4,complete,legacy,term,nekretnina,58,1702,0.03407755581668625,reported,distinct_body_within_quarter,explicit_HNB_title_and_body_segments
HNB_MEDIA_LEXICAL_1.1,HNB_MEDIA_LEXICAL_1.0,2021-Q4,complete,legacy,term,stabilnost,80,1702,0.04700352526439483,reported,distinct_body_within_quarter,explicit_HNB_title_and_body_segments
HNB_MEDIA_LEXICAL_1.1,HNB_MEDIA_LEXICAL_1.0,2021-Q4,complete,legacy,term,rizik,123,1702,0.07226792009400705,reported,distinct_body_within_quarter,explicit_HNB_title_and_body_segments
HNB_MEDIA_LEXICAL_1.1,HNB_MEDIA_LEXICAL_1.0,2021-Q4,complete,legacy,term,nadzor,88,1702,0.05170387779083431,reported,distinct_body_within_quarter,explicit_HNB_title_and_body_segments
HNB_MEDIA_LEXICAL_1.1,HNB_MEDIA_LEXICAL_1.0,2021-Q4,complete,legacy,term,prognoza,75,1702,0.04406580493537015,reported,distinct_body_within_quarter,explicit_HNB_title_and_body_segments
HNB_MEDIA_LEXICAL_1.1,HNB_MEDIA_LEXICAL_1.0,2021-Q4,complete,legacy,term,projekcija,70,1702,0.041128084606345476,reported,distinct_body_within_quarter,explicit_HNB_title_and_body_segments
HNB_MEDIA_LEXICAL_1.1,HNB_MEDIA_LEXICAL_1.0,2021-Q4,complete,legacy,term,statistika,27,1702,,below_reporting_threshold,distinct_body_within_quarter,explicit_HNB_title_and_body_segments
HNB_MEDIA_LEXICAL_1.1,HNB_MEDIA_LEXICAL_1.0,2021-Q4,complete,legacy,term,tečaj,140,1702,0.08225616921269095,reported,distinct_body_within_quarter,explicit_HNB_title_and_body_segments
HNB_MEDIA_LEXICAL_1.1,HNB_MEDIA_LEXICAL_1.0,2021-Q4,complete,legacy,term,štednja,43,1702,0.02526439482961222,reported,distinct_body_within_quarter,explicit_HNB_title_and_body_segments
HNB_MEDIA_LEXICAL_1.1,HNB_MEDIA_LEXICAL_1.0,2021-Q4,complete,legacy,term,dug,67,1702,0.03936545240893067,reported,distinct_body_within_quarter,explicit_HNB_title_and_body_segments
HNB_MEDIA_LEXICAL_1.1,HNB_MEDIA_LEXICAL_1.0,2021-Q4,complete,legacy,term,dohodak,8,1702,,below_reporting_threshold,distinct_body_within_quarter,explicit_HNB_title_and_body_segments
HNB_MEDIA_LEXICAL_1.1,HNB_MEDIA_LEXICAL_1.0,2021-Q4,complete,legacy,term,plaća,90,1702,0.052878965922444184,reported,distinct_body_within_quarter,explicit_HNB_title_and_body_segments
HNB_MEDIA_LEXICAL_1.1,HNB_MEDIA_LEXICAL_1.0,2021-Q4,complete,legacy,term,kućanstvo,11,1702,,below_reporting_threshold,distinct_body_within_quarter,explicit_HNB_title_and_body_segments
HNB_MEDIA_LEXICAL_1.1,HNB_MEDIA_LEXICAL_1.0,2021-Q4,complete,legacy,term,monetarna politika,93,1702,0.05464159811985899,reported,distinct_body_within_quarter,explicit_HNB_title_and_body_segments
HNB_MEDIA_LEXICAL_1.1,HNB_MEDIA_LEXICAL_1.0,2021-Q4,complete,legacy,term,europodručje,135,1702,0.07931844888366628,reported,distinct_body_within_quarter,explicit_HNB_title_and_body_segments
HNB_MEDIA_LEXICAL_1.1,HNB_MEDIA_LEXICAL_1.0,2021-Q4,complete,legacy,term,novčanica,18,1702,,below_reporting_threshold,distinct_body_within_quarter,explicit_HNB_title_and_body_segments
HNB_MEDIA_LEXICAL_1.1,HNB_MEDIA_LEXICAL_1.0,2021-Q4,complete,legacy,term,kovanica,45,1702,0.026439482961222092,reported,distinct_body_within_quarter,explicit_HNB_title_and_body_segments
HNB_MEDIA_LEXICAL_1.1,HNB_MEDIA_LEXICAL_1.0,2021-Q4,complete,legacy,term,zaduživanje,5,1702,,below_reporting_threshold,distinct_body_within_quarter,explicit_HNB_title_and_body_segments
HNB_MEDIA_LEXICAL_1.1,HNB_MEDIA_LEXICAL_1.0,2021-Q4,complete,legacy,term,mjera,126,1702,0.07403055229142186,reported,distinct_body_within_quarter,explicit_HNB_title_and_body_segments
HNB_MEDIA_LEXICAL_1.1,HNB_MEDIA_LEXICAL_1.0,2021-Q4,complete,legacy,term,tržište,144,1702,0.0846063454759107,reported,distinct_body_within_quarter,explicit_HNB_title_and_body_segments
HNB_MEDIA_LEXICAL_1.1,HNB_MEDIA_LEXICAL_1.0,2021-Q4,complete,legacy,term,likvidnost,28,1702,,below_reporting_threshold,distinct_body_within_quarter,explicit_HNB_title_and_body_segments
HNB_MEDIA_LEXICAL_1.1,HNB_MEDIA_LEXICAL_1.0,2021-Q4,complete,legacy,term,kapital,40,1702,0.023501762632197415,reported,distinct_body_within_quarter,explicit_HNB_title_and_body_segments
HNB_MEDIA_LEXICAL_1.1,HNB_MEDIA_LEXICAL_1.0,2021-Q4,complete,legacy,term,odgovornost,21,1702,,below_reporting_threshold,distinct_body_within_quarter,explicit_HNB_title_and_body_segments
HNB_MEDIA_LEXICAL_1.1,HNB_MEDIA_LEXICAL_1.0,2021-Q4,complete,legacy,term,mandat,17,1702,,below_reporting_threshold,distinct_body_within_quarter,explicit_HNB_title_and_body_segments
HNB_MEDIA_LEXICAL_1.1,HNB_MEDIA_LEXICAL_1.0,2021-Q4,complete,legacy,term,savjet,51,1702,0.029964747356051705,reported,distinct_body_within_quarter,explicit_HNB_title_and_body_segments
HNB_MEDIA_LEXICAL_1.1,HNB_MEDIA_LEXICAL_1.0,2021-Q4,complete,legacy,term,dionica,3,1702,,below_reporting_threshold,distinct_body_within_quarter,explicit_HNB_title_and_body_segments
HNB_MEDIA_LEXICAL_1.1,HNB_MEDIA_LEXICAL_1.0,2021-Q4,complete,legacy,term,obveznica,7,1702,,below_reporting_threshold,distinct_body_within_quarter,explicit_HNB_title_and_body_segments
HNB_MEDIA_LEXICAL_1.1,HNB_MEDIA_LEXICAL_1.0,2021-Q4,complete,legacy,term,Vlada,187,1702,0.10987074030552292,reported,distinct_body_within_quarter,explicit_HNB_title_and_body_segments
HNB_MEDIA_LEXICAL_1.1,HNB_MEDIA_LEXICAL_1.0,2021-Q4,complete,legacy,term,Sabor,112,1702,0.06580493537015276,reported,distinct_body_within_quarter,explicit_HNB_title_and_body_segments
HNB_MEDIA_LEXICAL_1.1,HNB_MEDIA_LEXICAL_1.0,2021-Q4,complete,legacy,term,BDP,116,1702,0.0681551116333725,reported,distinct_body_within_quarter,explicit_HNB_title_and_body_segments
HNB_MEDIA_LEXICAL_1.1,HNB_MEDIA_LEXICAL_1.0,2021-Q4,complete,legacy,term,investicija,22,1702,,below_reporting_threshold,distinct_body_within_quarter,explicit_HNB_title_and_body_segments
HNB_MEDIA_LEXICAL_1.1,HNB_MEDIA_LEXICAL_1.0,2021-Q4,complete,legacy,term,izvoz,38,1702,0.022326674500587545,reported,distinct_body_within_quarter,explicit_HNB_title_and_body_segments
HNB_MEDIA_LEXICAL_1.1,HNB_MEDIA_LEXICAL_1.0,2021-Q4,complete,legacy,term,uvoz,11,1702,,below_reporting_threshold,distinct_body_within_quarter,explicit_HNB_title_and_body_segments
HNB_MEDIA_LEXICAL_1.1,HNB_MEDIA_LEXICAL_1.0,2021-Q4,complete,legacy,term,naknada,44,1702,0.025851938895417155,reported,distinct_body_within_quarter,explicit_HNB_title_and_body_segments
HNB_MEDIA_LEXICAL_1.1,HNB_MEDIA_LEXICAL_1.0,2021-Q4,complete,legacy,term,sanacija,5,1702,,below_reporting_threshold,distinct_body_within_quarter,explicit_HNB_title_and_body_segments
HNB_MEDIA_LEXICAL_1.1,HNB_MEDIA_LEXICAL_1.0,2021-Q4,complete,legacy,term,digitalni euro,0,1702,0.0,zero,distinct_body_within_quarter,explicit_HNB_title_and_body_segments
HNB_MEDIA_LEXICAL_1.1,HNB_MEDIA_LEXICAL_1.0,2021-Q4,complete,legacy,phrase,kamatna stopa,256,1702,0.15041128084606345,reported,distinct_body_within_quarter,explicit_HNB_title_and_body_segments
HNB_MEDIA_LEXICAL_1.1,HNB_MEDIA_LEXICAL_1.0,2021-Q4,complete,legacy,phrase,financijska stabilnost,18,1702,,below_reporting_threshold,distinct_body_within_quarter,explicit_HNB_title_and_body_segments
HNB_MEDIA_LEXICAL_1.1,HNB_MEDIA_LEXICAL_1.0,2021-Q4,complete,legacy,phrase,uvođenje eura,126,1702,0.07403055229142186,reported,distinct_body_within_quarter,explicit_HNB_title_and_body_segments
HNB_MEDIA_LEXICAL_1.1,HNB_MEDIA_LEXICAL_1.0,2021-Q4,complete,legacy,phrase,stambeni kredit,69,1702,0.04054054054054054,reported,distinct_body_within_quarter,explicit_HNB_title_and_body_segments
HNB_MEDIA_LEXICAL_1.1,HNB_MEDIA_LEXICAL_1.0,2021-Q4,complete,legacy,phrase,gotovinski kredit,6,1702,,below_reporting_threshold,distinct_body_within_quarter,explicit_HNB_title_and_body_segments
HNB_MEDIA_LEXICAL_1.1,HNB_MEDIA_LEXICAL_1.0,2021-Q4,complete,legacy,phrase,kupovna moć,1,1702,,below_reporting_threshold,distinct_body_within_quarter,explicit_HNB_title_and_body_segments
HNB_MEDIA_LEXICAL_1.1,HNB_MEDIA_LEXICAL_1.0,2021-Q4,complete,legacy,phrase,sukob interesa,3,1702,,below_reporting_threshold,distinct_body_within_quarter,explicit_HNB_title_and_body_segments
HNB_MEDIA_LEXICAL_1.1,HNB_MEDIA_LEXICAL_1.0,2021-Q4,complete,legacy,phrase,zaštita potrošača,19,1702,,below_reporting_threshold,distinct_body_within_quarter,explicit_HNB_title_and_body_segments
HNB_MEDIA_LEXICAL_1.1,HNB_MEDIA_LEXICAL_1.0,2021-Q4,complete,legacy,phrase,platni promet,5,1702,,below_reporting_threshold,distinct_body_within_quarter,explicit_HNB_title_and_body_segments
HNB_MEDIA_LEXICAL_1.1,HNB_MEDIA_LEXICAL_1.0,2021-Q4,complete,legacy,phrase,monetarna politika,93,1702,0.05464159811985899,reported,distinct_body_within_quarter,explicit_HNB_title_and_body_segments
HNB_MEDIA_LEXICAL_1.1,HNB_MEDIA_LEXICAL_1.0,2021-Q4,complete,legacy,phrase,digitalni euro,0,1702,0.0,zero,distinct_body_within_quarter,explicit_HNB_title_and_body_segments
HNB_MEDIA_LEXICAL_1.1,HNB_MEDIA_LEXICAL_1.0,2021-Q4,complete,legacy,phrase,kreditna sposobnost,3,1702,,below_reporting_threshold,distinct_body_within_quarter,explicit_HNB_title_and_body_segments
HNB_MEDIA_LEXICAL_1.1,HNB_MEDIA_LEXICAL_1.0,2022-Q1,complete,legacy,term,banka,1217,3568,0.34108744394618834,reported,distinct_body_within_quarter,explicit_HNB_title_and_body_segments
HNB_MEDIA_LEXICAL_1.1,HNB_MEDIA_LEXICAL_1.0,2022-Q1,complete,legacy,term,kredit,423,3568,0.11855381165919282,reported,distinct_body_within_quarter,explicit_HNB_title_and_body_segments
HNB_MEDIA_LEXICAL_1.1,HNB_MEDIA_LEXICAL_1.0,2022-Q1,complete,legacy,term,euro,1078,3568,0.30213004484304934,reported,distinct_body_within_quarter,explicit_HNB_title_and_body_segments
HNB_MEDIA_LEXICAL_1.1,HNB_MEDIA_LEXICAL_1.0,2022-Q1,complete,legacy,term,kuna,1266,3568,0.3548206278026906,reported,distinct_body_within_quarter,explicit_HNB_title_and_body_segments
HNB_MEDIA_LEXICAL_1.1,HNB_MEDIA_LEXICAL_1.0,2022-Q1,complete,legacy,term,inflacija,287,3568,0.0804372197309417,reported,distinct_body_within_quarter,explicit_HNB_title_and_body_segments
HNB_MEDIA_LEXICAL_1.1,HNB_MEDIA_LEXICAL_1.0,2022-Q1,complete,legacy,term,cijena,410,3568,0.11491031390134529,reported,distinct_body_within_quarter,explicit_HNB_title_and_body_segments
HNB_MEDIA_LEXICAL_1.1,HNB_MEDIA_LEXICAL_1.0,2022-Q1,complete,legacy,term,kamata,153,3568,0.04288116591928251,reported,distinct_body_within_quarter,explicit_HNB_title_and_body_segments
HNB_MEDIA_LEXICAL_1.1,HNB_MEDIA_LEXICAL_1.0,2022-Q1,complete,legacy,term,rast,267,3568,0.07483183856502242,reported,distinct_body_within_quarter,explicit_HNB_title_and_body_segments
HNB_MEDIA_LEXICAL_1.1,HNB_MEDIA_LEXICAL_1.0,2022-Q1,complete,legacy,term,guverner,1156,3568,0.3239910313901345,reported,distinct_body_within_quarter,explicit_HNB_title_and_body_segments
HNB_MEDIA_LEXICAL_1.1,HNB_MEDIA_LEXICAL_1.0,2022-Q1,complete,legacy,term,ESB / ECB,126,3568,0.03531390134529148,reported,distinct_body_within_quarter,explicit_HNB_title_and_body_segments
HNB_MEDIA_LEXICAL_1.1,HNB_MEDIA_LEXICAL_1.0,2022-Q1,complete,legacy,term,gospodarstvo,160,3568,0.04484304932735426,reported,distinct_body_within_quarter,explicit_HNB_title_and_body_segments
HNB_MEDIA_LEXICAL_1.1,HNB_MEDIA_LEXICAL_1.0,2022-Q1,complete,legacy,term,potrošač,215,3568,0.06025784753363229,reported,distinct_body_within_quarter,explicit_HNB_title_and_body_segments
HNB_MEDIA_LEXICAL_1.1,HNB_MEDIA_LEXICAL_1.0,2022-Q1,complete,legacy,term,građanin,657,3568,0.18413677130044842,reported,distinct_body_within_quarter,explicit_HNB_title_and_body_segments
HNB_MEDIA_LEXICAL_1.1,HNB_MEDIA_LEXICAL_1.0,2022-Q1,complete,legacy,term,plaćanje,62,3568,0.017376681614349777,reported,distinct_body_within_quarter,explicit_HNB_title_and_body_segments
HNB_MEDIA_LEXICAL_1.1,HNB_MEDIA_LEXICAL_1.0,2022-Q1,complete,legacy,term,gotovina,60,3568,0.016816143497757848,reported,distinct_body_within_quarter,explicit_HNB_title_and_body_segments
HNB_MEDIA_LEXICAL_1.1,HNB_MEDIA_LEXICAL_1.0,2022-Q1,complete,legacy,term,depozit,315,3568,0.0882847533632287,reported,distinct_body_within_quarter,explicit_HNB_title_and_body_segments
HNB_MEDIA_LEXICAL_1.1,HNB_MEDIA_LEXICAL_1.0,2022-Q1,complete,legacy,term,nekretnina,134,3568,0.03755605381165919,reported,distinct_body_within_quarter,explicit_HNB_title_and_body_segments
HNB_MEDIA_LEXICAL_1.1,HNB_MEDIA_LEXICAL_1.0,2022-Q1,complete,legacy,term,stabilnost,135,3568,0.037836322869955155,reported,distinct_body_within_quarter,explicit_HNB_title_and_body_segments
HNB_MEDIA_LEXICAL_1.1,HNB_MEDIA_LEXICAL_1.0,2022-Q1,complete,legacy,term,rizik,85,3568,0.02382286995515695,reported,distinct_body_within_quarter,explicit_HNB_title_and_body_segments
HNB_MEDIA_LEXICAL_1.1,HNB_MEDIA_LEXICAL_1.0,2022-Q1,complete,legacy,term,nadzor,421,3568,0.11799327354260089,reported,distinct_body_within_quarter,explicit_HNB_title_and_body_segments
HNB_MEDIA_LEXICAL_1.1,HNB_MEDIA_LEXICAL_1.0,2022-Q1,complete,legacy,term,prognoza,33,3568,0.009248878923766817,reported,distinct_body_within_quarter,explicit_HNB_title_and_body_segments
HNB_MEDIA_LEXICAL_1.1,HNB_MEDIA_LEXICAL_1.0,2022-Q1,complete,legacy,term,projekcija,26,3568,,below_reporting_threshold,distinct_body_within_quarter,explicit_HNB_title_and_body_segments
HNB_MEDIA_LEXICAL_1.1,HNB_MEDIA_LEXICAL_1.0,2022-Q1,complete,legacy,term,statistika,28,3568,,below_reporting_threshold,distinct_body_within_quarter,explicit_HNB_title_and_body_segments
HNB_MEDIA_LEXICAL_1.1,HNB_MEDIA_LEXICAL_1.0,2022-Q1,complete,legacy,term,tečaj,215,3568,0.06025784753363229,reported,distinct_body_within_quarter,explicit_HNB_title_and_body_segments
HNB_MEDIA_LEXICAL_1.1,HNB_MEDIA_LEXICAL_1.0,2022-Q1,complete,legacy,term,štednja,62,3568,0.017376681614349777,reported,distinct_body_within_quarter,explicit_HNB_title_and_body_segments
HNB_MEDIA_LEXICAL_1.1,HNB_MEDIA_LEXICAL_1.0,2022-Q1,complete,legacy,term,dug,110,3568,0.030829596412556053,reported,distinct_body_within_quarter,explicit_HNB_title_and_body_segments
HNB_MEDIA_LEXICAL_1.1,HNB_MEDIA_LEXICAL_1.0,2022-Q1,complete,legacy,term,dohodak,13,3568,,below_reporting_threshold,distinct_body_within_quarter,explicit_HNB_title_and_body_segments
HNB_MEDIA_LEXICAL_1.1,HNB_MEDIA_LEXICAL_1.0,2022-Q1,complete,legacy,term,plaća,132,3568,0.03699551569506727,reported,distinct_body_within_quarter,explicit_HNB_title_and_body_segments
HNB_MEDIA_LEXICAL_1.1,HNB_MEDIA_LEXICAL_1.0,2022-Q1,complete,legacy,term,kućanstvo,14,3568,,below_reporting_threshold,distinct_body_within_quarter,explicit_HNB_title_and_body_segments
HNB_MEDIA_LEXICAL_1.1,HNB_MEDIA_LEXICAL_1.0,2022-Q1,complete,legacy,term,monetarna politika,73,3568,0.02045964125560538,reported,distinct_body_within_quarter,explicit_HNB_title_and_body_segments
HNB_MEDIA_LEXICAL_1.1,HNB_MEDIA_LEXICAL_1.0,2022-Q1,complete,legacy,term,europodručje,203,3568,0.056894618834080715,reported,distinct_body_within_quarter,explicit_HNB_title_and_body_segments
HNB_MEDIA_LEXICAL_1.1,HNB_MEDIA_LEXICAL_1.0,2022-Q1,complete,legacy,term,novčanica,198,3568,0.0554932735426009,reported,distinct_body_within_quarter,explicit_HNB_title_and_body_segments
HNB_MEDIA_LEXICAL_1.1,HNB_MEDIA_LEXICAL_1.0,2022-Q1,complete,legacy,term,kovanica,496,3568,0.13901345291479822,reported,distinct_body_within_quarter,explicit_HNB_title_and_body_segments
HNB_MEDIA_LEXICAL_1.1,HNB_MEDIA_LEXICAL_1.0,2022-Q1,complete,legacy,term,zaduživanje,15,3568,,below_reporting_threshold,distinct_body_within_quarter,explicit_HNB_title_and_body_segments
HNB_MEDIA_LEXICAL_1.1,HNB_MEDIA_LEXICAL_1.0,2022-Q1,complete,legacy,term,mjera,153,3568,0.04288116591928251,reported,distinct_body_within_quarter,explicit_HNB_title_and_body_segments
HNB_MEDIA_LEXICAL_1.1,HNB_MEDIA_LEXICAL_1.0,2022-Q1,complete,legacy,term,tržište,269,3568,0.07539237668161435,reported,distinct_body_within_quarter,explicit_HNB_title_and_body_segments
HNB_MEDIA_LEXICAL_1.1,HNB_MEDIA_LEXICAL_1.0,2022-Q1,complete,legacy,term,likvidnost,86,3568,0.024103139013452915,reported,distinct_body_within_quarter,explicit_HNB_title_and_body_segments
HNB_MEDIA_LEXICAL_1.1,HNB_MEDIA_LEXICAL_1.0,2022-Q1,complete,legacy,term,kapital,202,3568,0.05661434977578475,reported,distinct_body_within_quarter,explicit_HNB_title_and_body_segments
HNB_MEDIA_LEXICAL_1.1,HNB_MEDIA_LEXICAL_1.0,2022-Q1,complete,legacy,term,odgovornost,161,3568,0.04512331838565022,reported,distinct_body_within_quarter,explicit_HNB_title_and_body_segments
HNB_MEDIA_LEXICAL_1.1,HNB_MEDIA_LEXICAL_1.0,2022-Q1,complete,legacy,term,mandat,39,3568,0.010930493273542601,reported,distinct_body_within_quarter,explicit_HNB_title_and_body_segments
HNB_MEDIA_LEXICAL_1.1,HNB_MEDIA_LEXICAL_1.0,2022-Q1,complete,legacy,term,savjet,339,3568,0.09501121076233184,reported,distinct_body_within_quarter,explicit_HNB_title_and_body_segments
HNB_MEDIA_LEXICAL_1.1,HNB_MEDIA_LEXICAL_1.0,2022-Q1,complete,legacy,term,dionica,418,3568,0.11715246636771301,reported,distinct_body_within_quarter,explicit_HNB_title_and_body_segments
HNB_MEDIA_LEXICAL_1.1,HNB_MEDIA_LEXICAL_1.0,2022-Q1,complete,legacy,term,obveznica,268,3568,0.07511210762331838,reported,distinct_body_within_quarter,explicit_HNB_title_and_body_segments
HNB_MEDIA_LEXICAL_1.1,HNB_MEDIA_LEXICAL_1.0,2022-Q1,complete,legacy,term,Vlada,527,3568,0.1477017937219731,reported,distinct_body_within_quarter,explicit_HNB_title_and_body_segments
HNB_MEDIA_LEXICAL_1.1,HNB_MEDIA_LEXICAL_1.0,2022-Q1,complete,legacy,term,Sabor,369,3568,0.10341928251121076,reported,distinct_body_within_quarter,explicit_HNB_title_and_body_segments
HNB_MEDIA_LEXICAL_1.1,HNB_MEDIA_LEXICAL_1.0,2022-Q1,complete,legacy,term,BDP,48,3568,0.013452914798206279,reported,distinct_body_within_quarter,explicit_HNB_title_and_body_segments
HNB_MEDIA_LEXICAL_1.1,HNB_MEDIA_LEXICAL_1.0,2022-Q1,complete,legacy,term,investicija,31,3568,0.008688340807174889,reported,distinct_body_within_quarter,explicit_HNB_title_and_body_segments
HNB_MEDIA_LEXICAL_1.1,HNB_MEDIA_LEXICAL_1.0,2022-Q1,complete,legacy,term,izvoz,22,3568,,below_reporting_threshold,distinct_body_within_quarter,explicit_HNB_title_and_body_segments
HNB_MEDIA_LEXICAL_1.1,HNB_MEDIA_LEXICAL_1.0,2022-Q1,complete,legacy,term,uvoz,8,3568,,below_reporting_threshold,distinct_body_within_quarter,explicit_HNB_title_and_body_segments
HNB_MEDIA_LEXICAL_1.1,HNB_MEDIA_LEXICAL_1.0,2022-Q1,complete,legacy,term,naknada,113,3568,0.03167040358744395,reported,distinct_body_within_quarter,explicit_HNB_title_and_body_segments
HNB_MEDIA_LEXICAL_1.1,HNB_MEDIA_LEXICAL_1.0,2022-Q1,complete,legacy,term,sanacija,240,3568,0.06726457399103139,reported,distinct_body_within_quarter,explicit_HNB_title_and_body_segments
HNB_MEDIA_LEXICAL_1.1,HNB_MEDIA_LEXICAL_1.0,2022-Q1,complete,legacy,term,digitalni euro,0,3568,0.0,zero,distinct_body_within_quarter,explicit_HNB_title_and_body_segments
HNB_MEDIA_LEXICAL_1.1,HNB_MEDIA_LEXICAL_1.0,2022-Q1,complete,legacy,phrase,kamatna stopa,112,3568,0.03139013452914798,reported,distinct_body_within_quarter,explicit_HNB_title_and_body_segments
HNB_MEDIA_LEXICAL_1.1,HNB_MEDIA_LEXICAL_1.0,2022-Q1,complete,legacy,phrase,financijska stabilnost,47,3568,0.013172645739910314,reported,distinct_body_within_quarter,explicit_HNB_title_and_body_segments
HNB_MEDIA_LEXICAL_1.1,HNB_MEDIA_LEXICAL_1.0,2022-Q1,complete,legacy,phrase,uvođenje eura,284,3568,0.0795964125560538,reported,distinct_body_within_quarter,explicit_HNB_title_and_body_segments
HNB_MEDIA_LEXICAL_1.1,HNB_MEDIA_LEXICAL_1.0,2022-Q1,complete,legacy,phrase,stambeni kredit,61,3568,0.017096412556053812,reported,distinct_body_within_quarter,explicit_HNB_title_and_body_segments
HNB_MEDIA_LEXICAL_1.1,HNB_MEDIA_LEXICAL_1.0,2022-Q1,complete,legacy,phrase,gotovinski kredit,1,3568,,below_reporting_threshold,distinct_body_within_quarter,explicit_HNB_title_and_body_segments
HNB_MEDIA_LEXICAL_1.1,HNB_MEDIA_LEXICAL_1.0,2022-Q1,complete,legacy,phrase,kupovna moć,7,3568,,below_reporting_threshold,distinct_body_within_quarter,explicit_HNB_title_and_body_segments
HNB_MEDIA_LEXICAL_1.1,HNB_MEDIA_LEXICAL_1.0,2022-Q1,complete,legacy,phrase,sukob interesa,130,3568,0.03643497757847534,reported,distinct_body_within_quarter,explicit_HNB_title_and_body_segments
HNB_MEDIA_LEXICAL_1.1,HNB_MEDIA_LEXICAL_1.0,2022-Q1,complete,legacy,phrase,zaštita potrošača,65,3568,0.01821748878923767,reported,distinct_body_within_quarter,explicit_HNB_title_and_body_segments
HNB_MEDIA_LEXICAL_1.1,HNB_MEDIA_LEXICAL_1.0,2022-Q1,complete,legacy,phrase,platni promet,14,3568,,below_reporting_threshold,distinct_body_within_quarter,explicit_HNB_title_and_body_segments
HNB_MEDIA_LEXICAL_1.1,HNB_MEDIA_LEXICAL_1.0,2022-Q1,complete,legacy,phrase,monetarna politika,73,3568,0.02045964125560538,reported,distinct_body_within_quarter,explicit_HNB_title_and_body_segments
HNB_MEDIA_LEXICAL_1.1,HNB_MEDIA_LEXICAL_1.0,2022-Q1,complete,legacy,phrase,digitalni euro,0,3568,0.0,zero,distinct_body_within_quarter,explicit_HNB_title_and_body_segments
HNB_MEDIA_LEXICAL_1.1,HNB_MEDIA_LEXICAL_1.0,2022-Q1,complete,legacy,phrase,kreditna sposobnost,0,3568,0.0,zero,distinct_body_within_quarter,explicit_HNB_title_and_body_segments
HNB_MEDIA_LEXICAL_1.1,HNB_MEDIA_LEXICAL_1.0,2022-Q2,complete,legacy,term,banka,454,1634,0.2778457772337821,reported,distinct_body_within_quarter,explicit_HNB_title_and_body_segments
HNB_MEDIA_LEXICAL_1.1,HNB_MEDIA_LEXICAL_1.0,2022-Q2,complete,legacy,term,kredit,223,1634,0.1364749082007344,reported,distinct_body_within_quarter,explicit_HNB_title_and_body_segments
HNB_MEDIA_LEXICAL_1.1,HNB_MEDIA_LEXICAL_1.0,2022-Q2,complete,legacy,term,euro,469,1634,0.28702570379436965,reported,distinct_body_within_quarter,explicit_HNB_title_and_body_segments
HNB_MEDIA_LEXICAL_1.1,HNB_MEDIA_LEXICAL_1.0,2022-Q2,complete,legacy,term,kuna,453,1634,0.277233782129743,reported,distinct_body_within_quarter,explicit_HNB_title_and_body_segments
HNB_MEDIA_LEXICAL_1.1,HNB_MEDIA_LEXICAL_1.0,2022-Q2,complete,legacy,term,inflacija,264,1634,0.16156670746634028,reported,distinct_body_within_quarter,explicit_HNB_title_and_body_segments
HNB_MEDIA_LEXICAL_1.1,HNB_MEDIA_LEXICAL_1.0,2022-Q2,complete,legacy,term,cijena,280,1634,0.17135862913096694,reported,distinct_body_within_quarter,explicit_HNB_title_and_body_segments
HNB_MEDIA_LEXICAL_1.1,HNB_MEDIA_LEXICAL_1.0,2022-Q2,complete,legacy,term,kamata,226,1634,0.1383108935128519,reported,distinct_body_within_quarter,explicit_HNB_title_and_body_segments
HNB_MEDIA_LEXICAL_1.1,HNB_MEDIA_LEXICAL_1.0,2022-Q2,complete,legacy,term,rast,258,1634,0.15789473684210525,reported,distinct_body_within_quarter,explicit_HNB_title_and_body_segments
HNB_MEDIA_LEXICAL_1.1,HNB_MEDIA_LEXICAL_1.0,2022-Q2,complete,legacy,term,guverner,475,1634,0.29069767441860467,reported,distinct_body_within_quarter,explicit_HNB_title_and_body_segments
HNB_MEDIA_LEXICAL_1.1,HNB_MEDIA_LEXICAL_1.0,2022-Q2,complete,legacy,term,ESB / ECB,57,1634,0.03488372093023256,reported,distinct_body_within_quarter,explicit_HNB_title_and_body_segments
HNB_MEDIA_LEXICAL_1.1,HNB_MEDIA_LEXICAL_1.0,2022-Q2,complete,legacy,term,gospodarstvo,189,1634,0.11566707466340269,reported,distinct_body_within_quarter,explicit_HNB_title_and_body_segments
HNB_MEDIA_LEXICAL_1.1,HNB_MEDIA_LEXICAL_1.0,2022-Q2,complete,legacy,term,potrošač,104,1634,0.06364749082007344,reported,distinct_body_within_quarter,explicit_HNB_title_and_body_segments
HNB_MEDIA_LEXICAL_1.1,HNB_MEDIA_LEXICAL_1.0,2022-Q2,complete,legacy,term,građanin,189,1634,0.11566707466340269,reported,distinct_body_within_quarter,explicit_HNB_title_and_body_segments
HNB_MEDIA_LEXICAL_1.1,HNB_MEDIA_LEXICAL_1.0,2022-Q2,complete,legacy,term,plaćanje,25,1634,,below_reporting_threshold,distinct_body_within_quarter,explicit_HNB_title_and_body_segments
HNB_MEDIA_LEXICAL_1.1,HNB_MEDIA_LEXICAL_1.0,2022-Q2,complete,legacy,term,gotovina,64,1634,0.03916768665850673,reported,distinct_body_within_quarter,explicit_HNB_title_and_body_segments
HNB_MEDIA_LEXICAL_1.1,HNB_MEDIA_LEXICAL_1.0,2022-Q2,complete,legacy,term,depozit,38,1634,0.023255813953488372,reported,distinct_body_within_quarter,explicit_HNB_title_and_body_segments
HNB_MEDIA_LEXICAL_1.1,HNB_MEDIA_LEXICAL_1.0,2022-Q2,complete,legacy,term,nekretnina,65,1634,0.0397796817625459,reported,distinct_body_within_quarter,explicit_HNB_title_and_body_segments
HNB_MEDIA_LEXICAL_1.1,HNB_MEDIA_LEXICAL_1.0,2022-Q2,complete,legacy,term,stabilnost,104,1634,0.06364749082007344,reported,distinct_body_within_quarter,explicit_HNB_title_and_body_segments
HNB_MEDIA_LEXICAL_1.1,HNB_MEDIA_LEXICAL_1.0,2022-Q2,complete,legacy,term,rizik,71,1634,0.043451652386780906,reported,distinct_body_within_quarter,explicit_HNB_title_and_body_segments
HNB_MEDIA_LEXICAL_1.1,HNB_MEDIA_LEXICAL_1.0,2022-Q2,complete,legacy,term,nadzor,60,1634,0.03671970624235006,reported,distinct_body_within_quarter,explicit_HNB_title_and_body_segments
HNB_MEDIA_LEXICAL_1.1,HNB_MEDIA_LEXICAL_1.0,2022-Q2,complete,legacy,term,prognoza,51,1634,0.031211750305997554,reported,distinct_body_within_quarter,explicit_HNB_title_and_body_segments
HNB_MEDIA_LEXICAL_1.1,HNB_MEDIA_LEXICAL_1.0,2022-Q2,complete,legacy,term,projekcija,36,1634,0.022031823745410038,reported,distinct_body_within_quarter,explicit_HNB_title_and_body_segments
HNB_MEDIA_LEXICAL_1.1,HNB_MEDIA_LEXICAL_1.0,2022-Q2,complete,legacy,term,statistika,22,1634,,below_reporting_threshold,distinct_body_within_quarter,explicit_HNB_title_and_body_segments
HNB_MEDIA_LEXICAL_1.1,HNB_MEDIA_LEXICAL_1.0,2022-Q2,complete,legacy,term,tečaj,226,1634,0.1383108935128519,reported,distinct_body_within_quarter,explicit_HNB_title_and_body_segments
HNB_MEDIA_LEXICAL_1.1,HNB_MEDIA_LEXICAL_1.0,2022-Q2,complete,legacy,term,štednja,11,1634,,below_reporting_threshold,distinct_body_within_quarter,explicit_HNB_title_and_body_segments
HNB_MEDIA_LEXICAL_1.1,HNB_MEDIA_LEXICAL_1.0,2022-Q2,complete,legacy,term,dug,60,1634,0.03671970624235006,reported,distinct_body_within_quarter,explicit_HNB_title_and_body_segments
HNB_MEDIA_LEXICAL_1.1,HNB_MEDIA_LEXICAL_1.0,2022-Q2,complete,legacy,term,dohodak,20,1634,,below_reporting_threshold,distinct_body_within_quarter,explicit_HNB_title_and_body_segments
HNB_MEDIA_LEXICAL_1.1,HNB_MEDIA_LEXICAL_1.0,2022-Q2,complete,legacy,term,plaća,62,1634,0.037943696450428395,reported,distinct_body_within_quarter,explicit_HNB_title_and_body_segments
HNB_MEDIA_LEXICAL_1.1,HNB_MEDIA_LEXICAL_1.0,2022-Q2,complete,legacy,term,kućanstvo,4,1634,,below_reporting_threshold,distinct_body_within_quarter,explicit_HNB_title_and_body_segments
HNB_MEDIA_LEXICAL_1.1,HNB_MEDIA_LEXICAL_1.0,2022-Q2,complete,legacy,term,monetarna politika,90,1634,0.05507955936352509,reported,distinct_body_within_quarter,explicit_HNB_title_and_body_segments
HNB_MEDIA_LEXICAL_1.1,HNB_MEDIA_LEXICAL_1.0,2022-Q2,complete,legacy,term,europodručje,231,1634,0.14137086903304774,reported,distinct_body_within_quarter,explicit_HNB_title_and_body_segments
HNB_MEDIA_LEXICAL_1.1,HNB_MEDIA_LEXICAL_1.0,2022-Q2,complete,legacy,term,novčanica,82,1634,0.05018359853121175,reported,distinct_body_within_quarter,explicit_HNB_title_and_body_segments
HNB_MEDIA_LEXICAL_1.1,HNB_MEDIA_LEXICAL_1.0,2022-Q2,complete,legacy,term,kovanica,99,1634,0.0605875152998776,reported,distinct_body_within_quarter,explicit_HNB_title_and_body_segments
HNB_MEDIA_LEXICAL_1.1,HNB_MEDIA_LEXICAL_1.0,2022-Q2,complete,legacy,term,zaduživanje,36,1634,0.022031823745410038,reported,distinct_body_within_quarter,explicit_HNB_title_and_body_segments
HNB_MEDIA_LEXICAL_1.1,HNB_MEDIA_LEXICAL_1.0,2022-Q2,complete,legacy,term,mjera,103,1634,0.06303549571603427,reported,distinct_body_within_quarter,explicit_HNB_title_and_body_segments
HNB_MEDIA_LEXICAL_1.1,HNB_MEDIA_LEXICAL_1.0,2022-Q2,complete,legacy,term,tržište,156,1634,0.09547123623011015,reported,distinct_body_within_quarter,explicit_HNB_title_and_body_segments
HNB_MEDIA_LEXICAL_1.1,HNB_MEDIA_LEXICAL_1.0,2022-Q2,complete,legacy,term,likvidnost,17,1634,,below_reporting_threshold,distinct_body_within_quarter,explicit_HNB_title_and_body_segments
HNB_MEDIA_LEXICAL_1.1,HNB_MEDIA_LEXICAL_1.0,2022-Q2,complete,legacy,term,kapital,63,1634,0.038555691554467565,reported,distinct_body_within_quarter,explicit_HNB_title_and_body_segments
HNB_MEDIA_LEXICAL_1.1,HNB_MEDIA_LEXICAL_1.0,2022-Q2,complete,legacy,term,odgovornost,30,1634,0.01835985312117503,reported,distinct_body_within_quarter,explicit_HNB_title_and_body_segments
HNB_MEDIA_LEXICAL_1.1,HNB_MEDIA_LEXICAL_1.0,2022-Q2,complete,legacy,term,mandat,8,1634,,below_reporting_threshold,distinct_body_within_quarter,explicit_HNB_title_and_body_segments
HNB_MEDIA_LEXICAL_1.1,HNB_MEDIA_LEXICAL_1.0,2022-Q2,complete,legacy,term,savjet,124,1634,0.07588739290085679,reported,distinct_body_within_quarter,explicit_HNB_title_and_body_segments
HNB_MEDIA_LEXICAL_1.1,HNB_MEDIA_LEXICAL_1.0,2022-Q2,complete,legacy,term,dionica,53,1634,0.03243574051407589,reported,distinct_body_within_quarter,explicit_HNB_title_and_body_segments
HNB_MEDIA_LEXICAL_1.1,HNB_MEDIA_LEXICAL_1.0,2022-Q2,complete,legacy,term,obveznica,29,1634,,below_reporting_threshold,distinct_body_within_quarter,explicit_HNB_title_and_body_segments
HNB_MEDIA_LEXICAL_1.1,HNB_MEDIA_LEXICAL_1.0,2022-Q2,complete,legacy,term,Vlada,220,1634,0.1346389228886169,reported,distinct_body_within_quarter,explicit_HNB_title_and_body_segments
HNB_MEDIA_LEXICAL_1.1,HNB_MEDIA_LEXICAL_1.0,2022-Q2,complete,legacy,term,Sabor,139,1634,0.0850673194614443,reported,distinct_body_within_quarter,explicit_HNB_title_and_body_segments
HNB_MEDIA_LEXICAL_1.1,HNB_MEDIA_LEXICAL_1.0,2022-Q2,complete,legacy,term,BDP,57,1634,0.03488372093023256,reported,distinct_body_within_quarter,explicit_HNB_title_and_body_segments
HNB_MEDIA_LEXICAL_1.1,HNB_MEDIA_LEXICAL_1.0,2022-Q2,complete,legacy,term,investicija,23,1634,,below_reporting_threshold,distinct_body_within_quarter,explicit_HNB_title_and_body_segments
HNB_MEDIA_LEXICAL_1.1,HNB_MEDIA_LEXICAL_1.0,2022-Q2,complete,legacy,term,izvoz,13,1634,,below_reporting_threshold,distinct_body_within_quarter,explicit_HNB_title_and_body_segments
HNB_MEDIA_LEXICAL_1.1,HNB_MEDIA_LEXICAL_1.0,2022-Q2,complete,legacy,term,uvoz,10,1634,,below_reporting_threshold,distinct_body_within_quarter,explicit_HNB_title_and_body_segments
HNB_MEDIA_LEXICAL_1.1,HNB_MEDIA_LEXICAL_1.0,2022-Q2,complete,legacy,term,naknada,38,1634,0.023255813953488372,reported,distinct_body_within_quarter,explicit_HNB_title_and_body_segments
HNB_MEDIA_LEXICAL_1.1,HNB_MEDIA_LEXICAL_1.0,2022-Q2,complete,legacy,term,sanacija,34,1634,0.0208078335373317,reported,distinct_body_within_quarter,explicit_HNB_title_and_body_segments
HNB_MEDIA_LEXICAL_1.1,HNB_MEDIA_LEXICAL_1.0,2022-Q2,complete,legacy,term,digitalni euro,0,1634,0.0,zero,distinct_body_within_quarter,explicit_HNB_title_and_body_segments
HNB_MEDIA_LEXICAL_1.1,HNB_MEDIA_LEXICAL_1.0,2022-Q2,complete,legacy,phrase,kamatna stopa,190,1634,0.11627906976744186,reported,distinct_body_within_quarter,explicit_HNB_title_and_body_segments
HNB_MEDIA_LEXICAL_1.1,HNB_MEDIA_LEXICAL_1.0,2022-Q2,complete,legacy,phrase,financijska stabilnost,30,1634,0.01835985312117503,reported,distinct_body_within_quarter,explicit_HNB_title_and_body_segments
HNB_MEDIA_LEXICAL_1.1,HNB_MEDIA_LEXICAL_1.0,2022-Q2,complete,legacy,phrase,uvođenje eura,214,1634,0.13096695226438188,reported,distinct_body_within_quarter,explicit_HNB_title_and_body_segments
HNB_MEDIA_LEXICAL_1.1,HNB_MEDIA_LEXICAL_1.0,2022-Q2,complete,legacy,phrase,stambeni kredit,81,1634,0.04957160342717258,reported,distinct_body_within_quarter,explicit_HNB_title_and_body_segments
HNB_MEDIA_LEXICAL_1.1,HNB_MEDIA_LEXICAL_1.0,2022-Q2,complete,legacy,phrase,gotovinski kredit,20,1634,,below_reporting_threshold,distinct_body_within_quarter,explicit_HNB_title_and_body_segments
HNB_MEDIA_LEXICAL_1.1,HNB_MEDIA_LEXICAL_1.0,2022-Q2,complete,legacy,phrase,kupovna moć,1,1634,,below_reporting_threshold,distinct_body_within_quarter,explicit_HNB_title_and_body_segments
HNB_MEDIA_LEXICAL_1.1,HNB_MEDIA_LEXICAL_1.0,2022-Q2,complete,legacy,phrase,sukob interesa,5,1634,,below_reporting_threshold,distinct_body_within_quarter,explicit_HNB_title_and_body_segments
HNB_MEDIA_LEXICAL_1.1,HNB_MEDIA_LEXICAL_1.0,2022-Q2,complete,legacy,phrase,zaštita potrošača,37,1634,0.022643818849449205,reported,distinct_body_within_quarter,explicit_HNB_title_and_body_segments
HNB_MEDIA_LEXICAL_1.1,HNB_MEDIA_LEXICAL_1.0,2022-Q2,complete,legacy,phrase,platni promet,6,1634,,below_reporting_threshold,distinct_body_within_quarter,explicit_HNB_title_and_body_segments
HNB_MEDIA_LEXICAL_1.1,HNB_MEDIA_LEXICAL_1.0,2022-Q2,complete,legacy,phrase,monetarna politika,90,1634,0.05507955936352509,reported,distinct_body_within_quarter,explicit_HNB_title_and_body_segments
HNB_MEDIA_LEXICAL_1.1,HNB_MEDIA_LEXICAL_1.0,2022-Q2,complete,legacy,phrase,digitalni euro,0,1634,0.0,zero,distinct_body_within_quarter,explicit_HNB_title_and_body_segments
HNB_MEDIA_LEXICAL_1.1,HNB_MEDIA_LEXICAL_1.0,2022-Q2,complete,legacy,phrase,kreditna sposobnost,0,1634,0.0,zero,distinct_body_within_quarter,explicit_HNB_title_and_body_segments
HNB_MEDIA_LEXICAL_1.1,HNB_MEDIA_LEXICAL_1.0,2022-Q3,complete,legacy,term,banka,482,1655,0.29123867069486403,reported,distinct_body_within_quarter,explicit_HNB_title_and_body_segments
HNB_MEDIA_LEXICAL_1.1,HNB_MEDIA_LEXICAL_1.0,2022-Q3,complete,legacy,term,kredit,150,1655,0.09063444108761329,reported,distinct_body_within_quarter,explicit_HNB_title_and_body_segments
HNB_MEDIA_LEXICAL_1.1,HNB_MEDIA_LEXICAL_1.0,2022-Q3,complete,legacy,term,euro,590,1655,0.3564954682779456,reported,distinct_body_within_quarter,explicit_HNB_title_and_body_segments
HNB_MEDIA_LEXICAL_1.1,HNB_MEDIA_LEXICAL_1.0,2022-Q3,complete,legacy,term,kuna,532,1655,0.3214501510574018,reported,distinct_body_within_quarter,explicit_HNB_title_and_body_segments
HNB_MEDIA_LEXICAL_1.1,HNB_MEDIA_LEXICAL_1.0,2022-Q3,complete,legacy,term,inflacija,179,1655,0.1081570996978852,reported,distinct_body_within_quarter,explicit_HNB_title_and_body_segments
HNB_MEDIA_LEXICAL_1.1,HNB_MEDIA_LEXICAL_1.0,2022-Q3,complete,legacy,term,cijena,247,1655,0.14924471299093656,reported,distinct_body_within_quarter,explicit_HNB_title_and_body_segments
HNB_MEDIA_LEXICAL_1.1,HNB_MEDIA_LEXICAL_1.0,2022-Q3,complete,legacy,term,kamata,168,1655,0.1015105740181269,reported,distinct_body_within_quarter,explicit_HNB_title_and_body_segments
HNB_MEDIA_LEXICAL_1.1,HNB_MEDIA_LEXICAL_1.0,2022-Q3,complete,legacy,term,rast,286,1655,0.172809667673716,reported,distinct_body_within_quarter,explicit_HNB_title_and_body_segments
HNB_MEDIA_LEXICAL_1.1,HNB_MEDIA_LEXICAL_1.0,2022-Q3,complete,legacy,term,guverner,369,1655,0.2229607250755287,reported,distinct_body_within_quarter,explicit_HNB_title_and_body_segments
HNB_MEDIA_LEXICAL_1.1,HNB_MEDIA_LEXICAL_1.0,2022-Q3,complete,legacy,term,ESB / ECB,59,1655,0.03564954682779456,reported,distinct_body_within_quarter,explicit_HNB_title_and_body_segments
HNB_MEDIA_LEXICAL_1.1,HNB_MEDIA_LEXICAL_1.0,2022-Q3,complete,legacy,term,gospodarstvo,91,1655,0.05498489425981873,reported,distinct_body_within_quarter,explicit_HNB_title_and_body_segments
HNB_MEDIA_LEXICAL_1.1,HNB_MEDIA_LEXICAL_1.0,2022-Q3,complete,legacy,term,potrošač,132,1655,0.0797583081570997,reported,distinct_body_within_quarter,explicit_HNB_title_and_body_segments
HNB_MEDIA_LEXICAL_1.1,HNB_MEDIA_LEXICAL_1.0,2022-Q3,complete,legacy,term,građanin,272,1655,0.16435045317220545,reported,distinct_body_within_quarter,explicit_HNB_title_and_body_segments
HNB_MEDIA_LEXICAL_1.1,HNB_MEDIA_LEXICAL_1.0,2022-Q3,complete,legacy,term,plaćanje,20,1655,,below_reporting_threshold,distinct_body_within_quarter,explicit_HNB_title_and_body_segments
HNB_MEDIA_LEXICAL_1.1,HNB_MEDIA_LEXICAL_1.0,2022-Q3,complete,legacy,term,gotovina,58,1655,0.035045317220543805,reported,distinct_body_within_quarter,explicit_HNB_title_and_body_segments
HNB_MEDIA_LEXICAL_1.1,HNB_MEDIA_LEXICAL_1.0,2022-Q3,complete,legacy,term,depozit,49,1655,0.029607250755287008,reported,distinct_body_within_quarter,explicit_HNB_title_and_body_segments
HNB_MEDIA_LEXICAL_1.1,HNB_MEDIA_LEXICAL_1.0,2022-Q3,complete,legacy,term,nekretnina,19,1655,,below_reporting_threshold,distinct_body_within_quarter,explicit_HNB_title_and_body_segments
HNB_MEDIA_LEXICAL_1.1,HNB_MEDIA_LEXICAL_1.0,2022-Q3,complete,legacy,term,stabilnost,15,1655,,below_reporting_threshold,distinct_body_within_quarter,explicit_HNB_title_and_body_segments
HNB_MEDIA_LEXICAL_1.1,HNB_MEDIA_LEXICAL_1.0,2022-Q3,complete,legacy,term,rizik,70,1655,0.04229607250755287,reported,distinct_body_within_quarter,explicit_HNB_title_and_body_segments
HNB_MEDIA_LEXICAL_1.1,HNB_MEDIA_LEXICAL_1.0,2022-Q3,complete,legacy,term,nadzor,37,1655,0.022356495468277945,reported,distinct_body_within_quarter,explicit_HNB_title_and_body_segments
HNB_MEDIA_LEXICAL_1.1,HNB_MEDIA_LEXICAL_1.0,2022-Q3,complete,legacy,term,prognoza,107,1655,0.06465256797583081,reported,distinct_body_within_quarter,explicit_HNB_title_and_body_segments
HNB_MEDIA_LEXICAL_1.1,HNB_MEDIA_LEXICAL_1.0,2022-Q3,complete,legacy,term,projekcija,23,1655,,below_reporting_threshold,distinct_body_within_quarter,explicit_HNB_title_and_body_segments
HNB_MEDIA_LEXICAL_1.1,HNB_MEDIA_LEXICAL_1.0,2022-Q3,complete,legacy,term,statistika,41,1655,0.024773413897280966,reported,distinct_body_within_quarter,explicit_HNB_title_and_body_segments
HNB_MEDIA_LEXICAL_1.1,HNB_MEDIA_LEXICAL_1.0,2022-Q3,complete,legacy,term,tečaj,182,1655,0.10996978851963746,reported,distinct_body_within_quarter,explicit_HNB_title_and_body_segments
HNB_MEDIA_LEXICAL_1.1,HNB_MEDIA_LEXICAL_1.0,2022-Q3,complete,legacy,term,štednja,24,1655,,below_reporting_threshold,distinct_body_within_quarter,explicit_HNB_title_and_body_segments
HNB_MEDIA_LEXICAL_1.1,HNB_MEDIA_LEXICAL_1.0,2022-Q3,complete,legacy,term,dug,58,1655,0.035045317220543805,reported,distinct_body_within_quarter,explicit_HNB_title_and_body_segments
HNB_MEDIA_LEXICAL_1.1,HNB_MEDIA_LEXICAL_1.0,2022-Q3,complete,legacy,term,dohodak,4,1655,,below_reporting_threshold,distinct_body_within_quarter,explicit_HNB_title_and_body_segments
HNB_MEDIA_LEXICAL_1.1,HNB_MEDIA_LEXICAL_1.0,2022-Q3,complete,legacy,term,plaća,76,1655,0.045921450151057405,reported,distinct_body_within_quarter,explicit_HNB_title_and_body_segments
HNB_MEDIA_LEXICAL_1.1,HNB_MEDIA_LEXICAL_1.0,2022-Q3,complete,legacy,term,kućanstvo,12,1655,,below_reporting_threshold,distinct_body_within_quarter,explicit_HNB_title_and_body_segments
HNB_MEDIA_LEXICAL_1.1,HNB_MEDIA_LEXICAL_1.0,2022-Q3,complete,legacy,term,monetarna politika,49,1655,0.029607250755287008,reported,distinct_body_within_quarter,explicit_HNB_title_and_body_segments
HNB_MEDIA_LEXICAL_1.1,HNB_MEDIA_LEXICAL_1.0,2022-Q3,complete,legacy,term,europodručje,191,1655,0.11540785498489425,reported,distinct_body_within_quarter,explicit_HNB_title_and_body_segments
HNB_MEDIA_LEXICAL_1.1,HNB_MEDIA_LEXICAL_1.0,2022-Q3,complete,legacy,term,novčanica,135,1655,0.08157099697885196,reported,distinct_body_within_quarter,explicit_HNB_title_and_body_segments
HNB_MEDIA_LEXICAL_1.1,HNB_MEDIA_LEXICAL_1.0,2022-Q3,complete,legacy,term,kovanica,227,1655,0.13716012084592144,reported,distinct_body_within_quarter,explicit_HNB_title_and_body_segments
HNB_MEDIA_LEXICAL_1.1,HNB_MEDIA_LEXICAL_1.0,2022-Q3,complete,legacy,term,zaduživanje,9,1655,,below_reporting_threshold,distinct_body_within_quarter,explicit_HNB_title_and_body_segments
HNB_MEDIA_LEXICAL_1.1,HNB_MEDIA_LEXICAL_1.0,2022-Q3,complete,legacy,term,mjera,70,1655,0.04229607250755287,reported,distinct_body_within_quarter,explicit_HNB_title_and_body_segments
HNB_MEDIA_LEXICAL_1.1,HNB_MEDIA_LEXICAL_1.0,2022-Q3,complete,legacy,term,tržište,99,1655,0.05981873111782477,reported,distinct_body_within_quarter,explicit_HNB_title_and_body_segments
HNB_MEDIA_LEXICAL_1.1,HNB_MEDIA_LEXICAL_1.0,2022-Q3,complete,legacy,term,likvidnost,17,1655,,below_reporting_threshold,distinct_body_within_quarter,explicit_HNB_title_and_body_segments
HNB_MEDIA_LEXICAL_1.1,HNB_MEDIA_LEXICAL_1.0,2022-Q3,complete,legacy,term,kapital,28,1655,,below_reporting_threshold,distinct_body_within_quarter,explicit_HNB_title_and_body_segments
HNB_MEDIA_LEXICAL_1.1,HNB_MEDIA_LEXICAL_1.0,2022-Q3,complete,legacy,term,odgovornost,4,1655,,below_reporting_threshold,distinct_body_within_quarter,explicit_HNB_title_and_body_segments
HNB_MEDIA_LEXICAL_1.1,HNB_MEDIA_LEXICAL_1.0,2022-Q3,complete,legacy,term,mandat,1,1655,,below_reporting_threshold,distinct_body_within_quarter,explicit_HNB_title_and_body_segments
HNB_MEDIA_LEXICAL_1.1,HNB_MEDIA_LEXICAL_1.0,2022-Q3,complete,legacy,term,savjet,70,1655,0.04229607250755287,reported,distinct_body_within_quarter,explicit_HNB_title_and_body_segments
HNB_MEDIA_LEXICAL_1.1,HNB_MEDIA_LEXICAL_1.0,2022-Q3,complete,legacy,term,dionica,4,1655,,below_reporting_threshold,distinct_body_within_quarter,explicit_HNB_title_and_body_segments
HNB_MEDIA_LEXICAL_1.1,HNB_MEDIA_LEXICAL_1.0,2022-Q3,complete,legacy,term,obveznica,4,1655,,below_reporting_threshold,distinct_body_within_quarter,explicit_HNB_title_and_body_segments
HNB_MEDIA_LEXICAL_1.1,HNB_MEDIA_LEXICAL_1.0,2022-Q3,complete,legacy,term,Vlada,272,1655,0.16435045317220545,reported,distinct_body_within_quarter,explicit_HNB_title_and_body_segments
HNB_MEDIA_LEXICAL_1.1,HNB_MEDIA_LEXICAL_1.0,2022-Q3,complete,legacy,term,Sabor,21,1655,,below_reporting_threshold,distinct_body_within_quarter,explicit_HNB_title_and_body_segments
HNB_MEDIA_LEXICAL_1.1,HNB_MEDIA_LEXICAL_1.0,2022-Q3,complete,legacy,term,BDP,53,1655,0.03202416918429003,reported,distinct_body_within_quarter,explicit_HNB_title_and_body_segments
HNB_MEDIA_LEXICAL_1.1,HNB_MEDIA_LEXICAL_1.0,2022-Q3,complete,legacy,term,investicija,15,1655,,below_reporting_threshold,distinct_body_within_quarter,explicit_HNB_title_and_body_segments
HNB_MEDIA_LEXICAL_1.1,HNB_MEDIA_LEXICAL_1.0,2022-Q3,complete,legacy,term,izvoz,14,1655,,below_reporting_threshold,distinct_body_within_quarter,explicit_HNB_title_and_body_segments
HNB_MEDIA_LEXICAL_1.1,HNB_MEDIA_LEXICAL_1.0,2022-Q3,complete,legacy,term,uvoz,18,1655,,below_reporting_threshold,distinct_body_within_quarter,explicit_HNB_title_and_body_segments
HNB_MEDIA_LEXICAL_1.1,HNB_MEDIA_LEXICAL_1.0,2022-Q3,complete,legacy,term,naknada,62,1655,0.03746223564954683,reported,distinct_body_within_quarter,explicit_HNB_title_and_body_segments
HNB_MEDIA_LEXICAL_1.1,HNB_MEDIA_LEXICAL_1.0,2022-Q3,complete,legacy,term,sanacija,3,1655,,below_reporting_threshold,distinct_body_within_quarter,explicit_HNB_title_and_body_segments
HNB_MEDIA_LEXICAL_1.1,HNB_MEDIA_LEXICAL_1.0,2022-Q3,complete,legacy,term,digitalni euro,0,1655,0.0,zero,distinct_body_within_quarter,explicit_HNB_title_and_body_segments
HNB_MEDIA_LEXICAL_1.1,HNB_MEDIA_LEXICAL_1.0,2022-Q3,complete,legacy,phrase,kamatna stopa,138,1655,0.08338368580060423,reported,distinct_body_within_quarter,explicit_HNB_title_and_body_segments
HNB_MEDIA_LEXICAL_1.1,HNB_MEDIA_LEXICAL_1.0,2022-Q3,complete,legacy,phrase,financijska stabilnost,3,1655,,below_reporting_threshold,distinct_body_within_quarter,explicit_HNB_title_and_body_segments
HNB_MEDIA_LEXICAL_1.1,HNB_MEDIA_LEXICAL_1.0,2022-Q3,complete,legacy,phrase,uvođenje eura,213,1655,0.12870090634441086,reported,distinct_body_within_quarter,explicit_HNB_title_and_body_segments
HNB_MEDIA_LEXICAL_1.1,HNB_MEDIA_LEXICAL_1.0,2022-Q3,complete,legacy,phrase,stambeni kredit,42,1655,0.025377643504531724,reported,distinct_body_within_quarter,explicit_HNB_title_and_body_segments
HNB_MEDIA_LEXICAL_1.1,HNB_MEDIA_LEXICAL_1.0,2022-Q3,complete,legacy,phrase,gotovinski kredit,2,1655,,below_reporting_threshold,distinct_body_within_quarter,explicit_HNB_title_and_body_segments
HNB_MEDIA_LEXICAL_1.1,HNB_MEDIA_LEXICAL_1.0,2022-Q3,complete,legacy,phrase,kupovna moć,1,1655,,below_reporting_threshold,distinct_body_within_quarter,explicit_HNB_title_and_body_segments
HNB_MEDIA_LEXICAL_1.1,HNB_MEDIA_LEXICAL_1.0,2022-Q3,complete,legacy,phrase,sukob interesa,0,1655,0.0,zero,distinct_body_within_quarter,explicit_HNB_title_and_body_segments
HNB_MEDIA_LEXICAL_1.1,HNB_MEDIA_LEXICAL_1.0,2022-Q3,complete,legacy,phrase,zaštita potrošača,23,1655,,below_reporting_threshold,distinct_body_within_quarter,explicit_HNB_title_and_body_segments
HNB_MEDIA_LEXICAL_1.1,HNB_MEDIA_LEXICAL_1.0,2022-Q3,complete,legacy,phrase,platni promet,2,1655,,below_reporting_threshold,distinct_body_within_quarter,explicit_HNB_title_and_body_segments
HNB_MEDIA_LEXICAL_1.1,HNB_MEDIA_LEXICAL_1.0,2022-Q3,complete,legacy,phrase,monetarna politika,49,1655,0.029607250755287008,reported,distinct_body_within_quarter,explicit_HNB_title_and_body_segments
HNB_MEDIA_LEXICAL_1.1,HNB_MEDIA_LEXICAL_1.0,2022-Q3,complete,legacy,phrase,digitalni euro,0,1655,0.0,zero,distinct_body_within_quarter,explicit_HNB_title_and_body_segments
HNB_MEDIA_LEXICAL_1.1,HNB_MEDIA_LEXICAL_1.0,2022-Q3,complete,legacy,phrase,kreditna sposobnost,2,1655,,below_reporting_threshold,distinct_body_within_quarter,explicit_HNB_title_and_body_segments
HNB_MEDIA_LEXICAL_1.1,HNB_MEDIA_LEXICAL_1.0,2022-Q4,complete,legacy,term,banka,836,2185,0.3826086956521739,reported,distinct_body_within_quarter,explicit_HNB_title_and_body_segments
HNB_MEDIA_LEXICAL_1.1,HNB_MEDIA_LEXICAL_1.0,2022-Q4,complete,legacy,term,kredit,237,2185,0.10846681922196796,reported,distinct_body_within_quarter,explicit_HNB_title_and_body_segments
HNB_MEDIA_LEXICAL_1.1,HNB_MEDIA_LEXICAL_1.0,2022-Q4,complete,legacy,term,euro,1099,2185,0.5029748283752861,reported,distinct_body_within_quarter,explicit_HNB_title_and_body_segments
HNB_MEDIA_LEXICAL_1.1,HNB_MEDIA_LEXICAL_1.0,2022-Q4,complete,legacy,term,kuna,900,2185,0.41189931350114417,reported,distinct_body_within_quarter,explicit_HNB_title_and_body_segments
HNB_MEDIA_LEXICAL_1.1,HNB_MEDIA_LEXICAL_1.0,2022-Q4,complete,legacy,term,inflacija,237,2185,0.10846681922196796,reported,distinct_body_within_quarter,explicit_HNB_title_and_body_segments
HNB_MEDIA_LEXICAL_1.1,HNB_MEDIA_LEXICAL_1.0,2022-Q4,complete,legacy,term,cijena,210,2185,0.09610983981693363,reported,distinct_body_within_quarter,explicit_HNB_title_and_body_segments
HNB_MEDIA_LEXICAL_1.1,HNB_MEDIA_LEXICAL_1.0,2022-Q4,complete,legacy,term,kamata,217,2185,0.09931350114416476,reported,distinct_body_within_quarter,explicit_HNB_title_and_body_segments
HNB_MEDIA_LEXICAL_1.1,HNB_MEDIA_LEXICAL_1.0,2022-Q4,complete,legacy,term,rast,382,2185,0.1748283752860412,reported,distinct_body_within_quarter,explicit_HNB_title_and_body_segments
HNB_MEDIA_LEXICAL_1.1,HNB_MEDIA_LEXICAL_1.0,2022-Q4,complete,legacy,term,guverner,544,2185,0.24897025171624715,reported,distinct_body_within_quarter,explicit_HNB_title_and_body_segments
HNB_MEDIA_LEXICAL_1.1,HNB_MEDIA_LEXICAL_1.0,2022-Q4,complete,legacy,term,ESB / ECB,94,2185,0.043020594965675056,reported,distinct_body_within_quarter,explicit_HNB_title_and_body_segments
HNB_MEDIA_LEXICAL_1.1,HNB_MEDIA_LEXICAL_1.0,2022-Q4,complete,legacy,term,gospodarstvo,158,2185,0.07231121281464531,reported,distinct_body_within_quarter,explicit_HNB_title_and_body_segments
HNB_MEDIA_LEXICAL_1.1,HNB_MEDIA_LEXICAL_1.0,2022-Q4,complete,legacy,term,potrošač,143,2185,0.0654462242562929,reported,distinct_body_within_quarter,explicit_HNB_title_and_body_segments
HNB_MEDIA_LEXICAL_1.1,HNB_MEDIA_LEXICAL_1.0,2022-Q4,complete,legacy,term,građanin,531,2185,0.24302059496567505,reported,distinct_body_within_quarter,explicit_HNB_title_and_body_segments
HNB_MEDIA_LEXICAL_1.1,HNB_MEDIA_LEXICAL_1.0,2022-Q4,complete,legacy,term,plaćanje,82,2185,0.037528604118993135,reported,distinct_body_within_quarter,explicit_HNB_title_and_body_segments
HNB_MEDIA_LEXICAL_1.1,HNB_MEDIA_LEXICAL_1.0,2022-Q4,complete,legacy,term,gotovina,256,2185,0.11716247139588101,reported,distinct_body_within_quarter,explicit_HNB_title_and_body_segments
HNB_MEDIA_LEXICAL_1.1,HNB_MEDIA_LEXICAL_1.0,2022-Q4,complete,legacy,term,depozit,97,2185,0.044393592677345536,reported,distinct_body_within_quarter,explicit_HNB_title_and_body_segments
HNB_MEDIA_LEXICAL_1.1,HNB_MEDIA_LEXICAL_1.0,2022-Q4,complete,legacy,term,nekretnina,50,2185,0.02288329519450801,reported,distinct_body_within_quarter,explicit_HNB_title_and_body_segments
HNB_MEDIA_LEXICAL_1.1,HNB_MEDIA_LEXICAL_1.0,2022-Q4,complete,legacy,term,stabilnost,62,2185,0.028375286041189933,reported,distinct_body_within_quarter,explicit_HNB_title_and_body_segments
HNB_MEDIA_LEXICAL_1.1,HNB_MEDIA_LEXICAL_1.0,2022-Q4,complete,legacy,term,rizik,88,2185,0.040274599542334096,reported,distinct_body_within_quarter,explicit_HNB_title_and_body_segments
HNB_MEDIA_LEXICAL_1.1,HNB_MEDIA_LEXICAL_1.0,2022-Q4,complete,legacy,term,nadzor,79,2185,0.036155606407322655,reported,distinct_body_within_quarter,explicit_HNB_title_and_body_segments
HNB_MEDIA_LEXICAL_1.1,HNB_MEDIA_LEXICAL_1.0,2022-Q4,complete,legacy,term,prognoza,86,2185,0.039359267734553775,reported,distinct_body_within_quarter,explicit_HNB_title_and_body_segments
HNB_MEDIA_LEXICAL_1.1,HNB_MEDIA_LEXICAL_1.0,2022-Q4,complete,legacy,term,projekcija,70,2185,0.032036613272311214,reported,distinct_body_within_quarter,explicit_HNB_title_and_body_segments
HNB_MEDIA_LEXICAL_1.1,HNB_MEDIA_LEXICAL_1.0,2022-Q4,complete,legacy,term,statistika,64,2185,0.029290617848970253,reported,distinct_body_within_quarter,explicit_HNB_title_and_body_segments
HNB_MEDIA_LEXICAL_1.1,HNB_MEDIA_LEXICAL_1.0,2022-Q4,complete,legacy,term,tečaj,147,2185,0.06727688787185354,reported,distinct_body_within_quarter,explicit_HNB_title_and_body_segments
HNB_MEDIA_LEXICAL_1.1,HNB_MEDIA_LEXICAL_1.0,2022-Q4,complete,legacy,term,štednja,37,2185,0.016933638443935927,reported,distinct_body_within_quarter,explicit_HNB_title_and_body_segments
HNB_MEDIA_LEXICAL_1.1,HNB_MEDIA_LEXICAL_1.0,2022-Q4,complete,legacy,term,dug,48,2185,0.021967963386727688,reported,distinct_body_within_quarter,explicit_HNB_title_and_body_segments
HNB_MEDIA_LEXICAL_1.1,HNB_MEDIA_LEXICAL_1.0,2022-Q4,complete,legacy,term,dohodak,18,2185,,below_reporting_threshold,distinct_body_within_quarter,explicit_HNB_title_and_body_segments
HNB_MEDIA_LEXICAL_1.1,HNB_MEDIA_LEXICAL_1.0,2022-Q4,complete,legacy,term,plaća,49,2185,0.022425629290617848,reported,distinct_body_within_quarter,explicit_HNB_title_and_body_segments
HNB_MEDIA_LEXICAL_1.1,HNB_MEDIA_LEXICAL_1.0,2022-Q4,complete,legacy,term,kućanstvo,12,2185,,below_reporting_threshold,distinct_body_within_quarter,explicit_HNB_title_and_body_segments
HNB_MEDIA_LEXICAL_1.1,HNB_MEDIA_LEXICAL_1.0,2022-Q4,complete,legacy,term,monetarna politika,85,2185,0.038901601830663615,reported,distinct_body_within_quarter,explicit_HNB_title_and_body_segments
HNB_MEDIA_LEXICAL_1.1,HNB_MEDIA_LEXICAL_1.0,2022-Q4,complete,legacy,term,europodručje,220,2185,0.10068649885583524,reported,distinct_body_within_quarter,explicit_HNB_title_and_body_segments
HNB_MEDIA_LEXICAL_1.1,HNB_MEDIA_LEXICAL_1.0,2022-Q4,complete,legacy,term,novčanica,385,2185,0.17620137299771166,reported,distinct_body_within_quarter,explicit_HNB_title_and_body_segments
HNB_MEDIA_LEXICAL_1.1,HNB_MEDIA_LEXICAL_1.0,2022-Q4,complete,legacy,term,kovanica,315,2185,0.14416475972540047,reported,distinct_body_within_quarter,explicit_HNB_title_and_body_segments
HNB_MEDIA_LEXICAL_1.1,HNB_MEDIA_LEXICAL_1.0,2022-Q4,complete,legacy,term,zaduživanje,14,2185,,below_reporting_threshold,distinct_body_within_quarter,explicit_HNB_title_and_body_segments
HNB_MEDIA_LEXICAL_1.1,HNB_MEDIA_LEXICAL_1.0,2022-Q4,complete,legacy,term,mjera,93,2185,0.042562929061784896,reported,distinct_body_within_quarter,explicit_HNB_title_and_body_segments
HNB_MEDIA_LEXICAL_1.1,HNB_MEDIA_LEXICAL_1.0,2022-Q4,complete,legacy,term,tržište,120,2185,0.05491990846681922,reported,distinct_body_within_quarter,explicit_HNB_title_and_body_segments
HNB_MEDIA_LEXICAL_1.1,HNB_MEDIA_LEXICAL_1.0,2022-Q4,complete,legacy,term,likvidnost,53,2185,0.02425629290617849,reported,distinct_body_within_quarter,explicit_HNB_title_and_body_segments
HNB_MEDIA_LEXICAL_1.1,HNB_MEDIA_LEXICAL_1.0,2022-Q4,complete,legacy,term,kapital,41,2185,0.018764302059496567,reported,distinct_body_within_quarter,explicit_HNB_title_and_body_segments
HNB_MEDIA_LEXICAL_1.1,HNB_MEDIA_LEXICAL_1.0,2022-Q4,complete,legacy,term,odgovornost,6,2185,,below_reporting_threshold,distinct_body_within_quarter,explicit_HNB_title_and_body_segments
HNB_MEDIA_LEXICAL_1.1,HNB_MEDIA_LEXICAL_1.0,2022-Q4,complete,legacy,term,mandat,15,2185,,below_reporting_threshold,distinct_body_within_quarter,explicit_HNB_title_and_body_segments
HNB_MEDIA_LEXICAL_1.1,HNB_MEDIA_LEXICAL_1.0,2022-Q4,complete,legacy,term,savjet,154,2185,0.07048054919908467,reported,distinct_body_within_quarter,explicit_HNB_title_and_body_segments
HNB_MEDIA_LEXICAL_1.1,HNB_MEDIA_LEXICAL_1.0,2022-Q4,complete,legacy,term,dionica,31,2185,0.014187643020594966,reported,distinct_body_within_quarter,explicit_HNB_title_and_body_segments
HNB_MEDIA_LEXICAL_1.1,HNB_MEDIA_LEXICAL_1.0,2022-Q4,complete,legacy,term,obveznica,8,2185,,below_reporting_threshold,distinct_body_within_quarter,explicit_HNB_title_and_body_segments
HNB_MEDIA_LEXICAL_1.1,HNB_MEDIA_LEXICAL_1.0,2022-Q4,complete,legacy,term,Vlada,357,2185,0.16338672768878718,reported,distinct_body_within_quarter,explicit_HNB_title_and_body_segments
HNB_MEDIA_LEXICAL_1.1,HNB_MEDIA_LEXICAL_1.0,2022-Q4,complete,legacy,term,Sabor,57,2185,0.02608695652173913,reported,distinct_body_within_quarter,explicit_HNB_title_and_body_segments
HNB_MEDIA_LEXICAL_1.1,HNB_MEDIA_LEXICAL_1.0,2022-Q4,complete,legacy,term,BDP,99,2185,0.04530892448512586,reported,distinct_body_within_quarter,explicit_HNB_title_and_body_segments
HNB_MEDIA_LEXICAL_1.1,HNB_MEDIA_LEXICAL_1.0,2022-Q4,complete,legacy,term,investicija,16,2185,,below_reporting_threshold,distinct_body_within_quarter,explicit_HNB_title_and_body_segments
HNB_MEDIA_LEXICAL_1.1,HNB_MEDIA_LEXICAL_1.0,2022-Q4,complete,legacy,term,izvoz,17,2185,,below_reporting_threshold,distinct_body_within_quarter,explicit_HNB_title_and_body_segments
HNB_MEDIA_LEXICAL_1.1,HNB_MEDIA_LEXICAL_1.0,2022-Q4,complete,legacy,term,uvoz,13,2185,,below_reporting_threshold,distinct_body_within_quarter,explicit_HNB_title_and_body_segments
HNB_MEDIA_LEXICAL_1.1,HNB_MEDIA_LEXICAL_1.0,2022-Q4,complete,legacy,term,naknada,165,2185,0.07551487414187644,reported,distinct_body_within_quarter,explicit_HNB_title_and_body_segments
HNB_MEDIA_LEXICAL_1.1,HNB_MEDIA_LEXICAL_1.0,2022-Q4,complete,legacy,term,sanacija,13,2185,,below_reporting_threshold,distinct_body_within_quarter,explicit_HNB_title_and_body_segments
HNB_MEDIA_LEXICAL_1.1,HNB_MEDIA_LEXICAL_1.0,2022-Q4,complete,legacy,term,digitalni euro,0,2185,0.0,zero,distinct_body_within_quarter,explicit_HNB_title_and_body_segments
HNB_MEDIA_LEXICAL_1.1,HNB_MEDIA_LEXICAL_1.0,2022-Q4,complete,legacy,phrase,kamatna stopa,187,2185,0.08558352402745996,reported,distinct_body_within_quarter,explicit_HNB_title_and_body_segments
HNB_MEDIA_LEXICAL_1.1,HNB_MEDIA_LEXICAL_1.0,2022-Q4,complete,legacy,phrase,financijska stabilnost,22,2185,,below_reporting_threshold,distinct_body_within_quarter,explicit_HNB_title_and_body_segments
HNB_MEDIA_LEXICAL_1.1,HNB_MEDIA_LEXICAL_1.0,2022-Q4,complete,legacy,phrase,uvođenje eura,465,2185,0.2128146453089245,reported,distinct_body_within_quarter,explicit_HNB_title_and_body_segments
HNB_MEDIA_LEXICAL_1.1,HNB_MEDIA_LEXICAL_1.0,2022-Q4,complete,legacy,phrase,stambeni kredit,64,2185,0.029290617848970253,reported,distinct_body_within_quarter,explicit_HNB_title_and_body_segments
HNB_MEDIA_LEXICAL_1.1,HNB_MEDIA_LEXICAL_1.0,2022-Q4,complete,legacy,phrase,gotovinski kredit,1,2185,,below_reporting_threshold,distinct_body_within_quarter,explicit_HNB_title_and_body_segments
HNB_MEDIA_LEXICAL_1.1,HNB_MEDIA_LEXICAL_1.0,2022-Q4,complete,legacy,phrase,kupovna moć,3,2185,,below_reporting_threshold,distinct_body_within_quarter,explicit_HNB_title_and_body_segments
HNB_MEDIA_LEXICAL_1.1,HNB_MEDIA_LEXICAL_1.0,2022-Q4,complete,legacy,phrase,sukob interesa,1,2185,,below_reporting_threshold,distinct_body_within_quarter,explicit_HNB_title_and_body_segments
HNB_MEDIA_LEXICAL_1.1,HNB_MEDIA_LEXICAL_1.0,2022-Q4,complete,legacy,phrase,zaštita potrošača,20,2185,,below_reporting_threshold,distinct_body_within_quarter,explicit_HNB_title_and_body_segments
HNB_MEDIA_LEXICAL_1.1,HNB_MEDIA_LEXICAL_1.0,2022-Q4,complete,legacy,phrase,platni promet,36,2185,0.016475972540045767,reported,distinct_body_within_quarter,explicit_HNB_title_and_body_segments
HNB_MEDIA_LEXICAL_1.1,HNB_MEDIA_LEXICAL_1.0,2022-Q4,complete,legacy,phrase,monetarna politika,85,2185,0.038901601830663615,reported,distinct_body_within_quarter,explicit_HNB_title_and_body_segments
HNB_MEDIA_LEXICAL_1.1,HNB_MEDIA_LEXICAL_1.0,2022-Q4,complete,legacy,phrase,digitalni euro,0,2185,0.0,zero,distinct_body_within_quarter,explicit_HNB_title_and_body_segments
HNB_MEDIA_LEXICAL_1.1,HNB_MEDIA_LEXICAL_1.0,2022-Q4,complete,legacy,phrase,kreditna sposobnost,0,2185,0.0,zero,distinct_body_within_quarter,explicit_HNB_title_and_body_segments
HNB_MEDIA_LEXICAL_1.1,HNB_MEDIA_LEXICAL_1.0,2023-Q1,complete,legacy,term,banka,792,2068,0.3829787234042553,reported,distinct_body_within_quarter,explicit_HNB_title_and_body_segments
HNB_MEDIA_LEXICAL_1.1,HNB_MEDIA_LEXICAL_1.0,2023-Q1,complete,legacy,term,kredit,278,2068,0.1344294003868472,reported,distinct_body_within_quarter,explicit_HNB_title_and_body_segments
HNB_MEDIA_LEXICAL_1.1,HNB_MEDIA_LEXICAL_1.0,2023-Q1,complete,legacy,term,euro,1030,2068,0.49806576402321084,reported,distinct_body_within_quarter,explicit_HNB_title_and_body_segments
HNB_MEDIA_LEXICAL_1.1,HNB_MEDIA_LEXICAL_1.0,2023-Q1,complete,legacy,term,kuna,482,2068,0.2330754352030948,reported,distinct_body_within_quarter,explicit_HNB_title_and_body_segments
HNB_MEDIA_LEXICAL_1.1,HNB_MEDIA_LEXICAL_1.0,2023-Q1,complete,legacy,term,inflacija,235,2068,0.11363636363636363,reported,distinct_body_within_quarter,explicit_HNB_title_and_body_segments
HNB_MEDIA_LEXICAL_1.1,HNB_MEDIA_LEXICAL_1.0,2023-Q1,complete,legacy,term,cijena,264,2068,0.1276595744680851,reported,distinct_body_within_quarter,explicit_HNB_title_and_body_segments
HNB_MEDIA_LEXICAL_1.1,HNB_MEDIA_LEXICAL_1.0,2023-Q1,complete,legacy,term,kamata,175,2068,0.08462282398452611,reported,distinct_body_within_quarter,explicit_HNB_title_and_body_segments
HNB_MEDIA_LEXICAL_1.1,HNB_MEDIA_LEXICAL_1.0,2023-Q1,complete,legacy,term,rast,303,2068,0.1465183752417795,reported,distinct_body_within_quarter,explicit_HNB_title_and_body_segments
HNB_MEDIA_LEXICAL_1.1,HNB_MEDIA_LEXICAL_1.0,2023-Q1,complete,legacy,term,guverner,425,2068,0.20551257253384914,reported,distinct_body_within_quarter,explicit_HNB_title_and_body_segments
HNB_MEDIA_LEXICAL_1.1,HNB_MEDIA_LEXICAL_1.0,2023-Q1,complete,legacy,term,ESB / ECB,166,2068,0.08027079303675048,reported,distinct_body_within_quarter,explicit_HNB_title_and_body_segments
HNB_MEDIA_LEXICAL_1.1,HNB_MEDIA_LEXICAL_1.0,2023-Q1,complete,legacy,term,gospodarstvo,97,2068,0.04690522243713733,reported,distinct_body_within_quarter,explicit_HNB_title_and_body_segments
HNB_MEDIA_LEXICAL_1.1,HNB_MEDIA_LEXICAL_1.0,2023-Q1,complete,legacy,term,potrošač,155,2068,0.07495164410058026,reported,distinct_body_within_quarter,explicit_HNB_title_and_body_segments
HNB_MEDIA_LEXICAL_1.1,HNB_MEDIA_LEXICAL_1.0,2023-Q1,complete,legacy,term,građanin,440,2068,0.2127659574468085,reported,distinct_body_within_quarter,explicit_HNB_title_and_body_segments
HNB_MEDIA_LEXICAL_1.1,HNB_MEDIA_LEXICAL_1.0,2023-Q1,complete,legacy,term,plaćanje,102,2068,0.04932301740812379,reported,distinct_body_within_quarter,explicit_HNB_title_and_body_segments
HNB_MEDIA_LEXICAL_1.1,HNB_MEDIA_LEXICAL_1.0,2023-Q1,complete,legacy,term,gotovina,123,2068,0.059477756286266927,reported,distinct_body_within_quarter,explicit_HNB_title_and_body_segments
HNB_MEDIA_LEXICAL_1.1,HNB_MEDIA_LEXICAL_1.0,2023-Q1,complete,legacy,term,depozit,49,2068,0.023694390715667313,reported,distinct_body_within_quarter,explicit_HNB_title_and_body_segments
HNB_MEDIA_LEXICAL_1.1,HNB_MEDIA_LEXICAL_1.0,2023-Q1,complete,legacy,term,nekretnina,33,2068,0.015957446808510637,reported,distinct_body_within_quarter,explicit_HNB_title_and_body_segments
HNB_MEDIA_LEXICAL_1.1,HNB_MEDIA_LEXICAL_1.0,2023-Q1,complete,legacy,term,stabilnost,46,2068,0.022243713733075435,reported,distinct_body_within_quarter,explicit_HNB_title_and_body_segments
HNB_MEDIA_LEXICAL_1.1,HNB_MEDIA_LEXICAL_1.0,2023-Q1,complete,legacy,term,rizik,65,2068,0.031431334622823985,reported,distinct_body_within_quarter,explicit_HNB_title_and_body_segments
HNB_MEDIA_LEXICAL_1.1,HNB_MEDIA_LEXICAL_1.0,2023-Q1,complete,legacy,term,nadzor,123,2068,0.059477756286266927,reported,distinct_body_within_quarter,explicit_HNB_title_and_body_segments
HNB_MEDIA_LEXICAL_1.1,HNB_MEDIA_LEXICAL_1.0,2023-Q1,complete,legacy,term,prognoza,15,2068,,below_reporting_threshold,distinct_body_within_quarter,explicit_HNB_title_and_body_segments
HNB_MEDIA_LEXICAL_1.1,HNB_MEDIA_LEXICAL_1.0,2023-Q1,complete,legacy,term,projekcija,33,2068,0.015957446808510637,reported,distinct_body_within_quarter,explicit_HNB_title_and_body_segments
HNB_MEDIA_LEXICAL_1.1,HNB_MEDIA_LEXICAL_1.0,2023-Q1,complete,legacy,term,statistika,53,2068,0.02562862669245648,reported,distinct_body_within_quarter,explicit_HNB_title_and_body_segments
HNB_MEDIA_LEXICAL_1.1,HNB_MEDIA_LEXICAL_1.0,2023-Q1,complete,legacy,term,tečaj,153,2068,0.07398452611218569,reported,distinct_body_within_quarter,explicit_HNB_title_and_body_segments
HNB_MEDIA_LEXICAL_1.1,HNB_MEDIA_LEXICAL_1.0,2023-Q1,complete,legacy,term,štednja,13,2068,,below_reporting_threshold,distinct_body_within_quarter,explicit_HNB_title_and_body_segments
HNB_MEDIA_LEXICAL_1.1,HNB_MEDIA_LEXICAL_1.0,2023-Q1,complete,legacy,term,dug,86,2068,0.041586073500967116,reported,distinct_body_within_quarter,explicit_HNB_title_and_body_segments
HNB_MEDIA_LEXICAL_1.1,HNB_MEDIA_LEXICAL_1.0,2023-Q1,complete,legacy,term,dohodak,7,2068,,below_reporting_threshold,distinct_body_within_quarter,explicit_HNB_title_and_body_segments
HNB_MEDIA_LEXICAL_1.1,HNB_MEDIA_LEXICAL_1.0,2023-Q1,complete,legacy,term,plaća,73,2068,0.03529980657640232,reported,distinct_body_within_quarter,explicit_HNB_title_and_body_segments
HNB_MEDIA_LEXICAL_1.1,HNB_MEDIA_LEXICAL_1.0,2023-Q1,complete,legacy,term,kućanstvo,36,2068,0.017408123791102514,reported,distinct_body_within_quarter,explicit_HNB_title_and_body_segments
HNB_MEDIA_LEXICAL_1.1,HNB_MEDIA_LEXICAL_1.0,2023-Q1,complete,legacy,term,monetarna politika,67,2068,0.03239845261121857,reported,distinct_body_within_quarter,explicit_HNB_title_and_body_segments
HNB_MEDIA_LEXICAL_1.1,HNB_MEDIA_LEXICAL_1.0,2023-Q1,complete,legacy,term,europodručje,249,2068,0.12040618955512572,reported,distinct_body_within_quarter,explicit_HNB_title_and_body_segments
HNB_MEDIA_LEXICAL_1.1,HNB_MEDIA_LEXICAL_1.0,2023-Q1,complete,legacy,term,novčanica,533,2068,0.2577369439071567,reported,distinct_body_within_quarter,explicit_HNB_title_and_body_segments
HNB_MEDIA_LEXICAL_1.1,HNB_MEDIA_LEXICAL_1.0,2023-Q1,complete,legacy,term,kovanica,325,2068,0.15715667311411993,reported,distinct_body_within_quarter,explicit_HNB_title_and_body_segments
HNB_MEDIA_LEXICAL_1.1,HNB_MEDIA_LEXICAL_1.0,2023-Q1,complete,legacy,term,zaduživanje,22,2068,,below_reporting_threshold,distinct_body_within_quarter,explicit_HNB_title_and_body_segments
HNB_MEDIA_LEXICAL_1.1,HNB_MEDIA_LEXICAL_1.0,2023-Q1,complete,legacy,term,mjera,45,2068,0.021760154738878143,reported,distinct_body_within_quarter,explicit_HNB_title_and_body_segments
HNB_MEDIA_LEXICAL_1.1,HNB_MEDIA_LEXICAL_1.0,2023-Q1,complete,legacy,term,tržište,137,2068,0.06624758220502901,reported,distinct_body_within_quarter,explicit_HNB_title_and_body_segments
HNB_MEDIA_LEXICAL_1.1,HNB_MEDIA_LEXICAL_1.0,2023-Q1,complete,legacy,term,likvidnost,32,2068,0.015473887814313346,reported,distinct_body_within_quarter,explicit_HNB_title_and_body_segments
HNB_MEDIA_LEXICAL_1.1,HNB_MEDIA_LEXICAL_1.0,2023-Q1,complete,legacy,term,kapital,78,2068,0.037717601547388784,reported,distinct_body_within_quarter,explicit_HNB_title_and_body_segments
HNB_MEDIA_LEXICAL_1.1,HNB_MEDIA_LEXICAL_1.0,2023-Q1,complete,legacy,term,odgovornost,18,2068,,below_reporting_threshold,distinct_body_within_quarter,explicit_HNB_title_and_body_segments
HNB_MEDIA_LEXICAL_1.1,HNB_MEDIA_LEXICAL_1.0,2023-Q1,complete,legacy,term,mandat,6,2068,,below_reporting_threshold,distinct_body_within_quarter,explicit_HNB_title_and_body_segments
HNB_MEDIA_LEXICAL_1.1,HNB_MEDIA_LEXICAL_1.0,2023-Q1,complete,legacy,term,savjet,80,2068,0.03868471953578337,reported,distinct_body_within_quarter,explicit_HNB_title_and_body_segments
HNB_MEDIA_LEXICAL_1.1,HNB_MEDIA_LEXICAL_1.0,2023-Q1,complete,legacy,term,dionica,15,2068,,below_reporting_threshold,distinct_body_within_quarter,explicit_HNB_title_and_body_segments
HNB_MEDIA_LEXICAL_1.1,HNB_MEDIA_LEXICAL_1.0,2023-Q1,complete,legacy,term,obveznica,27,2068,,below_reporting_threshold,distinct_body_within_quarter,explicit_HNB_title_and_body_segments
HNB_MEDIA_LEXICAL_1.1,HNB_MEDIA_LEXICAL_1.0,2023-Q1,complete,legacy,term,Vlada,237,2068,0.11460348162475822,reported,distinct_body_within_quarter,explicit_HNB_title_and_body_segments
HNB_MEDIA_LEXICAL_1.1,HNB_MEDIA_LEXICAL_1.0,2023-Q1,complete,legacy,term,Sabor,74,2068,0.035783365570599614,reported,distinct_body_within_quarter,explicit_HNB_title_and_body_segments
HNB_MEDIA_LEXICAL_1.1,HNB_MEDIA_LEXICAL_1.0,2023-Q1,complete,legacy,term,BDP,54,2068,0.02611218568665377,reported,distinct_body_within_quarter,explicit_HNB_title_and_body_segments
HNB_MEDIA_LEXICAL_1.1,HNB_MEDIA_LEXICAL_1.0,2023-Q1,complete,legacy,term,investicija,37,2068,0.017891682785299807,reported,distinct_body_within_quarter,explicit_HNB_title_and_body_segments
HNB_MEDIA_LEXICAL_1.1,HNB_MEDIA_LEXICAL_1.0,2023-Q1,complete,legacy,term,izvoz,16,2068,,below_reporting_threshold,distinct_body_within_quarter,explicit_HNB_title_and_body_segments
HNB_MEDIA_LEXICAL_1.1,HNB_MEDIA_LEXICAL_1.0,2023-Q1,complete,legacy,term,uvoz,2,2068,,below_reporting_threshold,distinct_body_within_quarter,explicit_HNB_title_and_body_segments
HNB_MEDIA_LEXICAL_1.1,HNB_MEDIA_LEXICAL_1.0,2023-Q1,complete,legacy,term,naknada,191,2068,0.09235976789168278,reported,distinct_body_within_quarter,explicit_HNB_title_and_body_segments
HNB_MEDIA_LEXICAL_1.1,HNB_MEDIA_LEXICAL_1.0,2023-Q1,complete,legacy,term,sanacija,2,2068,,below_reporting_threshold,distinct_body_within_quarter,explicit_HNB_title_and_body_segments
HNB_MEDIA_LEXICAL_1.1,HNB_MEDIA_LEXICAL_1.0,2023-Q1,complete,legacy,term,digitalni euro,4,2068,,below_reporting_threshold,distinct_body_within_quarter,explicit_HNB_title_and_body_segments
HNB_MEDIA_LEXICAL_1.1,HNB_MEDIA_LEXICAL_1.0,2023-Q1,complete,legacy,phrase,kamatna stopa,152,2068,0.0735009671179884,reported,distinct_body_within_quarter,explicit_HNB_title_and_body_segments
HNB_MEDIA_LEXICAL_1.1,HNB_MEDIA_LEXICAL_1.0,2023-Q1,complete,legacy,phrase,financijska stabilnost,24,2068,,below_reporting_threshold,distinct_body_within_quarter,explicit_HNB_title_and_body_segments
HNB_MEDIA_LEXICAL_1.1,HNB_MEDIA_LEXICAL_1.0,2023-Q1,complete,legacy,phrase,uvođenje eura,398,2068,0.19245647969052224,reported,distinct_body_within_quarter,explicit_HNB_title_and_body_segments
HNB_MEDIA_LEXICAL_1.1,HNB_MEDIA_LEXICAL_1.0,2023-Q1,complete,legacy,phrase,stambeni kredit,84,2068,0.04061895551257253,reported,distinct_body_within_quarter,explicit_HNB_title_and_body_segments
HNB_MEDIA_LEXICAL_1.1,HNB_MEDIA_LEXICAL_1.0,2023-Q1,complete,legacy,phrase,gotovinski kredit,4,2068,,below_reporting_threshold,distinct_body_within_quarter,explicit_HNB_title_and_body_segments
HNB_MEDIA_LEXICAL_1.1,HNB_MEDIA_LEXICAL_1.0,2023-Q1,complete,legacy,phrase,kupovna moć,2,2068,,below_reporting_threshold,distinct_body_within_quarter,explicit_HNB_title_and_body_segments
HNB_MEDIA_LEXICAL_1.1,HNB_MEDIA_LEXICAL_1.0,2023-Q1,complete,legacy,phrase,sukob interesa,1,2068,,below_reporting_threshold,distinct_body_within_quarter,explicit_HNB_title_and_body_segments
HNB_MEDIA_LEXICAL_1.1,HNB_MEDIA_LEXICAL_1.0,2023-Q1,complete,legacy,phrase,zaštita potrošača,45,2068,0.021760154738878143,reported,distinct_body_within_quarter,explicit_HNB_title_and_body_segments
HNB_MEDIA_LEXICAL_1.1,HNB_MEDIA_LEXICAL_1.0,2023-Q1,complete,legacy,phrase,platni promet,9,2068,,below_reporting_threshold,distinct_body_within_quarter,explicit_HNB_title_and_body_segments
HNB_MEDIA_LEXICAL_1.1,HNB_MEDIA_LEXICAL_1.0,2023-Q1,complete,legacy,phrase,monetarna politika,67,2068,0.03239845261121857,reported,distinct_body_within_quarter,explicit_HNB_title_and_body_segments
HNB_MEDIA_LEXICAL_1.1,HNB_MEDIA_LEXICAL_1.0,2023-Q1,complete,legacy,phrase,digitalni euro,4,2068,,below_reporting_threshold,distinct_body_within_quarter,explicit_HNB_title_and_body_segments
HNB_MEDIA_LEXICAL_1.1,HNB_MEDIA_LEXICAL_1.0,2023-Q1,complete,legacy,phrase,kreditna sposobnost,1,2068,,below_reporting_threshold,distinct_body_within_quarter,explicit_HNB_title_and_body_segments
HNB_MEDIA_LEXICAL_1.1,HNB_MEDIA_LEXICAL_1.0,2023-Q2,complete,legacy,term,banka,374,1225,0.3053061224489796,reported,distinct_body_within_quarter,explicit_HNB_title_and_body_segments
HNB_MEDIA_LEXICAL_1.1,HNB_MEDIA_LEXICAL_1.0,2023-Q2,complete,legacy,term,kredit,141,1225,0.11510204081632654,reported,distinct_body_within_quarter,explicit_HNB_title_and_body_segments
HNB_MEDIA_LEXICAL_1.1,HNB_MEDIA_LEXICAL_1.0,2023-Q2,complete,legacy,term,euro,281,1225,0.22938775510204082,reported,distinct_body_within_quarter,explicit_HNB_title_and_body_segments
HNB_MEDIA_LEXICAL_1.1,HNB_MEDIA_LEXICAL_1.0,2023-Q2,complete,legacy,term,kuna,114,1225,0.09306122448979592,reported,distinct_body_within_quarter,explicit_HNB_title_and_body_segments
HNB_MEDIA_LEXICAL_1.1,HNB_MEDIA_LEXICAL_1.0,2023-Q2,complete,legacy,term,inflacija,284,1225,0.23183673469387756,reported,distinct_body_within_quarter,explicit_HNB_title_and_body_segments
HNB_MEDIA_LEXICAL_1.1,HNB_MEDIA_LEXICAL_1.0,2023-Q2,complete,legacy,term,cijena,226,1225,0.18448979591836734,reported,distinct_body_within_quarter,explicit_HNB_title_and_body_segments
HNB_MEDIA_LEXICAL_1.1,HNB_MEDIA_LEXICAL_1.0,2023-Q2,complete,legacy,term,kamata,167,1225,0.1363265306122449,reported,distinct_body_within_quarter,explicit_HNB_title_and_body_segments
HNB_MEDIA_LEXICAL_1.1,HNB_MEDIA_LEXICAL_1.0,2023-Q2,complete,legacy,term,rast,322,1225,0.26285714285714284,reported,distinct_body_within_quarter,explicit_HNB_title_and_body_segments
HNB_MEDIA_LEXICAL_1.1,HNB_MEDIA_LEXICAL_1.0,2023-Q2,complete,legacy,term,guverner,434,1225,0.35428571428571426,reported,distinct_body_within_quarter,explicit_HNB_title_and_body_segments
HNB_MEDIA_LEXICAL_1.1,HNB_MEDIA_LEXICAL_1.0,2023-Q2,complete,legacy,term,ESB / ECB,48,1225,0.03918367346938775,reported,distinct_body_within_quarter,explicit_HNB_title_and_body_segments
HNB_MEDIA_LEXICAL_1.1,HNB_MEDIA_LEXICAL_1.0,2023-Q2,complete,legacy,term,gospodarstvo,117,1225,0.09551020408163265,reported,distinct_body_within_quarter,explicit_HNB_title_and_body_segments
HNB_MEDIA_LEXICAL_1.1,HNB_MEDIA_LEXICAL_1.0,2023-Q2,complete,legacy,term,potrošač,96,1225,0.0783673469387755,reported,distinct_body_within_quarter,explicit_HNB_title_and_body_segments
HNB_MEDIA_LEXICAL_1.1,HNB_MEDIA_LEXICAL_1.0,2023-Q2,complete,legacy,term,građanin,174,1225,0.14204081632653062,reported,distinct_body_within_quarter,explicit_HNB_title_and_body_segments
HNB_MEDIA_LEXICAL_1.1,HNB_MEDIA_LEXICAL_1.0,2023-Q2,complete,legacy,term,plaćanje,37,1225,0.030204081632653063,reported,distinct_body_within_quarter,explicit_HNB_title_and_body_segments
HNB_MEDIA_LEXICAL_1.1,HNB_MEDIA_LEXICAL_1.0,2023-Q2,complete,legacy,term,gotovina,33,1225,0.026938775510204082,reported,distinct_body_within_quarter,explicit_HNB_title_and_body_segments
HNB_MEDIA_LEXICAL_1.1,HNB_MEDIA_LEXICAL_1.0,2023-Q2,complete,legacy,term,depozit,43,1225,0.03510204081632653,reported,distinct_body_within_quarter,explicit_HNB_title_and_body_segments
HNB_MEDIA_LEXICAL_1.1,HNB_MEDIA_LEXICAL_1.0,2023-Q2,complete,legacy,term,nekretnina,58,1225,0.0473469387755102,reported,distinct_body_within_quarter,explicit_HNB_title_and_body_segments
HNB_MEDIA_LEXICAL_1.1,HNB_MEDIA_LEXICAL_1.0,2023-Q2,complete,legacy,term,stabilnost,119,1225,0.09714285714285714,reported,distinct_body_within_quarter,explicit_HNB_title_and_body_segments
HNB_MEDIA_LEXICAL_1.1,HNB_MEDIA_LEXICAL_1.0,2023-Q2,complete,legacy,term,rizik,101,1225,0.08244897959183674,reported,distinct_body_within_quarter,explicit_HNB_title_and_body_segments
HNB_MEDIA_LEXICAL_1.1,HNB_MEDIA_LEXICAL_1.0,2023-Q2,complete,legacy,term,nadzor,51,1225,0.04163265306122449,reported,distinct_body_within_quarter,explicit_HNB_title_and_body_segments
HNB_MEDIA_LEXICAL_1.1,HNB_MEDIA_LEXICAL_1.0,2023-Q2,complete,legacy,term,prognoza,69,1225,0.0563265306122449,reported,distinct_body_within_quarter,explicit_HNB_title_and_body_segments
HNB_MEDIA_LEXICAL_1.1,HNB_MEDIA_LEXICAL_1.0,2023-Q2,complete,legacy,term,projekcija,67,1225,0.054693877551020405,reported,distinct_body_within_quarter,explicit_HNB_title_and_body_segments
HNB_MEDIA_LEXICAL_1.1,HNB_MEDIA_LEXICAL_1.0,2023-Q2,complete,legacy,term,statistika,29,1225,,below_reporting_threshold,distinct_body_within_quarter,explicit_HNB_title_and_body_segments
HNB_MEDIA_LEXICAL_1.1,HNB_MEDIA_LEXICAL_1.0,2023-Q2,complete,legacy,term,tečaj,30,1225,0.024489795918367346,reported,distinct_body_within_quarter,explicit_HNB_title_and_body_segments
HNB_MEDIA_LEXICAL_1.1,HNB_MEDIA_LEXICAL_1.0,2023-Q2,complete,legacy,term,štednja,34,1225,0.027755102040816326,reported,distinct_body_within_quarter,explicit_HNB_title_and_body_segments
HNB_MEDIA_LEXICAL_1.1,HNB_MEDIA_LEXICAL_1.0,2023-Q2,complete,legacy,term,dug,120,1225,0.09795918367346938,reported,distinct_body_within_quarter,explicit_HNB_title_and_body_segments
HNB_MEDIA_LEXICAL_1.1,HNB_MEDIA_LEXICAL_1.0,2023-Q2,complete,legacy,term,dohodak,9,1225,,below_reporting_threshold,distinct_body_within_quarter,explicit_HNB_title_and_body_segments
HNB_MEDIA_LEXICAL_1.1,HNB_MEDIA_LEXICAL_1.0,2023-Q2,complete,legacy,term,plaća,81,1225,0.06612244897959184,reported,distinct_body_within_quarter,explicit_HNB_title_and_body_segments
HNB_MEDIA_LEXICAL_1.1,HNB_MEDIA_LEXICAL_1.0,2023-Q2,complete,legacy,term,kućanstvo,16,1225,,below_reporting_threshold,distinct_body_within_quarter,explicit_HNB_title_and_body_segments
HNB_MEDIA_LEXICAL_1.1,HNB_MEDIA_LEXICAL_1.0,2023-Q2,complete,legacy,term,monetarna politika,80,1225,0.0653061224489796,reported,distinct_body_within_quarter,explicit_HNB_title_and_body_segments
HNB_MEDIA_LEXICAL_1.1,HNB_MEDIA_LEXICAL_1.0,2023-Q2,complete,legacy,term,europodručje,158,1225,0.12897959183673469,reported,distinct_body_within_quarter,explicit_HNB_title_and_body_segments
HNB_MEDIA_LEXICAL_1.1,HNB_MEDIA_LEXICAL_1.0,2023-Q2,complete,legacy,term,novčanica,39,1225,0.03183673469387755,reported,distinct_body_within_quarter,explicit_HNB_title_and_body_segments
HNB_MEDIA_LEXICAL_1.1,HNB_MEDIA_LEXICAL_1.0,2023-Q2,complete,legacy,term,kovanica,51,1225,0.04163265306122449,reported,distinct_body_within_quarter,explicit_HNB_title_and_body_segments
HNB_MEDIA_LEXICAL_1.1,HNB_MEDIA_LEXICAL_1.0,2023-Q2,complete,legacy,term,zaduživanje,6,1225,,below_reporting_threshold,distinct_body_within_quarter,explicit_HNB_title_and_body_segments
HNB_MEDIA_LEXICAL_1.1,HNB_MEDIA_LEXICAL_1.0,2023-Q2,complete,legacy,term,mjera,38,1225,0.031020408163265307,reported,distinct_body_within_quarter,explicit_HNB_title_and_body_segments
HNB_MEDIA_LEXICAL_1.1,HNB_MEDIA_LEXICAL_1.0,2023-Q2,complete,legacy,term,tržište,165,1225,0.1346938775510204,reported,distinct_body_within_quarter,explicit_HNB_title_and_body_segments
HNB_MEDIA_LEXICAL_1.1,HNB_MEDIA_LEXICAL_1.0,2023-Q2,complete,legacy,term,likvidnost,58,1225,0.0473469387755102,reported,distinct_body_within_quarter,explicit_HNB_title_and_body_segments
HNB_MEDIA_LEXICAL_1.1,HNB_MEDIA_LEXICAL_1.0,2023-Q2,complete,legacy,term,kapital,34,1225,0.027755102040816326,reported,distinct_body_within_quarter,explicit_HNB_title_and_body_segments
HNB_MEDIA_LEXICAL_1.1,HNB_MEDIA_LEXICAL_1.0,2023-Q2,complete,legacy,term,odgovornost,23,1225,,below_reporting_threshold,distinct_body_within_quarter,explicit_HNB_title_and_body_segments
HNB_MEDIA_LEXICAL_1.1,HNB_MEDIA_LEXICAL_1.0,2023-Q2,complete,legacy,term,mandat,10,1225,,below_reporting_threshold,distinct_body_within_quarter,explicit_HNB_title_and_body_segments
HNB_MEDIA_LEXICAL_1.1,HNB_MEDIA_LEXICAL_1.0,2023-Q2,complete,legacy,term,savjet,35,1225,0.02857142857142857,reported,distinct_body_within_quarter,explicit_HNB_title_and_body_segments
HNB_MEDIA_LEXICAL_1.1,HNB_MEDIA_LEXICAL_1.0,2023-Q2,complete,legacy,term,dionica,4,1225,,below_reporting_threshold,distinct_body_within_quarter,explicit_HNB_title_and_body_segments
HNB_MEDIA_LEXICAL_1.1,HNB_MEDIA_LEXICAL_1.0,2023-Q2,complete,legacy,term,obveznica,11,1225,,below_reporting_threshold,distinct_body_within_quarter,explicit_HNB_title_and_body_segments
HNB_MEDIA_LEXICAL_1.1,HNB_MEDIA_LEXICAL_1.0,2023-Q2,complete,legacy,term,Vlada,158,1225,0.12897959183673469,reported,distinct_body_within_quarter,explicit_HNB_title_and_body_segments
HNB_MEDIA_LEXICAL_1.1,HNB_MEDIA_LEXICAL_1.0,2023-Q2,complete,legacy,term,Sabor,137,1225,0.11183673469387755,reported,distinct_body_within_quarter,explicit_HNB_title_and_body_segments
HNB_MEDIA_LEXICAL_1.1,HNB_MEDIA_LEXICAL_1.0,2023-Q2,complete,legacy,term,BDP,107,1225,0.08734693877551021,reported,distinct_body_within_quarter,explicit_HNB_title_and_body_segments
HNB_MEDIA_LEXICAL_1.1,HNB_MEDIA_LEXICAL_1.0,2023-Q2,complete,legacy,term,investicija,41,1225,0.03346938775510204,reported,distinct_body_within_quarter,explicit_HNB_title_and_body_segments
HNB_MEDIA_LEXICAL_1.1,HNB_MEDIA_LEXICAL_1.0,2023-Q2,complete,legacy,term,izvoz,8,1225,,below_reporting_threshold,distinct_body_within_quarter,explicit_HNB_title_and_body_segments
HNB_MEDIA_LEXICAL_1.1,HNB_MEDIA_LEXICAL_1.0,2023-Q2,complete,legacy,term,uvoz,19,1225,,below_reporting_threshold,distinct_body_within_quarter,explicit_HNB_title_and_body_segments
HNB_MEDIA_LEXICAL_1.1,HNB_MEDIA_LEXICAL_1.0,2023-Q2,complete,legacy,term,naknada,15,1225,,below_reporting_threshold,distinct_body_within_quarter,explicit_HNB_title_and_body_segments
HNB_MEDIA_LEXICAL_1.1,HNB_MEDIA_LEXICAL_1.0,2023-Q2,complete,legacy,term,sanacija,10,1225,,below_reporting_threshold,distinct_body_within_quarter,explicit_HNB_title_and_body_segments
HNB_MEDIA_LEXICAL_1.1,HNB_MEDIA_LEXICAL_1.0,2023-Q2,complete,legacy,term,digitalni euro,0,1225,0.0,zero,distinct_body_within_quarter,explicit_HNB_title_and_body_segments
HNB_MEDIA_LEXICAL_1.1,HNB_MEDIA_LEXICAL_1.0,2023-Q2,complete,legacy,phrase,kamatna stopa,117,1225,0.09551020408163265,reported,distinct_body_within_quarter,explicit_HNB_title_and_body_segments
HNB_MEDIA_LEXICAL_1.1,HNB_MEDIA_LEXICAL_1.0,2023-Q2,complete,legacy,phrase,financijska stabilnost,28,1225,,below_reporting_threshold,distinct_body_within_quarter,explicit_HNB_title_and_body_segments
HNB_MEDIA_LEXICAL_1.1,HNB_MEDIA_LEXICAL_1.0,2023-Q2,complete,legacy,phrase,uvođenje eura,50,1225,0.04081632653061224,reported,distinct_body_within_quarter,explicit_HNB_title_and_body_segments
HNB_MEDIA_LEXICAL_1.1,HNB_MEDIA_LEXICAL_1.0,2023-Q2,complete,legacy,phrase,stambeni kredit,26,1225,,below_reporting_threshold,distinct_body_within_quarter,explicit_HNB_title_and_body_segments
HNB_MEDIA_LEXICAL_1.1,HNB_MEDIA_LEXICAL_1.0,2023-Q2,complete,legacy,phrase,gotovinski kredit,3,1225,,below_reporting_threshold,distinct_body_within_quarter,explicit_HNB_title_and_body_segments
HNB_MEDIA_LEXICAL_1.1,HNB_MEDIA_LEXICAL_1.0,2023-Q2,complete,legacy,phrase,kupovna moć,4,1225,,below_reporting_threshold,distinct_body_within_quarter,explicit_HNB_title_and_body_segments
HNB_MEDIA_LEXICAL_1.1,HNB_MEDIA_LEXICAL_1.0,2023-Q2,complete,legacy,phrase,sukob interesa,4,1225,,below_reporting_threshold,distinct_body_within_quarter,explicit_HNB_title_and_body_segments
HNB_MEDIA_LEXICAL_1.1,HNB_MEDIA_LEXICAL_1.0,2023-Q2,complete,legacy,phrase,zaštita potrošača,30,1225,0.024489795918367346,reported,distinct_body_within_quarter,explicit_HNB_title_and_body_segments
HNB_MEDIA_LEXICAL_1.1,HNB_MEDIA_LEXICAL_1.0,2023-Q2,complete,legacy,phrase,platni promet,9,1225,,below_reporting_threshold,distinct_body_within_quarter,explicit_HNB_title_and_body_segments
HNB_MEDIA_LEXICAL_1.1,HNB_MEDIA_LEXICAL_1.0,2023-Q2,complete,legacy,phrase,monetarna politika,80,1225,0.0653061224489796,reported,distinct_body_within_quarter,explicit_HNB_title_and_body_segments
HNB_MEDIA_LEXICAL_1.1,HNB_MEDIA_LEXICAL_1.0,2023-Q2,complete,legacy,phrase,digitalni euro,0,1225,0.0,zero,distinct_body_within_quarter,explicit_HNB_title_and_body_segments
HNB_MEDIA_LEXICAL_1.1,HNB_MEDIA_LEXICAL_1.0,2023-Q2,complete,legacy,phrase,kreditna sposobnost,1,1225,,below_reporting_threshold,distinct_body_within_quarter,explicit_HNB_title_and_body_segments
HNB_MEDIA_LEXICAL_1.1,HNB_MEDIA_LEXICAL_1.0,2023-Q3,complete,legacy,term,banka,383,1171,0.32707087959009395,reported,distinct_body_within_quarter,explicit_HNB_title_and_body_segments
HNB_MEDIA_LEXICAL_1.1,HNB_MEDIA_LEXICAL_1.0,2023-Q3,complete,legacy,term,kredit,173,1171,0.14773697694278395,reported,distinct_body_within_quarter,explicit_HNB_title_and_body_segments
HNB_MEDIA_LEXICAL_1.1,HNB_MEDIA_LEXICAL_1.0,2023-Q3,complete,legacy,term,euro,359,1171,0.30657557643040134,reported,distinct_body_within_quarter,explicit_HNB_title_and_body_segments
HNB_MEDIA_LEXICAL_1.1,HNB_MEDIA_LEXICAL_1.0,2023-Q3,complete,legacy,term,kuna,78,1171,0.06660973526900085,reported,distinct_body_within_quarter,explicit_HNB_title_and_body_segments
HNB_MEDIA_LEXICAL_1.1,HNB_MEDIA_LEXICAL_1.0,2023-Q3,complete,legacy,term,inflacija,270,1171,0.23057216054654142,reported,distinct_body_within_quarter,explicit_HNB_title_and_body_segments
HNB_MEDIA_LEXICAL_1.1,HNB_MEDIA_LEXICAL_1.0,2023-Q3,complete,legacy,term,cijena,194,1171,0.16567036720751493,reported,distinct_body_within_quarter,explicit_HNB_title_and_body_segments
HNB_MEDIA_LEXICAL_1.1,HNB_MEDIA_LEXICAL_1.0,2023-Q3,complete,legacy,term,kamata,181,1171,0.15456874466268147,reported,distinct_body_within_quarter,explicit_HNB_title_and_body_segments
HNB_MEDIA_LEXICAL_1.1,HNB_MEDIA_LEXICAL_1.0,2023-Q3,complete,legacy,term,rast,289,1171,0.24679760888129804,reported,distinct_body_within_quarter,explicit_HNB_title_and_body_segments
HNB_MEDIA_LEXICAL_1.1,HNB_MEDIA_LEXICAL_1.0,2023-Q3,complete,legacy,term,guverner,195,1171,0.16652433817250215,reported,distinct_body_within_quarter,explicit_HNB_title_and_body_segments
HNB_MEDIA_LEXICAL_1.1,HNB_MEDIA_LEXICAL_1.0,2023-Q3,complete,legacy,term,ESB / ECB,107,1171,0.09137489325362938,reported,distinct_body_within_quarter,explicit_HNB_title_and_body_segments
HNB_MEDIA_LEXICAL_1.1,HNB_MEDIA_LEXICAL_1.0,2023-Q3,complete,legacy,term,gospodarstvo,89,1171,0.07600341588385995,reported,distinct_body_within_quarter,explicit_HNB_title_and_body_segments
HNB_MEDIA_LEXICAL_1.1,HNB_MEDIA_LEXICAL_1.0,2023-Q3,complete,legacy,term,potrošač,93,1171,0.07941929974380871,reported,distinct_body_within_quarter,explicit_HNB_title_and_body_segments
HNB_MEDIA_LEXICAL_1.1,HNB_MEDIA_LEXICAL_1.0,2023-Q3,complete,legacy,term,građanin,159,1171,0.13578138343296328,reported,distinct_body_within_quarter,explicit_HNB_title_and_body_segments
HNB_MEDIA_LEXICAL_1.1,HNB_MEDIA_LEXICAL_1.0,2023-Q3,complete,legacy,term,plaćanje,28,1171,,below_reporting_threshold,distinct_body_within_quarter,explicit_HNB_title_and_body_segments
HNB_MEDIA_LEXICAL_1.1,HNB_MEDIA_LEXICAL_1.0,2023-Q3,complete,legacy,term,gotovina,33,1171,0.028181041844577284,reported,distinct_body_within_quarter,explicit_HNB_title_and_body_segments
HNB_MEDIA_LEXICAL_1.1,HNB_MEDIA_LEXICAL_1.0,2023-Q3,complete,legacy,term,depozit,97,1171,0.08283518360375747,reported,distinct_body_within_quarter,explicit_HNB_title_and_body_segments
HNB_MEDIA_LEXICAL_1.1,HNB_MEDIA_LEXICAL_1.0,2023-Q3,complete,legacy,term,nekretnina,24,1171,,below_reporting_threshold,distinct_body_within_quarter,explicit_HNB_title_and_body_segments
HNB_MEDIA_LEXICAL_1.1,HNB_MEDIA_LEXICAL_1.0,2023-Q3,complete,legacy,term,stabilnost,46,1171,0.03928266438941076,reported,distinct_body_within_quarter,explicit_HNB_title_and_body_segments
HNB_MEDIA_LEXICAL_1.1,HNB_MEDIA_LEXICAL_1.0,2023-Q3,complete,legacy,term,rizik,57,1171,0.04867634500426986,reported,distinct_body_within_quarter,explicit_HNB_title_and_body_segments
HNB_MEDIA_LEXICAL_1.1,HNB_MEDIA_LEXICAL_1.0,2023-Q3,complete,legacy,term,nadzor,87,1171,0.07429547395388557,reported,distinct_body_within_quarter,explicit_HNB_title_and_body_segments
HNB_MEDIA_LEXICAL_1.1,HNB_MEDIA_LEXICAL_1.0,2023-Q3,complete,legacy,term,prognoza,43,1171,0.036720751494449186,reported,distinct_body_within_quarter,explicit_HNB_title_and_body_segments
HNB_MEDIA_LEXICAL_1.1,HNB_MEDIA_LEXICAL_1.0,2023-Q3,complete,legacy,term,projekcija,23,1171,,below_reporting_threshold,distinct_body_within_quarter,explicit_HNB_title_and_body_segments
HNB_MEDIA_LEXICAL_1.1,HNB_MEDIA_LEXICAL_1.0,2023-Q3,complete,legacy,term,statistika,38,1171,0.032450896669513236,reported,distinct_body_within_quarter,explicit_HNB_title_and_body_segments
HNB_MEDIA_LEXICAL_1.1,HNB_MEDIA_LEXICAL_1.0,2023-Q3,complete,legacy,term,tečaj,11,1171,,below_reporting_threshold,distinct_body_within_quarter,explicit_HNB_title_and_body_segments
HNB_MEDIA_LEXICAL_1.1,HNB_MEDIA_LEXICAL_1.0,2023-Q3,complete,legacy,term,štednja,41,1171,0.035012809564474806,reported,distinct_body_within_quarter,explicit_HNB_title_and_body_segments
HNB_MEDIA_LEXICAL_1.1,HNB_MEDIA_LEXICAL_1.0,2023-Q3,complete,legacy,term,dug,46,1171,0.03928266438941076,reported,distinct_body_within_quarter,explicit_HNB_title_and_body_segments
HNB_MEDIA_LEXICAL_1.1,HNB_MEDIA_LEXICAL_1.0,2023-Q3,complete,legacy,term,dohodak,3,1171,,below_reporting_threshold,distinct_body_within_quarter,explicit_HNB_title_and_body_segments
HNB_MEDIA_LEXICAL_1.1,HNB_MEDIA_LEXICAL_1.0,2023-Q3,complete,legacy,term,plaća,71,1171,0.06063193851409052,reported,distinct_body_within_quarter,explicit_HNB_title_and_body_segments
HNB_MEDIA_LEXICAL_1.1,HNB_MEDIA_LEXICAL_1.0,2023-Q3,complete,legacy,term,kućanstvo,16,1171,,below_reporting_threshold,distinct_body_within_quarter,explicit_HNB_title_and_body_segments
HNB_MEDIA_LEXICAL_1.1,HNB_MEDIA_LEXICAL_1.0,2023-Q3,complete,legacy,term,monetarna politika,66,1171,0.05636208368915457,reported,distinct_body_within_quarter,explicit_HNB_title_and_body_segments
HNB_MEDIA_LEXICAL_1.1,HNB_MEDIA_LEXICAL_1.0,2023-Q3,complete,legacy,term,europodručje,105,1171,0.089666951323655,reported,distinct_body_within_quarter,explicit_HNB_title_and_body_segments
HNB_MEDIA_LEXICAL_1.1,HNB_MEDIA_LEXICAL_1.0,2023-Q3,complete,legacy,term,novčanica,47,1171,0.04013663535439795,reported,distinct_body_within_quarter,explicit_HNB_title_and_body_segments
HNB_MEDIA_LEXICAL_1.1,HNB_MEDIA_LEXICAL_1.0,2023-Q3,complete,legacy,term,kovanica,37,1171,0.03159692570452605,reported,distinct_body_within_quarter,explicit_HNB_title_and_body_segments
HNB_MEDIA_LEXICAL_1.1,HNB_MEDIA_LEXICAL_1.0,2023-Q3,complete,legacy,term,zaduživanje,7,1171,,below_reporting_threshold,distinct_body_within_quarter,explicit_HNB_title_and_body_segments
HNB_MEDIA_LEXICAL_1.1,HNB_MEDIA_LEXICAL_1.0,2023-Q3,complete,legacy,term,mjera,78,1171,0.06660973526900085,reported,distinct_body_within_quarter,explicit_HNB_title_and_body_segments
HNB_MEDIA_LEXICAL_1.1,HNB_MEDIA_LEXICAL_1.0,2023-Q3,complete,legacy,term,tržište,93,1171,0.07941929974380871,reported,distinct_body_within_quarter,explicit_HNB_title_and_body_segments
HNB_MEDIA_LEXICAL_1.1,HNB_MEDIA_LEXICAL_1.0,2023-Q3,complete,legacy,term,likvidnost,47,1171,0.04013663535439795,reported,distinct_body_within_quarter,explicit_HNB_title_and_body_segments
HNB_MEDIA_LEXICAL_1.1,HNB_MEDIA_LEXICAL_1.0,2023-Q3,complete,legacy,term,kapital,51,1171,0.04355251921434671,reported,distinct_body_within_quarter,explicit_HNB_title_and_body_segments
HNB_MEDIA_LEXICAL_1.1,HNB_MEDIA_LEXICAL_1.0,2023-Q3,complete,legacy,term,odgovornost,14,1171,,below_reporting_threshold,distinct_body_within_quarter,explicit_HNB_title_and_body_segments
HNB_MEDIA_LEXICAL_1.1,HNB_MEDIA_LEXICAL_1.0,2023-Q3,complete,legacy,term,mandat,3,1171,,below_reporting_threshold,distinct_body_within_quarter,explicit_HNB_title_and_body_segments
HNB_MEDIA_LEXICAL_1.1,HNB_MEDIA_LEXICAL_1.0,2023-Q3,complete,legacy,term,savjet,34,1171,0.029035012809564473,reported,distinct_body_within_quarter,explicit_HNB_title_and_body_segments
HNB_MEDIA_LEXICAL_1.1,HNB_MEDIA_LEXICAL_1.0,2023-Q3,complete,legacy,term,dionica,3,1171,,below_reporting_threshold,distinct_body_within_quarter,explicit_HNB_title_and_body_segments
HNB_MEDIA_LEXICAL_1.1,HNB_MEDIA_LEXICAL_1.0,2023-Q3,complete,legacy,term,obveznica,25,1171,,below_reporting_threshold,distinct_body_within_quarter,explicit_HNB_title_and_body_segments
HNB_MEDIA_LEXICAL_1.1,HNB_MEDIA_LEXICAL_1.0,2023-Q3,complete,legacy,term,Vlada,106,1171,0.09052092228864218,reported,distinct_body_within_quarter,explicit_HNB_title_and_body_segments
HNB_MEDIA_LEXICAL_1.1,HNB_MEDIA_LEXICAL_1.0,2023-Q3,complete,legacy,term,Sabor,41,1171,0.035012809564474806,reported,distinct_body_within_quarter,explicit_HNB_title_and_body_segments
HNB_MEDIA_LEXICAL_1.1,HNB_MEDIA_LEXICAL_1.0,2023-Q3,complete,legacy,term,BDP,44,1171,0.037574722459436376,reported,distinct_body_within_quarter,explicit_HNB_title_and_body_segments
HNB_MEDIA_LEXICAL_1.1,HNB_MEDIA_LEXICAL_1.0,2023-Q3,complete,legacy,term,investicija,16,1171,,below_reporting_threshold,distinct_body_within_quarter,explicit_HNB_title_and_body_segments
HNB_MEDIA_LEXICAL_1.1,HNB_MEDIA_LEXICAL_1.0,2023-Q3,complete,legacy,term,izvoz,13,1171,,below_reporting_threshold,distinct_body_within_quarter,explicit_HNB_title_and_body_segments
HNB_MEDIA_LEXICAL_1.1,HNB_MEDIA_LEXICAL_1.0,2023-Q3,complete,legacy,term,uvoz,20,1171,,below_reporting_threshold,distinct_body_within_quarter,explicit_HNB_title_and_body_segments
HNB_MEDIA_LEXICAL_1.1,HNB_MEDIA_LEXICAL_1.0,2023-Q3,complete,legacy,term,naknada,18,1171,,below_reporting_threshold,distinct_body_within_quarter,explicit_HNB_title_and_body_segments
HNB_MEDIA_LEXICAL_1.1,HNB_MEDIA_LEXICAL_1.0,2023-Q3,complete,legacy,term,sanacija,2,1171,,below_reporting_threshold,distinct_body_within_quarter,explicit_HNB_title_and_body_segments
HNB_MEDIA_LEXICAL_1.1,HNB_MEDIA_LEXICAL_1.0,2023-Q3,complete,legacy,term,digitalni euro,0,1171,0.0,zero,distinct_body_within_quarter,explicit_HNB_title_and_body_segments
HNB_MEDIA_LEXICAL_1.1,HNB_MEDIA_LEXICAL_1.0,2023-Q3,complete,legacy,phrase,kamatna stopa,121,1171,0.10333048676345004,reported,distinct_body_within_quarter,explicit_HNB_title_and_body_segments
HNB_MEDIA_LEXICAL_1.1,HNB_MEDIA_LEXICAL_1.0,2023-Q3,complete,legacy,phrase,financijska stabilnost,13,1171,,below_reporting_threshold,distinct_body_within_quarter,explicit_HNB_title_and_body_segments
HNB_MEDIA_LEXICAL_1.1,HNB_MEDIA_LEXICAL_1.0,2023-Q3,complete,legacy,phrase,uvođenje eura,74,1171,0.0631938514090521,reported,distinct_body_within_quarter,explicit_HNB_title_and_body_segments
HNB_MEDIA_LEXICAL_1.1,HNB_MEDIA_LEXICAL_1.0,2023-Q3,complete,legacy,phrase,stambeni kredit,22,1171,,below_reporting_threshold,distinct_body_within_quarter,explicit_HNB_title_and_body_segments
HNB_MEDIA_LEXICAL_1.1,HNB_MEDIA_LEXICAL_1.0,2023-Q3,complete,legacy,phrase,gotovinski kredit,1,1171,,below_reporting_threshold,distinct_body_within_quarter,explicit_HNB_title_and_body_segments
HNB_MEDIA_LEXICAL_1.1,HNB_MEDIA_LEXICAL_1.0,2023-Q3,complete,legacy,phrase,kupovna moć,3,1171,,below_reporting_threshold,distinct_body_within_quarter,explicit_HNB_title_and_body_segments
HNB_MEDIA_LEXICAL_1.1,HNB_MEDIA_LEXICAL_1.0,2023-Q3,complete,legacy,phrase,sukob interesa,0,1171,0.0,zero,distinct_body_within_quarter,explicit_HNB_title_and_body_segments
HNB_MEDIA_LEXICAL_1.1,HNB_MEDIA_LEXICAL_1.0,2023-Q3,complete,legacy,phrase,zaštita potrošača,6,1171,,below_reporting_threshold,distinct_body_within_quarter,explicit_HNB_title_and_body_segments
HNB_MEDIA_LEXICAL_1.1,HNB_MEDIA_LEXICAL_1.0,2023-Q3,complete,legacy,phrase,platni promet,18,1171,,below_reporting_threshold,distinct_body_within_quarter,explicit_HNB_title_and_body_segments
HNB_MEDIA_LEXICAL_1.1,HNB_MEDIA_LEXICAL_1.0,2023-Q3,complete,legacy,phrase,monetarna politika,66,1171,0.05636208368915457,reported,distinct_body_within_quarter,explicit_HNB_title_and_body_segments
HNB_MEDIA_LEXICAL_1.1,HNB_MEDIA_LEXICAL_1.0,2023-Q3,complete,legacy,phrase,digitalni euro,0,1171,0.0,zero,distinct_body_within_quarter,explicit_HNB_title_and_body_segments
HNB_MEDIA_LEXICAL_1.1,HNB_MEDIA_LEXICAL_1.0,2023-Q3,complete,legacy,phrase,kreditna sposobnost,0,1171,0.0,zero,distinct_body_within_quarter,explicit_HNB_title_and_body_segments
HNB_MEDIA_LEXICAL_1.1,HNB_MEDIA_LEXICAL_1.0,2023-Q4,complete,legacy,term,banka,400,1103,0.3626473254759746,reported,distinct_body_within_quarter,explicit_HNB_title_and_body_segments
HNB_MEDIA_LEXICAL_1.1,HNB_MEDIA_LEXICAL_1.0,2023-Q4,complete,legacy,term,kredit,158,1103,0.14324569356300998,reported,distinct_body_within_quarter,explicit_HNB_title_and_body_segments
HNB_MEDIA_LEXICAL_1.1,HNB_MEDIA_LEXICAL_1.0,2023-Q4,complete,legacy,term,euro,417,1103,0.37805983680870353,reported,distinct_body_within_quarter,explicit_HNB_title_and_body_segments
HNB_MEDIA_LEXICAL_1.1,HNB_MEDIA_LEXICAL_1.0,2023-Q4,complete,legacy,term,kuna,181,1103,0.16409791477787852,reported,distinct_body_within_quarter,explicit_HNB_title_and_body_segments
HNB_MEDIA_LEXICAL_1.1,HNB_MEDIA_LEXICAL_1.0,2023-Q4,complete,legacy,term,inflacija,188,1103,0.17044424297370808,reported,distinct_body_within_quarter,explicit_HNB_title_and_body_segments
HNB_MEDIA_LEXICAL_1.1,HNB_MEDIA_LEXICAL_1.0,2023-Q4,complete,legacy,term,cijena,115,1103,0.1042611060743427,reported,distinct_body_within_quarter,explicit_HNB_title_and_body_segments
HNB_MEDIA_LEXICAL_1.1,HNB_MEDIA_LEXICAL_1.0,2023-Q4,complete,legacy,term,kamata,192,1103,0.17407071622846781,reported,distinct_body_within_quarter,explicit_HNB_title_and_body_segments
HNB_MEDIA_LEXICAL_1.1,HNB_MEDIA_LEXICAL_1.0,2023-Q4,complete,legacy,term,rast,259,1103,0.23481414324569355,reported,distinct_body_within_quarter,explicit_HNB_title_and_body_segments
HNB_MEDIA_LEXICAL_1.1,HNB_MEDIA_LEXICAL_1.0,2023-Q4,complete,legacy,term,guverner,246,1103,0.2230281051677244,reported,distinct_body_within_quarter,explicit_HNB_title_and_body_segments
HNB_MEDIA_LEXICAL_1.1,HNB_MEDIA_LEXICAL_1.0,2023-Q4,complete,legacy,term,ESB / ECB,61,1103,0.05530371713508613,reported,distinct_body_within_quarter,explicit_HNB_title_and_body_segments
HNB_MEDIA_LEXICAL_1.1,HNB_MEDIA_LEXICAL_1.0,2023-Q4,complete,legacy,term,gospodarstvo,79,1103,0.07162284678150499,reported,distinct_body_within_quarter,explicit_HNB_title_and_body_segments
HNB_MEDIA_LEXICAL_1.1,HNB_MEDIA_LEXICAL_1.0,2023-Q4,complete,legacy,term,potrošač,80,1103,0.07252946509519492,reported,distinct_body_within_quarter,explicit_HNB_title_and_body_segments
HNB_MEDIA_LEXICAL_1.1,HNB_MEDIA_LEXICAL_1.0,2023-Q4,complete,legacy,term,građanin,248,1103,0.22484134179510426,reported,distinct_body_within_quarter,explicit_HNB_title_and_body_segments
HNB_MEDIA_LEXICAL_1.1,HNB_MEDIA_LEXICAL_1.0,2023-Q4,complete,legacy,term,plaćanje,7,1103,,below_reporting_threshold,distinct_body_within_quarter,explicit_HNB_title_and_body_segments
HNB_MEDIA_LEXICAL_1.1,HNB_MEDIA_LEXICAL_1.0,2023-Q4,complete,legacy,term,gotovina,33,1103,0.029918404351767906,reported,distinct_body_within_quarter,explicit_HNB_title_and_body_segments
HNB_MEDIA_LEXICAL_1.1,HNB_MEDIA_LEXICAL_1.0,2023-Q4,complete,legacy,term,depozit,152,1103,0.13780598368087035,reported,distinct_body_within_quarter,explicit_HNB_title_and_body_segments
HNB_MEDIA_LEXICAL_1.1,HNB_MEDIA_LEXICAL_1.0,2023-Q4,complete,legacy,term,nekretnina,54,1103,0.04895738893925657,reported,distinct_body_within_quarter,explicit_HNB_title_and_body_segments
HNB_MEDIA_LEXICAL_1.1,HNB_MEDIA_LEXICAL_1.0,2023-Q4,complete,legacy,term,stabilnost,33,1103,0.029918404351767906,reported,distinct_body_within_quarter,explicit_HNB_title_and_body_segments
HNB_MEDIA_LEXICAL_1.1,HNB_MEDIA_LEXICAL_1.0,2023-Q4,complete,legacy,term,rizik,71,1103,0.0643699002719855,reported,distinct_body_within_quarter,explicit_HNB_title_and_body_segments
HNB_MEDIA_LEXICAL_1.1,HNB_MEDIA_LEXICAL_1.0,2023-Q4,complete,legacy,term,nadzor,27,1103,,below_reporting_threshold,distinct_body_within_quarter,explicit_HNB_title_and_body_segments
HNB_MEDIA_LEXICAL_1.1,HNB_MEDIA_LEXICAL_1.0,2023-Q4,complete,legacy,term,prognoza,54,1103,0.04895738893925657,reported,distinct_body_within_quarter,explicit_HNB_title_and_body_segments
HNB_MEDIA_LEXICAL_1.1,HNB_MEDIA_LEXICAL_1.0,2023-Q4,complete,legacy,term,projekcija,67,1103,0.06074342701722575,reported,distinct_body_within_quarter,explicit_HNB_title_and_body_segments
HNB_MEDIA_LEXICAL_1.1,HNB_MEDIA_LEXICAL_1.0,2023-Q4,complete,legacy,term,statistika,53,1103,0.04805077062556664,reported,distinct_body_within_quarter,explicit_HNB_title_and_body_segments
HNB_MEDIA_LEXICAL_1.1,HNB_MEDIA_LEXICAL_1.0,2023-Q4,complete,legacy,term,tečaj,16,1103,,below_reporting_threshold,distinct_body_within_quarter,explicit_HNB_title_and_body_segments
HNB_MEDIA_LEXICAL_1.1,HNB_MEDIA_LEXICAL_1.0,2023-Q4,complete,legacy,term,štednja,90,1103,0.0815956482320943,reported,distinct_body_within_quarter,explicit_HNB_title_and_body_segments
HNB_MEDIA_LEXICAL_1.1,HNB_MEDIA_LEXICAL_1.0,2023-Q4,complete,legacy,term,dug,27,1103,,below_reporting_threshold,distinct_body_within_quarter,explicit_HNB_title_and_body_segments
HNB_MEDIA_LEXICAL_1.1,HNB_MEDIA_LEXICAL_1.0,2023-Q4,complete,legacy,term,dohodak,5,1103,,below_reporting_threshold,distinct_body_within_quarter,explicit_HNB_title_and_body_segments
HNB_MEDIA_LEXICAL_1.1,HNB_MEDIA_LEXICAL_1.0,2023-Q4,complete,legacy,term,plaća,52,1103,0.0471441523118767,reported,distinct_body_within_quarter,explicit_HNB_title_and_body_segments
HNB_MEDIA_LEXICAL_1.1,HNB_MEDIA_LEXICAL_1.0,2023-Q4,complete,legacy,term,kućanstvo,23,1103,,below_reporting_threshold,distinct_body_within_quarter,explicit_HNB_title_and_body_segments
HNB_MEDIA_LEXICAL_1.1,HNB_MEDIA_LEXICAL_1.0,2023-Q4,complete,legacy,term,monetarna politika,24,1103,,below_reporting_threshold,distinct_body_within_quarter,explicit_HNB_title_and_body_segments
HNB_MEDIA_LEXICAL_1.1,HNB_MEDIA_LEXICAL_1.0,2023-Q4,complete,legacy,term,europodručje,122,1103,0.11060743427017226,reported,distinct_body_within_quarter,explicit_HNB_title_and_body_segments
HNB_MEDIA_LEXICAL_1.1,HNB_MEDIA_LEXICAL_1.0,2023-Q4,complete,legacy,term,novčanica,153,1103,0.1387126019945603,reported,distinct_body_within_quarter,explicit_HNB_title_and_body_segments
HNB_MEDIA_LEXICAL_1.1,HNB_MEDIA_LEXICAL_1.0,2023-Q4,complete,legacy,term,kovanica,161,1103,0.14596554850407978,reported,distinct_body_within_quarter,explicit_HNB_title_and_body_segments
HNB_MEDIA_LEXICAL_1.1,HNB_MEDIA_LEXICAL_1.0,2023-Q4,complete,legacy,term,zaduživanje,22,1103,,below_reporting_threshold,distinct_body_within_quarter,explicit_HNB_title_and_body_segments
HNB_MEDIA_LEXICAL_1.1,HNB_MEDIA_LEXICAL_1.0,2023-Q4,complete,legacy,term,mjera,39,1103,0.03535811423390753,reported,distinct_body_within_quarter,explicit_HNB_title_and_body_segments
HNB_MEDIA_LEXICAL_1.1,HNB_MEDIA_LEXICAL_1.0,2023-Q4,complete,legacy,term,tržište,69,1103,0.06255666364460562,reported,distinct_body_within_quarter,explicit_HNB_title_and_body_segments
HNB_MEDIA_LEXICAL_1.1,HNB_MEDIA_LEXICAL_1.0,2023-Q4,complete,legacy,term,likvidnost,36,1103,0.032638259292837715,reported,distinct_body_within_quarter,explicit_HNB_title_and_body_segments
HNB_MEDIA_LEXICAL_1.1,HNB_MEDIA_LEXICAL_1.0,2023-Q4,complete,legacy,term,kapital,38,1103,0.03445149592021759,reported,distinct_body_within_quarter,explicit_HNB_title_and_body_segments
HNB_MEDIA_LEXICAL_1.1,HNB_MEDIA_LEXICAL_1.0,2023-Q4,complete,legacy,term,odgovornost,46,1103,0.04170444242973708,reported,distinct_body_within_quarter,explicit_HNB_title_and_body_segments
HNB_MEDIA_LEXICAL_1.1,HNB_MEDIA_LEXICAL_1.0,2023-Q4,complete,legacy,term,mandat,6,1103,,below_reporting_threshold,distinct_body_within_quarter,explicit_HNB_title_and_body_segments
HNB_MEDIA_LEXICAL_1.1,HNB_MEDIA_LEXICAL_1.0,2023-Q4,complete,legacy,term,savjet,57,1103,0.051677243880326386,reported,distinct_body_within_quarter,explicit_HNB_title_and_body_segments
HNB_MEDIA_LEXICAL_1.1,HNB_MEDIA_LEXICAL_1.0,2023-Q4,complete,legacy,term,dionica,1,1103,,below_reporting_threshold,distinct_body_within_quarter,explicit_HNB_title_and_body_segments
HNB_MEDIA_LEXICAL_1.1,HNB_MEDIA_LEXICAL_1.0,2023-Q4,complete,legacy,term,obveznica,20,1103,,below_reporting_threshold,distinct_body_within_quarter,explicit_HNB_title_and_body_segments
HNB_MEDIA_LEXICAL_1.1,HNB_MEDIA_LEXICAL_1.0,2023-Q4,complete,legacy,term,Vlada,57,1103,0.051677243880326386,reported,distinct_body_within_quarter,explicit_HNB_title_and_body_segments
HNB_MEDIA_LEXICAL_1.1,HNB_MEDIA_LEXICAL_1.0,2023-Q4,complete,legacy,term,Sabor,16,1103,,below_reporting_threshold,distinct_body_within_quarter,explicit_HNB_title_and_body_segments
HNB_MEDIA_LEXICAL_1.1,HNB_MEDIA_LEXICAL_1.0,2023-Q4,complete,legacy,term,BDP,67,1103,0.06074342701722575,reported,distinct_body_within_quarter,explicit_HNB_title_and_body_segments
HNB_MEDIA_LEXICAL_1.1,HNB_MEDIA_LEXICAL_1.0,2023-Q4,complete,legacy,term,investicija,11,1103,,below_reporting_threshold,distinct_body_within_quarter,explicit_HNB_title_and_body_segments
HNB_MEDIA_LEXICAL_1.1,HNB_MEDIA_LEXICAL_1.0,2023-Q4,complete,legacy,term,izvoz,11,1103,,below_reporting_threshold,distinct_body_within_quarter,explicit_HNB_title_and_body_segments
HNB_MEDIA_LEXICAL_1.1,HNB_MEDIA_LEXICAL_1.0,2023-Q4,complete,legacy,term,uvoz,16,1103,,below_reporting_threshold,distinct_body_within_quarter,explicit_HNB_title_and_body_segments
HNB_MEDIA_LEXICAL_1.1,HNB_MEDIA_LEXICAL_1.0,2023-Q4,complete,legacy,term,naknada,86,1103,0.07796917497733455,reported,distinct_body_within_quarter,explicit_HNB_title_and_body_segments
HNB_MEDIA_LEXICAL_1.1,HNB_MEDIA_LEXICAL_1.0,2023-Q4,complete,legacy,term,sanacija,1,1103,,below_reporting_threshold,distinct_body_within_quarter,explicit_HNB_title_and_body_segments
HNB_MEDIA_LEXICAL_1.1,HNB_MEDIA_LEXICAL_1.0,2023-Q4,complete,legacy,term,digitalni euro,5,1103,,below_reporting_threshold,distinct_body_within_quarter,explicit_HNB_title_and_body_segments
HNB_MEDIA_LEXICAL_1.1,HNB_MEDIA_LEXICAL_1.0,2023-Q4,complete,legacy,phrase,kamatna stopa,147,1103,0.13327289211242066,reported,distinct_body_within_quarter,explicit_HNB_title_and_body_segments
HNB_MEDIA_LEXICAL_1.1,HNB_MEDIA_LEXICAL_1.0,2023-Q4,complete,legacy,phrase,financijska stabilnost,32,1103,0.02901178603807797,reported,distinct_body_within_quarter,explicit_HNB_title_and_body_segments
HNB_MEDIA_LEXICAL_1.1,HNB_MEDIA_LEXICAL_1.0,2023-Q4,complete,legacy,phrase,uvođenje eura,127,1103,0.11514052583862194,reported,distinct_body_within_quarter,explicit_HNB_title_and_body_segments
HNB_MEDIA_LEXICAL_1.1,HNB_MEDIA_LEXICAL_1.0,2023-Q4,complete,legacy,phrase,stambeni kredit,38,1103,0.03445149592021759,reported,distinct_body_within_quarter,explicit_HNB_title_and_body_segments
HNB_MEDIA_LEXICAL_1.1,HNB_MEDIA_LEXICAL_1.0,2023-Q4,complete,legacy,phrase,gotovinski kredit,5,1103,,below_reporting_threshold,distinct_body_within_quarter,explicit_HNB_title_and_body_segments
HNB_MEDIA_LEXICAL_1.1,HNB_MEDIA_LEXICAL_1.0,2023-Q4,complete,legacy,phrase,kupovna moć,2,1103,,below_reporting_threshold,distinct_body_within_quarter,explicit_HNB_title_and_body_segments
HNB_MEDIA_LEXICAL_1.1,HNB_MEDIA_LEXICAL_1.0,2023-Q4,complete,legacy,phrase,sukob interesa,2,1103,,below_reporting_threshold,distinct_body_within_quarter,explicit_HNB_title_and_body_segments
HNB_MEDIA_LEXICAL_1.1,HNB_MEDIA_LEXICAL_1.0,2023-Q4,complete,legacy,phrase,zaštita potrošača,20,1103,,below_reporting_threshold,distinct_body_within_quarter,explicit_HNB_title_and_body_segments
HNB_MEDIA_LEXICAL_1.1,HNB_MEDIA_LEXICAL_1.0,2023-Q4,complete,legacy,phrase,platni promet,2,1103,,below_reporting_threshold,distinct_body_within_quarter,explicit_HNB_title_and_body_segments
HNB_MEDIA_LEXICAL_1.1,HNB_MEDIA_LEXICAL_1.0,2023-Q4,complete,legacy,phrase,monetarna politika,24,1103,,below_reporting_threshold,distinct_body_within_quarter,explicit_HNB_title_and_body_segments
HNB_MEDIA_LEXICAL_1.1,HNB_MEDIA_LEXICAL_1.0,2023-Q4,complete,legacy,phrase,digitalni euro,5,1103,,below_reporting_threshold,distinct_body_within_quarter,explicit_HNB_title_and_body_segments
HNB_MEDIA_LEXICAL_1.1,HNB_MEDIA_LEXICAL_1.0,2023-Q4,complete,legacy,phrase,kreditna sposobnost,5,1103,,below_reporting_threshold,distinct_body_within_quarter,explicit_HNB_title_and_body_segments
HNB_MEDIA_LEXICAL_1.1,HNB_MEDIA_LEXICAL_1.0,2024-Q1,complete,api,term,banka,312,1042,0.29942418426103645,reported,distinct_body_within_quarter,explicit_HNB_title_and_body_segments
HNB_MEDIA_LEXICAL_1.1,HNB_MEDIA_LEXICAL_1.0,2024-Q1,complete,api,term,kredit,148,1042,0.1420345489443378,reported,distinct_body_within_quarter,explicit_HNB_title_and_body_segments
HNB_MEDIA_LEXICAL_1.1,HNB_MEDIA_LEXICAL_1.0,2024-Q1,complete,api,term,euro,376,1042,0.36084452975047987,reported,distinct_body_within_quarter,explicit_HNB_title_and_body_segments
HNB_MEDIA_LEXICAL_1.1,HNB_MEDIA_LEXICAL_1.0,2024-Q1,complete,api,term,kuna,60,1042,0.05758157389635317,reported,distinct_body_within_quarter,explicit_HNB_title_and_body_segments
HNB_MEDIA_LEXICAL_1.1,HNB_MEDIA_LEXICAL_1.0,2024-Q1,complete,api,term,inflacija,109,1042,0.10460652591170826,reported,distinct_body_within_quarter,explicit_HNB_title_and_body_segments
HNB_MEDIA_LEXICAL_1.1,HNB_MEDIA_LEXICAL_1.0,2024-Q1,complete,api,term,cijena,145,1042,0.13915547024952016,reported,distinct_body_within_quarter,explicit_HNB_title_and_body_segments
HNB_MEDIA_LEXICAL_1.1,HNB_MEDIA_LEXICAL_1.0,2024-Q1,complete,api,term,kamata,163,1042,0.15642994241842612,reported,distinct_body_within_quarter,explicit_HNB_title_and_body_segments
HNB_MEDIA_LEXICAL_1.1,HNB_MEDIA_LEXICAL_1.0,2024-Q1,complete,api,term,rast,227,1042,0.21785028790786948,reported,distinct_body_within_quarter,explicit_HNB_title_and_body_segments
HNB_MEDIA_LEXICAL_1.1,HNB_MEDIA_LEXICAL_1.0,2024-Q1,complete,api,term,guverner,223,1042,0.21401151631477927,reported,distinct_body_within_quarter,explicit_HNB_title_and_body_segments
HNB_MEDIA_LEXICAL_1.1,HNB_MEDIA_LEXICAL_1.0,2024-Q1,complete,api,term,ESB / ECB,34,1042,0.03262955854126679,reported,distinct_body_within_quarter,explicit_HNB_title_and_body_segments
HNB_MEDIA_LEXICAL_1.1,HNB_MEDIA_LEXICAL_1.0,2024-Q1,complete,api,term,gospodarstvo,54,1042,0.05182341650671785,reported,distinct_body_within_quarter,explicit_HNB_title_and_body_segments
HNB_MEDIA_LEXICAL_1.1,HNB_MEDIA_LEXICAL_1.0,2024-Q1,complete,api,term,potrošač,44,1042,0.04222648752399232,reported,distinct_body_within_quarter,explicit_HNB_title_and_body_segments
HNB_MEDIA_LEXICAL_1.1,HNB_MEDIA_LEXICAL_1.0,2024-Q1,complete,api,term,građanin,177,1042,0.16986564299424184,reported,distinct_body_within_quarter,explicit_HNB_title_and_body_segments
HNB_MEDIA_LEXICAL_1.1,HNB_MEDIA_LEXICAL_1.0,2024-Q1,complete,api,term,plaćanje,36,1042,0.0345489443378119,reported,distinct_body_within_quarter,explicit_HNB_title_and_body_segments
HNB_MEDIA_LEXICAL_1.1,HNB_MEDIA_LEXICAL_1.0,2024-Q1,complete,api,term,gotovina,63,1042,0.060460652591170824,reported,distinct_body_within_quarter,explicit_HNB_title_and_body_segments
HNB_MEDIA_LEXICAL_1.1,HNB_MEDIA_LEXICAL_1.0,2024-Q1,complete,api,term,depozit,75,1042,0.07197696737044146,reported,distinct_body_within_quarter,explicit_HNB_title_and_body_segments
HNB_MEDIA_LEXICAL_1.1,HNB_MEDIA_LEXICAL_1.0,2024-Q1,complete,api,term,nekretnina,38,1042,0.036468330134357005,reported,distinct_body_within_quarter,explicit_HNB_title_and_body_segments
HNB_MEDIA_LEXICAL_1.1,HNB_MEDIA_LEXICAL_1.0,2024-Q1,complete,api,term,stabilnost,14,1042,,below_reporting_threshold,distinct_body_within_quarter,explicit_HNB_title_and_body_segments
HNB_MEDIA_LEXICAL_1.1,HNB_MEDIA_LEXICAL_1.0,2024-Q1,complete,api,term,rizik,66,1042,0.06333973128598848,reported,distinct_body_within_quarter,explicit_HNB_title_and_body_segments
HNB_MEDIA_LEXICAL_1.1,HNB_MEDIA_LEXICAL_1.0,2024-Q1,complete,api,term,nadzor,30,1042,0.028790786948176585,reported,distinct_body_within_quarter,explicit_HNB_title_and_body_segments
HNB_MEDIA_LEXICAL_1.1,HNB_MEDIA_LEXICAL_1.0,2024-Q1,complete,api,term,prognoza,47,1042,0.045105566218809984,reported,distinct_body_within_quarter,explicit_HNB_title_and_body_segments
HNB_MEDIA_LEXICAL_1.1,HNB_MEDIA_LEXICAL_1.0,2024-Q1,complete,api,term,projekcija,16,1042,,below_reporting_threshold,distinct_body_within_quarter,explicit_HNB_title_and_body_segments
HNB_MEDIA_LEXICAL_1.1,HNB_MEDIA_LEXICAL_1.0,2024-Q1,complete,api,term,statistika,32,1042,0.030710172744721688,reported,distinct_body_within_quarter,explicit_HNB_title_and_body_segments
HNB_MEDIA_LEXICAL_1.1,HNB_MEDIA_LEXICAL_1.0,2024-Q1,complete,api,term,tečaj,18,1042,,below_reporting_threshold,distinct_body_within_quarter,explicit_HNB_title_and_body_segments
HNB_MEDIA_LEXICAL_1.1,HNB_MEDIA_LEXICAL_1.0,2024-Q1,complete,api,term,štednja,40,1042,0.03838771593090211,reported,distinct_body_within_quarter,explicit_HNB_title_and_body_segments
HNB_MEDIA_LEXICAL_1.1,HNB_MEDIA_LEXICAL_1.0,2024-Q1,complete,api,term,dug,20,1042,,below_reporting_threshold,distinct_body_within_quarter,explicit_HNB_title_and_body_segments
HNB_MEDIA_LEXICAL_1.1,HNB_MEDIA_LEXICAL_1.0,2024-Q1,complete,api,term,dohodak,14,1042,,below_reporting_threshold,distinct_body_within_quarter,explicit_HNB_title_and_body_segments
HNB_MEDIA_LEXICAL_1.1,HNB_MEDIA_LEXICAL_1.0,2024-Q1,complete,api,term,plaća,85,1042,0.08157389635316699,reported,distinct_body_within_quarter,explicit_HNB_title_and_body_segments
HNB_MEDIA_LEXICAL_1.1,HNB_MEDIA_LEXICAL_1.0,2024-Q1,complete,api,term,kućanstvo,32,1042,0.030710172744721688,reported,distinct_body_within_quarter,explicit_HNB_title_and_body_segments
HNB_MEDIA_LEXICAL_1.1,HNB_MEDIA_LEXICAL_1.0,2024-Q1,complete,api,term,monetarna politika,43,1042,0.04126679462571977,reported,distinct_body_within_quarter,explicit_HNB_title_and_body_segments
HNB_MEDIA_LEXICAL_1.1,HNB_MEDIA_LEXICAL_1.0,2024-Q1,complete,api,term,europodručje,77,1042,0.07389635316698656,reported,distinct_body_within_quarter,explicit_HNB_title_and_body_segments
HNB_MEDIA_LEXICAL_1.1,HNB_MEDIA_LEXICAL_1.0,2024-Q1,complete,api,term,novčanica,97,1042,0.09309021113243762,reported,distinct_body_within_quarter,explicit_HNB_title_and_body_segments
HNB_MEDIA_LEXICAL_1.1,HNB_MEDIA_LEXICAL_1.0,2024-Q1,complete,api,term,kovanica,86,1042,0.08253358925143954,reported,distinct_body_within_quarter,explicit_HNB_title_and_body_segments
HNB_MEDIA_LEXICAL_1.1,HNB_MEDIA_LEXICAL_1.0,2024-Q1,complete,api,term,zaduživanje,7,1042,,below_reporting_threshold,distinct_body_within_quarter,explicit_HNB_title_and_body_segments
HNB_MEDIA_LEXICAL_1.1,HNB_MEDIA_LEXICAL_1.0,2024-Q1,complete,api,term,mjera,28,1042,,below_reporting_threshold,distinct_body_within_quarter,explicit_HNB_title_and_body_segments
HNB_MEDIA_LEXICAL_1.1,HNB_MEDIA_LEXICAL_1.0,2024-Q1,complete,api,term,tržište,60,1042,0.05758157389635317,reported,distinct_body_within_quarter,explicit_HNB_title_and_body_segments
HNB_MEDIA_LEXICAL_1.1,HNB_MEDIA_LEXICAL_1.0,2024-Q1,complete,api,term,likvidnost,28,1042,,below_reporting_threshold,distinct_body_within_quarter,explicit_HNB_title_and_body_segments
HNB_MEDIA_LEXICAL_1.1,HNB_MEDIA_LEXICAL_1.0,2024-Q1,complete,api,term,kapital,38,1042,0.036468330134357005,reported,distinct_body_within_quarter,explicit_HNB_title_and_body_segments
HNB_MEDIA_LEXICAL_1.1,HNB_MEDIA_LEXICAL_1.0,2024-Q1,complete,api,term,odgovornost,9,1042,,below_reporting_threshold,distinct_body_within_quarter,explicit_HNB_title_and_body_segments
HNB_MEDIA_LEXICAL_1.1,HNB_MEDIA_LEXICAL_1.0,2024-Q1,complete,api,term,mandat,9,1042,,below_reporting_threshold,distinct_body_within_quarter,explicit_HNB_title_and_body_segments
HNB_MEDIA_LEXICAL_1.1,HNB_MEDIA_LEXICAL_1.0,2024-Q1,complete,api,term,savjet,60,1042,0.05758157389635317,reported,distinct_body_within_quarter,explicit_HNB_title_and_body_segments
HNB_MEDIA_LEXICAL_1.1,HNB_MEDIA_LEXICAL_1.0,2024-Q1,complete,api,term,dionica,15,1042,,below_reporting_threshold,distinct_body_within_quarter,explicit_HNB_title_and_body_segments
HNB_MEDIA_LEXICAL_1.1,HNB_MEDIA_LEXICAL_1.0,2024-Q1,complete,api,term,obveznica,9,1042,,below_reporting_threshold,distinct_body_within_quarter,explicit_HNB_title_and_body_segments
HNB_MEDIA_LEXICAL_1.1,HNB_MEDIA_LEXICAL_1.0,2024-Q1,complete,api,term,Vlada,63,1042,0.060460652591170824,reported,distinct_body_within_quarter,explicit_HNB_title_and_body_segments
HNB_MEDIA_LEXICAL_1.1,HNB_MEDIA_LEXICAL_1.0,2024-Q1,complete,api,term,Sabor,33,1042,0.03166986564299424,reported,distinct_body_within_quarter,explicit_HNB_title_and_body_segments
HNB_MEDIA_LEXICAL_1.1,HNB_MEDIA_LEXICAL_1.0,2024-Q1,complete,api,term,BDP,51,1042,0.04894433781190019,reported,distinct_body_within_quarter,explicit_HNB_title_and_body_segments
HNB_MEDIA_LEXICAL_1.1,HNB_MEDIA_LEXICAL_1.0,2024-Q1,complete,api,term,investicija,44,1042,0.04222648752399232,reported,distinct_body_within_quarter,explicit_HNB_title_and_body_segments
HNB_MEDIA_LEXICAL_1.1,HNB_MEDIA_LEXICAL_1.0,2024-Q1,complete,api,term,izvoz,4,1042,,below_reporting_threshold,distinct_body_within_quarter,explicit_HNB_title_and_body_segments
HNB_MEDIA_LEXICAL_1.1,HNB_MEDIA_LEXICAL_1.0,2024-Q1,complete,api,term,uvoz,11,1042,,below_reporting_threshold,distinct_body_within_quarter,explicit_HNB_title_and_body_segments
HNB_MEDIA_LEXICAL_1.1,HNB_MEDIA_LEXICAL_1.0,2024-Q1,complete,api,term,naknada,50,1042,0.04798464491362764,reported,distinct_body_within_quarter,explicit_HNB_title_and_body_segments
HNB_MEDIA_LEXICAL_1.1,HNB_MEDIA_LEXICAL_1.0,2024-Q1,complete,api,term,sanacija,1,1042,,below_reporting_threshold,distinct_body_within_quarter,explicit_HNB_title_and_body_segments
HNB_MEDIA_LEXICAL_1.1,HNB_MEDIA_LEXICAL_1.0,2024-Q1,complete,api,term,digitalni euro,24,1042,,below_reporting_threshold,distinct_body_within_quarter,explicit_HNB_title_and_body_segments
HNB_MEDIA_LEXICAL_1.1,HNB_MEDIA_LEXICAL_1.0,2024-Q1,complete,api,phrase,kamatna stopa,119,1042,0.11420345489443379,reported,distinct_body_within_quarter,explicit_HNB_title_and_body_segments
HNB_MEDIA_LEXICAL_1.1,HNB_MEDIA_LEXICAL_1.0,2024-Q1,complete,api,phrase,financijska stabilnost,11,1042,,below_reporting_threshold,distinct_body_within_quarter,explicit_HNB_title_and_body_segments
HNB_MEDIA_LEXICAL_1.1,HNB_MEDIA_LEXICAL_1.0,2024-Q1,complete,api,phrase,uvođenje eura,41,1042,0.03934740882917467,reported,distinct_body_within_quarter,explicit_HNB_title_and_body_segments
HNB_MEDIA_LEXICAL_1.1,HNB_MEDIA_LEXICAL_1.0,2024-Q1,complete,api,phrase,stambeni kredit,46,1042,0.044145873320537425,reported,distinct_body_within_quarter,explicit_HNB_title_and_body_segments
HNB_MEDIA_LEXICAL_1.1,HNB_MEDIA_LEXICAL_1.0,2024-Q1,complete,api,phrase,gotovinski kredit,11,1042,,below_reporting_threshold,distinct_body_within_quarter,explicit_HNB_title_and_body_segments
HNB_MEDIA_LEXICAL_1.1,HNB_MEDIA_LEXICAL_1.0,2024-Q1,complete,api,phrase,kupovna moć,1,1042,,below_reporting_threshold,distinct_body_within_quarter,explicit_HNB_title_and_body_segments
HNB_MEDIA_LEXICAL_1.1,HNB_MEDIA_LEXICAL_1.0,2024-Q1,complete,api,phrase,sukob interesa,1,1042,,below_reporting_threshold,distinct_body_within_quarter,explicit_HNB_title_and_body_segments
HNB_MEDIA_LEXICAL_1.1,HNB_MEDIA_LEXICAL_1.0,2024-Q1,complete,api,phrase,zaštita potrošača,7,1042,,below_reporting_threshold,distinct_body_within_quarter,explicit_HNB_title_and_body_segments
HNB_MEDIA_LEXICAL_1.1,HNB_MEDIA_LEXICAL_1.0,2024-Q1,complete,api,phrase,platni promet,4,1042,,below_reporting_threshold,distinct_body_within_quarter,explicit_HNB_title_and_body_segments
HNB_MEDIA_LEXICAL_1.1,HNB_MEDIA_LEXICAL_1.0,2024-Q1,complete,api,phrase,monetarna politika,43,1042,0.04126679462571977,reported,distinct_body_within_quarter,explicit_HNB_title_and_body_segments
HNB_MEDIA_LEXICAL_1.1,HNB_MEDIA_LEXICAL_1.0,2024-Q1,complete,api,phrase,digitalni euro,24,1042,,below_reporting_threshold,distinct_body_within_quarter,explicit_HNB_title_and_body_segments
HNB_MEDIA_LEXICAL_1.1,HNB_MEDIA_LEXICAL_1.0,2024-Q1,complete,api,phrase,kreditna sposobnost,3,1042,,below_reporting_threshold,distinct_body_within_quarter,explicit_HNB_title_and_body_segments
HNB_MEDIA_LEXICAL_1.1,HNB_MEDIA_LEXICAL_1.0,2024-Q2,complete,api,term,banka,348,1167,0.2982005141388175,reported,distinct_body_within_quarter,explicit_HNB_title_and_body_segments
HNB_MEDIA_LEXICAL_1.1,HNB_MEDIA_LEXICAL_1.0,2024-Q2,complete,api,term,kredit,155,1167,0.1328191945158526,reported,distinct_body_within_quarter,explicit_HNB_title_and_body_segments
HNB_MEDIA_LEXICAL_1.1,HNB_MEDIA_LEXICAL_1.0,2024-Q2,complete,api,term,euro,292,1167,0.25021422450728364,reported,distinct_body_within_quarter,explicit_HNB_title_and_body_segments
HNB_MEDIA_LEXICAL_1.1,HNB_MEDIA_LEXICAL_1.0,2024-Q2,complete,api,term,kuna,77,1167,0.06598114824335904,reported,distinct_body_within_quarter,explicit_HNB_title_and_body_segments
HNB_MEDIA_LEXICAL_1.1,HNB_MEDIA_LEXICAL_1.0,2024-Q2,complete,api,term,inflacija,113,1167,0.09682947729220223,reported,distinct_body_within_quarter,explicit_HNB_title_and_body_segments
HNB_MEDIA_LEXICAL_1.1,HNB_MEDIA_LEXICAL_1.0,2024-Q2,complete,api,term,cijena,135,1167,0.11568123393316196,reported,distinct_body_within_quarter,explicit_HNB_title_and_body_segments
HNB_MEDIA_LEXICAL_1.1,HNB_MEDIA_LEXICAL_1.0,2024-Q2,complete,api,term,kamata,160,1167,0.13710368466152528,reported,distinct_body_within_quarter,explicit_HNB_title_and_body_segments
HNB_MEDIA_LEXICAL_1.1,HNB_MEDIA_LEXICAL_1.0,2024-Q2,complete,api,term,rast,240,1167,0.20565552699228792,reported,distinct_body_within_quarter,explicit_HNB_title_and_body_segments
HNB_MEDIA_LEXICAL_1.1,HNB_MEDIA_LEXICAL_1.0,2024-Q2,complete,api,term,guverner,214,1167,0.18337617823479005,reported,distinct_body_within_quarter,explicit_HNB_title_and_body_segments
HNB_MEDIA_LEXICAL_1.1,HNB_MEDIA_LEXICAL_1.0,2024-Q2,complete,api,term,ESB / ECB,42,1167,0.03598971722365039,reported,distinct_body_within_quarter,explicit_HNB_title_and_body_segments
HNB_MEDIA_LEXICAL_1.1,HNB_MEDIA_LEXICAL_1.0,2024-Q2,complete,api,term,gospodarstvo,52,1167,0.044558697514995714,reported,distinct_body_within_quarter,explicit_HNB_title_and_body_segments
HNB_MEDIA_LEXICAL_1.1,HNB_MEDIA_LEXICAL_1.0,2024-Q2,complete,api,term,potrošač,128,1167,0.10968294772922023,reported,distinct_body_within_quarter,explicit_HNB_title_and_body_segments
HNB_MEDIA_LEXICAL_1.1,HNB_MEDIA_LEXICAL_1.0,2024-Q2,complete,api,term,građanin,196,1167,0.16795201371036847,reported,distinct_body_within_quarter,explicit_HNB_title_and_body_segments
HNB_MEDIA_LEXICAL_1.1,HNB_MEDIA_LEXICAL_1.0,2024-Q2,complete,api,term,plaćanje,14,1167,,below_reporting_threshold,distinct_body_within_quarter,explicit_HNB_title_and_body_segments
HNB_MEDIA_LEXICAL_1.1,HNB_MEDIA_LEXICAL_1.0,2024-Q2,complete,api,term,gotovina,62,1167,0.05312767780634105,reported,distinct_body_within_quarter,explicit_HNB_title_and_body_segments
HNB_MEDIA_LEXICAL_1.1,HNB_MEDIA_LEXICAL_1.0,2024-Q2,complete,api,term,depozit,79,1167,0.0676949443016281,reported,distinct_body_within_quarter,explicit_HNB_title_and_body_segments
HNB_MEDIA_LEXICAL_1.1,HNB_MEDIA_LEXICAL_1.0,2024-Q2,complete,api,term,nekretnina,51,1167,0.043701799485861184,reported,distinct_body_within_quarter,explicit_HNB_title_and_body_segments
HNB_MEDIA_LEXICAL_1.1,HNB_MEDIA_LEXICAL_1.0,2024-Q2,complete,api,term,stabilnost,63,1167,0.05398457583547558,reported,distinct_body_within_quarter,explicit_HNB_title_and_body_segments
HNB_MEDIA_LEXICAL_1.1,HNB_MEDIA_LEXICAL_1.0,2024-Q2,complete,api,term,rizik,66,1167,0.056555269922879174,reported,distinct_body_within_quarter,explicit_HNB_title_and_body_segments
HNB_MEDIA_LEXICAL_1.1,HNB_MEDIA_LEXICAL_1.0,2024-Q2,complete,api,term,nadzor,42,1167,0.03598971722365039,reported,distinct_body_within_quarter,explicit_HNB_title_and_body_segments
HNB_MEDIA_LEXICAL_1.1,HNB_MEDIA_LEXICAL_1.0,2024-Q2,complete,api,term,prognoza,35,1167,0.029991431019708654,reported,distinct_body_within_quarter,explicit_HNB_title_and_body_segments
HNB_MEDIA_LEXICAL_1.1,HNB_MEDIA_LEXICAL_1.0,2024-Q2,complete,api,term,projekcija,35,1167,0.029991431019708654,reported,distinct_body_within_quarter,explicit_HNB_title_and_body_segments
HNB_MEDIA_LEXICAL_1.1,HNB_MEDIA_LEXICAL_1.0,2024-Q2,complete,api,term,statistika,40,1167,0.03427592116538132,reported,distinct_body_within_quarter,explicit_HNB_title_and_body_segments
HNB_MEDIA_LEXICAL_1.1,HNB_MEDIA_LEXICAL_1.0,2024-Q2,complete,api,term,tečaj,15,1167,,below_reporting_threshold,distinct_body_within_quarter,explicit_HNB_title_and_body_segments
HNB_MEDIA_LEXICAL_1.1,HNB_MEDIA_LEXICAL_1.0,2024-Q2,complete,api,term,štednja,15,1167,,below_reporting_threshold,distinct_body_within_quarter,explicit_HNB_title_and_body_segments
HNB_MEDIA_LEXICAL_1.1,HNB_MEDIA_LEXICAL_1.0,2024-Q2,complete,api,term,dug,41,1167,0.03513281919451585,reported,distinct_body_within_quarter,explicit_HNB_title_and_body_segments
HNB_MEDIA_LEXICAL_1.1,HNB_MEDIA_LEXICAL_1.0,2024-Q2,complete,api,term,dohodak,20,1167,,below_reporting_threshold,distinct_body_within_quarter,explicit_HNB_title_and_body_segments
HNB_MEDIA_LEXICAL_1.1,HNB_MEDIA_LEXICAL_1.0,2024-Q2,complete,api,term,plaća,75,1167,0.06426735218508997,reported,distinct_body_within_quarter,explicit_HNB_title_and_body_segments
HNB_MEDIA_LEXICAL_1.1,HNB_MEDIA_LEXICAL_1.0,2024-Q2,complete,api,term,kućanstvo,28,1167,,below_reporting_threshold,distinct_body_within_quarter,explicit_HNB_title_and_body_segments
HNB_MEDIA_LEXICAL_1.1,HNB_MEDIA_LEXICAL_1.0,2024-Q2,complete,api,term,monetarna politika,51,1167,0.043701799485861184,reported,distinct_body_within_quarter,explicit_HNB_title_and_body_segments
HNB_MEDIA_LEXICAL_1.1,HNB_MEDIA_LEXICAL_1.0,2024-Q2,complete,api,term,europodručje,48,1167,0.04113110539845758,reported,distinct_body_within_quarter,explicit_HNB_title_and_body_segments
HNB_MEDIA_LEXICAL_1.1,HNB_MEDIA_LEXICAL_1.0,2024-Q2,complete,api,term,novčanica,76,1167,0.06512425021422451,reported,distinct_body_within_quarter,explicit_HNB_title_and_body_segments
HNB_MEDIA_LEXICAL_1.1,HNB_MEDIA_LEXICAL_1.0,2024-Q2,complete,api,term,kovanica,97,1167,0.0831191088260497,reported,distinct_body_within_quarter,explicit_HNB_title_and_body_segments
HNB_MEDIA_LEXICAL_1.1,HNB_MEDIA_LEXICAL_1.0,2024-Q2,complete,api,term,zaduživanje,13,1167,,below_reporting_threshold,distinct_body_within_quarter,explicit_HNB_title_and_body_segments
HNB_MEDIA_LEXICAL_1.1,HNB_MEDIA_LEXICAL_1.0,2024-Q2,complete,api,term,mjera,28,1167,,below_reporting_threshold,distinct_body_within_quarter,explicit_HNB_title_and_body_segments
HNB_MEDIA_LEXICAL_1.1,HNB_MEDIA_LEXICAL_1.0,2024-Q2,complete,api,term,tržište,112,1167,0.0959725792630677,reported,distinct_body_within_quarter,explicit_HNB_title_and_body_segments
HNB_MEDIA_LEXICAL_1.1,HNB_MEDIA_LEXICAL_1.0,2024-Q2,complete,api,term,likvidnost,20,1167,,below_reporting_threshold,distinct_body_within_quarter,explicit_HNB_title_and_body_segments
HNB_MEDIA_LEXICAL_1.1,HNB_MEDIA_LEXICAL_1.0,2024-Q2,complete,api,term,kapital,40,1167,0.03427592116538132,reported,distinct_body_within_quarter,explicit_HNB_title_and_body_segments
HNB_MEDIA_LEXICAL_1.1,HNB_MEDIA_LEXICAL_1.0,2024-Q2,complete,api,term,odgovornost,49,1167,0.04198800342759212,reported,distinct_body_within_quarter,explicit_HNB_title_and_body_segments
HNB_MEDIA_LEXICAL_1.1,HNB_MEDIA_LEXICAL_1.0,2024-Q2,complete,api,term,mandat,38,1167,0.032562125107112254,reported,distinct_body_within_quarter,explicit_HNB_title_and_body_segments
HNB_MEDIA_LEXICAL_1.1,HNB_MEDIA_LEXICAL_1.0,2024-Q2,complete,api,term,savjet,45,1167,0.038560411311053984,reported,distinct_body_within_quarter,explicit_HNB_title_and_body_segments
HNB_MEDIA_LEXICAL_1.1,HNB_MEDIA_LEXICAL_1.0,2024-Q2,complete,api,term,dionica,1,1167,,below_reporting_threshold,distinct_body_within_quarter,explicit_HNB_title_and_body_segments
HNB_MEDIA_LEXICAL_1.1,HNB_MEDIA_LEXICAL_1.0,2024-Q2,complete,api,term,obveznica,3,1167,,below_reporting_threshold,distinct_body_within_quarter,explicit_HNB_title_and_body_segments
HNB_MEDIA_LEXICAL_1.1,HNB_MEDIA_LEXICAL_1.0,2024-Q2,complete,api,term,Vlada,92,1167,0.07883461868037704,reported,distinct_body_within_quarter,explicit_HNB_title_and_body_segments
HNB_MEDIA_LEXICAL_1.1,HNB_MEDIA_LEXICAL_1.0,2024-Q2,complete,api,term,Sabor,36,1167,0.030848329048843187,reported,distinct_body_within_quarter,explicit_HNB_title_and_body_segments
HNB_MEDIA_LEXICAL_1.1,HNB_MEDIA_LEXICAL_1.0,2024-Q2,complete,api,term,BDP,52,1167,0.044558697514995714,reported,distinct_body_within_quarter,explicit_HNB_title_and_body_segments
HNB_MEDIA_LEXICAL_1.1,HNB_MEDIA_LEXICAL_1.0,2024-Q2,complete,api,term,investicija,33,1167,0.028277634961439587,reported,distinct_body_within_quarter,explicit_HNB_title_and_body_segments
HNB_MEDIA_LEXICAL_1.1,HNB_MEDIA_LEXICAL_1.0,2024-Q2,complete,api,term,izvoz,19,1167,,below_reporting_threshold,distinct_body_within_quarter,explicit_HNB_title_and_body_segments
HNB_MEDIA_LEXICAL_1.1,HNB_MEDIA_LEXICAL_1.0,2024-Q2,complete,api,term,uvoz,8,1167,,below_reporting_threshold,distinct_body_within_quarter,explicit_HNB_title_and_body_segments
HNB_MEDIA_LEXICAL_1.1,HNB_MEDIA_LEXICAL_1.0,2024-Q2,complete,api,term,naknada,34,1167,0.02913453299057412,reported,distinct_body_within_quarter,explicit_HNB_title_and_body_segments
HNB_MEDIA_LEXICAL_1.1,HNB_MEDIA_LEXICAL_1.0,2024-Q2,complete,api,term,sanacija,1,1167,,below_reporting_threshold,distinct_body_within_quarter,explicit_HNB_title_and_body_segments
HNB_MEDIA_LEXICAL_1.1,HNB_MEDIA_LEXICAL_1.0,2024-Q2,complete,api,term,digitalni euro,1,1167,,below_reporting_threshold,distinct_body_within_quarter,explicit_HNB_title_and_body_segments
HNB_MEDIA_LEXICAL_1.1,HNB_MEDIA_LEXICAL_1.0,2024-Q2,complete,api,phrase,kamatna stopa,96,1167,0.08226221079691516,reported,distinct_body_within_quarter,explicit_HNB_title_and_body_segments
HNB_MEDIA_LEXICAL_1.1,HNB_MEDIA_LEXICAL_1.0,2024-Q2,complete,api,phrase,financijska stabilnost,27,1167,,below_reporting_threshold,distinct_body_within_quarter,explicit_HNB_title_and_body_segments
HNB_MEDIA_LEXICAL_1.1,HNB_MEDIA_LEXICAL_1.0,2024-Q2,complete,api,phrase,uvođenje eura,27,1167,,below_reporting_threshold,distinct_body_within_quarter,explicit_HNB_title_and_body_segments
HNB_MEDIA_LEXICAL_1.1,HNB_MEDIA_LEXICAL_1.0,2024-Q2,complete,api,phrase,stambeni kredit,48,1167,0.04113110539845758,reported,distinct_body_within_quarter,explicit_HNB_title_and_body_segments
HNB_MEDIA_LEXICAL_1.1,HNB_MEDIA_LEXICAL_1.0,2024-Q2,complete,api,phrase,gotovinski kredit,31,1167,0.026563838903170524,reported,distinct_body_within_quarter,explicit_HNB_title_and_body_segments
HNB_MEDIA_LEXICAL_1.1,HNB_MEDIA_LEXICAL_1.0,2024-Q2,complete,api,phrase,kupovna moć,1,1167,,below_reporting_threshold,distinct_body_within_quarter,explicit_HNB_title_and_body_segments
HNB_MEDIA_LEXICAL_1.1,HNB_MEDIA_LEXICAL_1.0,2024-Q2,complete,api,phrase,sukob interesa,0,1167,0.0,zero,distinct_body_within_quarter,explicit_HNB_title_and_body_segments
HNB_MEDIA_LEXICAL_1.1,HNB_MEDIA_LEXICAL_1.0,2024-Q2,complete,api,phrase,zaštita potrošača,26,1167,,below_reporting_threshold,distinct_body_within_quarter,explicit_HNB_title_and_body_segments
HNB_MEDIA_LEXICAL_1.1,HNB_MEDIA_LEXICAL_1.0,2024-Q2,complete,api,phrase,platni promet,8,1167,,below_reporting_threshold,distinct_body_within_quarter,explicit_HNB_title_and_body_segments
HNB_MEDIA_LEXICAL_1.1,HNB_MEDIA_LEXICAL_1.0,2024-Q2,complete,api,phrase,monetarna politika,51,1167,0.043701799485861184,reported,distinct_body_within_quarter,explicit_HNB_title_and_body_segments
HNB_MEDIA_LEXICAL_1.1,HNB_MEDIA_LEXICAL_1.0,2024-Q2,complete,api,phrase,digitalni euro,1,1167,,below_reporting_threshold,distinct_body_within_quarter,explicit_HNB_title_and_body_segments
HNB_MEDIA_LEXICAL_1.1,HNB_MEDIA_LEXICAL_1.0,2024-Q2,complete,api,phrase,kreditna sposobnost,2,1167,,below_reporting_threshold,distinct_body_within_quarter,explicit_HNB_title_and_body_segments
HNB_MEDIA_LEXICAL_1.1,HNB_MEDIA_LEXICAL_1.0,2024-Q3,complete,api,term,banka,197,906,0.217439293598234,reported,distinct_body_within_quarter,explicit_HNB_title_and_body_segments
HNB_MEDIA_LEXICAL_1.1,HNB_MEDIA_LEXICAL_1.0,2024-Q3,complete,api,term,kredit,116,906,0.1280353200883002,reported,distinct_body_within_quarter,explicit_HNB_title_and_body_segments
HNB_MEDIA_LEXICAL_1.1,HNB_MEDIA_LEXICAL_1.0,2024-Q3,complete,api,term,euro,245,906,0.2704194260485651,reported,distinct_body_within_quarter,explicit_HNB_title_and_body_segments
HNB_MEDIA_LEXICAL_1.1,HNB_MEDIA_LEXICAL_1.0,2024-Q3,complete,api,term,kuna,23,906,,below_reporting_threshold,distinct_body_within_quarter,explicit_HNB_title_and_body_segments
HNB_MEDIA_LEXICAL_1.1,HNB_MEDIA_LEXICAL_1.0,2024-Q3,complete,api,term,inflacija,90,906,0.09933774834437085,reported,distinct_body_within_quarter,explicit_HNB_title_and_body_segments
HNB_MEDIA_LEXICAL_1.1,HNB_MEDIA_LEXICAL_1.0,2024-Q3,complete,api,term,cijena,119,906,0.13134657836644592,reported,distinct_body_within_quarter,explicit_HNB_title_and_body_segments
HNB_MEDIA_LEXICAL_1.1,HNB_MEDIA_LEXICAL_1.0,2024-Q3,complete,api,term,kamata,58,906,0.0640176600441501,reported,distinct_body_within_quarter,explicit_HNB_title_and_body_segments
HNB_MEDIA_LEXICAL_1.1,HNB_MEDIA_LEXICAL_1.0,2024-Q3,complete,api,term,rast,154,906,0.16997792494481237,reported,distinct_body_within_quarter,explicit_HNB_title_and_body_segments
HNB_MEDIA_LEXICAL_1.1,HNB_MEDIA_LEXICAL_1.0,2024-Q3,complete,api,term,guverner,243,906,0.2682119205298013,reported,distinct_body_within_quarter,explicit_HNB_title_and_body_segments
HNB_MEDIA_LEXICAL_1.1,HNB_MEDIA_LEXICAL_1.0,2024-Q3,complete,api,term,ESB / ECB,25,906,,below_reporting_threshold,distinct_body_within_quarter,explicit_HNB_title_and_body_segments
HNB_MEDIA_LEXICAL_1.1,HNB_MEDIA_LEXICAL_1.0,2024-Q3,complete,api,term,gospodarstvo,43,906,0.04746136865342163,reported,distinct_body_within_quarter,explicit_HNB_title_and_body_segments
HNB_MEDIA_LEXICAL_1.1,HNB_MEDIA_LEXICAL_1.0,2024-Q3,complete,api,term,potrošač,78,906,0.08609271523178808,reported,distinct_body_within_quarter,explicit_HNB_title_and_body_segments
HNB_MEDIA_LEXICAL_1.1,HNB_MEDIA_LEXICAL_1.0,2024-Q3,complete,api,term,građanin,139,906,0.1534216335540839,reported,distinct_body_within_quarter,explicit_HNB_title_and_body_segments
HNB_MEDIA_LEXICAL_1.1,HNB_MEDIA_LEXICAL_1.0,2024-Q3,complete,api,term,plaćanje,16,906,,below_reporting_threshold,distinct_body_within_quarter,explicit_HNB_title_and_body_segments
HNB_MEDIA_LEXICAL_1.1,HNB_MEDIA_LEXICAL_1.0,2024-Q3,complete,api,term,gotovina,39,906,0.04304635761589404,reported,distinct_body_within_quarter,explicit_HNB_title_and_body_segments
HNB_MEDIA_LEXICAL_1.1,HNB_MEDIA_LEXICAL_1.0,2024-Q3,complete,api,term,depozit,43,906,0.04746136865342163,reported,distinct_body_within_quarter,explicit_HNB_title_and_body_segments
HNB_MEDIA_LEXICAL_1.1,HNB_MEDIA_LEXICAL_1.0,2024-Q3,complete,api,term,nekretnina,18,906,,below_reporting_threshold,distinct_body_within_quarter,explicit_HNB_title_and_body_segments
HNB_MEDIA_LEXICAL_1.1,HNB_MEDIA_LEXICAL_1.0,2024-Q3,complete,api,term,stabilnost,61,906,0.0673289183222958,reported,distinct_body_within_quarter,explicit_HNB_title_and_body_segments
HNB_MEDIA_LEXICAL_1.1,HNB_MEDIA_LEXICAL_1.0,2024-Q3,complete,api,term,rizik,52,906,0.05739514348785872,reported,distinct_body_within_quarter,explicit_HNB_title_and_body_segments
HNB_MEDIA_LEXICAL_1.1,HNB_MEDIA_LEXICAL_1.0,2024-Q3,complete,api,term,nadzor,30,906,0.033112582781456956,reported,distinct_body_within_quarter,explicit_HNB_title_and_body_segments
HNB_MEDIA_LEXICAL_1.1,HNB_MEDIA_LEXICAL_1.0,2024-Q3,complete,api,term,prognoza,27,906,,below_reporting_threshold,distinct_body_within_quarter,explicit_HNB_title_and_body_segments
HNB_MEDIA_LEXICAL_1.1,HNB_MEDIA_LEXICAL_1.0,2024-Q3,complete,api,term,projekcija,37,906,0.04083885209713024,reported,distinct_body_within_quarter,explicit_HNB_title_and_body_segments
HNB_MEDIA_LEXICAL_1.1,HNB_MEDIA_LEXICAL_1.0,2024-Q3,complete,api,term,statistika,17,906,,below_reporting_threshold,distinct_body_within_quarter,explicit_HNB_title_and_body_segments
HNB_MEDIA_LEXICAL_1.1,HNB_MEDIA_LEXICAL_1.0,2024-Q3,complete,api,term,tečaj,10,906,,below_reporting_threshold,distinct_body_within_quarter,explicit_HNB_title_and_body_segments
HNB_MEDIA_LEXICAL_1.1,HNB_MEDIA_LEXICAL_1.0,2024-Q3,complete,api,term,štednja,13,906,,below_reporting_threshold,distinct_body_within_quarter,explicit_HNB_title_and_body_segments
HNB_MEDIA_LEXICAL_1.1,HNB_MEDIA_LEXICAL_1.0,2024-Q3,complete,api,term,dug,34,906,0.037527593818984545,reported,distinct_body_within_quarter,explicit_HNB_title_and_body_segments
HNB_MEDIA_LEXICAL_1.1,HNB_MEDIA_LEXICAL_1.0,2024-Q3,complete,api,term,dohodak,21,906,,below_reporting_threshold,distinct_body_within_quarter,explicit_HNB_title_and_body_segments
HNB_MEDIA_LEXICAL_1.1,HNB_MEDIA_LEXICAL_1.0,2024-Q3,complete,api,term,plaća,78,906,0.08609271523178808,reported,distinct_body_within_quarter,explicit_HNB_title_and_body_segments
HNB_MEDIA_LEXICAL_1.1,HNB_MEDIA_LEXICAL_1.0,2024-Q3,complete,api,term,kućanstvo,30,906,0.033112582781456956,reported,distinct_body_within_quarter,explicit_HNB_title_and_body_segments
HNB_MEDIA_LEXICAL_1.1,HNB_MEDIA_LEXICAL_1.0,2024-Q3,complete,api,term,monetarna politika,25,906,,below_reporting_threshold,distinct_body_within_quarter,explicit_HNB_title_and_body_segments
HNB_MEDIA_LEXICAL_1.1,HNB_MEDIA_LEXICAL_1.0,2024-Q3,complete,api,term,europodručje,57,906,0.06291390728476821,reported,distinct_body_within_quarter,explicit_HNB_title_and_body_segments
HNB_MEDIA_LEXICAL_1.1,HNB_MEDIA_LEXICAL_1.0,2024-Q3,complete,api,term,novčanica,27,906,,below_reporting_threshold,distinct_body_within_quarter,explicit_HNB_title_and_body_segments
HNB_MEDIA_LEXICAL_1.1,HNB_MEDIA_LEXICAL_1.0,2024-Q3,complete,api,term,kovanica,86,906,0.09492273730684327,reported,distinct_body_within_quarter,explicit_HNB_title_and_body_segments
HNB_MEDIA_LEXICAL_1.1,HNB_MEDIA_LEXICAL_1.0,2024-Q3,complete,api,term,zaduživanje,3,906,,below_reporting_threshold,distinct_body_within_quarter,explicit_HNB_title_and_body_segments
HNB_MEDIA_LEXICAL_1.1,HNB_MEDIA_LEXICAL_1.0,2024-Q3,complete,api,term,mjera,61,906,0.0673289183222958,reported,distinct_body_within_quarter,explicit_HNB_title_and_body_segments
HNB_MEDIA_LEXICAL_1.1,HNB_MEDIA_LEXICAL_1.0,2024-Q3,complete,api,term,tržište,34,906,0.037527593818984545,reported,distinct_body_within_quarter,explicit_HNB_title_and_body_segments
HNB_MEDIA_LEXICAL_1.1,HNB_MEDIA_LEXICAL_1.0,2024-Q3,complete,api,term,likvidnost,3,906,,below_reporting_threshold,distinct_body_within_quarter,explicit_HNB_title_and_body_segments
HNB_MEDIA_LEXICAL_1.1,HNB_MEDIA_LEXICAL_1.0,2024-Q3,complete,api,term,kapital,47,906,0.05187637969094923,reported,distinct_body_within_quarter,explicit_HNB_title_and_body_segments
HNB_MEDIA_LEXICAL_1.1,HNB_MEDIA_LEXICAL_1.0,2024-Q3,complete,api,term,odgovornost,11,906,,below_reporting_threshold,distinct_body_within_quarter,explicit_HNB_title_and_body_segments
HNB_MEDIA_LEXICAL_1.1,HNB_MEDIA_LEXICAL_1.0,2024-Q3,complete,api,term,mandat,141,906,0.15562913907284767,reported,distinct_body_within_quarter,explicit_HNB_title_and_body_segments
HNB_MEDIA_LEXICAL_1.1,HNB_MEDIA_LEXICAL_1.0,2024-Q3,complete,api,term,savjet,72,906,0.07947019867549669,reported,distinct_body_within_quarter,explicit_HNB_title_and_body_segments
HNB_MEDIA_LEXICAL_1.1,HNB_MEDIA_LEXICAL_1.0,2024-Q3,complete,api,term,dionica,8,906,,below_reporting_threshold,distinct_body_within_quarter,explicit_HNB_title_and_body_segments
HNB_MEDIA_LEXICAL_1.1,HNB_MEDIA_LEXICAL_1.0,2024-Q3,complete,api,term,obveznica,8,906,,below_reporting_threshold,distinct_body_within_quarter,explicit_HNB_title_and_body_segments
HNB_MEDIA_LEXICAL_1.1,HNB_MEDIA_LEXICAL_1.0,2024-Q3,complete,api,term,Vlada,125,906,0.13796909492273732,reported,distinct_body_within_quarter,explicit_HNB_title_and_body_segments
HNB_MEDIA_LEXICAL_1.1,HNB_MEDIA_LEXICAL_1.0,2024-Q3,complete,api,term,Sabor,96,906,0.10596026490066225,reported,distinct_body_within_quarter,explicit_HNB_title_and_body_segments
HNB_MEDIA_LEXICAL_1.1,HNB_MEDIA_LEXICAL_1.0,2024-Q3,complete,api,term,BDP,30,906,0.033112582781456956,reported,distinct_body_within_quarter,explicit_HNB_title_and_body_segments
HNB_MEDIA_LEXICAL_1.1,HNB_MEDIA_LEXICAL_1.0,2024-Q3,complete,api,term,investicija,24,906,,below_reporting_threshold,distinct_body_within_quarter,explicit_HNB_title_and_body_segments
HNB_MEDIA_LEXICAL_1.1,HNB_MEDIA_LEXICAL_1.0,2024-Q3,complete,api,term,izvoz,16,906,,below_reporting_threshold,distinct_body_within_quarter,explicit_HNB_title_and_body_segments
HNB_MEDIA_LEXICAL_1.1,HNB_MEDIA_LEXICAL_1.0,2024-Q3,complete,api,term,uvoz,11,906,,below_reporting_threshold,distinct_body_within_quarter,explicit_HNB_title_and_body_segments
HNB_MEDIA_LEXICAL_1.1,HNB_MEDIA_LEXICAL_1.0,2024-Q3,complete,api,term,naknada,23,906,,below_reporting_threshold,distinct_body_within_quarter,explicit_HNB_title_and_body_segments
HNB_MEDIA_LEXICAL_1.1,HNB_MEDIA_LEXICAL_1.0,2024-Q3,complete,api,term,sanacija,0,906,0.0,zero,distinct_body_within_quarter,explicit_HNB_title_and_body_segments
HNB_MEDIA_LEXICAL_1.1,HNB_MEDIA_LEXICAL_1.0,2024-Q3,complete,api,term,digitalni euro,1,906,,below_reporting_threshold,distinct_body_within_quarter,explicit_HNB_title_and_body_segments
HNB_MEDIA_LEXICAL_1.1,HNB_MEDIA_LEXICAL_1.0,2024-Q3,complete,api,phrase,kamatna stopa,33,906,0.03642384105960265,reported,distinct_body_within_quarter,explicit_HNB_title_and_body_segments
HNB_MEDIA_LEXICAL_1.1,HNB_MEDIA_LEXICAL_1.0,2024-Q3,complete,api,phrase,financijska stabilnost,26,906,,below_reporting_threshold,distinct_body_within_quarter,explicit_HNB_title_and_body_segments
HNB_MEDIA_LEXICAL_1.1,HNB_MEDIA_LEXICAL_1.0,2024-Q3,complete,api,phrase,uvođenje eura,20,906,,below_reporting_threshold,distinct_body_within_quarter,explicit_HNB_title_and_body_segments
HNB_MEDIA_LEXICAL_1.1,HNB_MEDIA_LEXICAL_1.0,2024-Q3,complete,api,phrase,stambeni kredit,14,906,,below_reporting_threshold,distinct_body_within_quarter,explicit_HNB_title_and_body_segments
HNB_MEDIA_LEXICAL_1.1,HNB_MEDIA_LEXICAL_1.0,2024-Q3,complete,api,phrase,gotovinski kredit,23,906,,below_reporting_threshold,distinct_body_within_quarter,explicit_HNB_title_and_body_segments
HNB_MEDIA_LEXICAL_1.1,HNB_MEDIA_LEXICAL_1.0,2024-Q3,complete,api,phrase,kupovna moć,1,906,,below_reporting_threshold,distinct_body_within_quarter,explicit_HNB_title_and_body_segments
HNB_MEDIA_LEXICAL_1.1,HNB_MEDIA_LEXICAL_1.0,2024-Q3,complete,api,phrase,sukob interesa,1,906,,below_reporting_threshold,distinct_body_within_quarter,explicit_HNB_title_and_body_segments
HNB_MEDIA_LEXICAL_1.1,HNB_MEDIA_LEXICAL_1.0,2024-Q3,complete,api,phrase,zaštita potrošača,4,906,,below_reporting_threshold,distinct_body_within_quarter,explicit_HNB_title_and_body_segments
HNB_MEDIA_LEXICAL_1.1,HNB_MEDIA_LEXICAL_1.0,2024-Q3,complete,api,phrase,platni promet,6,906,,below_reporting_threshold,distinct_body_within_quarter,explicit_HNB_title_and_body_segments
HNB_MEDIA_LEXICAL_1.1,HNB_MEDIA_LEXICAL_1.0,2024-Q3,complete,api,phrase,monetarna politika,25,906,,below_reporting_threshold,distinct_body_within_quarter,explicit_HNB_title_and_body_segments
HNB_MEDIA_LEXICAL_1.1,HNB_MEDIA_LEXICAL_1.0,2024-Q3,complete,api,phrase,digitalni euro,1,906,,below_reporting_threshold,distinct_body_within_quarter,explicit_HNB_title_and_body_segments
HNB_MEDIA_LEXICAL_1.1,HNB_MEDIA_LEXICAL_1.0,2024-Q3,complete,api,phrase,kreditna sposobnost,0,906,0.0,zero,distinct_body_within_quarter,explicit_HNB_title_and_body_segments
HNB_MEDIA_LEXICAL_1.1,HNB_MEDIA_LEXICAL_1.0,2024-Q4,complete,api,term,banka,259,991,0.2613521695257316,reported,distinct_body_within_quarter,explicit_HNB_title_and_body_segments
HNB_MEDIA_LEXICAL_1.1,HNB_MEDIA_LEXICAL_1.0,2024-Q4,complete,api,term,kredit,121,991,0.12209889001009082,reported,distinct_body_within_quarter,explicit_HNB_title_and_body_segments
HNB_MEDIA_LEXICAL_1.1,HNB_MEDIA_LEXICAL_1.0,2024-Q4,complete,api,term,euro,252,991,0.2542885973763875,reported,distinct_body_within_quarter,explicit_HNB_title_and_body_segments
HNB_MEDIA_LEXICAL_1.1,HNB_MEDIA_LEXICAL_1.0,2024-Q4,complete,api,term,kuna,23,991,,below_reporting_threshold,distinct_body_within_quarter,explicit_HNB_title_and_body_segments
HNB_MEDIA_LEXICAL_1.1,HNB_MEDIA_LEXICAL_1.0,2024-Q4,complete,api,term,inflacija,143,991,0.1442986881937437,reported,distinct_body_within_quarter,explicit_HNB_title_and_body_segments
HNB_MEDIA_LEXICAL_1.1,HNB_MEDIA_LEXICAL_1.0,2024-Q4,complete,api,term,cijena,167,991,0.16851664984863773,reported,distinct_body_within_quarter,explicit_HNB_title_and_body_segments
HNB_MEDIA_LEXICAL_1.1,HNB_MEDIA_LEXICAL_1.0,2024-Q4,complete,api,term,kamata,73,991,0.07366296670030273,reported,distinct_body_within_quarter,explicit_HNB_title_and_body_segments
HNB_MEDIA_LEXICAL_1.1,HNB_MEDIA_LEXICAL_1.0,2024-Q4,complete,api,term,rast,198,991,0.19979818365287588,reported,distinct_body_within_quarter,explicit_HNB_title_and_body_segments
HNB_MEDIA_LEXICAL_1.1,HNB_MEDIA_LEXICAL_1.0,2024-Q4,complete,api,term,guverner,257,991,0.2593340060544904,reported,distinct_body_within_quarter,explicit_HNB_title_and_body_segments
HNB_MEDIA_LEXICAL_1.1,HNB_MEDIA_LEXICAL_1.0,2024-Q4,complete,api,term,ESB / ECB,36,991,0.03632694248234107,reported,distinct_body_within_quarter,explicit_HNB_title_and_body_segments
HNB_MEDIA_LEXICAL_1.1,HNB_MEDIA_LEXICAL_1.0,2024-Q4,complete,api,term,gospodarstvo,50,991,0.050454086781029264,reported,distinct_body_within_quarter,explicit_HNB_title_and_body_segments
HNB_MEDIA_LEXICAL_1.1,HNB_MEDIA_LEXICAL_1.0,2024-Q4,complete,api,term,potrošač,83,991,0.08375378405650857,reported,distinct_body_within_quarter,explicit_HNB_title_and_body_segments
HNB_MEDIA_LEXICAL_1.1,HNB_MEDIA_LEXICAL_1.0,2024-Q4,complete,api,term,građanin,142,991,0.1432896064581231,reported,distinct_body_within_quarter,explicit_HNB_title_and_body_segments
HNB_MEDIA_LEXICAL_1.1,HNB_MEDIA_LEXICAL_1.0,2024-Q4,complete,api,term,plaćanje,41,991,0.04137235116044399,reported,distinct_body_within_quarter,explicit_HNB_title_and_body_segments
HNB_MEDIA_LEXICAL_1.1,HNB_MEDIA_LEXICAL_1.0,2024-Q4,complete,api,term,gotovina,70,991,0.07063572149344097,reported,distinct_body_within_quarter,explicit_HNB_title_and_body_segments
HNB_MEDIA_LEXICAL_1.1,HNB_MEDIA_LEXICAL_1.0,2024-Q4,complete,api,term,depozit,37,991,0.03733602421796166,reported,distinct_body_within_quarter,explicit_HNB_title_and_body_segments
HNB_MEDIA_LEXICAL_1.1,HNB_MEDIA_LEXICAL_1.0,2024-Q4,complete,api,term,nekretnina,23,991,,below_reporting_threshold,distinct_body_within_quarter,explicit_HNB_title_and_body_segments
HNB_MEDIA_LEXICAL_1.1,HNB_MEDIA_LEXICAL_1.0,2024-Q4,complete,api,term,stabilnost,18,991,,below_reporting_threshold,distinct_body_within_quarter,explicit_HNB_title_and_body_segments
HNB_MEDIA_LEXICAL_1.1,HNB_MEDIA_LEXICAL_1.0,2024-Q4,complete,api,term,rizik,49,991,0.04944500504540868,reported,distinct_body_within_quarter,explicit_HNB_title_and_body_segments
HNB_MEDIA_LEXICAL_1.1,HNB_MEDIA_LEXICAL_1.0,2024-Q4,complete,api,term,nadzor,46,991,0.04641775983854692,reported,distinct_body_within_quarter,explicit_HNB_title_and_body_segments
HNB_MEDIA_LEXICAL_1.1,HNB_MEDIA_LEXICAL_1.0,2024-Q4,complete,api,term,prognoza,71,991,0.07164480322906155,reported,distinct_body_within_quarter,explicit_HNB_title_and_body_segments
HNB_MEDIA_LEXICAL_1.1,HNB_MEDIA_LEXICAL_1.0,2024-Q4,complete,api,term,projekcija,52,991,0.05247225025227043,reported,distinct_body_within_quarter,explicit_HNB_title_and_body_segments
HNB_MEDIA_LEXICAL_1.1,HNB_MEDIA_LEXICAL_1.0,2024-Q4,complete,api,term,statistika,9,991,,below_reporting_threshold,distinct_body_within_quarter,explicit_HNB_title_and_body_segments
HNB_MEDIA_LEXICAL_1.1,HNB_MEDIA_LEXICAL_1.0,2024-Q4,complete,api,term,tečaj,5,991,,below_reporting_threshold,distinct_body_within_quarter,explicit_HNB_title_and_body_segments
HNB_MEDIA_LEXICAL_1.1,HNB_MEDIA_LEXICAL_1.0,2024-Q4,complete,api,term,štednja,25,991,,below_reporting_threshold,distinct_body_within_quarter,explicit_HNB_title_and_body_segments
HNB_MEDIA_LEXICAL_1.1,HNB_MEDIA_LEXICAL_1.0,2024-Q4,complete,api,term,dug,21,991,,below_reporting_threshold,distinct_body_within_quarter,explicit_HNB_title_and_body_segments
HNB_MEDIA_LEXICAL_1.1,HNB_MEDIA_LEXICAL_1.0,2024-Q4,complete,api,term,dohodak,10,991,,below_reporting_threshold,distinct_body_within_quarter,explicit_HNB_title_and_body_segments
HNB_MEDIA_LEXICAL_1.1,HNB_MEDIA_LEXICAL_1.0,2024-Q4,complete,api,term,plaća,77,991,0.07769929364278506,reported,distinct_body_within_quarter,explicit_HNB_title_and_body_segments
HNB_MEDIA_LEXICAL_1.1,HNB_MEDIA_LEXICAL_1.0,2024-Q4,complete,api,term,kućanstvo,27,991,,below_reporting_threshold,distinct_body_within_quarter,explicit_HNB_title_and_body_segments
HNB_MEDIA_LEXICAL_1.1,HNB_MEDIA_LEXICAL_1.0,2024-Q4,complete,api,term,monetarna politika,15,991,,below_reporting_threshold,distinct_body_within_quarter,explicit_HNB_title_and_body_segments
HNB_MEDIA_LEXICAL_1.1,HNB_MEDIA_LEXICAL_1.0,2024-Q4,complete,api,term,europodručje,75,991,0.07568113017154389,reported,distinct_body_within_quarter,explicit_HNB_title_and_body_segments
HNB_MEDIA_LEXICAL_1.1,HNB_MEDIA_LEXICAL_1.0,2024-Q4,complete,api,term,novčanica,24,991,,below_reporting_threshold,distinct_body_within_quarter,explicit_HNB_title_and_body_segments
HNB_MEDIA_LEXICAL_1.1,HNB_MEDIA_LEXICAL_1.0,2024-Q4,complete,api,term,kovanica,85,991,0.08577194752774975,reported,distinct_body_within_quarter,explicit_HNB_title_and_body_segments
HNB_MEDIA_LEXICAL_1.1,HNB_MEDIA_LEXICAL_1.0,2024-Q4,complete,api,term,zaduživanje,18,991,,below_reporting_threshold,distinct_body_within_quarter,explicit_HNB_title_and_body_segments
HNB_MEDIA_LEXICAL_1.1,HNB_MEDIA_LEXICAL_1.0,2024-Q4,complete,api,term,mjera,46,991,0.04641775983854692,reported,distinct_body_within_quarter,explicit_HNB_title_and_body_segments
HNB_MEDIA_LEXICAL_1.1,HNB_MEDIA_LEXICAL_1.0,2024-Q4,complete,api,term,tržište,40,991,0.04036326942482341,reported,distinct_body_within_quarter,explicit_HNB_title_and_body_segments
HNB_MEDIA_LEXICAL_1.1,HNB_MEDIA_LEXICAL_1.0,2024-Q4,complete,api,term,likvidnost,7,991,,below_reporting_threshold,distinct_body_within_quarter,explicit_HNB_title_and_body_segments
HNB_MEDIA_LEXICAL_1.1,HNB_MEDIA_LEXICAL_1.0,2024-Q4,complete,api,term,kapital,30,991,0.030272452068617558,reported,distinct_body_within_quarter,explicit_HNB_title_and_body_segments
HNB_MEDIA_LEXICAL_1.1,HNB_MEDIA_LEXICAL_1.0,2024-Q4,complete,api,term,odgovornost,7,991,,below_reporting_threshold,distinct_body_within_quarter,explicit_HNB_title_and_body_segments
HNB_MEDIA_LEXICAL_1.1,HNB_MEDIA_LEXICAL_1.0,2024-Q4,complete,api,term,mandat,4,991,,below_reporting_threshold,distinct_body_within_quarter,explicit_HNB_title_and_body_segments
HNB_MEDIA_LEXICAL_1.1,HNB_MEDIA_LEXICAL_1.0,2024-Q4,complete,api,term,savjet,35,991,0.035317860746720484,reported,distinct_body_within_quarter,explicit_HNB_title_and_body_segments
HNB_MEDIA_LEXICAL_1.1,HNB_MEDIA_LEXICAL_1.0,2024-Q4,complete,api,term,dionica,1,991,,below_reporting_threshold,distinct_body_within_quarter,explicit_HNB_title_and_body_segments
HNB_MEDIA_LEXICAL_1.1,HNB_MEDIA_LEXICAL_1.0,2024-Q4,complete,api,term,obveznica,21,991,,below_reporting_threshold,distinct_body_within_quarter,explicit_HNB_title_and_body_segments
HNB_MEDIA_LEXICAL_1.1,HNB_MEDIA_LEXICAL_1.0,2024-Q4,complete,api,term,Vlada,68,991,0.06861755802219979,reported,distinct_body_within_quarter,explicit_HNB_title_and_body_segments
HNB_MEDIA_LEXICAL_1.1,HNB_MEDIA_LEXICAL_1.0,2024-Q4,complete,api,term,Sabor,10,991,,below_reporting_threshold,distinct_body_within_quarter,explicit_HNB_title_and_body_segments
HNB_MEDIA_LEXICAL_1.1,HNB_MEDIA_LEXICAL_1.0,2024-Q4,complete,api,term,BDP,45,991,0.045408678102926335,reported,distinct_body_within_quarter,explicit_HNB_title_and_body_segments
HNB_MEDIA_LEXICAL_1.1,HNB_MEDIA_LEXICAL_1.0,2024-Q4,complete,api,term,investicija,10,991,,below_reporting_threshold,distinct_body_within_quarter,explicit_HNB_title_and_body_segments
HNB_MEDIA_LEXICAL_1.1,HNB_MEDIA_LEXICAL_1.0,2024-Q4,complete,api,term,izvoz,12,991,,below_reporting_threshold,distinct_body_within_quarter,explicit_HNB_title_and_body_segments
HNB_MEDIA_LEXICAL_1.1,HNB_MEDIA_LEXICAL_1.0,2024-Q4,complete,api,term,uvoz,2,991,,below_reporting_threshold,distinct_body_within_quarter,explicit_HNB_title_and_body_segments
HNB_MEDIA_LEXICAL_1.1,HNB_MEDIA_LEXICAL_1.0,2024-Q4,complete,api,term,naknada,129,991,0.1301715438950555,reported,distinct_body_within_quarter,explicit_HNB_title_and_body_segments
HNB_MEDIA_LEXICAL_1.1,HNB_MEDIA_LEXICAL_1.0,2024-Q4,complete,api,term,sanacija,0,991,0.0,zero,distinct_body_within_quarter,explicit_HNB_title_and_body_segments
HNB_MEDIA_LEXICAL_1.1,HNB_MEDIA_LEXICAL_1.0,2024-Q4,complete,api,term,digitalni euro,2,991,,below_reporting_threshold,distinct_body_within_quarter,explicit_HNB_title_and_body_segments
HNB_MEDIA_LEXICAL_1.1,HNB_MEDIA_LEXICAL_1.0,2024-Q4,complete,api,phrase,kamatna stopa,45,991,0.045408678102926335,reported,distinct_body_within_quarter,explicit_HNB_title_and_body_segments
HNB_MEDIA_LEXICAL_1.1,HNB_MEDIA_LEXICAL_1.0,2024-Q4,complete,api,phrase,financijska stabilnost,6,991,,below_reporting_threshold,distinct_body_within_quarter,explicit_HNB_title_and_body_segments
HNB_MEDIA_LEXICAL_1.1,HNB_MEDIA_LEXICAL_1.0,2024-Q4,complete,api,phrase,uvođenje eura,29,991,,below_reporting_threshold,distinct_body_within_quarter,explicit_HNB_title_and_body_segments
HNB_MEDIA_LEXICAL_1.1,HNB_MEDIA_LEXICAL_1.0,2024-Q4,complete,api,phrase,stambeni kredit,35,991,0.035317860746720484,reported,distinct_body_within_quarter,explicit_HNB_title_and_body_segments
HNB_MEDIA_LEXICAL_1.1,HNB_MEDIA_LEXICAL_1.0,2024-Q4,complete,api,phrase,gotovinski kredit,25,991,,below_reporting_threshold,distinct_body_within_quarter,explicit_HNB_title_and_body_segments
HNB_MEDIA_LEXICAL_1.1,HNB_MEDIA_LEXICAL_1.0,2024-Q4,complete,api,phrase,kupovna moć,3,991,,below_reporting_threshold,distinct_body_within_quarter,explicit_HNB_title_and_body_segments
HNB_MEDIA_LEXICAL_1.1,HNB_MEDIA_LEXICAL_1.0,2024-Q4,complete,api,phrase,sukob interesa,0,991,0.0,zero,distinct_body_within_quarter,explicit_HNB_title_and_body_segments
HNB_MEDIA_LEXICAL_1.1,HNB_MEDIA_LEXICAL_1.0,2024-Q4,complete,api,phrase,zaštita potrošača,5,991,,below_reporting_threshold,distinct_body_within_quarter,explicit_HNB_title_and_body_segments
HNB_MEDIA_LEXICAL_1.1,HNB_MEDIA_LEXICAL_1.0,2024-Q4,complete,api,phrase,platni promet,7,991,,below_reporting_threshold,distinct_body_within_quarter,explicit_HNB_title_and_body_segments
HNB_MEDIA_LEXICAL_1.1,HNB_MEDIA_LEXICAL_1.0,2024-Q4,complete,api,phrase,monetarna politika,15,991,,below_reporting_threshold,distinct_body_within_quarter,explicit_HNB_title_and_body_segments
HNB_MEDIA_LEXICAL_1.1,HNB_MEDIA_LEXICAL_1.0,2024-Q4,complete,api,phrase,digitalni euro,2,991,,below_reporting_threshold,distinct_body_within_quarter,explicit_HNB_title_and_body_segments
HNB_MEDIA_LEXICAL_1.1,HNB_MEDIA_LEXICAL_1.0,2024-Q4,complete,api,phrase,kreditna sposobnost,0,991,0.0,zero,distinct_body_within_quarter,explicit_HNB_title_and_body_segments
HNB_MEDIA_LEXICAL_1.1,HNB_MEDIA_LEXICAL_1.0,2025-Q1,complete,api,term,banka,607,2025,0.29975308641975307,reported,distinct_body_within_quarter,explicit_HNB_title_and_body_segments
HNB_MEDIA_LEXICAL_1.1,HNB_MEDIA_LEXICAL_1.0,2025-Q1,complete,api,term,kredit,455,2025,0.22469135802469137,reported,distinct_body_within_quarter,explicit_HNB_title_and_body_segments
HNB_MEDIA_LEXICAL_1.1,HNB_MEDIA_LEXICAL_1.0,2025-Q1,complete,api,term,euro,366,2025,0.18074074074074073,reported,distinct_body_within_quarter,explicit_HNB_title_and_body_segments
HNB_MEDIA_LEXICAL_1.1,HNB_MEDIA_LEXICAL_1.0,2025-Q1,complete,api,term,kuna,99,2025,0.04888888888888889,reported,distinct_body_within_quarter,explicit_HNB_title_and_body_segments
HNB_MEDIA_LEXICAL_1.1,HNB_MEDIA_LEXICAL_1.0,2025-Q1,complete,api,term,inflacija,506,2025,0.24987654320987654,reported,distinct_body_within_quarter,explicit_HNB_title_and_body_segments
HNB_MEDIA_LEXICAL_1.1,HNB_MEDIA_LEXICAL_1.0,2025-Q1,complete,api,term,cijena,572,2025,0.28246913580246913,reported,distinct_body_within_quarter,explicit_HNB_title_and_body_segments
HNB_MEDIA_LEXICAL_1.1,HNB_MEDIA_LEXICAL_1.0,2025-Q1,complete,api,term,kamata,157,2025,0.07753086419753086,reported,distinct_body_within_quarter,explicit_HNB_title_and_body_segments
HNB_MEDIA_LEXICAL_1.1,HNB_MEDIA_LEXICAL_1.0,2025-Q1,complete,api,term,rast,460,2025,0.2271604938271605,reported,distinct_body_within_quarter,explicit_HNB_title_and_body_segments
HNB_MEDIA_LEXICAL_1.1,HNB_MEDIA_LEXICAL_1.0,2025-Q1,complete,api,term,guverner,417,2025,0.20592592592592593,reported,distinct_body_within_quarter,explicit_HNB_title_and_body_segments
HNB_MEDIA_LEXICAL_1.1,HNB_MEDIA_LEXICAL_1.0,2025-Q1,complete,api,term,ESB / ECB,63,2025,0.03111111111111111,reported,distinct_body_within_quarter,explicit_HNB_title_and_body_segments
HNB_MEDIA_LEXICAL_1.1,HNB_MEDIA_LEXICAL_1.0,2025-Q1,complete,api,term,gospodarstvo,121,2025,0.05975308641975308,reported,distinct_body_within_quarter,explicit_HNB_title_and_body_segments
HNB_MEDIA_LEXICAL_1.1,HNB_MEDIA_LEXICAL_1.0,2025-Q1,complete,api,term,potrošač,453,2025,0.2237037037037037,reported,distinct_body_within_quarter,explicit_HNB_title_and_body_segments
HNB_MEDIA_LEXICAL_1.1,HNB_MEDIA_LEXICAL_1.0,2025-Q1,complete,api,term,građanin,413,2025,0.2039506172839506,reported,distinct_body_within_quarter,explicit_HNB_title_and_body_segments
HNB_MEDIA_LEXICAL_1.1,HNB_MEDIA_LEXICAL_1.0,2025-Q1,complete,api,term,plaćanje,81,2025,0.04,reported,distinct_body_within_quarter,explicit_HNB_title_and_body_segments
HNB_MEDIA_LEXICAL_1.1,HNB_MEDIA_LEXICAL_1.0,2025-Q1,complete,api,term,gotovina,148,2025,0.07308641975308643,reported,distinct_body_within_quarter,explicit_HNB_title_and_body_segments
HNB_MEDIA_LEXICAL_1.1,HNB_MEDIA_LEXICAL_1.0,2025-Q1,complete,api,term,depozit,79,2025,0.03901234567901234,reported,distinct_body_within_quarter,explicit_HNB_title_and_body_segments
HNB_MEDIA_LEXICAL_1.1,HNB_MEDIA_LEXICAL_1.0,2025-Q1,complete,api,term,nekretnina,96,2025,0.047407407407407405,reported,distinct_body_within_quarter,explicit_HNB_title_and_body_segments
HNB_MEDIA_LEXICAL_1.1,HNB_MEDIA_LEXICAL_1.0,2025-Q1,complete,api,term,stabilnost,251,2025,0.12395061728395061,reported,distinct_body_within_quarter,explicit_HNB_title_and_body_segments
HNB_MEDIA_LEXICAL_1.1,HNB_MEDIA_LEXICAL_1.0,2025-Q1,complete,api,term,rizik,166,2025,0.0819753086419753,reported,distinct_body_within_quarter,explicit_HNB_title_and_body_segments
HNB_MEDIA_LEXICAL_1.1,HNB_MEDIA_LEXICAL_1.0,2025-Q1,complete,api,term,nadzor,64,2025,0.03160493827160494,reported,distinct_body_within_quarter,explicit_HNB_title_and_body_segments
HNB_MEDIA_LEXICAL_1.1,HNB_MEDIA_LEXICAL_1.0,2025-Q1,complete,api,term,prognoza,40,2025,0.019753086419753086,reported,distinct_body_within_quarter,explicit_HNB_title_and_body_segments
HNB_MEDIA_LEXICAL_1.1,HNB_MEDIA_LEXICAL_1.0,2025-Q1,complete,api,term,projekcija,46,2025,0.02271604938271605,reported,distinct_body_within_quarter,explicit_HNB_title_and_body_segments
HNB_MEDIA_LEXICAL_1.1,HNB_MEDIA_LEXICAL_1.0,2025-Q1,complete,api,term,statistika,34,2025,0.016790123456790124,reported,distinct_body_within_quarter,explicit_HNB_title_and_body_segments
HNB_MEDIA_LEXICAL_1.1,HNB_MEDIA_LEXICAL_1.0,2025-Q1,complete,api,term,tečaj,11,2025,,below_reporting_threshold,distinct_body_within_quarter,explicit_HNB_title_and_body_segments
HNB_MEDIA_LEXICAL_1.1,HNB_MEDIA_LEXICAL_1.0,2025-Q1,complete,api,term,štednja,13,2025,,below_reporting_threshold,distinct_body_within_quarter,explicit_HNB_title_and_body_segments
HNB_MEDIA_LEXICAL_1.1,HNB_MEDIA_LEXICAL_1.0,2025-Q1,complete,api,term,dug,114,2025,0.056296296296296296,reported,distinct_body_within_quarter,explicit_HNB_title_and_body_segments
HNB_MEDIA_LEXICAL_1.1,HNB_MEDIA_LEXICAL_1.0,2025-Q1,complete,api,term,dohodak,106,2025,0.05234567901234568,reported,distinct_body_within_quarter,explicit_HNB_title_and_body_segments
HNB_MEDIA_LEXICAL_1.1,HNB_MEDIA_LEXICAL_1.0,2025-Q1,complete,api,term,plaća,133,2025,0.06567901234567901,reported,distinct_body_within_quarter,explicit_HNB_title_and_body_segments
HNB_MEDIA_LEXICAL_1.1,HNB_MEDIA_LEXICAL_1.0,2025-Q1,complete,api,term,kućanstvo,56,2025,0.027654320987654323,reported,distinct_body_within_quarter,explicit_HNB_title_and_body_segments
HNB_MEDIA_LEXICAL_1.1,HNB_MEDIA_LEXICAL_1.0,2025-Q1,complete,api,term,monetarna politika,106,2025,0.05234567901234568,reported,distinct_body_within_quarter,explicit_HNB_title_and_body_segments
HNB_MEDIA_LEXICAL_1.1,HNB_MEDIA_LEXICAL_1.0,2025-Q1,complete,api,term,europodručje,104,2025,0.05135802469135802,reported,distinct_body_within_quarter,explicit_HNB_title_and_body_segments
HNB_MEDIA_LEXICAL_1.1,HNB_MEDIA_LEXICAL_1.0,2025-Q1,complete,api,term,novčanica,75,2025,0.037037037037037035,reported,distinct_body_within_quarter,explicit_HNB_title_and_body_segments
HNB_MEDIA_LEXICAL_1.1,HNB_MEDIA_LEXICAL_1.0,2025-Q1,complete,api,term,kovanica,80,2025,0.03950617283950617,reported,distinct_body_within_quarter,explicit_HNB_title_and_body_segments
HNB_MEDIA_LEXICAL_1.1,HNB_MEDIA_LEXICAL_1.0,2025-Q1,complete,api,term,zaduživanje,93,2025,0.045925925925925926,reported,distinct_body_within_quarter,explicit_HNB_title_and_body_segments
HNB_MEDIA_LEXICAL_1.1,HNB_MEDIA_LEXICAL_1.0,2025-Q1,complete,api,term,mjera,401,2025,0.1980246913580247,reported,distinct_body_within_quarter,explicit_HNB_title_and_body_segments
HNB_MEDIA_LEXICAL_1.1,HNB_MEDIA_LEXICAL_1.0,2025-Q1,complete,api,term,tržište,138,2025,0.06814814814814815,reported,distinct_body_within_quarter,explicit_HNB_title_and_body_segments
HNB_MEDIA_LEXICAL_1.1,HNB_MEDIA_LEXICAL_1.0,2025-Q1,complete,api,term,likvidnost,24,2025,,below_reporting_threshold,distinct_body_within_quarter,explicit_HNB_title_and_body_segments
HNB_MEDIA_LEXICAL_1.1,HNB_MEDIA_LEXICAL_1.0,2025-Q1,complete,api,term,kapital,49,2025,0.02419753086419753,reported,distinct_body_within_quarter,explicit_HNB_title_and_body_segments
HNB_MEDIA_LEXICAL_1.1,HNB_MEDIA_LEXICAL_1.0,2025-Q1,complete,api,term,odgovornost,91,2025,0.044938271604938275,reported,distinct_body_within_quarter,explicit_HNB_title_and_body_segments
HNB_MEDIA_LEXICAL_1.1,HNB_MEDIA_LEXICAL_1.0,2025-Q1,complete,api,term,mandat,3,2025,,below_reporting_threshold,distinct_body_within_quarter,explicit_HNB_title_and_body_segments
HNB_MEDIA_LEXICAL_1.1,HNB_MEDIA_LEXICAL_1.0,2025-Q1,complete,api,term,savjet,131,2025,0.06469135802469136,reported,distinct_body_within_quarter,explicit_HNB_title_and_body_segments
HNB_MEDIA_LEXICAL_1.1,HNB_MEDIA_LEXICAL_1.0,2025-Q1,complete,api,term,dionica,26,2025,,below_reporting_threshold,distinct_body_within_quarter,explicit_HNB_title_and_body_segments
HNB_MEDIA_LEXICAL_1.1,HNB_MEDIA_LEXICAL_1.0,2025-Q1,complete,api,term,obveznica,12,2025,,below_reporting_threshold,distinct_body_within_quarter,explicit_HNB_title_and_body_segments
HNB_MEDIA_LEXICAL_1.1,HNB_MEDIA_LEXICAL_1.0,2025-Q1,complete,api,term,Vlada,338,2025,0.16691358024691358,reported,distinct_body_within_quarter,explicit_HNB_title_and_body_segments
HNB_MEDIA_LEXICAL_1.1,HNB_MEDIA_LEXICAL_1.0,2025-Q1,complete,api,term,Sabor,97,2025,0.047901234567901234,reported,distinct_body_within_quarter,explicit_HNB_title_and_body_segments
HNB_MEDIA_LEXICAL_1.1,HNB_MEDIA_LEXICAL_1.0,2025-Q1,complete,api,term,BDP,41,2025,0.020246913580246915,reported,distinct_body_within_quarter,explicit_HNB_title_and_body_segments
HNB_MEDIA_LEXICAL_1.1,HNB_MEDIA_LEXICAL_1.0,2025-Q1,complete,api,term,investicija,18,2025,,below_reporting_threshold,distinct_body_within_quarter,explicit_HNB_title_and_body_segments
HNB_MEDIA_LEXICAL_1.1,HNB_MEDIA_LEXICAL_1.0,2025-Q1,complete,api,term,izvoz,20,2025,,below_reporting_threshold,distinct_body_within_quarter,explicit_HNB_title_and_body_segments
HNB_MEDIA_LEXICAL_1.1,HNB_MEDIA_LEXICAL_1.0,2025-Q1,complete,api,term,uvoz,15,2025,,below_reporting_threshold,distinct_body_within_quarter,explicit_HNB_title_and_body_segments
HNB_MEDIA_LEXICAL_1.1,HNB_MEDIA_LEXICAL_1.0,2025-Q1,complete,api,term,naknada,206,2025,0.1017283950617284,reported,distinct_body_within_quarter,explicit_HNB_title_and_body_segments
HNB_MEDIA_LEXICAL_1.1,HNB_MEDIA_LEXICAL_1.0,2025-Q1,complete,api,term,sanacija,6,2025,,below_reporting_threshold,distinct_body_within_quarter,explicit_HNB_title_and_body_segments
HNB_MEDIA_LEXICAL_1.1,HNB_MEDIA_LEXICAL_1.0,2025-Q1,complete,api,term,digitalni euro,3,2025,,below_reporting_threshold,distinct_body_within_quarter,explicit_HNB_title_and_body_segments
HNB_MEDIA_LEXICAL_1.1,HNB_MEDIA_LEXICAL_1.0,2025-Q1,complete,api,phrase,kamatna stopa,84,2025,0.04148148148148148,reported,distinct_body_within_quarter,explicit_HNB_title_and_body_segments
HNB_MEDIA_LEXICAL_1.1,HNB_MEDIA_LEXICAL_1.0,2025-Q1,complete,api,phrase,financijska stabilnost,69,2025,0.034074074074074076,reported,distinct_body_within_quarter,explicit_HNB_title_and_body_segments
HNB_MEDIA_LEXICAL_1.1,HNB_MEDIA_LEXICAL_1.0,2025-Q1,complete,api,phrase,uvođenje eura,14,2025,,below_reporting_threshold,distinct_body_within_quarter,explicit_HNB_title_and_body_segments
HNB_MEDIA_LEXICAL_1.1,HNB_MEDIA_LEXICAL_1.0,2025-Q1,complete,api,phrase,stambeni kredit,134,2025,0.06617283950617284,reported,distinct_body_within_quarter,explicit_HNB_title_and_body_segments
HNB_MEDIA_LEXICAL_1.1,HNB_MEDIA_LEXICAL_1.0,2025-Q1,complete,api,phrase,gotovinski kredit,69,2025,0.034074074074074076,reported,distinct_body_within_quarter,explicit_HNB_title_and_body_segments
HNB_MEDIA_LEXICAL_1.1,HNB_MEDIA_LEXICAL_1.0,2025-Q1,complete,api,phrase,kupovna moć,4,2025,,below_reporting_threshold,distinct_body_within_quarter,explicit_HNB_title_and_body_segments
HNB_MEDIA_LEXICAL_1.1,HNB_MEDIA_LEXICAL_1.0,2025-Q1,complete,api,phrase,sukob interesa,0,2025,0.0,zero,distinct_body_within_quarter,explicit_HNB_title_and_body_segments
HNB_MEDIA_LEXICAL_1.1,HNB_MEDIA_LEXICAL_1.0,2025-Q1,complete,api,phrase,zaštita potrošača,49,2025,0.02419753086419753,reported,distinct_body_within_quarter,explicit_HNB_title_and_body_segments
HNB_MEDIA_LEXICAL_1.1,HNB_MEDIA_LEXICAL_1.0,2025-Q1,complete,api,phrase,platni promet,39,2025,0.01925925925925926,reported,distinct_body_within_quarter,explicit_HNB_title_and_body_segments
HNB_MEDIA_LEXICAL_1.1,HNB_MEDIA_LEXICAL_1.0,2025-Q1,complete,api,phrase,monetarna politika,106,2025,0.05234567901234568,reported,distinct_body_within_quarter,explicit_HNB_title_and_body_segments
HNB_MEDIA_LEXICAL_1.1,HNB_MEDIA_LEXICAL_1.0,2025-Q1,complete,api,phrase,digitalni euro,3,2025,,below_reporting_threshold,distinct_body_within_quarter,explicit_HNB_title_and_body_segments
HNB_MEDIA_LEXICAL_1.1,HNB_MEDIA_LEXICAL_1.0,2025-Q1,complete,api,phrase,kreditna sposobnost,57,2025,0.028148148148148148,reported,distinct_body_within_quarter,explicit_HNB_title_and_body_segments
HNB_MEDIA_LEXICAL_1.1,HNB_MEDIA_LEXICAL_1.0,2025-Q2,complete,api,term,banka,370,948,0.39029535864978904,reported,distinct_body_within_quarter,explicit_HNB_title_and_body_segments
HNB_MEDIA_LEXICAL_1.1,HNB_MEDIA_LEXICAL_1.0,2025-Q2,complete,api,term,kredit,192,948,0.20253164556962025,reported,distinct_body_within_quarter,explicit_HNB_title_and_body_segments
HNB_MEDIA_LEXICAL_1.1,HNB_MEDIA_LEXICAL_1.0,2025-Q2,complete,api,term,euro,222,948,0.23417721518987342,reported,distinct_body_within_quarter,explicit_HNB_title_and_body_segments
HNB_MEDIA_LEXICAL_1.1,HNB_MEDIA_LEXICAL_1.0,2025-Q2,complete,api,term,kuna,30,948,0.03164556962025317,reported,distinct_body_within_quarter,explicit_HNB_title_and_body_segments
HNB_MEDIA_LEXICAL_1.1,HNB_MEDIA_LEXICAL_1.0,2025-Q2,complete,api,term,inflacija,170,948,0.17932489451476794,reported,distinct_body_within_quarter,explicit_HNB_title_and_body_segments
HNB_MEDIA_LEXICAL_1.1,HNB_MEDIA_LEXICAL_1.0,2025-Q2,complete,api,term,cijena,139,948,0.14662447257383968,reported,distinct_body_within_quarter,explicit_HNB_title_and_body_segments
HNB_MEDIA_LEXICAL_1.1,HNB_MEDIA_LEXICAL_1.0,2025-Q2,complete,api,term,kamata,89,948,0.0938818565400844,reported,distinct_body_within_quarter,explicit_HNB_title_and_body_segments
HNB_MEDIA_LEXICAL_1.1,HNB_MEDIA_LEXICAL_1.0,2025-Q2,complete,api,term,rast,240,948,0.25316455696202533,reported,distinct_body_within_quarter,explicit_HNB_title_and_body_segments
HNB_MEDIA_LEXICAL_1.1,HNB_MEDIA_LEXICAL_1.0,2025-Q2,complete,api,term,guverner,249,948,0.2626582278481013,reported,distinct_body_within_quarter,explicit_HNB_title_and_body_segments
HNB_MEDIA_LEXICAL_1.1,HNB_MEDIA_LEXICAL_1.0,2025-Q2,complete,api,term,ESB / ECB,31,948,0.03270042194092827,reported,distinct_body_within_quarter,explicit_HNB_title_and_body_segments
HNB_MEDIA_LEXICAL_1.1,HNB_MEDIA_LEXICAL_1.0,2025-Q2,complete,api,term,gospodarstvo,94,948,0.09915611814345991,reported,distinct_body_within_quarter,explicit_HNB_title_and_body_segments
HNB_MEDIA_LEXICAL_1.1,HNB_MEDIA_LEXICAL_1.0,2025-Q2,complete,api,term,potrošač,74,948,0.07805907172995781,reported,distinct_body_within_quarter,explicit_HNB_title_and_body_segments
HNB_MEDIA_LEXICAL_1.1,HNB_MEDIA_LEXICAL_1.0,2025-Q2,complete,api,term,građanin,154,948,0.16244725738396623,reported,distinct_body_within_quarter,explicit_HNB_title_and_body_segments
HNB_MEDIA_LEXICAL_1.1,HNB_MEDIA_LEXICAL_1.0,2025-Q2,complete,api,term,plaćanje,58,948,0.06118143459915612,reported,distinct_body_within_quarter,explicit_HNB_title_and_body_segments
HNB_MEDIA_LEXICAL_1.1,HNB_MEDIA_LEXICAL_1.0,2025-Q2,complete,api,term,gotovina,54,948,0.056962025316455694,reported,distinct_body_within_quarter,explicit_HNB_title_and_body_segments
HNB_MEDIA_LEXICAL_1.1,HNB_MEDIA_LEXICAL_1.0,2025-Q2,complete,api,term,depozit,23,948,,below_reporting_threshold,distinct_body_within_quarter,explicit_HNB_title_and_body_segments
HNB_MEDIA_LEXICAL_1.1,HNB_MEDIA_LEXICAL_1.0,2025-Q2,complete,api,term,nekretnina,56,948,0.05907172995780591,reported,distinct_body_within_quarter,explicit_HNB_title_and_body_segments
HNB_MEDIA_LEXICAL_1.1,HNB_MEDIA_LEXICAL_1.0,2025-Q2,complete,api,term,stabilnost,91,948,0.09599156118143459,reported,distinct_body_within_quarter,explicit_HNB_title_and_body_segments
HNB_MEDIA_LEXICAL_1.1,HNB_MEDIA_LEXICAL_1.0,2025-Q2,complete,api,term,rizik,46,948,0.04852320675105485,reported,distinct_body_within_quarter,explicit_HNB_title_and_body_segments
HNB_MEDIA_LEXICAL_1.1,HNB_MEDIA_LEXICAL_1.0,2025-Q2,complete,api,term,nadzor,21,948,,below_reporting_threshold,distinct_body_within_quarter,explicit_HNB_title_and_body_segments
HNB_MEDIA_LEXICAL_1.1,HNB_MEDIA_LEXICAL_1.0,2025-Q2,complete,api,term,prognoza,53,948,0.05590717299578059,reported,distinct_body_within_quarter,explicit_HNB_title_and_body_segments
HNB_MEDIA_LEXICAL_1.1,HNB_MEDIA_LEXICAL_1.0,2025-Q2,complete,api,term,projekcija,36,948,0.0379746835443038,reported,distinct_body_within_quarter,explicit_HNB_title_and_body_segments
HNB_MEDIA_LEXICAL_1.1,HNB_MEDIA_LEXICAL_1.0,2025-Q2,complete,api,term,statistika,33,948,0.03481012658227848,reported,distinct_body_within_quarter,explicit_HNB_title_and_body_segments
HNB_MEDIA_LEXICAL_1.1,HNB_MEDIA_LEXICAL_1.0,2025-Q2,complete,api,term,tečaj,4,948,,below_reporting_threshold,distinct_body_within_quarter,explicit_HNB_title_and_body_segments
HNB_MEDIA_LEXICAL_1.1,HNB_MEDIA_LEXICAL_1.0,2025-Q2,complete,api,term,štednja,8,948,,below_reporting_threshold,distinct_body_within_quarter,explicit_HNB_title_and_body_segments
HNB_MEDIA_LEXICAL_1.1,HNB_MEDIA_LEXICAL_1.0,2025-Q2,complete,api,term,dug,20,948,,below_reporting_threshold,distinct_body_within_quarter,explicit_HNB_title_and_body_segments
HNB_MEDIA_LEXICAL_1.1,HNB_MEDIA_LEXICAL_1.0,2025-Q2,complete,api,term,dohodak,26,948,,below_reporting_threshold,distinct_body_within_quarter,explicit_HNB_title_and_body_segments
HNB_MEDIA_LEXICAL_1.1,HNB_MEDIA_LEXICAL_1.0,2025-Q2,complete,api,term,plaća,47,948,0.049578059071729956,reported,distinct_body_within_quarter,explicit_HNB_title_and_body_segments
HNB_MEDIA_LEXICAL_1.1,HNB_MEDIA_LEXICAL_1.0,2025-Q2,complete,api,term,kućanstvo,17,948,,below_reporting_threshold,distinct_body_within_quarter,explicit_HNB_title_and_body_segments
HNB_MEDIA_LEXICAL_1.1,HNB_MEDIA_LEXICAL_1.0,2025-Q2,complete,api,term,monetarna politika,33,948,0.03481012658227848,reported,distinct_body_within_quarter,explicit_HNB_title_and_body_segments
HNB_MEDIA_LEXICAL_1.1,HNB_MEDIA_LEXICAL_1.0,2025-Q2,complete,api,term,europodručje,50,948,0.052742616033755275,reported,distinct_body_within_quarter,explicit_HNB_title_and_body_segments
HNB_MEDIA_LEXICAL_1.1,HNB_MEDIA_LEXICAL_1.0,2025-Q2,complete,api,term,novčanica,17,948,,below_reporting_threshold,distinct_body_within_quarter,explicit_HNB_title_and_body_segments
HNB_MEDIA_LEXICAL_1.1,HNB_MEDIA_LEXICAL_1.0,2025-Q2,complete,api,term,kovanica,63,948,0.06645569620253164,reported,distinct_body_within_quarter,explicit_HNB_title_and_body_segments
HNB_MEDIA_LEXICAL_1.1,HNB_MEDIA_LEXICAL_1.0,2025-Q2,complete,api,term,zaduživanje,32,948,0.03375527426160337,reported,distinct_body_within_quarter,explicit_HNB_title_and_body_segments
HNB_MEDIA_LEXICAL_1.1,HNB_MEDIA_LEXICAL_1.0,2025-Q2,complete,api,term,mjera,74,948,0.07805907172995781,reported,distinct_body_within_quarter,explicit_HNB_title_and_body_segments
HNB_MEDIA_LEXICAL_1.1,HNB_MEDIA_LEXICAL_1.0,2025-Q2,complete,api,term,tržište,88,948,0.09282700421940929,reported,distinct_body_within_quarter,explicit_HNB_title_and_body_segments
HNB_MEDIA_LEXICAL_1.1,HNB_MEDIA_LEXICAL_1.0,2025-Q2,complete,api,term,likvidnost,13,948,,below_reporting_threshold,distinct_body_within_quarter,explicit_HNB_title_and_body_segments
HNB_MEDIA_LEXICAL_1.1,HNB_MEDIA_LEXICAL_1.0,2025-Q2,complete,api,term,kapital,23,948,,below_reporting_threshold,distinct_body_within_quarter,explicit_HNB_title_and_body_segments
HNB_MEDIA_LEXICAL_1.1,HNB_MEDIA_LEXICAL_1.0,2025-Q2,complete,api,term,odgovornost,4,948,,below_reporting_threshold,distinct_body_within_quarter,explicit_HNB_title_and_body_segments
HNB_MEDIA_LEXICAL_1.1,HNB_MEDIA_LEXICAL_1.0,2025-Q2,complete,api,term,mandat,4,948,,below_reporting_threshold,distinct_body_within_quarter,explicit_HNB_title_and_body_segments
HNB_MEDIA_LEXICAL_1.1,HNB_MEDIA_LEXICAL_1.0,2025-Q2,complete,api,term,savjet,43,948,0.04535864978902954,reported,distinct_body_within_quarter,explicit_HNB_title_and_body_segments
HNB_MEDIA_LEXICAL_1.1,HNB_MEDIA_LEXICAL_1.0,2025-Q2,complete,api,term,dionica,5,948,,below_reporting_threshold,distinct_body_within_quarter,explicit_HNB_title_and_body_segments
HNB_MEDIA_LEXICAL_1.1,HNB_MEDIA_LEXICAL_1.0,2025-Q2,complete,api,term,obveznica,3,948,,below_reporting_threshold,distinct_body_within_quarter,explicit_HNB_title_and_body_segments
HNB_MEDIA_LEXICAL_1.1,HNB_MEDIA_LEXICAL_1.0,2025-Q2,complete,api,term,Vlada,94,948,0.09915611814345991,reported,distinct_body_within_quarter,explicit_HNB_title_and_body_segments
HNB_MEDIA_LEXICAL_1.1,HNB_MEDIA_LEXICAL_1.0,2025-Q2,complete,api,term,Sabor,22,948,,below_reporting_threshold,distinct_body_within_quarter,explicit_HNB_title_and_body_segments
HNB_MEDIA_LEXICAL_1.1,HNB_MEDIA_LEXICAL_1.0,2025-Q2,complete,api,term,BDP,48,948,0.05063291139240506,reported,distinct_body_within_quarter,explicit_HNB_title_and_body_segments
HNB_MEDIA_LEXICAL_1.1,HNB_MEDIA_LEXICAL_1.0,2025-Q2,complete,api,term,investicija,38,948,0.04008438818565401,reported,distinct_body_within_quarter,explicit_HNB_title_and_body_segments
HNB_MEDIA_LEXICAL_1.1,HNB_MEDIA_LEXICAL_1.0,2025-Q2,complete,api,term,izvoz,23,948,,below_reporting_threshold,distinct_body_within_quarter,explicit_HNB_title_and_body_segments
HNB_MEDIA_LEXICAL_1.1,HNB_MEDIA_LEXICAL_1.0,2025-Q2,complete,api,term,uvoz,22,948,,below_reporting_threshold,distinct_body_within_quarter,explicit_HNB_title_and_body_segments
HNB_MEDIA_LEXICAL_1.1,HNB_MEDIA_LEXICAL_1.0,2025-Q2,complete,api,term,naknada,52,948,0.05485232067510549,reported,distinct_body_within_quarter,explicit_HNB_title_and_body_segments
HNB_MEDIA_LEXICAL_1.1,HNB_MEDIA_LEXICAL_1.0,2025-Q2,complete,api,term,sanacija,1,948,,below_reporting_threshold,distinct_body_within_quarter,explicit_HNB_title_and_body_segments
HNB_MEDIA_LEXICAL_1.1,HNB_MEDIA_LEXICAL_1.0,2025-Q2,complete,api,term,digitalni euro,22,948,,below_reporting_threshold,distinct_body_within_quarter,explicit_HNB_title_and_body_segments
HNB_MEDIA_LEXICAL_1.1,HNB_MEDIA_LEXICAL_1.0,2025-Q2,complete,api,phrase,kamatna stopa,60,948,0.06329113924050633,reported,distinct_body_within_quarter,explicit_HNB_title_and_body_segments
HNB_MEDIA_LEXICAL_1.1,HNB_MEDIA_LEXICAL_1.0,2025-Q2,complete,api,phrase,financijska stabilnost,27,948,,below_reporting_threshold,distinct_body_within_quarter,explicit_HNB_title_and_body_segments
HNB_MEDIA_LEXICAL_1.1,HNB_MEDIA_LEXICAL_1.0,2025-Q2,complete,api,phrase,uvođenje eura,21,948,,below_reporting_threshold,distinct_body_within_quarter,explicit_HNB_title_and_body_segments
HNB_MEDIA_LEXICAL_1.1,HNB_MEDIA_LEXICAL_1.0,2025-Q2,complete,api,phrase,stambeni kredit,58,948,0.06118143459915612,reported,distinct_body_within_quarter,explicit_HNB_title_and_body_segments
HNB_MEDIA_LEXICAL_1.1,HNB_MEDIA_LEXICAL_1.0,2025-Q2,complete,api,phrase,gotovinski kredit,23,948,,below_reporting_threshold,distinct_body_within_quarter,explicit_HNB_title_and_body_segments
HNB_MEDIA_LEXICAL_1.1,HNB_MEDIA_LEXICAL_1.0,2025-Q2,complete,api,phrase,kupovna moć,1,948,,below_reporting_threshold,distinct_body_within_quarter,explicit_HNB_title_and_body_segments
HNB_MEDIA_LEXICAL_1.1,HNB_MEDIA_LEXICAL_1.0,2025-Q2,complete,api,phrase,sukob interesa,1,948,,below_reporting_threshold,distinct_body_within_quarter,explicit_HNB_title_and_body_segments
HNB_MEDIA_LEXICAL_1.1,HNB_MEDIA_LEXICAL_1.0,2025-Q2,complete,api,phrase,zaštita potrošača,0,948,0.0,zero,distinct_body_within_quarter,explicit_HNB_title_and_body_segments
HNB_MEDIA_LEXICAL_1.1,HNB_MEDIA_LEXICAL_1.0,2025-Q2,complete,api,phrase,platni promet,4,948,,below_reporting_threshold,distinct_body_within_quarter,explicit_HNB_title_and_body_segments
HNB_MEDIA_LEXICAL_1.1,HNB_MEDIA_LEXICAL_1.0,2025-Q2,complete,api,phrase,monetarna politika,33,948,0.03481012658227848,reported,distinct_body_within_quarter,explicit_HNB_title_and_body_segments
HNB_MEDIA_LEXICAL_1.1,HNB_MEDIA_LEXICAL_1.0,2025-Q2,complete,api,phrase,digitalni euro,22,948,,below_reporting_threshold,distinct_body_within_quarter,explicit_HNB_title_and_body_segments
HNB_MEDIA_LEXICAL_1.1,HNB_MEDIA_LEXICAL_1.0,2025-Q2,complete,api,phrase,kreditna sposobnost,25,948,,below_reporting_threshold,distinct_body_within_quarter,explicit_HNB_title_and_body_segments
HNB_MEDIA_LEXICAL_1.1,HNB_MEDIA_LEXICAL_1.0,2025-Q3,complete,api,term,banka,248,1042,0.2380038387715931,reported,distinct_body_within_quarter,explicit_HNB_title_and_body_segments
HNB_MEDIA_LEXICAL_1.1,HNB_MEDIA_LEXICAL_1.0,2025-Q3,complete,api,term,kredit,228,1042,0.21880998080614203,reported,distinct_body_within_quarter,explicit_HNB_title_and_body_segments
HNB_MEDIA_LEXICAL_1.1,HNB_MEDIA_LEXICAL_1.0,2025-Q3,complete,api,term,euro,327,1042,0.31381957773512476,reported,distinct_body_within_quarter,explicit_HNB_title_and_body_segments
HNB_MEDIA_LEXICAL_1.1,HNB_MEDIA_LEXICAL_1.0,2025-Q3,complete,api,term,kuna,40,1042,0.03838771593090211,reported,distinct_body_within_quarter,explicit_HNB_title_and_body_segments
HNB_MEDIA_LEXICAL_1.1,HNB_MEDIA_LEXICAL_1.0,2025-Q3,complete,api,term,inflacija,173,1042,0.16602687140115163,reported,distinct_body_within_quarter,explicit_HNB_title_and_body_segments
HNB_MEDIA_LEXICAL_1.1,HNB_MEDIA_LEXICAL_1.0,2025-Q3,complete,api,term,cijena,162,1042,0.15547024952015356,reported,distinct_body_within_quarter,explicit_HNB_title_and_body_segments
HNB_MEDIA_LEXICAL_1.1,HNB_MEDIA_LEXICAL_1.0,2025-Q3,complete,api,term,kamata,92,1042,0.08829174664107485,reported,distinct_body_within_quarter,explicit_HNB_title_and_body_segments
HNB_MEDIA_LEXICAL_1.1,HNB_MEDIA_LEXICAL_1.0,2025-Q3,complete,api,term,rast,244,1042,0.23416506717850288,reported,distinct_body_within_quarter,explicit_HNB_title_and_body_segments
HNB_MEDIA_LEXICAL_1.1,HNB_MEDIA_LEXICAL_1.0,2025-Q3,complete,api,term,guverner,169,1042,0.16218809980806143,reported,distinct_body_within_quarter,explicit_HNB_title_and_body_segments
HNB_MEDIA_LEXICAL_1.1,HNB_MEDIA_LEXICAL_1.0,2025-Q3,complete,api,term,ESB / ECB,46,1042,0.044145873320537425,reported,distinct_body_within_quarter,explicit_HNB_title_and_body_segments
HNB_MEDIA_LEXICAL_1.1,HNB_MEDIA_LEXICAL_1.0,2025-Q3,complete,api,term,gospodarstvo,55,1042,0.052783109404990404,reported,distinct_body_within_quarter,explicit_HNB_title_and_body_segments
HNB_MEDIA_LEXICAL_1.1,HNB_MEDIA_LEXICAL_1.0,2025-Q3,complete,api,term,potrošač,117,1042,0.11228406909788867,reported,distinct_body_within_quarter,explicit_HNB_title_and_body_segments
HNB_MEDIA_LEXICAL_1.1,HNB_MEDIA_LEXICAL_1.0,2025-Q3,complete,api,term,građanin,179,1042,0.17178502879078694,reported,distinct_body_within_quarter,explicit_HNB_title_and_body_segments
HNB_MEDIA_LEXICAL_1.1,HNB_MEDIA_LEXICAL_1.0,2025-Q3,complete,api,term,plaćanje,72,1042,0.0690978886756238,reported,distinct_body_within_quarter,explicit_HNB_title_and_body_segments
HNB_MEDIA_LEXICAL_1.1,HNB_MEDIA_LEXICAL_1.0,2025-Q3,complete,api,term,gotovina,145,1042,0.13915547024952016,reported,distinct_body_within_quarter,explicit_HNB_title_and_body_segments
HNB_MEDIA_LEXICAL_1.1,HNB_MEDIA_LEXICAL_1.0,2025-Q3,complete,api,term,depozit,40,1042,0.03838771593090211,reported,distinct_body_within_quarter,explicit_HNB_title_and_body_segments
HNB_MEDIA_LEXICAL_1.1,HNB_MEDIA_LEXICAL_1.0,2025-Q3,complete,api,term,nekretnina,104,1042,0.09980806142034548,reported,distinct_body_within_quarter,explicit_HNB_title_and_body_segments
HNB_MEDIA_LEXICAL_1.1,HNB_MEDIA_LEXICAL_1.0,2025-Q3,complete,api,term,stabilnost,88,1042,0.08445297504798464,reported,distinct_body_within_quarter,explicit_HNB_title_and_body_segments
HNB_MEDIA_LEXICAL_1.1,HNB_MEDIA_LEXICAL_1.0,2025-Q3,complete,api,term,rizik,67,1042,0.06429942418426103,reported,distinct_body_within_quarter,explicit_HNB_title_and_body_segments
HNB_MEDIA_LEXICAL_1.1,HNB_MEDIA_LEXICAL_1.0,2025-Q3,complete,api,term,nadzor,15,1042,,below_reporting_threshold,distinct_body_within_quarter,explicit_HNB_title_and_body_segments
HNB_MEDIA_LEXICAL_1.1,HNB_MEDIA_LEXICAL_1.0,2025-Q3,complete,api,term,prognoza,34,1042,0.03262955854126679,reported,distinct_body_within_quarter,explicit_HNB_title_and_body_segments
HNB_MEDIA_LEXICAL_1.1,HNB_MEDIA_LEXICAL_1.0,2025-Q3,complete,api,term,projekcija,73,1042,0.07005758157389635,reported,distinct_body_within_quarter,explicit_HNB_title_and_body_segments
HNB_MEDIA_LEXICAL_1.1,HNB_MEDIA_LEXICAL_1.0,2025-Q3,complete,api,term,statistika,45,1042,0.04318618042226487,reported,distinct_body_within_quarter,explicit_HNB_title_and_body_segments
HNB_MEDIA_LEXICAL_1.1,HNB_MEDIA_LEXICAL_1.0,2025-Q3,complete,api,term,tečaj,3,1042,,below_reporting_threshold,distinct_body_within_quarter,explicit_HNB_title_and_body_segments
HNB_MEDIA_LEXICAL_1.1,HNB_MEDIA_LEXICAL_1.0,2025-Q3,complete,api,term,štednja,13,1042,,below_reporting_threshold,distinct_body_within_quarter,explicit_HNB_title_and_body_segments
HNB_MEDIA_LEXICAL_1.1,HNB_MEDIA_LEXICAL_1.0,2025-Q3,complete,api,term,dug,48,1042,0.046065259117082535,reported,distinct_body_within_quarter,explicit_HNB_title_and_body_segments
HNB_MEDIA_LEXICAL_1.1,HNB_MEDIA_LEXICAL_1.0,2025-Q3,complete,api,term,dohodak,50,1042,0.04798464491362764,reported,distinct_body_within_quarter,explicit_HNB_title_and_body_segments
HNB_MEDIA_LEXICAL_1.1,HNB_MEDIA_LEXICAL_1.0,2025-Q3,complete,api,term,plaća,115,1042,0.11036468330134357,reported,distinct_body_within_quarter,explicit_HNB_title_and_body_segments
HNB_MEDIA_LEXICAL_1.1,HNB_MEDIA_LEXICAL_1.0,2025-Q3,complete,api,term,kućanstvo,18,1042,,below_reporting_threshold,distinct_body_within_quarter,explicit_HNB_title_and_body_segments
HNB_MEDIA_LEXICAL_1.1,HNB_MEDIA_LEXICAL_1.0,2025-Q3,complete,api,term,monetarna politika,19,1042,,below_reporting_threshold,distinct_body_within_quarter,explicit_HNB_title_and_body_segments
HNB_MEDIA_LEXICAL_1.1,HNB_MEDIA_LEXICAL_1.0,2025-Q3,complete,api,term,europodručje,54,1042,0.05182341650671785,reported,distinct_body_within_quarter,explicit_HNB_title_and_body_segments
HNB_MEDIA_LEXICAL_1.1,HNB_MEDIA_LEXICAL_1.0,2025-Q3,complete,api,term,novčanica,68,1042,0.06525911708253358,reported,distinct_body_within_quarter,explicit_HNB_title_and_body_segments
HNB_MEDIA_LEXICAL_1.1,HNB_MEDIA_LEXICAL_1.0,2025-Q3,complete,api,term,kovanica,107,1042,0.10268714011516315,reported,distinct_body_within_quarter,explicit_HNB_title_and_body_segments
HNB_MEDIA_LEXICAL_1.1,HNB_MEDIA_LEXICAL_1.0,2025-Q3,complete,api,term,zaduživanje,59,1042,0.05662188099808062,reported,distinct_body_within_quarter,explicit_HNB_title_and_body_segments
HNB_MEDIA_LEXICAL_1.1,HNB_MEDIA_LEXICAL_1.0,2025-Q3,complete,api,term,mjera,175,1042,0.16794625719769674,reported,distinct_body_within_quarter,explicit_HNB_title_and_body_segments
HNB_MEDIA_LEXICAL_1.1,HNB_MEDIA_LEXICAL_1.0,2025-Q3,complete,api,term,tržište,72,1042,0.0690978886756238,reported,distinct_body_within_quarter,explicit_HNB_title_and_body_segments
HNB_MEDIA_LEXICAL_1.1,HNB_MEDIA_LEXICAL_1.0,2025-Q3,complete,api,term,likvidnost,4,1042,,below_reporting_threshold,distinct_body_within_quarter,explicit_HNB_title_and_body_segments
HNB_MEDIA_LEXICAL_1.1,HNB_MEDIA_LEXICAL_1.0,2025-Q3,complete,api,term,kapital,31,1042,0.029750479846449136,reported,distinct_body_within_quarter,explicit_HNB_title_and_body_segments
HNB_MEDIA_LEXICAL_1.1,HNB_MEDIA_LEXICAL_1.0,2025-Q3,complete,api,term,odgovornost,6,1042,,below_reporting_threshold,distinct_body_within_quarter,explicit_HNB_title_and_body_segments
HNB_MEDIA_LEXICAL_1.1,HNB_MEDIA_LEXICAL_1.0,2025-Q3,complete,api,term,mandat,20,1042,,below_reporting_threshold,distinct_body_within_quarter,explicit_HNB_title_and_body_segments
HNB_MEDIA_LEXICAL_1.1,HNB_MEDIA_LEXICAL_1.0,2025-Q3,complete,api,term,savjet,48,1042,0.046065259117082535,reported,distinct_body_within_quarter,explicit_HNB_title_and_body_segments
HNB_MEDIA_LEXICAL_1.1,HNB_MEDIA_LEXICAL_1.0,2025-Q3,complete,api,term,dionica,24,1042,,below_reporting_threshold,distinct_body_within_quarter,explicit_HNB_title_and_body_segments
HNB_MEDIA_LEXICAL_1.1,HNB_MEDIA_LEXICAL_1.0,2025-Q3,complete,api,term,obveznica,10,1042,,below_reporting_threshold,distinct_body_within_quarter,explicit_HNB_title_and_body_segments
HNB_MEDIA_LEXICAL_1.1,HNB_MEDIA_LEXICAL_1.0,2025-Q3,complete,api,term,Vlada,69,1042,0.06621880998080615,reported,distinct_body_within_quarter,explicit_HNB_title_and_body_segments
HNB_MEDIA_LEXICAL_1.1,HNB_MEDIA_LEXICAL_1.0,2025-Q3,complete,api,term,Sabor,34,1042,0.03262955854126679,reported,distinct_body_within_quarter,explicit_HNB_title_and_body_segments
HNB_MEDIA_LEXICAL_1.1,HNB_MEDIA_LEXICAL_1.0,2025-Q3,complete,api,term,BDP,40,1042,0.03838771593090211,reported,distinct_body_within_quarter,explicit_HNB_title_and_body_segments
HNB_MEDIA_LEXICAL_1.1,HNB_MEDIA_LEXICAL_1.0,2025-Q3,complete,api,term,investicija,44,1042,0.04222648752399232,reported,distinct_body_within_quarter,explicit_HNB_title_and_body_segments
HNB_MEDIA_LEXICAL_1.1,HNB_MEDIA_LEXICAL_1.0,2025-Q3,complete,api,term,izvoz,13,1042,,below_reporting_threshold,distinct_body_within_quarter,explicit_HNB_title_and_body_segments
HNB_MEDIA_LEXICAL_1.1,HNB_MEDIA_LEXICAL_1.0,2025-Q3,complete,api,term,uvoz,14,1042,,below_reporting_threshold,distinct_body_within_quarter,explicit_HNB_title_and_body_segments
HNB_MEDIA_LEXICAL_1.1,HNB_MEDIA_LEXICAL_1.0,2025-Q3,complete,api,term,naknada,54,1042,0.05182341650671785,reported,distinct_body_within_quarter,explicit_HNB_title_and_body_segments
HNB_MEDIA_LEXICAL_1.1,HNB_MEDIA_LEXICAL_1.0,2025-Q3,complete,api,term,sanacija,0,1042,0.0,zero,distinct_body_within_quarter,explicit_HNB_title_and_body_segments
HNB_MEDIA_LEXICAL_1.1,HNB_MEDIA_LEXICAL_1.0,2025-Q3,complete,api,term,digitalni euro,62,1042,0.05950095969289827,reported,distinct_body_within_quarter,explicit_HNB_title_and_body_segments
HNB_MEDIA_LEXICAL_1.1,HNB_MEDIA_LEXICAL_1.0,2025-Q3,complete,api,phrase,kamatna stopa,71,1042,0.06813819577735125,reported,distinct_body_within_quarter,explicit_HNB_title_and_body_segments
HNB_MEDIA_LEXICAL_1.1,HNB_MEDIA_LEXICAL_1.0,2025-Q3,complete,api,phrase,financijska stabilnost,49,1042,0.04702495201535509,reported,distinct_body_within_quarter,explicit_HNB_title_and_body_segments
HNB_MEDIA_LEXICAL_1.1,HNB_MEDIA_LEXICAL_1.0,2025-Q3,complete,api,phrase,uvođenje eura,15,1042,,below_reporting_threshold,distinct_body_within_quarter,explicit_HNB_title_and_body_segments
HNB_MEDIA_LEXICAL_1.1,HNB_MEDIA_LEXICAL_1.0,2025-Q3,complete,api,phrase,stambeni kredit,83,1042,0.07965451055662189,reported,distinct_body_within_quarter,explicit_HNB_title_and_body_segments
HNB_MEDIA_LEXICAL_1.1,HNB_MEDIA_LEXICAL_1.0,2025-Q3,complete,api,phrase,gotovinski kredit,18,1042,,below_reporting_threshold,distinct_body_within_quarter,explicit_HNB_title_and_body_segments
HNB_MEDIA_LEXICAL_1.1,HNB_MEDIA_LEXICAL_1.0,2025-Q3,complete,api,phrase,kupovna moć,1,1042,,below_reporting_threshold,distinct_body_within_quarter,explicit_HNB_title_and_body_segments
HNB_MEDIA_LEXICAL_1.1,HNB_MEDIA_LEXICAL_1.0,2025-Q3,complete,api,phrase,sukob interesa,1,1042,,below_reporting_threshold,distinct_body_within_quarter,explicit_HNB_title_and_body_segments
HNB_MEDIA_LEXICAL_1.1,HNB_MEDIA_LEXICAL_1.0,2025-Q3,complete,api,phrase,zaštita potrošača,5,1042,,below_reporting_threshold,distinct_body_within_quarter,explicit_HNB_title_and_body_segments
HNB_MEDIA_LEXICAL_1.1,HNB_MEDIA_LEXICAL_1.0,2025-Q3,complete,api,phrase,platni promet,4,1042,,below_reporting_threshold,distinct_body_within_quarter,explicit_HNB_title_and_body_segments
HNB_MEDIA_LEXICAL_1.1,HNB_MEDIA_LEXICAL_1.0,2025-Q3,complete,api,phrase,monetarna politika,19,1042,,below_reporting_threshold,distinct_body_within_quarter,explicit_HNB_title_and_body_segments
HNB_MEDIA_LEXICAL_1.1,HNB_MEDIA_LEXICAL_1.0,2025-Q3,complete,api,phrase,digitalni euro,62,1042,0.05950095969289827,reported,distinct_body_within_quarter,explicit_HNB_title_and_body_segments
HNB_MEDIA_LEXICAL_1.1,HNB_MEDIA_LEXICAL_1.0,2025-Q3,complete,api,phrase,kreditna sposobnost,6,1042,,below_reporting_threshold,distinct_body_within_quarter,explicit_HNB_title_and_body_segments
HNB_MEDIA_LEXICAL_1.1,HNB_MEDIA_LEXICAL_1.0,2025-Q4,complete,api,term,banka,298,1203,0.24771404821280132,reported,distinct_body_within_quarter,explicit_HNB_title_and_body_segments
HNB_MEDIA_LEXICAL_1.1,HNB_MEDIA_LEXICAL_1.0,2025-Q4,complete,api,term,kredit,192,1203,0.1596009975062344,reported,distinct_body_within_quarter,explicit_HNB_title_and_body_segments
HNB_MEDIA_LEXICAL_1.1,HNB_MEDIA_LEXICAL_1.0,2025-Q4,complete,api,term,euro,453,1203,0.3765586034912718,reported,distinct_body_within_quarter,explicit_HNB_title_and_body_segments
HNB_MEDIA_LEXICAL_1.1,HNB_MEDIA_LEXICAL_1.0,2025-Q4,complete,api,term,kuna,158,1203,0.1313383208645054,reported,distinct_body_within_quarter,explicit_HNB_title_and_body_segments
HNB_MEDIA_LEXICAL_1.1,HNB_MEDIA_LEXICAL_1.0,2025-Q4,complete,api,term,inflacija,281,1203,0.23358270989193683,reported,distinct_body_within_quarter,explicit_HNB_title_and_body_segments
HNB_MEDIA_LEXICAL_1.1,HNB_MEDIA_LEXICAL_1.0,2025-Q4,complete,api,term,cijena,166,1203,0.13798836242726517,reported,distinct_body_within_quarter,explicit_HNB_title_and_body_segments
HNB_MEDIA_LEXICAL_1.1,HNB_MEDIA_LEXICAL_1.0,2025-Q4,complete,api,term,kamata,74,1203,0.06151288445552785,reported,distinct_body_within_quarter,explicit_HNB_title_and_body_segments
HNB_MEDIA_LEXICAL_1.1,HNB_MEDIA_LEXICAL_1.0,2025-Q4,complete,api,term,rast,296,1203,0.2460515378221114,reported,distinct_body_within_quarter,explicit_HNB_title_and_body_segments
HNB_MEDIA_LEXICAL_1.1,HNB_MEDIA_LEXICAL_1.0,2025-Q4,complete,api,term,guverner,188,1203,0.15627597672485452,reported,distinct_body_within_quarter,explicit_HNB_title_and_body_segments
HNB_MEDIA_LEXICAL_1.1,HNB_MEDIA_LEXICAL_1.0,2025-Q4,complete,api,term,ESB / ECB,41,1203,0.03408146300914381,reported,distinct_body_within_quarter,explicit_HNB_title_and_body_segments
HNB_MEDIA_LEXICAL_1.1,HNB_MEDIA_LEXICAL_1.0,2025-Q4,complete,api,term,gospodarstvo,77,1203,0.06400665004156277,reported,distinct_body_within_quarter,explicit_HNB_title_and_body_segments
HNB_MEDIA_LEXICAL_1.1,HNB_MEDIA_LEXICAL_1.0,2025-Q4,complete,api,term,potrošač,110,1203,0.0914380714879468,reported,distinct_body_within_quarter,explicit_HNB_title_and_body_segments
HNB_MEDIA_LEXICAL_1.1,HNB_MEDIA_LEXICAL_1.0,2025-Q4,complete,api,term,građanin,228,1203,0.18952618453865336,reported,distinct_body_within_quarter,explicit_HNB_title_and_body_segments
HNB_MEDIA_LEXICAL_1.1,HNB_MEDIA_LEXICAL_1.0,2025-Q4,complete,api,term,plaćanje,71,1203,0.05901911886949293,reported,distinct_body_within_quarter,explicit_HNB_title_and_body_segments
HNB_MEDIA_LEXICAL_1.1,HNB_MEDIA_LEXICAL_1.0,2025-Q4,complete,api,term,gotovina,87,1203,0.07231920199501247,reported,distinct_body_within_quarter,explicit_HNB_title_and_body_segments
HNB_MEDIA_LEXICAL_1.1,HNB_MEDIA_LEXICAL_1.0,2025-Q4,complete,api,term,depozit,41,1203,0.03408146300914381,reported,distinct_body_within_quarter,explicit_HNB_title_and_body_segments
HNB_MEDIA_LEXICAL_1.1,HNB_MEDIA_LEXICAL_1.0,2025-Q4,complete,api,term,nekretnina,46,1203,0.038237738985868665,reported,distinct_body_within_quarter,explicit_HNB_title_and_body_segments
HNB_MEDIA_LEXICAL_1.1,HNB_MEDIA_LEXICAL_1.0,2025-Q4,complete,api,term,stabilnost,91,1203,0.07564422277639235,reported,distinct_body_within_quarter,explicit_HNB_title_and_body_segments
HNB_MEDIA_LEXICAL_1.1,HNB_MEDIA_LEXICAL_1.0,2025-Q4,complete,api,term,rizik,59,1203,0.049044056525353284,reported,distinct_body_within_quarter,explicit_HNB_title_and_body_segments
HNB_MEDIA_LEXICAL_1.1,HNB_MEDIA_LEXICAL_1.0,2025-Q4,complete,api,term,nadzor,32,1203,0.02660016625103907,reported,distinct_body_within_quarter,explicit_HNB_title_and_body_segments
HNB_MEDIA_LEXICAL_1.1,HNB_MEDIA_LEXICAL_1.0,2025-Q4,complete,api,term,prognoza,47,1203,0.03906899418121363,reported,distinct_body_within_quarter,explicit_HNB_title_and_body_segments
HNB_MEDIA_LEXICAL_1.1,HNB_MEDIA_LEXICAL_1.0,2025-Q4,complete,api,term,projekcija,55,1203,0.0457190357439734,reported,distinct_body_within_quarter,explicit_HNB_title_and_body_segments
HNB_MEDIA_LEXICAL_1.1,HNB_MEDIA_LEXICAL_1.0,2025-Q4,complete,api,term,statistika,39,1203,0.032418952618453865,reported,distinct_body_within_quarter,explicit_HNB_title_and_body_segments
HNB_MEDIA_LEXICAL_1.1,HNB_MEDIA_LEXICAL_1.0,2025-Q4,complete,api,term,tečaj,48,1203,0.0399002493765586,reported,distinct_body_within_quarter,explicit_HNB_title_and_body_segments
HNB_MEDIA_LEXICAL_1.1,HNB_MEDIA_LEXICAL_1.0,2025-Q4,complete,api,term,štednja,32,1203,0.02660016625103907,reported,distinct_body_within_quarter,explicit_HNB_title_and_body_segments
HNB_MEDIA_LEXICAL_1.1,HNB_MEDIA_LEXICAL_1.0,2025-Q4,complete,api,term,dug,23,1203,,below_reporting_threshold,distinct_body_within_quarter,explicit_HNB_title_and_body_segments
HNB_MEDIA_LEXICAL_1.1,HNB_MEDIA_LEXICAL_1.0,2025-Q4,complete,api,term,dohodak,14,1203,,below_reporting_threshold,distinct_body_within_quarter,explicit_HNB_title_and_body_segments
HNB_MEDIA_LEXICAL_1.1,HNB_MEDIA_LEXICAL_1.0,2025-Q4,complete,api,term,plaća,94,1203,0.07813798836242726,reported,distinct_body_within_quarter,explicit_HNB_title_and_body_segments
HNB_MEDIA_LEXICAL_1.1,HNB_MEDIA_LEXICAL_1.0,2025-Q4,complete,api,term,kućanstvo,32,1203,0.02660016625103907,reported,distinct_body_within_quarter,explicit_HNB_title_and_body_segments
HNB_MEDIA_LEXICAL_1.1,HNB_MEDIA_LEXICAL_1.0,2025-Q4,complete,api,term,monetarna politika,23,1203,,below_reporting_threshold,distinct_body_within_quarter,explicit_HNB_title_and_body_segments
HNB_MEDIA_LEXICAL_1.1,HNB_MEDIA_LEXICAL_1.0,2025-Q4,complete,api,term,europodručje,126,1203,0.10473815461346633,reported,distinct_body_within_quarter,explicit_HNB_title_and_body_segments
HNB_MEDIA_LEXICAL_1.1,HNB_MEDIA_LEXICAL_1.0,2025-Q4,complete,api,term,novčanica,118,1203,0.09808811305070657,reported,distinct_body_within_quarter,explicit_HNB_title_and_body_segments
HNB_MEDIA_LEXICAL_1.1,HNB_MEDIA_LEXICAL_1.0,2025-Q4,complete,api,term,kovanica,183,1203,0.15211970074812967,reported,distinct_body_within_quarter,explicit_HNB_title_and_body_segments
HNB_MEDIA_LEXICAL_1.1,HNB_MEDIA_LEXICAL_1.0,2025-Q4,complete,api,term,zaduživanje,33,1203,0.02743142144638404,reported,distinct_body_within_quarter,explicit_HNB_title_and_body_segments
HNB_MEDIA_LEXICAL_1.1,HNB_MEDIA_LEXICAL_1.0,2025-Q4,complete,api,term,mjera,117,1203,0.09725685785536159,reported,distinct_body_within_quarter,explicit_HNB_title_and_body_segments
HNB_MEDIA_LEXICAL_1.1,HNB_MEDIA_LEXICAL_1.0,2025-Q4,complete,api,term,tržište,78,1203,0.06483790523690773,reported,distinct_body_within_quarter,explicit_HNB_title_and_body_segments
HNB_MEDIA_LEXICAL_1.1,HNB_MEDIA_LEXICAL_1.0,2025-Q4,complete,api,term,likvidnost,9,1203,,below_reporting_threshold,distinct_body_within_quarter,explicit_HNB_title_and_body_segments
HNB_MEDIA_LEXICAL_1.1,HNB_MEDIA_LEXICAL_1.0,2025-Q4,complete,api,term,kapital,37,1203,0.030756442227763924,reported,distinct_body_within_quarter,explicit_HNB_title_and_body_segments
HNB_MEDIA_LEXICAL_1.1,HNB_MEDIA_LEXICAL_1.0,2025-Q4,complete,api,term,odgovornost,77,1203,0.06400665004156277,reported,distinct_body_within_quarter,explicit_HNB_title_and_body_segments
HNB_MEDIA_LEXICAL_1.1,HNB_MEDIA_LEXICAL_1.0,2025-Q4,complete,api,term,mandat,8,1203,,below_reporting_threshold,distinct_body_within_quarter,explicit_HNB_title_and_body_segments
HNB_MEDIA_LEXICAL_1.1,HNB_MEDIA_LEXICAL_1.0,2025-Q4,complete,api,term,savjet,23,1203,,below_reporting_threshold,distinct_body_within_quarter,explicit_HNB_title_and_body_segments
HNB_MEDIA_LEXICAL_1.1,HNB_MEDIA_LEXICAL_1.0,2025-Q4,complete,api,term,dionica,9,1203,,below_reporting_threshold,distinct_body_within_quarter,explicit_HNB_title_and_body_segments
HNB_MEDIA_LEXICAL_1.1,HNB_MEDIA_LEXICAL_1.0,2025-Q4,complete,api,term,obveznica,10,1203,,below_reporting_threshold,distinct_body_within_quarter,explicit_HNB_title_and_body_segments
HNB_MEDIA_LEXICAL_1.1,HNB_MEDIA_LEXICAL_1.0,2025-Q4,complete,api,term,Vlada,95,1203,0.07896924355777224,reported,distinct_body_within_quarter,explicit_HNB_title_and_body_segments
HNB_MEDIA_LEXICAL_1.1,HNB_MEDIA_LEXICAL_1.0,2025-Q4,complete,api,term,Sabor,42,1203,0.034912718204488775,reported,distinct_body_within_quarter,explicit_HNB_title_and_body_segments
HNB_MEDIA_LEXICAL_1.1,HNB_MEDIA_LEXICAL_1.0,2025-Q4,complete,api,term,BDP,86,1203,0.0714879467996675,reported,distinct_body_within_quarter,explicit_HNB_title_and_body_segments
HNB_MEDIA_LEXICAL_1.1,HNB_MEDIA_LEXICAL_1.0,2025-Q4,complete,api,term,investicija,12,1203,,below_reporting_threshold,distinct_body_within_quarter,explicit_HNB_title_and_body_segments
HNB_MEDIA_LEXICAL_1.1,HNB_MEDIA_LEXICAL_1.0,2025-Q4,complete,api,term,izvoz,12,1203,,below_reporting_threshold,distinct_body_within_quarter,explicit_HNB_title_and_body_segments
HNB_MEDIA_LEXICAL_1.1,HNB_MEDIA_LEXICAL_1.0,2025-Q4,complete,api,term,uvoz,1,1203,,below_reporting_threshold,distinct_body_within_quarter,explicit_HNB_title_and_body_segments
HNB_MEDIA_LEXICAL_1.1,HNB_MEDIA_LEXICAL_1.0,2025-Q4,complete,api,term,naknada,107,1203,0.0889443059019119,reported,distinct_body_within_quarter,explicit_HNB_title_and_body_segments
HNB_MEDIA_LEXICAL_1.1,HNB_MEDIA_LEXICAL_1.0,2025-Q4,complete,api,term,sanacija,0,1203,0.0,zero,distinct_body_within_quarter,explicit_HNB_title_and_body_segments
HNB_MEDIA_LEXICAL_1.1,HNB_MEDIA_LEXICAL_1.0,2025-Q4,complete,api,term,digitalni euro,13,1203,,below_reporting_threshold,distinct_body_within_quarter,explicit_HNB_title_and_body_segments
HNB_MEDIA_LEXICAL_1.1,HNB_MEDIA_LEXICAL_1.0,2025-Q4,complete,api,phrase,kamatna stopa,53,1203,0.04405652535328346,reported,distinct_body_within_quarter,explicit_HNB_title_and_body_segments
HNB_MEDIA_LEXICAL_1.1,HNB_MEDIA_LEXICAL_1.0,2025-Q4,complete,api,phrase,financijska stabilnost,22,1203,,below_reporting_threshold,distinct_body_within_quarter,explicit_HNB_title_and_body_segments
HNB_MEDIA_LEXICAL_1.1,HNB_MEDIA_LEXICAL_1.0,2025-Q4,complete,api,phrase,uvođenje eura,47,1203,0.03906899418121363,reported,distinct_body_within_quarter,explicit_HNB_title_and_body_segments
HNB_MEDIA_LEXICAL_1.1,HNB_MEDIA_LEXICAL_1.0,2025-Q4,complete,api,phrase,stambeni kredit,21,1203,,below_reporting_threshold,distinct_body_within_quarter,explicit_HNB_title_and_body_segments
HNB_MEDIA_LEXICAL_1.1,HNB_MEDIA_LEXICAL_1.0,2025-Q4,complete,api,phrase,gotovinski kredit,33,1203,0.02743142144638404,reported,distinct_body_within_quarter,explicit_HNB_title_and_body_segments
HNB_MEDIA_LEXICAL_1.1,HNB_MEDIA_LEXICAL_1.0,2025-Q4,complete,api,phrase,kupovna moć,3,1203,,below_reporting_threshold,distinct_body_within_quarter,explicit_HNB_title_and_body_segments
HNB_MEDIA_LEXICAL_1.1,HNB_MEDIA_LEXICAL_1.0,2025-Q4,complete,api,phrase,sukob interesa,0,1203,0.0,zero,distinct_body_within_quarter,explicit_HNB_title_and_body_segments
HNB_MEDIA_LEXICAL_1.1,HNB_MEDIA_LEXICAL_1.0,2025-Q4,complete,api,phrase,zaštita potrošača,19,1203,,below_reporting_threshold,distinct_body_within_quarter,explicit_HNB_title_and_body_segments
HNB_MEDIA_LEXICAL_1.1,HNB_MEDIA_LEXICAL_1.0,2025-Q4,complete,api,phrase,platni promet,9,1203,,below_reporting_threshold,distinct_body_within_quarter,explicit_HNB_title_and_body_segments
HNB_MEDIA_LEXICAL_1.1,HNB_MEDIA_LEXICAL_1.0,2025-Q4,complete,api,phrase,monetarna politika,23,1203,,below_reporting_threshold,distinct_body_within_quarter,explicit_HNB_title_and_body_segments
HNB_MEDIA_LEXICAL_1.1,HNB_MEDIA_LEXICAL_1.0,2025-Q4,complete,api,phrase,digitalni euro,13,1203,,below_reporting_threshold,distinct_body_within_quarter,explicit_HNB_title_and_body_segments
HNB_MEDIA_LEXICAL_1.1,HNB_MEDIA_LEXICAL_1.0,2025-Q4,complete,api,phrase,kreditna sposobnost,10,1203,,below_reporting_threshold,distinct_body_within_quarter,explicit_HNB_title_and_body_segments
HNB_MEDIA_LEXICAL_1.1,HNB_MEDIA_LEXICAL_1.0,2026-Q1,complete,api,term,banka,711,1751,0.40605368360936606,reported,distinct_body_within_quarter,explicit_HNB_title_and_body_segments
HNB_MEDIA_LEXICAL_1.1,HNB_MEDIA_LEXICAL_1.0,2026-Q1,complete,api,term,kredit,213,1751,0.12164477441462021,reported,distinct_body_within_quarter,explicit_HNB_title_and_body_segments
HNB_MEDIA_LEXICAL_1.1,HNB_MEDIA_LEXICAL_1.0,2026-Q1,complete,api,term,euro,336,1751,0.19189034837235866,reported,distinct_body_within_quarter,explicit_HNB_title_and_body_segments
HNB_MEDIA_LEXICAL_1.1,HNB_MEDIA_LEXICAL_1.0,2026-Q1,complete,api,term,kuna,63,1751,0.03597944031981725,reported,distinct_body_within_quarter,explicit_HNB_title_and_body_segments
HNB_MEDIA_LEXICAL_1.1,HNB_MEDIA_LEXICAL_1.0,2026-Q1,complete,api,term,inflacija,371,1751,0.2118789263278127,reported,distinct_body_within_quarter,explicit_HNB_title_and_body_segments
HNB_MEDIA_LEXICAL_1.1,HNB_MEDIA_LEXICAL_1.0,2026-Q1,complete,api,term,cijena,237,1751,0.1353512278697887,reported,distinct_body_within_quarter,explicit_HNB_title_and_body_segments
HNB_MEDIA_LEXICAL_1.1,HNB_MEDIA_LEXICAL_1.0,2026-Q1,complete,api,term,kamata,98,1751,0.05596801827527127,reported,distinct_body_within_quarter,explicit_HNB_title_and_body_segments
HNB_MEDIA_LEXICAL_1.1,HNB_MEDIA_LEXICAL_1.0,2026-Q1,complete,api,term,rast,281,1751,0.1604797258709309,reported,distinct_body_within_quarter,explicit_HNB_title_and_body_segments
HNB_MEDIA_LEXICAL_1.1,HNB_MEDIA_LEXICAL_1.0,2026-Q1,complete,api,term,guverner,558,1751,0.31867504283266707,reported,distinct_body_within_quarter,explicit_HNB_title_and_body_segments
HNB_MEDIA_LEXICAL_1.1,HNB_MEDIA_LEXICAL_1.0,2026-Q1,complete,api,term,ESB / ECB,202,1751,0.11536264991433466,reported,distinct_body_within_quarter,explicit_HNB_title_and_body_segments
HNB_MEDIA_LEXICAL_1.1,HNB_MEDIA_LEXICAL_1.0,2026-Q1,complete,api,term,gospodarstvo,117,1751,0.06681896059394632,reported,distinct_body_within_quarter,explicit_HNB_title_and_body_segments
HNB_MEDIA_LEXICAL_1.1,HNB_MEDIA_LEXICAL_1.0,2026-Q1,complete,api,term,potrošač,122,1751,0.06967447173043975,reported,distinct_body_within_quarter,explicit_HNB_title_and_body_segments
HNB_MEDIA_LEXICAL_1.1,HNB_MEDIA_LEXICAL_1.0,2026-Q1,complete,api,term,građanin,219,1751,0.12507138777841234,reported,distinct_body_within_quarter,explicit_HNB_title_and_body_segments
HNB_MEDIA_LEXICAL_1.1,HNB_MEDIA_LEXICAL_1.0,2026-Q1,complete,api,term,plaćanje,71,1751,0.04054825813820674,reported,distinct_body_within_quarter,explicit_HNB_title_and_body_segments
HNB_MEDIA_LEXICAL_1.1,HNB_MEDIA_LEXICAL_1.0,2026-Q1,complete,api,term,gotovina,21,1751,,below_reporting_threshold,distinct_body_within_quarter,explicit_HNB_title_and_body_segments
HNB_MEDIA_LEXICAL_1.1,HNB_MEDIA_LEXICAL_1.0,2026-Q1,complete,api,term,depozit,55,1751,0.03141062250142775,reported,distinct_body_within_quarter,explicit_HNB_title_and_body_segments
HNB_MEDIA_LEXICAL_1.1,HNB_MEDIA_LEXICAL_1.0,2026-Q1,complete,api,term,nekretnina,49,1751,0.027984009137635636,reported,distinct_body_within_quarter,explicit_HNB_title_and_body_segments
HNB_MEDIA_LEXICAL_1.1,HNB_MEDIA_LEXICAL_1.0,2026-Q1,complete,api,term,stabilnost,93,1751,0.05311250713877784,reported,distinct_body_within_quarter,explicit_HNB_title_and_body_segments
HNB_MEDIA_LEXICAL_1.1,HNB_MEDIA_LEXICAL_1.0,2026-Q1,complete,api,term,rizik,78,1751,0.04454597372929754,reported,distinct_body_within_quarter,explicit_HNB_title_and_body_segments
HNB_MEDIA_LEXICAL_1.1,HNB_MEDIA_LEXICAL_1.0,2026-Q1,complete,api,term,nadzor,74,1751,0.0422615648201028,reported,distinct_body_within_quarter,explicit_HNB_title_and_body_segments
HNB_MEDIA_LEXICAL_1.1,HNB_MEDIA_LEXICAL_1.0,2026-Q1,complete,api,term,prognoza,73,1751,0.04169046259280411,reported,distinct_body_within_quarter,explicit_HNB_title_and_body_segments
HNB_MEDIA_LEXICAL_1.1,HNB_MEDIA_LEXICAL_1.0,2026-Q1,complete,api,term,projekcija,72,1751,0.041119360365505425,reported,distinct_body_within_quarter,explicit_HNB_title_and_body_segments
HNB_MEDIA_LEXICAL_1.1,HNB_MEDIA_LEXICAL_1.0,2026-Q1,complete,api,term,statistika,23,1751,,below_reporting_threshold,distinct_body_within_quarter,explicit_HNB_title_and_body_segments
HNB_MEDIA_LEXICAL_1.1,HNB_MEDIA_LEXICAL_1.0,2026-Q1,complete,api,term,tečaj,36,1751,0.020559680182752713,reported,distinct_body_within_quarter,explicit_HNB_title_and_body_segments
HNB_MEDIA_LEXICAL_1.1,HNB_MEDIA_LEXICAL_1.0,2026-Q1,complete,api,term,štednja,15,1751,,below_reporting_threshold,distinct_body_within_quarter,explicit_HNB_title_and_body_segments
HNB_MEDIA_LEXICAL_1.1,HNB_MEDIA_LEXICAL_1.0,2026-Q1,complete,api,term,dug,30,1751,0.017133066818960593,reported,distinct_body_within_quarter,explicit_HNB_title_and_body_segments
HNB_MEDIA_LEXICAL_1.1,HNB_MEDIA_LEXICAL_1.0,2026-Q1,complete,api,term,dohodak,13,1751,,below_reporting_threshold,distinct_body_within_quarter,explicit_HNB_title_and_body_segments
HNB_MEDIA_LEXICAL_1.1,HNB_MEDIA_LEXICAL_1.0,2026-Q1,complete,api,term,plaća,116,1751,0.06624785836664764,reported,distinct_body_within_quarter,explicit_HNB_title_and_body_segments
HNB_MEDIA_LEXICAL_1.1,HNB_MEDIA_LEXICAL_1.0,2026-Q1,complete,api,term,kućanstvo,12,1751,,below_reporting_threshold,distinct_body_within_quarter,explicit_HNB_title_and_body_segments
HNB_MEDIA_LEXICAL_1.1,HNB_MEDIA_LEXICAL_1.0,2026-Q1,complete,api,term,monetarna politika,116,1751,0.06624785836664764,reported,distinct_body_within_quarter,explicit_HNB_title_and_body_segments
HNB_MEDIA_LEXICAL_1.1,HNB_MEDIA_LEXICAL_1.0,2026-Q1,complete,api,term,europodručje,205,1751,0.11707595659623073,reported,distinct_body_within_quarter,explicit_HNB_title_and_body_segments
HNB_MEDIA_LEXICAL_1.1,HNB_MEDIA_LEXICAL_1.0,2026-Q1,complete,api,term,novčanica,56,1751,0.03198172472872644,reported,distinct_body_within_quarter,explicit_HNB_title_and_body_segments
HNB_MEDIA_LEXICAL_1.1,HNB_MEDIA_LEXICAL_1.0,2026-Q1,complete,api,term,kovanica,80,1751,0.045688178183894916,reported,distinct_body_within_quarter,explicit_HNB_title_and_body_segments
HNB_MEDIA_LEXICAL_1.1,HNB_MEDIA_LEXICAL_1.0,2026-Q1,complete,api,term,zaduživanje,11,1751,,below_reporting_threshold,distinct_body_within_quarter,explicit_HNB_title_and_body_segments
HNB_MEDIA_LEXICAL_1.1,HNB_MEDIA_LEXICAL_1.0,2026-Q1,complete,api,term,mjera,108,1751,0.06167904054825814,reported,distinct_body_within_quarter,explicit_HNB_title_and_body_segments
HNB_MEDIA_LEXICAL_1.1,HNB_MEDIA_LEXICAL_1.0,2026-Q1,complete,api,term,tržište,71,1751,0.04054825813820674,reported,distinct_body_within_quarter,explicit_HNB_title_and_body_segments
HNB_MEDIA_LEXICAL_1.1,HNB_MEDIA_LEXICAL_1.0,2026-Q1,complete,api,term,likvidnost,5,1751,,below_reporting_threshold,distinct_body_within_quarter,explicit_HNB_title_and_body_segments
HNB_MEDIA_LEXICAL_1.1,HNB_MEDIA_LEXICAL_1.0,2026-Q1,complete,api,term,kapital,40,1751,0.022844089091947458,reported,distinct_body_within_quarter,explicit_HNB_title_and_body_segments
HNB_MEDIA_LEXICAL_1.1,HNB_MEDIA_LEXICAL_1.0,2026-Q1,complete,api,term,odgovornost,58,1751,0.03312392918332382,reported,distinct_body_within_quarter,explicit_HNB_title_and_body_segments
HNB_MEDIA_LEXICAL_1.1,HNB_MEDIA_LEXICAL_1.0,2026-Q1,complete,api,term,mandat,112,1751,0.06396344945745289,reported,distinct_body_within_quarter,explicit_HNB_title_and_body_segments
HNB_MEDIA_LEXICAL_1.1,HNB_MEDIA_LEXICAL_1.0,2026-Q1,complete,api,term,savjet,40,1751,0.022844089091947458,reported,distinct_body_within_quarter,explicit_HNB_title_and_body_segments
HNB_MEDIA_LEXICAL_1.1,HNB_MEDIA_LEXICAL_1.0,2026-Q1,complete,api,term,dionica,7,1751,,below_reporting_threshold,distinct_body_within_quarter,explicit_HNB_title_and_body_segments
HNB_MEDIA_LEXICAL_1.1,HNB_MEDIA_LEXICAL_1.0,2026-Q1,complete,api,term,obveznica,14,1751,,below_reporting_threshold,distinct_body_within_quarter,explicit_HNB_title_and_body_segments
HNB_MEDIA_LEXICAL_1.1,HNB_MEDIA_LEXICAL_1.0,2026-Q1,complete,api,term,Vlada,448,1751,0.25585379782981155,reported,distinct_body_within_quarter,explicit_HNB_title_and_body_segments
HNB_MEDIA_LEXICAL_1.1,HNB_MEDIA_LEXICAL_1.0,2026-Q1,complete,api,term,Sabor,213,1751,0.12164477441462021,reported,distinct_body_within_quarter,explicit_HNB_title_and_body_segments
HNB_MEDIA_LEXICAL_1.1,HNB_MEDIA_LEXICAL_1.0,2026-Q1,complete,api,term,BDP,83,1751,0.047401484865790974,reported,distinct_body_within_quarter,explicit_HNB_title_and_body_segments
HNB_MEDIA_LEXICAL_1.1,HNB_MEDIA_LEXICAL_1.0,2026-Q1,complete,api,term,investicija,117,1751,0.06681896059394632,reported,distinct_body_within_quarter,explicit_HNB_title_and_body_segments
HNB_MEDIA_LEXICAL_1.1,HNB_MEDIA_LEXICAL_1.0,2026-Q1,complete,api,term,izvoz,27,1751,,below_reporting_threshold,distinct_body_within_quarter,explicit_HNB_title_and_body_segments
HNB_MEDIA_LEXICAL_1.1,HNB_MEDIA_LEXICAL_1.0,2026-Q1,complete,api,term,uvoz,19,1751,,below_reporting_threshold,distinct_body_within_quarter,explicit_HNB_title_and_body_segments
HNB_MEDIA_LEXICAL_1.1,HNB_MEDIA_LEXICAL_1.0,2026-Q1,complete,api,term,naknada,98,1751,0.05596801827527127,reported,distinct_body_within_quarter,explicit_HNB_title_and_body_segments
HNB_MEDIA_LEXICAL_1.1,HNB_MEDIA_LEXICAL_1.0,2026-Q1,complete,api,term,sanacija,0,1751,0.0,zero,distinct_body_within_quarter,explicit_HNB_title_and_body_segments
HNB_MEDIA_LEXICAL_1.1,HNB_MEDIA_LEXICAL_1.0,2026-Q1,complete,api,term,digitalni euro,12,1751,,below_reporting_threshold,distinct_body_within_quarter,explicit_HNB_title_and_body_segments
HNB_MEDIA_LEXICAL_1.1,HNB_MEDIA_LEXICAL_1.0,2026-Q1,complete,api,phrase,kamatna stopa,75,1751,0.04283266704740148,reported,distinct_body_within_quarter,explicit_HNB_title_and_body_segments
HNB_MEDIA_LEXICAL_1.1,HNB_MEDIA_LEXICAL_1.0,2026-Q1,complete,api,phrase,financijska stabilnost,15,1751,,below_reporting_threshold,distinct_body_within_quarter,explicit_HNB_title_and_body_segments
HNB_MEDIA_LEXICAL_1.1,HNB_MEDIA_LEXICAL_1.0,2026-Q1,complete,api,phrase,uvođenje eura,37,1751,0.0211307824100514,reported,distinct_body_within_quarter,explicit_HNB_title_and_body_segments
HNB_MEDIA_LEXICAL_1.1,HNB_MEDIA_LEXICAL_1.0,2026-Q1,complete,api,phrase,stambeni kredit,21,1751,,below_reporting_threshold,distinct_body_within_quarter,explicit_HNB_title_and_body_segments
HNB_MEDIA_LEXICAL_1.1,HNB_MEDIA_LEXICAL_1.0,2026-Q1,complete,api,phrase,gotovinski kredit,3,1751,,below_reporting_threshold,distinct_body_within_quarter,explicit_HNB_title_and_body_segments
HNB_MEDIA_LEXICAL_1.1,HNB_MEDIA_LEXICAL_1.0,2026-Q1,complete,api,phrase,kupovna moć,1,1751,,below_reporting_threshold,distinct_body_within_quarter,explicit_HNB_title_and_body_segments
HNB_MEDIA_LEXICAL_1.1,HNB_MEDIA_LEXICAL_1.0,2026-Q1,complete,api,phrase,sukob interesa,1,1751,,below_reporting_threshold,distinct_body_within_quarter,explicit_HNB_title_and_body_segments
HNB_MEDIA_LEXICAL_1.1,HNB_MEDIA_LEXICAL_1.0,2026-Q1,complete,api,phrase,zaštita potrošača,11,1751,,below_reporting_threshold,distinct_body_within_quarter,explicit_HNB_title_and_body_segments
HNB_MEDIA_LEXICAL_1.1,HNB_MEDIA_LEXICAL_1.0,2026-Q1,complete,api,phrase,platni promet,0,1751,0.0,zero,distinct_body_within_quarter,explicit_HNB_title_and_body_segments
HNB_MEDIA_LEXICAL_1.1,HNB_MEDIA_LEXICAL_1.0,2026-Q1,complete,api,phrase,monetarna politika,116,1751,0.06624785836664764,reported,distinct_body_within_quarter,explicit_HNB_title_and_body_segments
HNB_MEDIA_LEXICAL_1.1,HNB_MEDIA_LEXICAL_1.0,2026-Q1,complete,api,phrase,digitalni euro,12,1751,,below_reporting_threshold,distinct_body_within_quarter,explicit_HNB_title_and_body_segments
HNB_MEDIA_LEXICAL_1.1,HNB_MEDIA_LEXICAL_1.0,2026-Q1,complete,api,phrase,kreditna sposobnost,6,1751,,below_reporting_threshold,distinct_body_within_quarter,explicit_HNB_title_and_body_segments
HNB_MEDIA_LEXICAL_1.1,HNB_MEDIA_LEXICAL_1.0,2026-Q2,complete,api,term,banka,506,1392,0.3635057471264368,reported,distinct_body_within_quarter,explicit_HNB_title_and_body_segments
HNB_MEDIA_LEXICAL_1.1,HNB_MEDIA_LEXICAL_1.0,2026-Q2,complete,api,term,kredit,239,1392,0.17169540229885058,reported,distinct_body_within_quarter,explicit_HNB_title_and_body_segments
HNB_MEDIA_LEXICAL_1.1,HNB_MEDIA_LEXICAL_1.0,2026-Q2,complete,api,term,euro,260,1392,0.1867816091954023,reported,distinct_body_within_quarter,explicit_HNB_title_and_body_segments
HNB_MEDIA_LEXICAL_1.1,HNB_MEDIA_LEXICAL_1.0,2026-Q2,complete,api,term,kuna,47,1392,0.033764367816091954,reported,distinct_body_within_quarter,explicit_HNB_title_and_body_segments
HNB_MEDIA_LEXICAL_1.1,HNB_MEDIA_LEXICAL_1.0,2026-Q2,complete,api,term,inflacija,337,1392,0.24209770114942528,reported,distinct_body_within_quarter,explicit_HNB_title_and_body_segments
HNB_MEDIA_LEXICAL_1.1,HNB_MEDIA_LEXICAL_1.0,2026-Q2,complete,api,term,cijena,234,1392,0.16810344827586207,reported,distinct_body_within_quarter,explicit_HNB_title_and_body_segments
HNB_MEDIA_LEXICAL_1.1,HNB_MEDIA_LEXICAL_1.0,2026-Q2,complete,api,term,kamata,84,1392,0.0603448275862069,reported,distinct_body_within_quarter,explicit_HNB_title_and_body_segments
HNB_MEDIA_LEXICAL_1.1,HNB_MEDIA_LEXICAL_1.0,2026-Q2,complete,api,term,rast,272,1392,0.19540229885057472,reported,distinct_body_within_quarter,explicit_HNB_title_and_body_segments
HNB_MEDIA_LEXICAL_1.1,HNB_MEDIA_LEXICAL_1.0,2026-Q2,complete,api,term,guverner,620,1392,0.4454022988505747,reported,distinct_body_within_quarter,explicit_HNB_title_and_body_segments
HNB_MEDIA_LEXICAL_1.1,HNB_MEDIA_LEXICAL_1.0,2026-Q2,complete,api,term,ESB / ECB,131,1392,0.09410919540229885,reported,distinct_body_within_quarter,explicit_HNB_title_and_body_segments
HNB_MEDIA_LEXICAL_1.1,HNB_MEDIA_LEXICAL_1.0,2026-Q2,complete,api,term,gospodarstvo,86,1392,0.0617816091954023,reported,distinct_body_within_quarter,explicit_HNB_title_and_body_segments
HNB_MEDIA_LEXICAL_1.1,HNB_MEDIA_LEXICAL_1.0,2026-Q2,complete,api,term,potrošač,122,1392,0.08764367816091954,reported,distinct_body_within_quarter,explicit_HNB_title_and_body_segments
HNB_MEDIA_LEXICAL_1.1,HNB_MEDIA_LEXICAL_1.0,2026-Q2,complete,api,term,građanin,248,1392,0.1781609195402299,reported,distinct_body_within_quarter,explicit_HNB_title_and_body_segments
HNB_MEDIA_LEXICAL_1.1,HNB_MEDIA_LEXICAL_1.0,2026-Q2,complete,api,term,plaćanje,11,1392,,below_reporting_threshold,distinct_body_within_quarter,explicit_HNB_title_and_body_segments
HNB_MEDIA_LEXICAL_1.1,HNB_MEDIA_LEXICAL_1.0,2026-Q2,complete,api,term,gotovina,26,1392,,below_reporting_threshold,distinct_body_within_quarter,explicit_HNB_title_and_body_segments
HNB_MEDIA_LEXICAL_1.1,HNB_MEDIA_LEXICAL_1.0,2026-Q2,complete,api,term,depozit,42,1392,0.03017241379310345,reported,distinct_body_within_quarter,explicit_HNB_title_and_body_segments
HNB_MEDIA_LEXICAL_1.1,HNB_MEDIA_LEXICAL_1.0,2026-Q2,complete,api,term,nekretnina,89,1392,0.0639367816091954,reported,distinct_body_within_quarter,explicit_HNB_title_and_body_segments
HNB_MEDIA_LEXICAL_1.1,HNB_MEDIA_LEXICAL_1.0,2026-Q2,complete,api,term,stabilnost,84,1392,0.0603448275862069,reported,distinct_body_within_quarter,explicit_HNB_title_and_body_segments
HNB_MEDIA_LEXICAL_1.1,HNB_MEDIA_LEXICAL_1.0,2026-Q2,complete,api,term,rizik,88,1392,0.06321839080459771,reported,distinct_body_within_quarter,explicit_HNB_title_and_body_segments
HNB_MEDIA_LEXICAL_1.1,HNB_MEDIA_LEXICAL_1.0,2026-Q2,complete,api,term,nadzor,148,1392,0.10632183908045977,reported,distinct_body_within_quarter,explicit_HNB_title_and_body_segments
HNB_MEDIA_LEXICAL_1.1,HNB_MEDIA_LEXICAL_1.0,2026-Q2,complete,api,term,prognoza,37,1392,0.02658045977011494,reported,distinct_body_within_quarter,explicit_HNB_title_and_body_segments
HNB_MEDIA_LEXICAL_1.1,HNB_MEDIA_LEXICAL_1.0,2026-Q2,complete,api,term,projekcija,38,1392,0.027298850574712645,reported,distinct_body_within_quarter,explicit_HNB_title_and_body_segments
HNB_MEDIA_LEXICAL_1.1,HNB_MEDIA_LEXICAL_1.0,2026-Q2,complete,api,term,statistika,28,1392,,below_reporting_threshold,distinct_body_within_quarter,explicit_HNB_title_and_body_segments
HNB_MEDIA_LEXICAL_1.1,HNB_MEDIA_LEXICAL_1.0,2026-Q2,complete,api,term,tečaj,8,1392,,below_reporting_threshold,distinct_body_within_quarter,explicit_HNB_title_and_body_segments
HNB_MEDIA_LEXICAL_1.1,HNB_MEDIA_LEXICAL_1.0,2026-Q2,complete,api,term,štednja,17,1392,,below_reporting_threshold,distinct_body_within_quarter,explicit_HNB_title_and_body_segments
HNB_MEDIA_LEXICAL_1.1,HNB_MEDIA_LEXICAL_1.0,2026-Q2,complete,api,term,dug,39,1392,0.028017241379310345,reported,distinct_body_within_quarter,explicit_HNB_title_and_body_segments
HNB_MEDIA_LEXICAL_1.1,HNB_MEDIA_LEXICAL_1.0,2026-Q2,complete,api,term,dohodak,41,1392,0.029454022988505746,reported,distinct_body_within_quarter,explicit_HNB_title_and_body_segments
HNB_MEDIA_LEXICAL_1.1,HNB_MEDIA_LEXICAL_1.0,2026-Q2,complete,api,term,plaća,86,1392,0.0617816091954023,reported,distinct_body_within_quarter,explicit_HNB_title_and_body_segments
HNB_MEDIA_LEXICAL_1.1,HNB_MEDIA_LEXICAL_1.0,2026-Q2,complete,api,term,kućanstvo,41,1392,0.029454022988505746,reported,distinct_body_within_quarter,explicit_HNB_title_and_body_segments
HNB_MEDIA_LEXICAL_1.1,HNB_MEDIA_LEXICAL_1.0,2026-Q2,complete,api,term,monetarna politika,46,1392,0.033045977011494254,reported,distinct_body_within_quarter,explicit_HNB_title_and_body_segments
HNB_MEDIA_LEXICAL_1.1,HNB_MEDIA_LEXICAL_1.0,2026-Q2,complete,api,term,europodručje,59,1392,0.042385057471264365,reported,distinct_body_within_quarter,explicit_HNB_title_and_body_segments
HNB_MEDIA_LEXICAL_1.1,HNB_MEDIA_LEXICAL_1.0,2026-Q2,complete,api,term,novčanica,15,1392,,below_reporting_threshold,distinct_body_within_quarter,explicit_HNB_title_and_body_segments
HNB_MEDIA_LEXICAL_1.1,HNB_MEDIA_LEXICAL_1.0,2026-Q2,complete,api,term,kovanica,43,1392,0.03089080459770115,reported,distinct_body_within_quarter,explicit_HNB_title_and_body_segments
HNB_MEDIA_LEXICAL_1.1,HNB_MEDIA_LEXICAL_1.0,2026-Q2,complete,api,term,zaduživanje,9,1392,,below_reporting_threshold,distinct_body_within_quarter,explicit_HNB_title_and_body_segments
HNB_MEDIA_LEXICAL_1.1,HNB_MEDIA_LEXICAL_1.0,2026-Q2,complete,api,term,mjera,136,1392,0.09770114942528736,reported,distinct_body_within_quarter,explicit_HNB_title_and_body_segments
HNB_MEDIA_LEXICAL_1.1,HNB_MEDIA_LEXICAL_1.0,2026-Q2,complete,api,term,tržište,95,1392,0.06824712643678162,reported,distinct_body_within_quarter,explicit_HNB_title_and_body_segments
HNB_MEDIA_LEXICAL_1.1,HNB_MEDIA_LEXICAL_1.0,2026-Q2,complete,api,term,likvidnost,14,1392,,below_reporting_threshold,distinct_body_within_quarter,explicit_HNB_title_and_body_segments
HNB_MEDIA_LEXICAL_1.1,HNB_MEDIA_LEXICAL_1.0,2026-Q2,complete,api,term,kapital,66,1392,0.04741379310344827,reported,distinct_body_within_quarter,explicit_HNB_title_and_body_segments
HNB_MEDIA_LEXICAL_1.1,HNB_MEDIA_LEXICAL_1.0,2026-Q2,complete,api,term,odgovornost,40,1392,0.028735632183908046,reported,distinct_body_within_quarter,explicit_HNB_title_and_body_segments
HNB_MEDIA_LEXICAL_1.1,HNB_MEDIA_LEXICAL_1.0,2026-Q2,complete,api,term,mandat,67,1392,0.048132183908045974,reported,distinct_body_within_quarter,explicit_HNB_title_and_body_segments
HNB_MEDIA_LEXICAL_1.1,HNB_MEDIA_LEXICAL_1.0,2026-Q2,complete,api,term,savjet,82,1392,0.05890804597701149,reported,distinct_body_within_quarter,explicit_HNB_title_and_body_segments
HNB_MEDIA_LEXICAL_1.1,HNB_MEDIA_LEXICAL_1.0,2026-Q2,complete,api,term,dionica,38,1392,0.027298850574712645,reported,distinct_body_within_quarter,explicit_HNB_title_and_body_segments
HNB_MEDIA_LEXICAL_1.1,HNB_MEDIA_LEXICAL_1.0,2026-Q2,complete,api,term,obveznica,24,1392,,below_reporting_threshold,distinct_body_within_quarter,explicit_HNB_title_and_body_segments
HNB_MEDIA_LEXICAL_1.1,HNB_MEDIA_LEXICAL_1.0,2026-Q2,complete,api,term,Vlada,204,1392,0.14655172413793102,reported,distinct_body_within_quarter,explicit_HNB_title_and_body_segments
HNB_MEDIA_LEXICAL_1.1,HNB_MEDIA_LEXICAL_1.0,2026-Q2,complete,api,term,Sabor,261,1392,0.1875,reported,distinct_body_within_quarter,explicit_HNB_title_and_body_segments
HNB_MEDIA_LEXICAL_1.1,HNB_MEDIA_LEXICAL_1.0,2026-Q2,complete,api,term,BDP,57,1392,0.040948275862068964,reported,distinct_body_within_quarter,explicit_HNB_title_and_body_segments
HNB_MEDIA_LEXICAL_1.1,HNB_MEDIA_LEXICAL_1.0,2026-Q2,complete,api,term,investicija,40,1392,0.028735632183908046,reported,distinct_body_within_quarter,explicit_HNB_title_and_body_segments
HNB_MEDIA_LEXICAL_1.1,HNB_MEDIA_LEXICAL_1.0,2026-Q2,complete,api,term,izvoz,2,1392,,below_reporting_threshold,distinct_body_within_quarter,explicit_HNB_title_and_body_segments
HNB_MEDIA_LEXICAL_1.1,HNB_MEDIA_LEXICAL_1.0,2026-Q2,complete,api,term,uvoz,15,1392,,below_reporting_threshold,distinct_body_within_quarter,explicit_HNB_title_and_body_segments
HNB_MEDIA_LEXICAL_1.1,HNB_MEDIA_LEXICAL_1.0,2026-Q2,complete,api,term,naknada,23,1392,,below_reporting_threshold,distinct_body_within_quarter,explicit_HNB_title_and_body_segments
HNB_MEDIA_LEXICAL_1.1,HNB_MEDIA_LEXICAL_1.0,2026-Q2,complete,api,term,sanacija,18,1392,,below_reporting_threshold,distinct_body_within_quarter,explicit_HNB_title_and_body_segments
HNB_MEDIA_LEXICAL_1.1,HNB_MEDIA_LEXICAL_1.0,2026-Q2,complete,api,term,digitalni euro,21,1392,,below_reporting_threshold,distinct_body_within_quarter,explicit_HNB_title_and_body_segments
HNB_MEDIA_LEXICAL_1.1,HNB_MEDIA_LEXICAL_1.0,2026-Q2,complete,api,phrase,kamatna stopa,41,1392,0.029454022988505746,reported,distinct_body_within_quarter,explicit_HNB_title_and_body_segments
HNB_MEDIA_LEXICAL_1.1,HNB_MEDIA_LEXICAL_1.0,2026-Q2,complete,api,phrase,financijska stabilnost,39,1392,0.028017241379310345,reported,distinct_body_within_quarter,explicit_HNB_title_and_body_segments
HNB_MEDIA_LEXICAL_1.1,HNB_MEDIA_LEXICAL_1.0,2026-Q2,complete,api,phrase,uvođenje eura,20,1392,,below_reporting_threshold,distinct_body_within_quarter,explicit_HNB_title_and_body_segments
HNB_MEDIA_LEXICAL_1.1,HNB_MEDIA_LEXICAL_1.0,2026-Q2,complete,api,phrase,stambeni kredit,49,1392,0.035201149425287355,reported,distinct_body_within_quarter,explicit_HNB_title_and_body_segments
HNB_MEDIA_LEXICAL_1.1,HNB_MEDIA_LEXICAL_1.0,2026-Q2,complete,api,phrase,gotovinski kredit,5,1392,,below_reporting_threshold,distinct_body_within_quarter,explicit_HNB_title_and_body_segments
HNB_MEDIA_LEXICAL_1.1,HNB_MEDIA_LEXICAL_1.0,2026-Q2,complete,api,phrase,kupovna moć,1,1392,,below_reporting_threshold,distinct_body_within_quarter,explicit_HNB_title_and_body_segments
HNB_MEDIA_LEXICAL_1.1,HNB_MEDIA_LEXICAL_1.0,2026-Q2,complete,api,phrase,sukob interesa,21,1392,,below_reporting_threshold,distinct_body_within_quarter,explicit_HNB_title_and_body_segments
HNB_MEDIA_LEXICAL_1.1,HNB_MEDIA_LEXICAL_1.0,2026-Q2,complete,api,phrase,zaštita potrošača,7,1392,,below_reporting_threshold,distinct_body_within_quarter,explicit_HNB_title_and_body_segments
HNB_MEDIA_LEXICAL_1.1,HNB_MEDIA_LEXICAL_1.0,2026-Q2,complete,api,phrase,platni promet,6,1392,,below_reporting_threshold,distinct_body_within_quarter,explicit_HNB_title_and_body_segments
HNB_MEDIA_LEXICAL_1.1,HNB_MEDIA_LEXICAL_1.0,2026-Q2,complete,api,phrase,monetarna politika,46,1392,0.033045977011494254,reported,distinct_body_within_quarter,explicit_HNB_title_and_body_segments
HNB_MEDIA_LEXICAL_1.1,HNB_MEDIA_LEXICAL_1.0,2026-Q2,complete,api,phrase,digitalni euro,21,1392,,below_reporting_threshold,distinct_body_within_quarter,explicit_HNB_title_and_body_segments
HNB_MEDIA_LEXICAL_1.1,HNB_MEDIA_LEXICAL_1.0,2026-Q2,complete,api,phrase,kreditna sposobnost,3,1392,,below_reporting_threshold,distinct_body_within_quarter,explicit_HNB_title_and_body_segments
HNB_MEDIA_LEXICAL_1.1,HNB_MEDIA_LEXICAL_1.0,2026-Q3,partial_July_August,api,term,banka,148,652,0.22699386503067484,reported,distinct_body_within_quarter,explicit_HNB_title_and_body_segments
HNB_MEDIA_LEXICAL_1.1,HNB_MEDIA_LEXICAL_1.0,2026-Q3,partial_July_August,api,term,kredit,247,652,0.37883435582822084,reported,distinct_body_within_quarter,explicit_HNB_title_and_body_segments
HNB_MEDIA_LEXICAL_1.1,HNB_MEDIA_LEXICAL_1.0,2026-Q3,partial_July_August,api,term,euro,126,652,0.19325153374233128,reported,distinct_body_within_quarter,explicit_HNB_title_and_body_segments
HNB_MEDIA_LEXICAL_1.1,HNB_MEDIA_LEXICAL_1.0,2026-Q3,partial_July_August,api,term,kuna,5,652,,below_reporting_threshold,distinct_body_within_quarter,explicit_HNB_title_and_body_segments
HNB_MEDIA_LEXICAL_1.1,HNB_MEDIA_LEXICAL_1.0,2026-Q3,partial_July_August,api,term,inflacija,84,652,0.12883435582822086,reported,distinct_body_within_quarter,explicit_HNB_title_and_body_segments
HNB_MEDIA_LEXICAL_1.1,HNB_MEDIA_LEXICAL_1.0,2026-Q3,partial_July_August,api,term,cijena,84,652,0.12883435582822086,reported,distinct_body_within_quarter,explicit_HNB_title_and_body_segments
HNB_MEDIA_LEXICAL_1.1,HNB_MEDIA_LEXICAL_1.0,2026-Q3,partial_July_August,api,term,kamata,80,652,0.12269938650306748,reported,distinct_body_within_quarter,explicit_HNB_title_and_body_segments
HNB_MEDIA_LEXICAL_1.1,HNB_MEDIA_LEXICAL_1.0,2026-Q3,partial_July_August,api,term,rast,170,652,0.2607361963190184,reported,distinct_body_within_quarter,explicit_HNB_title_and_body_segments
HNB_MEDIA_LEXICAL_1.1,HNB_MEDIA_LEXICAL_1.0,2026-Q3,partial_July_August,api,term,guverner,57,652,0.08742331288343558,reported,distinct_body_within_quarter,explicit_HNB_title_and_body_segments
HNB_MEDIA_LEXICAL_1.1,HNB_MEDIA_LEXICAL_1.0,2026-Q3,partial_July_August,api,term,ESB / ECB,24,652,,below_reporting_threshold,distinct_body_within_quarter,explicit_HNB_title_and_body_segments
HNB_MEDIA_LEXICAL_1.1,HNB_MEDIA_LEXICAL_1.0,2026-Q3,partial_July_August,api,term,gospodarstvo,68,652,0.10429447852760736,reported,distinct_body_within_quarter,explicit_HNB_title_and_body_segments
HNB_MEDIA_LEXICAL_1.1,HNB_MEDIA_LEXICAL_1.0,2026-Q3,partial_July_August,api,term,potrošač,125,652,0.19171779141104295,reported,distinct_body_within_quarter,explicit_HNB_title_and_body_segments
HNB_MEDIA_LEXICAL_1.1,HNB_MEDIA_LEXICAL_1.0,2026-Q3,partial_July_August,api,term,građanin,122,652,0.18711656441717792,reported,distinct_body_within_quarter,explicit_HNB_title_and_body_segments
HNB_MEDIA_LEXICAL_1.1,HNB_MEDIA_LEXICAL_1.0,2026-Q3,partial_July_August,api,term,plaćanje,24,652,,below_reporting_threshold,distinct_body_within_quarter,explicit_HNB_title_and_body_segments
HNB_MEDIA_LEXICAL_1.1,HNB_MEDIA_LEXICAL_1.0,2026-Q3,partial_July_August,api,term,gotovina,22,652,,below_reporting_threshold,distinct_body_within_quarter,explicit_HNB_title_and_body_segments
HNB_MEDIA_LEXICAL_1.1,HNB_MEDIA_LEXICAL_1.0,2026-Q3,partial_July_August,api,term,depozit,15,652,,below_reporting_threshold,distinct_body_within_quarter,explicit_HNB_title_and_body_segments
HNB_MEDIA_LEXICAL_1.1,HNB_MEDIA_LEXICAL_1.0,2026-Q3,partial_July_August,api,term,nekretnina,62,652,0.0950920245398773,reported,distinct_body_within_quarter,explicit_HNB_title_and_body_segments
HNB_MEDIA_LEXICAL_1.1,HNB_MEDIA_LEXICAL_1.0,2026-Q3,partial_July_August,api,term,stabilnost,42,652,0.06441717791411043,reported,distinct_body_within_quarter,explicit_HNB_title_and_body_segments
HNB_MEDIA_LEXICAL_1.1,HNB_MEDIA_LEXICAL_1.0,2026-Q3,partial_July_August,api,term,rizik,76,652,0.1165644171779141,reported,distinct_body_within_quarter,explicit_HNB_title_and_body_segments
HNB_MEDIA_LEXICAL_1.1,HNB_MEDIA_LEXICAL_1.0,2026-Q3,partial_July_August,api,term,nadzor,67,652,0.10276073619631902,reported,distinct_body_within_quarter,explicit_HNB_title_and_body_segments
HNB_MEDIA_LEXICAL_1.1,HNB_MEDIA_LEXICAL_1.0,2026-Q3,partial_July_August,api,term,prognoza,17,652,,below_reporting_threshold,distinct_body_within_quarter,explicit_HNB_title_and_body_segments
HNB_MEDIA_LEXICAL_1.1,HNB_MEDIA_LEXICAL_1.0,2026-Q3,partial_July_August,api,term,projekcija,26,652,,below_reporting_threshold,distinct_body_within_quarter,explicit_HNB_title_and_body_segments
HNB_MEDIA_LEXICAL_1.1,HNB_MEDIA_LEXICAL_1.0,2026-Q3,partial_July_August,api,term,statistika,20,652,,below_reporting_threshold,distinct_body_within_quarter,explicit_HNB_title_and_body_segments
HNB_MEDIA_LEXICAL_1.1,HNB_MEDIA_LEXICAL_1.0,2026-Q3,partial_July_August,api,term,tečaj,4,652,,below_reporting_threshold,distinct_body_within_quarter,explicit_HNB_title_and_body_segments
HNB_MEDIA_LEXICAL_1.1,HNB_MEDIA_LEXICAL_1.0,2026-Q3,partial_July_August,api,term,štednja,8,652,,below_reporting_threshold,distinct_body_within_quarter,explicit_HNB_title_and_body_segments
HNB_MEDIA_LEXICAL_1.1,HNB_MEDIA_LEXICAL_1.0,2026-Q3,partial_July_August,api,term,dug,24,652,,below_reporting_threshold,distinct_body_within_quarter,explicit_HNB_title_and_body_segments
HNB_MEDIA_LEXICAL_1.1,HNB_MEDIA_LEXICAL_1.0,2026-Q3,partial_July_August,api,term,dohodak,31,652,0.04754601226993865,reported,distinct_body_within_quarter,explicit_HNB_title_and_body_segments
HNB_MEDIA_LEXICAL_1.1,HNB_MEDIA_LEXICAL_1.0,2026-Q3,partial_July_August,api,term,plaća,34,652,0.05214723926380368,reported,distinct_body_within_quarter,explicit_HNB_title_and_body_segments
HNB_MEDIA_LEXICAL_1.1,HNB_MEDIA_LEXICAL_1.0,2026-Q3,partial_July_August,api,term,kućanstvo,20,652,,below_reporting_threshold,distinct_body_within_quarter,explicit_HNB_title_and_body_segments
HNB_MEDIA_LEXICAL_1.1,HNB_MEDIA_LEXICAL_1.0,2026-Q3,partial_July_August,api,term,monetarna politika,9,652,,below_reporting_threshold,distinct_body_within_quarter,explicit_HNB_title_and_body_segments
HNB_MEDIA_LEXICAL_1.1,HNB_MEDIA_LEXICAL_1.0,2026-Q3,partial_July_August,api,term,europodručje,21,652,,below_reporting_threshold,distinct_body_within_quarter,explicit_HNB_title_and_body_segments
HNB_MEDIA_LEXICAL_1.1,HNB_MEDIA_LEXICAL_1.0,2026-Q3,partial_July_August,api,term,novčanica,9,652,,below_reporting_threshold,distinct_body_within_quarter,explicit_HNB_title_and_body_segments
HNB_MEDIA_LEXICAL_1.1,HNB_MEDIA_LEXICAL_1.0,2026-Q3,partial_July_August,api,term,kovanica,25,652,,below_reporting_threshold,distinct_body_within_quarter,explicit_HNB_title_and_body_segments
HNB_MEDIA_LEXICAL_1.1,HNB_MEDIA_LEXICAL_1.0,2026-Q3,partial_July_August,api,term,zaduživanje,15,652,,below_reporting_threshold,distinct_body_within_quarter,explicit_HNB_title_and_body_segments
HNB_MEDIA_LEXICAL_1.1,HNB_MEDIA_LEXICAL_1.0,2026-Q3,partial_July_August,api,term,mjera,86,652,0.13190184049079753,reported,distinct_body_within_quarter,explicit_HNB_title_and_body_segments
HNB_MEDIA_LEXICAL_1.1,HNB_MEDIA_LEXICAL_1.0,2026-Q3,partial_July_August,api,term,tržište,55,652,0.0843558282208589,reported,distinct_body_within_quarter,explicit_HNB_title_and_body_segments
HNB_MEDIA_LEXICAL_1.1,HNB_MEDIA_LEXICAL_1.0,2026-Q3,partial_July_August,api,term,likvidnost,6,652,,below_reporting_threshold,distinct_body_within_quarter,explicit_HNB_title_and_body_segments
HNB_MEDIA_LEXICAL_1.1,HNB_MEDIA_LEXICAL_1.0,2026-Q3,partial_July_August,api,term,kapital,13,652,,below_reporting_threshold,distinct_body_within_quarter,explicit_HNB_title_and_body_segments
HNB_MEDIA_LEXICAL_1.1,HNB_MEDIA_LEXICAL_1.0,2026-Q3,partial_July_August,api,term,odgovornost,4,652,,below_reporting_threshold,distinct_body_within_quarter,explicit_HNB_title_and_body_segments
HNB_MEDIA_LEXICAL_1.1,HNB_MEDIA_LEXICAL_1.0,2026-Q3,partial_July_August,api,term,mandat,42,652,0.06441717791411043,reported,distinct_body_within_quarter,explicit_HNB_title_and_body_segments
HNB_MEDIA_LEXICAL_1.1,HNB_MEDIA_LEXICAL_1.0,2026-Q3,partial_July_August,api,term,savjet,108,652,0.1656441717791411,reported,distinct_body_within_quarter,explicit_HNB_title_and_body_segments
HNB_MEDIA_LEXICAL_1.1,HNB_MEDIA_LEXICAL_1.0,2026-Q3,partial_July_August,api,term,dionica,16,652,,below_reporting_threshold,distinct_body_within_quarter,explicit_HNB_title_and_body_segments
HNB_MEDIA_LEXICAL_1.1,HNB_MEDIA_LEXICAL_1.0,2026-Q3,partial_July_August,api,term,obveznica,2,652,,below_reporting_threshold,distinct_body_within_quarter,explicit_HNB_title_and_body_segments
HNB_MEDIA_LEXICAL_1.1,HNB_MEDIA_LEXICAL_1.0,2026-Q3,partial_July_August,api,term,Vlada,51,652,0.07822085889570553,reported,distinct_body_within_quarter,explicit_HNB_title_and_body_segments
HNB_MEDIA_LEXICAL_1.1,HNB_MEDIA_LEXICAL_1.0,2026-Q3,partial_July_August,api,term,Sabor,53,652,0.08128834355828221,reported,distinct_body_within_quarter,explicit_HNB_title_and_body_segments
HNB_MEDIA_LEXICAL_1.1,HNB_MEDIA_LEXICAL_1.0,2026-Q3,partial_July_August,api,term,BDP,36,652,0.05521472392638037,reported,distinct_body_within_quarter,explicit_HNB_title_and_body_segments
HNB_MEDIA_LEXICAL_1.1,HNB_MEDIA_LEXICAL_1.0,2026-Q3,partial_July_August,api,term,investicija,12,652,,below_reporting_threshold,distinct_body_within_quarter,explicit_HNB_title_and_body_segments
HNB_MEDIA_LEXICAL_1.1,HNB_MEDIA_LEXICAL_1.0,2026-Q3,partial_July_August,api,term,izvoz,2,652,,below_reporting_threshold,distinct_body_within_quarter,explicit_HNB_title_and_body_segments
HNB_MEDIA_LEXICAL_1.1,HNB_MEDIA_LEXICAL_1.0,2026-Q3,partial_July_August,api,term,uvoz,1,652,,below_reporting_threshold,distinct_body_within_quarter,explicit_HNB_title_and_body_segments
HNB_MEDIA_LEXICAL_1.1,HNB_MEDIA_LEXICAL_1.0,2026-Q3,partial_July_August,api,term,naknada,7,652,,below_reporting_threshold,distinct_body_within_quarter,explicit_HNB_title_and_body_segments
HNB_MEDIA_LEXICAL_1.1,HNB_MEDIA_LEXICAL_1.0,2026-Q3,partial_July_August,api,term,sanacija,1,652,,below_reporting_threshold,distinct_body_within_quarter,explicit_HNB_title_and_body_segments
HNB_MEDIA_LEXICAL_1.1,HNB_MEDIA_LEXICAL_1.0,2026-Q3,partial_July_August,api,term,digitalni euro,10,652,,below_reporting_threshold,distinct_body_within_quarter,explicit_HNB_title_and_body_segments
HNB_MEDIA_LEXICAL_1.1,HNB_MEDIA_LEXICAL_1.0,2026-Q3,partial_July_August,api,phrase,kamatna stopa,56,652,0.08588957055214724,reported,distinct_body_within_quarter,explicit_HNB_title_and_body_segments
HNB_MEDIA_LEXICAL_1.1,HNB_MEDIA_LEXICAL_1.0,2026-Q3,partial_July_August,api,phrase,financijska stabilnost,38,652,0.05828220858895705,reported,distinct_body_within_quarter,explicit_HNB_title_and_body_segments
HNB_MEDIA_LEXICAL_1.1,HNB_MEDIA_LEXICAL_1.0,2026-Q3,partial_July_August,api,phrase,uvođenje eura,1,652,,below_reporting_threshold,distinct_body_within_quarter,explicit_HNB_title_and_body_segments
HNB_MEDIA_LEXICAL_1.1,HNB_MEDIA_LEXICAL_1.0,2026-Q3,partial_July_August,api,phrase,stambeni kredit,35,652,0.05368098159509203,reported,distinct_body_within_quarter,explicit_HNB_title_and_body_segments
HNB_MEDIA_LEXICAL_1.1,HNB_MEDIA_LEXICAL_1.0,2026-Q3,partial_July_August,api,phrase,gotovinski kredit,5,652,,below_reporting_threshold,distinct_body_within_quarter,explicit_HNB_title_and_body_segments
HNB_MEDIA_LEXICAL_1.1,HNB_MEDIA_LEXICAL_1.0,2026-Q3,partial_July_August,api,phrase,kupovna moć,2,652,,below_reporting_threshold,distinct_body_within_quarter,explicit_HNB_title_and_body_segments
HNB_MEDIA_LEXICAL_1.1,HNB_MEDIA_LEXICAL_1.0,2026-Q3,partial_July_August,api,phrase,sukob interesa,0,652,0.0,zero,distinct_body_within_quarter,explicit_HNB_title_and_body_segments
HNB_MEDIA_LEXICAL_1.1,HNB_MEDIA_LEXICAL_1.0,2026-Q3,partial_July_August,api,phrase,zaštita potrošača,17,652,,below_reporting_threshold,distinct_body_within_quarter,explicit_HNB_title_and_body_segments
HNB_MEDIA_LEXICAL_1.1,HNB_MEDIA_LEXICAL_1.0,2026-Q3,partial_July_August,api,phrase,platni promet,5,652,,below_reporting_threshold,distinct_body_within_quarter,explicit_HNB_title_and_body_segments
HNB_MEDIA_LEXICAL_1.1,HNB_MEDIA_LEXICAL_1.0,2026-Q3,partial_July_August,api,phrase,monetarna politika,9,652,,below_reporting_threshold,distinct_body_within_quarter,explicit_HNB_title_and_body_segments
HNB_MEDIA_LEXICAL_1.1,HNB_MEDIA_LEXICAL_1.0,2026-Q3,partial_July_August,api,phrase,digitalni euro,10,652,,below_reporting_threshold,distinct_body_within_quarter,explicit_HNB_title_and_body_segments
HNB_MEDIA_LEXICAL_1.1,HNB_MEDIA_LEXICAL_1.0,2026-Q3,partial_July_August,api,phrase,kreditna sposobnost,99,652,0.15184049079754602,reported,distinct_body_within_quarter,explicit_HNB_title_and_body_segments
