source_id,period,background_count,hnb_count,background_i,hnb_i,with_body,exact_body_groups,title_mention_count
01portal.hr,2021-01,340,3,340,3,3,3,0
01portal.hr,2021-02,450,1,450,1,1,1,0
01portal.hr,2021-03,341,0,341,0,0,0,0
01portal.hr,2021-04,231,0,231,0,0,0,0
01portal.hr,2021-05,171,0,171,0,0,0,0
01portal.hr,2021-06,220,2,220,2,2,2,0
01portal.hr,2021-07,521,3,521,3,3,3,0
01portal.hr,2021-08,1004,5,1004,5,5,5,1
01portal.hr,2021-09,1207,4,1207,4,4,4,1
01portal.hr,2021-10,1199,3,1199,3,3,3,0
01portal.hr,2021-11,1143,2,1143,2,2,2,0
01portal.hr,2021-12,1098,1,1098,1,1,1,0
01portal.hr,2022-01,993,3,993,3,3,3,1
01portal.hr,2022-02,1032,9,1032,9,9,9,1
01portal.hr,2022-03,1206,6,1206,6,6,6,0
01portal.hr,2022-04,1103,9,1103,9,9,9,1
01portal.hr,2022-05,1062,5,1062,5,5,5,2
01portal.hr,2022-06,1013,4,1013,4,4,4,0
01portal.hr,2022-07,928,4,928,4,3,3,2
01portal.hr,2022-08,768,1,768,1,1,1,0
01portal.hr,2022-09,1046,2,1046,2,2,2,0
01portal.hr,2022-10,1100,5,1100,5,5,5,1
01portal.hr,2022-11,921,3,921,3,3,3,0
01portal.hr,2022-12,867,3,867,3,3,3,0
01portal.hr,2023-01,836,7,836,7,7,7,1
01portal.hr,2023-02,876,3,876,3,3,3,1
01portal.hr,2023-03,1006,3,1006,3,3,3,0
01portal.hr,2023-04,810,6,810,6,6,6,3
01portal.hr,2023-05,898,4,898,4,4,4,0
01portal.hr,2023-06,767,0,767,0,0,0,0
01portal.hr,2023-07,814,0,814,0,0,0,0
01portal.hr,2023-08,737,1,737,1,1,1,0
01portal.hr,2023-09,698,2,698,2,2,2,0
01portal.hr,2023-10,691,1,691,1,1,1,0
01portal.hr,2023-11,700,2,700,2,2,2,0
01portal.hr,2023-12,660,0,660,0,0,0,0
01portal.hr,2024-01,693,1,693,1,1,1,0
01portal.hr,2024-02,708,1,708,1,1,1,0
01portal.hr,2024-03,628,0,628,0,0,0,0
01portal.hr,2024-04,597,0,597,0,0,0,0
01portal.hr,2024-05,713,0,713,0,0,0,0
01portal.hr,2024-06,587,1,587,1,1,1,1
01portal.hr,2024-07,909,4,909,4,4,4,1
01portal.hr,2024-08,890,1,890,1,1,1,1
01portal.hr,2024-09,1164,1,1164,1,1,1,1
01portal.hr,2024-10,1092,2,1092,2,2,2,0
01portal.hr,2024-11,973,1,973,1,1,1,0
01portal.hr,2024-12,864,3,864,3,3,3,0
01portal.hr,2025-01,918,4,918,4,4,4,0
01portal.hr,2025-02,869,7,869,7,7,7,1
01portal.hr,2025-03,931,6,931,6,6,6,0
01portal.hr,2025-04,1008,3,1008,3,3,3,0
01portal.hr,2025-05,1101,2,1101,2,2,2,0
01portal.hr,2025-06,995,6,995,6,6,6,0
01portal.hr,2025-07,1164,5,1164,5,5,5,1
01portal.hr,2025-08,951,2,951,2,2,2,0
01portal.hr,2025-09,1004,2,1004,2,2,2,0
01portal.hr,2025-10,1047,4,1047,4,4,4,0
01portal.hr,2025-11,811,1,811,1,1,1,0
01portal.hr,2025-12,846,3,846,3,3,3,0
01portal.hr,2026-01,819,11,819,11,11,11,2
01portal.hr,2026-02,823,0,823,0,0,0,0
01portal.hr,2026-03,907,1,907,1,1,1,0
01portal.hr,2026-04,850,1,850,1,1,1,0
01portal.hr,2026-05,826,3,826,3,3,3,1
01portal.hr,2026-06,808,5,808,5,5,5,3
01portal.hr,2026-07,804,5,804,5,5,5,0
01portal.hr,2026-08,548,0,548,0,0,0,0
01portal.hr,2026-09,275,0,275,0,0,0,0
023.hr,2024-01,12,0,12,0,0,0,0
023.hr,2024-02,24,0,24,0,0,0,0
023.hr,2024-03,61,0,61,0,0,0,0
023.hr,2024-04,348,0,348,0,0,0,0
023.hr,2024-05,678,1,678,1,1,1,0
023.hr,2024-06,561,4,561,4,4,4,1
023.hr,2024-07,772,3,772,3,3,3,0
023.hr,2024-08,876,2,876,2,2,2,1
023.hr,2024-09,842,3,842,3,3,3,0
023.hr,2024-10,752,2,752,2,2,2,0
023.hr,2024-11,686,1,686,1,1,1,0
023.hr,2024-12,909,2,909,2,2,2,1
023.hr,2025-01,760,4,760,4,4,4,0
023.hr,2025-02,758,9,758,9,9,9,1
023.hr,2025-03,763,3,763,3,3,3,1
023.hr,2025-04,684,1,684,1,1,1,0
023.hr,2025-05,650,3,650,3,3,3,0
023.hr,2025-06,701,6,701,6,6,6,1
023.hr,2025-07,702,2,702,2,2,2,0
023.hr,2025-08,628,3,628,3,3,3,1
023.hr,2025-09,620,1,620,1,1,1,0
023.hr,2025-10,604,1,604,1,1,1,0
023.hr,2025-11,579,0,579,0,0,0,0
023.hr,2025-12,556,2,556,2,2,2,0
023.hr,2026-01,546,5,546,5,5,5,0
023.hr,2026-02,401,2,401,2,2,2,0
023.hr,2026-03,560,0,560,0,0,0,0
023.hr,2026-04,640,1,640,1,1,1,0
023.hr,2026-05,682,0,682,0,0,0,0
023.hr,2026-06,536,0,536,0,0,0,0
023.hr,2026-07,529,0,529,0,0,0,0
023.hr,2026-08,534,1,534,1,1,1,0
023.hr,2026-09,183,0,183,0,0,0,0
034portal.hr,2021-01,375,0,375,0,0,0,0
034portal.hr,2021-02,408,1,408,1,1,1,0
034portal.hr,2021-03,485,3,485,3,3,3,0
034portal.hr,2021-04,490,1,490,1,1,1,0
034portal.hr,2021-05,473,1,473,1,1,1,0
034portal.hr,2021-06,496,4,496,4,4,4,0
034portal.hr,2021-07,473,6,473,6,6,6,0
034portal.hr,2021-08,437,2,437,2,2,2,0
034portal.hr,2021-09,536,5,536,5,5,5,0
034portal.hr,2021-10,525,2,525,2,2,2,0
034portal.hr,2021-11,490,1,490,1,1,1,0
034portal.hr,2021-12,520,1,520,1,1,1,0
034portal.hr,2022-01,488,5,488,5,5,5,0
034portal.hr,2022-02,493,9,493,9,9,9,0
034portal.hr,2022-03,557,2,557,2,2,2,0
034portal.hr,2022-04,562,5,562,5,5,5,0
034portal.hr,2022-05,516,6,516,6,6,6,0
034portal.hr,2022-06,464,5,464,5,5,5,0
034portal.hr,2022-07,482,8,482,8,8,8,0
034portal.hr,2022-08,465,10,465,10,10,10,0
034portal.hr,2022-09,521,2,521,2,1,1,1
034portal.hr,2022-10,498,7,498,7,7,7,1
034portal.hr,2022-11,505,4,505,4,4,4,0
034portal.hr,2022-12,511,11,511,11,11,11,0
034portal.hr,2023-01,489,9,489,9,9,9,1
034portal.hr,2023-02,358,6,358,6,6,6,0
034portal.hr,2023-03,143,0,143,0,0,0,0
034portal.hr,2023-04,132,0,132,0,0,0,0
034portal.hr,2023-05,134,0,134,0,0,0,0
034portal.hr,2023-06,145,0,145,0,0,0,0
034portal.hr,2023-07,140,0,140,0,0,0,0
034portal.hr,2023-08,140,0,140,0,0,0,0
034portal.hr,2023-09,134,0,134,0,0,0,0
034portal.hr,2023-10,149,0,149,0,0,0,0
034portal.hr,2023-11,118,0,118,0,0,0,0
034portal.hr,2023-12,119,0,119,0,0,0,0
034portal.hr,2024-01,99,0,99,0,0,0,0
034portal.hr,2024-02,90,0,90,0,0,0,0
034portal.hr,2024-03,97,0,97,0,0,0,0
034portal.hr,2024-04,98,0,98,0,0,0,0
034portal.hr,2024-05,110,0,110,0,0,0,0
034portal.hr,2024-06,303,0,303,0,0,0,0
034portal.hr,2024-07,302,0,302,0,0,0,0
034portal.hr,2024-08,307,0,307,0,0,0,0
034portal.hr,2024-09,319,0,319,0,0,0,0
034portal.hr,2024-10,325,0,325,0,0,0,0
034portal.hr,2024-11,306,1,306,1,1,1,1
034portal.hr,2024-12,271,1,271,1,1,1,0
034portal.hr,2025-01,301,0,301,0,0,0,0
034portal.hr,2025-02,272,1,272,1,1,1,0
034portal.hr,2025-03,318,2,318,2,2,2,0
034portal.hr,2025-04,259,0,259,0,0,0,0
034portal.hr,2025-05,286,0,286,0,0,0,0
034portal.hr,2025-06,244,0,244,0,0,0,0
034portal.hr,2025-07,226,1,226,1,1,1,0
034portal.hr,2025-08,225,0,225,0,0,0,0
034portal.hr,2025-09,168,0,168,0,0,0,0
034portal.hr,2025-10,181,0,181,0,0,0,0
034portal.hr,2025-11,147,0,147,0,0,0,0
034portal.hr,2025-12,163,0,163,0,0,0,0
034portal.hr,2026-01,133,0,133,0,0,0,0
034portal.hr,2026-02,113,0,113,0,0,0,0
034portal.hr,2026-03,155,0,155,0,0,0,0
034portal.hr,2026-04,167,0,167,0,0,0,0
034portal.hr,2026-05,170,1,170,1,1,1,0
034portal.hr,2026-06,156,0,156,0,0,0,0
034portal.hr,2026-07,122,0,122,0,0,0,0
034portal.hr,2026-08,120,0,120,0,0,0,0
034portal.hr,2026-09,49,0,49,0,0,0,0
035portal.hr,2021-01,331,1,331,1,1,1,1
035portal.hr,2021-02,328,0,328,0,0,0,0
035portal.hr,2021-03,370,0,370,0,0,0,0
035portal.hr,2021-04,370,0,370,0,0,0,0
035portal.hr,2021-05,394,0,394,0,0,0,0
035portal.hr,2021-06,401,2,401,2,2,2,2
035portal.hr,2021-07,358,3,358,3,3,3,2
035portal.hr,2021-08,496,0,496,0,0,0,0
035portal.hr,2021-09,438,0,438,0,0,0,0
035portal.hr,2021-10,435,0,435,0,0,0,0
035portal.hr,2021-11,329,0,329,0,0,0,0
035portal.hr,2021-12,228,0,228,0,0,0,0
035portal.hr,2022-01,205,0,205,0,0,0,0
035portal.hr,2022-02,294,1,294,1,1,1,0
035portal.hr,2022-03,366,2,366,2,2,2,0
035portal.hr,2022-04,287,1,287,1,1,1,0
035portal.hr,2022-05,313,1,313,1,1,1,0
035portal.hr,2022-06,297,0,297,0,0,0,0
035portal.hr,2022-07,290,2,290,2,2,2,0
035portal.hr,2022-08,255,0,255,0,0,0,0
035portal.hr,2022-09,246,2,246,2,2,2,0
035portal.hr,2022-10,268,1,268,1,1,1,0
035portal.hr,2022-11,276,1,276,1,1,1,0
035portal.hr,2022-12,297,5,297,5,5,5,0
035portal.hr,2023-01,289,5,289,5,5,5,0
035portal.hr,2023-02,261,4,261,4,4,4,1
035portal.hr,2023-03,301,0,301,0,0,0,0
035portal.hr,2023-04,287,2,287,2,2,2,0
035portal.hr,2023-05,288,0,288,0,0,0,0
035portal.hr,2023-06,280,0,280,0,0,0,0
035portal.hr,2023-07,304,1,304,1,1,1,0
035portal.hr,2023-08,249,1,249,1,1,1,0
035portal.hr,2023-09,240,0,240,0,0,0,0
035portal.hr,2023-10,266,0,266,0,0,0,0
035portal.hr,2023-11,263,1,263,1,1,1,0
035portal.hr,2023-12,247,2,247,2,2,2,0
035portal.hr,2024-01,201,2,201,2,2,2,0
035portal.hr,2024-02,259,0,259,0,0,0,0
035portal.hr,2024-03,270,1,270,1,1,1,0
035portal.hr,2024-04,236,1,236,1,1,1,1
035portal.hr,2024-05,250,0,250,0,0,0,0
035portal.hr,2024-06,239,0,239,0,0,0,0
035portal.hr,2024-07,250,0,250,0,0,0,0
035portal.hr,2024-08,173,1,173,1,1,1,0
035portal.hr,2024-09,207,0,207,0,0,0,0
035portal.hr,2024-10,234,2,234,2,2,2,0
035portal.hr,2024-11,235,1,235,1,1,1,0
035portal.hr,2024-12,297,0,297,0,0,0,0
035portal.hr,2025-01,227,1,227,1,1,1,0
035portal.hr,2025-02,198,2,198,2,2,2,0
035portal.hr,2025-03,206,0,206,0,0,0,0
035portal.hr,2025-04,204,0,204,0,0,0,0
035portal.hr,2025-05,203,0,203,0,0,0,0
035portal.hr,2025-06,184,1,184,1,1,1,0
035portal.hr,2025-07,208,2,208,2,2,2,0
035portal.hr,2025-08,179,0,179,0,0,0,0
035portal.hr,2025-09,177,3,177,3,3,3,0
035portal.hr,2025-10,174,0,174,0,0,0,0
035portal.hr,2025-11,167,1,167,1,1,1,0
035portal.hr,2025-12,172,0,172,0,0,0,0
035portal.hr,2026-01,163,0,163,0,0,0,0
035portal.hr,2026-02,156,0,156,0,0,0,0
035portal.hr,2026-03,174,0,174,0,0,0,0
035portal.hr,2026-04,170,0,170,0,0,0,0
035portal.hr,2026-05,168,0,168,0,0,0,0
035portal.hr,2026-06,164,0,164,0,0,0,0
035portal.hr,2026-07,174,2,174,2,2,2,0
035portal.hr,2026-08,175,0,175,0,0,0,0
035portal.hr,2026-09,72,0,72,0,0,0,0
044portal.hr,2021-01,269,1,269,1,1,1,0
044portal.hr,2021-02,423,0,423,0,0,0,0
044portal.hr,2021-03,475,0,475,0,0,0,0
044portal.hr,2021-04,338,0,338,0,0,0,0
044portal.hr,2021-05,406,0,406,0,0,0,0
044portal.hr,2021-06,379,1,379,1,1,1,0
044portal.hr,2021-07,396,0,396,0,0,0,0
044portal.hr,2021-08,358,0,358,0,0,0,0
044portal.hr,2021-09,455,1,455,1,1,1,0
044portal.hr,2021-10,384,1,384,1,1,1,0
044portal.hr,2021-11,366,1,366,1,1,1,0
044portal.hr,2021-12,427,0,427,0,0,0,0
044portal.hr,2022-01,374,3,374,3,3,3,0
044portal.hr,2022-02,357,5,357,5,5,5,0
044portal.hr,2022-03,403,2,403,2,2,2,0
044portal.hr,2022-04,340,8,340,8,8,8,0
044portal.hr,2022-05,302,3,302,3,3,3,0
044portal.hr,2022-06,309,2,309,2,2,2,0
044portal.hr,2022-07,236,1,236,1,1,1,0
044portal.hr,2022-08,184,0,184,0,0,0,0
044portal.hr,2022-09,261,0,261,0,0,0,0
044portal.hr,2022-10,258,0,258,0,0,0,0
044portal.hr,2022-11,187,1,187,1,1,1,0
044portal.hr,2022-12,235,1,235,1,1,1,0
044portal.hr,2023-01,172,4,172,4,4,4,0
044portal.hr,2023-02,206,1,206,1,1,1,0
044portal.hr,2023-03,186,0,186,0,0,0,0
044portal.hr,2023-04,41,0,41,0,0,0,0
044portal.hr,2023-05,48,0,48,0,0,0,0
044portal.hr,2023-06,32,0,32,0,0,0,0
044portal.hr,2023-07,34,0,34,0,0,0,0
044portal.hr,2023-08,45,0,45,0,0,0,0
044portal.hr,2023-09,36,0,36,0,0,0,0
044portal.hr,2023-10,47,0,47,0,0,0,0
044portal.hr,2023-11,61,0,61,0,0,0,0
044portal.hr,2023-12,147,0,147,0,0,0,0
044portal.hr,2024-01,138,0,138,0,0,0,0
044portal.hr,2024-02,132,0,132,0,0,0,0
044portal.hr,2024-03,172,0,172,0,0,0,0
044portal.hr,2024-04,149,0,149,0,0,0,0
044portal.hr,2024-05,133,0,133,0,0,0,0
044portal.hr,2024-06,147,0,147,0,0,0,0
044portal.hr,2024-07,133,0,133,0,0,0,0
044portal.hr,2024-08,124,0,124,0,0,0,0
044portal.hr,2024-09,156,0,156,0,0,0,0
044portal.hr,2024-10,157,0,157,0,0,0,0
044portal.hr,2024-11,126,0,126,0,0,0,0
044portal.hr,2024-12,139,0,139,0,0,0,0
044portal.hr,2025-01,153,0,153,0,0,0,0
044portal.hr,2025-02,155,0,155,0,0,0,0
044portal.hr,2025-03,189,0,189,0,0,0,0
044portal.hr,2025-04,179,0,179,0,0,0,0
044portal.hr,2025-05,183,0,183,0,0,0,0
044portal.hr,2025-06,159,0,159,0,0,0,0
044portal.hr,2025-07,150,0,150,0,0,0,0
044portal.hr,2025-08,58,0,58,0,0,0,0
044portal.hr,2025-09,27,0,27,0,0,0,0
044portal.hr,2025-10,55,1,55,1,1,1,0
044portal.hr,2026-01,46,1,46,1,1,1,0
044portal.hr,2026-02,160,0,160,0,0,0,0
044portal.hr,2026-03,222,0,222,0,0,0,0
044portal.hr,2026-04,175,0,175,0,0,0,0
044portal.hr,2026-05,169,0,169,0,0,0,0
044portal.hr,2026-06,236,0,236,0,0,0,0
044portal.hr,2026-07,234,2,234,2,2,2,0
044portal.hr,2026-08,148,0,148,0,0,0,0
044portal.hr,2026-09,72,0,72,0,0,0,0
057info.hr,2021-01,707,0,707,0,0,0,0
057info.hr,2021-02,876,0,876,0,0,0,0
057info.hr,2021-03,996,3,996,3,3,3,0
057info.hr,2021-04,1029,0,1029,0,0,0,0
057info.hr,2021-05,1053,0,1053,0,0,0,0
057info.hr,2021-06,967,0,967,0,0,0,0
057info.hr,2021-07,1103,2,1103,2,2,2,0
057info.hr,2021-08,1041,0,1041,0,0,0,0
057info.hr,2021-09,1120,1,1120,1,1,1,0
057info.hr,2021-10,1144,0,1144,0,0,0,0
057info.hr,2021-11,1060,2,1060,2,2,2,0
057info.hr,2021-12,1100,0,1100,0,0,0,0
057info.hr,2022-01,888,1,888,1,1,1,0
057info.hr,2022-02,877,1,877,1,1,1,0
057info.hr,2022-03,1050,1,1050,1,1,1,0
057info.hr,2022-04,985,0,985,0,0,0,0
057info.hr,2022-05,1092,0,1092,0,0,0,0
057info.hr,2022-06,1010,1,1010,1,1,1,0
057info.hr,2022-07,941,0,941,0,0,0,0
057info.hr,2022-08,901,2,901,2,2,2,0
057info.hr,2022-09,886,0,886,0,0,0,0
057info.hr,2022-10,843,2,843,2,2,2,0
057info.hr,2022-11,885,0,885,0,0,0,0
057info.hr,2022-12,883,1,883,1,1,1,0
057info.hr,2023-01,896,1,896,1,1,1,0
057info.hr,2023-02,773,0,773,0,0,0,0
057info.hr,2023-03,954,0,954,0,0,0,0
057info.hr,2023-04,897,0,897,0,0,0,0
057info.hr,2023-05,967,0,967,0,0,0,0
057info.hr,2023-06,921,0,921,0,0,0,0
057info.hr,2023-07,967,1,967,1,1,1,0
057info.hr,2023-08,974,0,974,0,0,0,0
057info.hr,2023-09,734,0,734,0,0,0,0
057info.hr,2023-10,831,0,831,0,0,0,0
057info.hr,2023-11,887,0,887,0,0,0,0
057info.hr,2023-12,868,2,868,2,2,2,0
057info.hr,2024-01,691,0,691,0,0,0,0
057info.hr,2024-02,726,0,726,0,0,0,0
057info.hr,2024-03,678,0,678,0,0,0,0
057info.hr,2024-04,641,0,641,0,0,0,0
057info.hr,2024-05,662,0,662,0,0,0,0
057info.hr,2024-06,635,0,635,0,0,0,0
057info.hr,2024-07,632,0,632,0,0,0,0
057info.hr,2024-08,660,0,660,0,0,0,0
057info.hr,2024-09,582,0,582,0,0,0,0
057info.hr,2024-10,654,0,654,0,0,0,0
057info.hr,2024-11,584,0,584,0,0,0,0
057info.hr,2024-12,663,0,663,0,0,0,0
057info.hr,2025-01,573,0,573,0,0,0,0
057info.hr,2025-02,422,0,422,0,0,0,0
057info.hr,2025-03,553,0,553,0,0,0,0
057info.hr,2025-04,609,0,609,0,0,0,0
057info.hr,2025-05,606,0,606,0,0,0,0
057info.hr,2025-06,575,0,575,0,0,0,0
057info.hr,2025-07,585,0,585,0,0,0,0
057info.hr,2025-08,577,0,577,0,0,0,0
057info.hr,2025-09,599,0,599,0,0,0,0
057info.hr,2025-10,636,0,636,0,0,0,0
057info.hr,2025-11,625,0,625,0,0,0,0
057info.hr,2025-12,639,0,639,0,0,0,0
057info.hr,2026-01,543,0,543,0,0,0,0
057info.hr,2026-02,517,0,517,0,0,0,0
057info.hr,2026-03,605,0,605,0,0,0,0
057info.hr,2026-04,612,0,612,0,0,0,0
057info.hr,2026-05,643,0,643,0,0,0,0
057info.hr,2026-06,614,0,614,0,0,0,0
057info.hr,2026-07,644,0,644,0,0,0,0
057info.hr,2026-08,642,0,642,0,0,0,0
057info.hr,2026-09,194,0,194,0,0,0,0
24sata.hr,2021-01,5604,3,5604,3,3,3,1
24sata.hr,2021-02,5528,3,5528,3,3,3,1
24sata.hr,2021-03,5911,6,5911,6,6,6,1
24sata.hr,2021-04,5627,6,5627,6,6,6,2
24sata.hr,2021-05,5797,5,5797,5,5,5,0
24sata.hr,2021-06,5705,4,5705,4,4,4,0
24sata.hr,2021-07,5657,17,5657,17,17,17,1
24sata.hr,2021-08,5144,10,5144,10,10,10,2
24sata.hr,2021-09,5692,22,5692,22,21,21,6
24sata.hr,2021-10,6395,31,6395,31,31,31,2
24sata.hr,2021-11,6263,6,6263,6,6,6,2
24sata.hr,2021-12,6486,9,6486,9,8,8,4
24sata.hr,2022-01,6270,51,6270,51,51,51,18
24sata.hr,2022-02,6078,37,6078,37,37,37,11
24sata.hr,2022-03,6709,17,6709,17,17,17,2
24sata.hr,2022-04,6246,16,6246,16,16,16,3
24sata.hr,2022-05,6693,29,6693,29,29,29,5
24sata.hr,2022-06,6380,19,6380,19,19,19,1
24sata.hr,2022-07,6314,24,6314,24,23,23,3
24sata.hr,2022-08,6017,10,6017,10,10,10,1
24sata.hr,2022-09,6332,4,6332,4,4,4,0
24sata.hr,2022-10,7069,7,7069,7,7,7,3
24sata.hr,2022-11,6312,16,6312,16,16,16,0
24sata.hr,2022-12,6092,37,6092,37,37,37,5
24sata.hr,2023-01,6173,38,6173,38,38,38,7
24sata.hr,2023-02,6058,6,6058,6,6,6,3
24sata.hr,2023-03,6897,10,6897,10,10,10,2
24sata.hr,2023-04,6366,9,6366,9,9,9,3
24sata.hr,2023-05,6913,16,6913,16,16,16,0
24sata.hr,2023-06,6454,11,6454,11,11,11,1
24sata.hr,2023-07,5963,11,5963,11,11,11,2
24sata.hr,2023-08,5554,4,5554,4,4,4,0
24sata.hr,2023-09,6183,12,6183,12,12,12,1
24sata.hr,2023-10,6807,6,6807,6,6,6,1
24sata.hr,2023-11,6401,10,6401,10,10,10,0
24sata.hr,2023-12,6104,15,6104,15,15,15,2
24sata.hr,2024-01,6024,10,6024,10,10,10,3
24sata.hr,2024-02,4993,0,4993,0,0,0,0
24sata.hr,2024-03,6005,5,6005,5,5,5,2
24sata.hr,2024-04,5737,4,5737,4,4,4,1
24sata.hr,2024-05,6278,7,6278,7,7,7,0
24sata.hr,2024-06,6551,26,6551,26,26,26,4
24sata.hr,2024-07,6170,12,6170,12,12,12,4
24sata.hr,2024-08,5535,3,5535,3,3,3,0
24sata.hr,2024-09,6021,5,6021,5,5,5,1
24sata.hr,2024-10,6749,8,6749,8,8,8,2
24sata.hr,2024-11,7066,8,7066,8,8,8,0
24sata.hr,2024-12,7808,13,7808,13,13,13,1
24sata.hr,2025-01,7923,25,7923,25,25,25,3
24sata.hr,2025-02,7683,17,7683,17,17,17,10
24sata.hr,2025-03,8814,15,8814,15,15,15,4
24sata.hr,2025-04,8916,10,8916,10,10,10,0
24sata.hr,2025-05,9015,4,9015,4,4,4,1
24sata.hr,2025-06,8010,8,8010,8,8,8,2
24sata.hr,2025-07,8752,7,8752,7,7,7,3
24sata.hr,2025-08,7896,2,7896,2,2,2,1
24sata.hr,2025-09,8965,8,8965,8,8,8,0
24sata.hr,2025-10,10509,22,10509,22,22,22,0
24sata.hr,2025-11,10097,11,10097,11,11,11,2
24sata.hr,2025-12,10104,34,10104,34,34,34,9
24sata.hr,2026-01,9506,52,9506,52,52,52,7
24sata.hr,2026-02,9401,10,9401,10,10,10,1
24sata.hr,2026-03,11349,21,11349,21,21,21,0
24sata.hr,2026-04,9463,4,9463,4,4,4,0
24sata.hr,2026-05,9394,21,9394,21,21,21,7
24sata.hr,2026-06,9638,34,9638,34,34,34,10
24sata.hr,2026-07,9013,10,9013,10,10,10,3
24sata.hr,2026-08,8983,9,8983,9,9,9,3
24sata.hr,2026-09,3087,2,3087,2,2,2,0
5g.hr,2024-12,1,0,1,0,0,0,0
5portal.hr,2021-01,380,0,380,0,0,0,0
5portal.hr,2021-02,422,0,422,0,0,0,0
5portal.hr,2021-03,487,2,487,2,2,2,0
5portal.hr,2021-04,359,0,359,0,0,0,0
5portal.hr,2021-05,368,0,368,0,0,0,0
5portal.hr,2021-06,385,0,385,0,0,0,0
5portal.hr,2021-07,374,0,374,0,0,0,0
5portal.hr,2021-08,315,0,315,0,0,0,0
5portal.hr,2021-09,343,0,343,0,0,0,0
5portal.hr,2021-10,373,0,373,0,0,0,0
5portal.hr,2021-11,347,0,347,0,0,0,0
5portal.hr,2021-12,333,1,333,1,1,1,0
5portal.hr,2022-01,259,0,259,0,0,0,0
5portal.hr,2022-02,277,2,277,2,2,2,0
5portal.hr,2022-03,366,2,366,2,2,2,0
5portal.hr,2022-04,339,0,339,0,0,0,0
5portal.hr,2022-05,352,0,352,0,0,0,0
5portal.hr,2022-06,356,0,356,0,0,0,0
5portal.hr,2022-07,362,1,362,1,1,1,0
5portal.hr,2022-08,288,1,288,1,1,1,0
5portal.hr,2022-09,303,0,303,0,0,0,0
5portal.hr,2022-10,322,0,322,0,0,0,0
5portal.hr,2022-11,314,2,314,2,2,2,0
5portal.hr,2022-12,312,0,312,0,0,0,0
5portal.hr,2023-01,276,1,276,1,1,1,0
5portal.hr,2023-02,268,2,268,2,2,2,0
5portal.hr,2023-03,323,0,323,0,0,0,0
5portal.hr,2023-04,332,0,332,0,0,0,0
5portal.hr,2023-05,339,1,339,1,1,1,1
5portal.hr,2023-06,1605,2,1605,2,2,2,0
5portal.hr,2023-07,343,0,343,0,0,0,0
5portal.hr,2023-08,291,0,291,0,0,0,0
5portal.hr,2023-09,327,0,327,0,0,0,0
5portal.hr,2023-10,337,0,337,0,0,0,0
5portal.hr,2023-11,331,0,331,0,0,0,0
5portal.hr,2023-12,317,0,317,0,0,0,0
5portal.hr,2024-01,257,1,257,1,1,1,0
5portal.hr,2024-02,282,0,282,0,0,0,0
5portal.hr,2024-03,337,0,337,0,0,0,0
5portal.hr,2024-04,320,0,320,0,0,0,0
5portal.hr,2024-05,325,1,325,1,1,1,0
5portal.hr,2024-06,278,0,278,0,0,0,0
5portal.hr,2024-07,319,0,319,0,0,0,0
5portal.hr,2024-08,196,0,196,0,0,0,0
5portal.hr,2024-09,171,0,171,0,0,0,0
5portal.hr,2024-10,324,0,324,0,0,0,0
5portal.hr,2024-11,207,0,207,0,0,0,0
5portal.hr,2024-12,274,0,274,0,0,0,0
5portal.hr,2025-01,229,0,229,0,0,0,0
5portal.hr,2025-02,262,0,262,0,0,0,0
5portal.hr,2025-03,288,0,288,0,0,0,0
5portal.hr,2025-04,229,0,229,0,0,0,0
5portal.hr,2025-05,237,1,237,1,1,1,0
5portal.hr,2025-06,271,0,271,0,0,0,0
5portal.hr,2025-07,288,0,288,0,0,0,0
5portal.hr,2025-08,222,0,222,0,0,0,0
5portal.hr,2025-09,266,0,266,0,0,0,0
5portal.hr,2025-10,277,0,277,0,0,0,0
5portal.hr,2025-11,250,0,250,0,0,0,0
5portal.hr,2025-12,257,0,257,0,0,0,0
5portal.hr,2026-01,269,0,269,0,0,0,0
5portal.hr,2026-02,237,0,237,0,0,0,0
5portal.hr,2026-03,329,0,329,0,0,0,0
5portal.hr,2026-04,233,0,233,0,0,0,0
5portal.hr,2026-05,284,0,284,0,0,0,0
5portal.hr,2026-06,205,0,205,0,0,0,0
5portal.hr,2026-07,229,0,229,0,0,0,0
5portal.hr,2026-08,244,0,244,0,0,0,0
5portal.hr,2026-09,95,0,95,0,0,0,0
7dnevno.hr,2021-01,989,3,989,3,3,3,1
7dnevno.hr,2021-02,1412,6,1412,6,6,6,1
7dnevno.hr,2021-03,876,2,876,2,2,2,0
7dnevno.hr,2021-04,828,7,828,7,7,7,0
7dnevno.hr,2021-05,1095,2,1095,2,2,2,0
7dnevno.hr,2021-06,1035,2,1035,2,2,2,0
7dnevno.hr,2021-07,1967,16,1967,16,16,16,4
7dnevno.hr,2021-08,1810,12,1810,12,12,12,2
7dnevno.hr,2021-09,1377,18,1377,18,18,18,2
7dnevno.hr,2021-10,1555,28,1555,28,28,28,3
7dnevno.hr,2021-11,1321,9,1321,9,9,9,0
7dnevno.hr,2021-12,1176,2,1176,2,2,2,0
7dnevno.hr,2022-01,1152,47,1152,47,47,47,11
7dnevno.hr,2022-02,1187,30,1187,30,30,30,9
7dnevno.hr,2022-03,1617,7,1617,7,7,7,2
7dnevno.hr,2022-04,1501,12,1501,12,12,12,1
7dnevno.hr,2022-05,1396,12,1396,12,12,12,3
7dnevno.hr,2022-06,1209,10,1209,10,10,10,3
7dnevno.hr,2022-07,1304,14,1304,14,13,13,3
7dnevno.hr,2022-08,1336,5,1336,5,5,5,0
7dnevno.hr,2022-09,1410,6,1410,6,6,6,0
7dnevno.hr,2022-10,1436,14,1436,14,14,14,2
7dnevno.hr,2022-11,1319,6,1319,6,6,6,1
7dnevno.hr,2022-12,1309,13,1309,13,13,13,2
7dnevno.hr,2023-01,1331,21,1331,21,21,21,2
7dnevno.hr,2023-02,1164,5,1164,5,5,5,1
7dnevno.hr,2023-03,1418,11,1418,11,11,11,1
7dnevno.hr,2023-04,1229,15,1229,15,15,15,4
7dnevno.hr,2023-05,1304,3,1304,3,3,3,1
7dnevno.hr,2023-06,1192,7,1192,7,7,7,1
7dnevno.hr,2023-07,1308,8,1308,8,8,8,0
7dnevno.hr,2023-08,1223,8,1223,8,8,8,3
7dnevno.hr,2023-09,1278,14,1278,14,14,14,1
7dnevno.hr,2023-10,1340,8,1340,8,8,8,1
7dnevno.hr,2023-11,1318,5,1318,5,5,5,0
7dnevno.hr,2023-12,1342,1,1342,1,1,1,0
7dnevno.hr,2024-01,1353,3,1353,3,3,3,1
7dnevno.hr,2024-02,1262,7,1262,7,7,7,0
7dnevno.hr,2024-03,1371,2,1371,2,2,2,0
7dnevno.hr,2024-04,1385,10,1385,10,10,10,3
7dnevno.hr,2024-05,1294,5,1294,5,5,5,0
7dnevno.hr,2024-06,1232,13,1232,13,13,13,1
7dnevno.hr,2024-07,1252,6,1252,6,6,6,0
7dnevno.hr,2024-08,1211,1,1211,1,1,1,0
7dnevno.hr,2024-09,591,3,591,3,3,3,0
7dnevno.hr,2024-11,2,0,2,0,0,0,0
7dnevno.hr,2025-04,24,0,24,0,0,0,0
7dnevno.hr,2025-05,918,1,918,1,1,1,0
7dnevno.hr,2025-06,669,5,669,5,5,5,2
adria.fun,2023-05,3,0,3,0,0,0,0
adria.fun,2023-06,52,0,52,0,0,0,0
adria.fun,2023-07,30,0,30,0,0,0,0
adria.fun,2023-08,27,0,27,0,0,0,0
adria.fun,2023-09,28,0,28,0,0,0,0
adria.fun,2023-10,8,0,8,0,0,0,0
adria.fun,2023-11,6,0,6,0,0,0,0
adria.fun,2023-12,2,0,2,0,0,0,0
adria.fun,2024-01,10,0,10,0,0,0,0
adria.fun,2024-03,1,0,1,0,0,0,0
adria.fun,2024-04,1,0,1,0,0,0,0
advance.hr,2021-01,132,0,132,0,0,0,0
advance.hr,2021-02,191,0,191,0,0,0,0
advance.hr,2021-03,205,0,205,0,0,0,0
advance.hr,2021-04,185,0,185,0,0,0,0
advance.hr,2021-05,202,0,202,0,0,0,0
advance.hr,2021-06,188,0,188,0,0,0,0
advance.hr,2021-07,204,0,204,0,0,0,0
advance.hr,2021-08,199,0,199,0,0,0,0
advance.hr,2021-09,191,0,191,0,0,0,0
advance.hr,2021-10,193,0,193,0,0,0,0
advance.hr,2021-11,196,0,196,0,0,0,0
advance.hr,2021-12,197,0,197,0,0,0,0
advance.hr,2022-01,193,0,193,0,0,0,0
advance.hr,2022-02,163,0,163,0,0,0,0
advance.hr,2022-03,152,0,152,0,0,0,0
advance.hr,2022-04,237,0,237,0,0,0,0
advance.hr,2022-05,481,0,481,0,0,0,0
advance.hr,2022-06,309,1,309,1,1,1,0
advance.hr,2022-07,306,0,306,0,0,0,0
advance.hr,2022-08,307,0,307,0,0,0,0
advance.hr,2022-09,297,0,297,0,0,0,0
advance.hr,2022-10,267,0,267,0,0,0,0
advance.hr,2022-11,248,0,248,0,0,0,0
advance.hr,2022-12,238,0,238,0,0,0,0
advance.hr,2023-01,245,0,245,0,0,0,0
advance.hr,2023-02,224,0,224,0,0,0,0
advance.hr,2023-03,251,0,251,0,0,0,0
advance.hr,2023-04,237,0,237,0,0,0,0
advance.hr,2023-05,251,0,251,0,0,0,0
advance.hr,2023-06,235,0,235,0,0,0,0
advance.hr,2023-07,239,0,239,0,0,0,0
advance.hr,2023-08,241,0,241,0,0,0,0
advance.hr,2023-09,334,0,334,0,0,0,0
advance.hr,2023-10,317,0,317,0,0,0,0
advance.hr,2023-11,260,0,260,0,0,0,0
advance.hr,2023-12,264,0,264,0,0,0,0
advance.hr,2024-01,304,0,304,0,0,0,0
advance.hr,2024-02,212,0,212,0,0,0,0
advance.hr,2024-03,211,0,211,0,0,0,0
advance.hr,2024-04,220,0,220,0,0,0,0
advance.hr,2024-05,237,0,237,0,0,0,0
advance.hr,2024-06,209,0,209,0,0,0,0
advance.hr,2024-07,229,0,229,0,0,0,0
advance.hr,2024-08,224,0,224,0,0,0,0
advance.hr,2024-09,211,0,211,0,0,0,0
advance.hr,2024-10,234,0,234,0,0,0,0
advance.hr,2024-11,143,0,143,0,0,0,0
advance.hr,2024-12,149,0,149,0,0,0,0
advance.hr,2025-01,137,0,137,0,0,0,0
advance.hr,2025-02,239,0,239,0,0,0,0
advance.hr,2025-03,175,0,175,0,0,0,0
advance.hr,2025-04,78,0,78,0,0,0,0
advance.hr,2025-05,106,0,106,0,0,0,0
advance.hr,2025-06,173,0,173,0,0,0,0
advance.hr,2025-07,201,0,201,0,0,0,0
advance.hr,2025-08,92,0,92,0,0,0,0
advance.hr,2025-09,102,0,102,0,0,0,0
advance.hr,2025-10,102,0,102,0,0,0,0
advance.hr,2025-11,134,0,134,0,0,0,0
advance.hr,2025-12,211,0,211,0,0,0,0
advance.hr,2026-01,188,0,188,0,0,0,0
advance.hr,2026-02,136,0,136,0,0,0,0
advance.hr,2026-03,122,0,122,0,0,0,0
advance.hr,2026-04,107,0,107,0,0,0,0
advance.hr,2026-05,159,0,159,0,0,0,0
advance.hr,2026-06,122,0,122,0,0,0,0
advance.hr,2026-07,137,0,137,0,0,0,0
advance.hr,2026-08,184,0,184,0,0,0,0
advance.hr,2026-09,106,0,106,0,0,0,0
after5.hr,2023-01,1,0,1,0,0,0,0
after5.hr,2023-05,2,0,2,0,0,0,0
after5.hr,2023-09,1,0,1,0,0,0,0
after5.hr,2024-01,5,0,5,0,0,0,0
after5.hr,2024-02,35,0,35,0,0,0,0
after5.hr,2024-03,90,0,90,0,0,0,0
after5.hr,2024-04,72,0,72,0,0,0,0
after5.hr,2024-05,66,0,66,0,0,0,0
after5.hr,2024-06,84,0,84,0,0,0,0
after5.hr,2024-07,49,0,49,0,0,0,0
after5.hr,2024-08,69,2,69,2,2,2,0
after5.hr,2024-09,67,3,67,3,3,3,0
after5.hr,2024-10,64,2,64,2,2,2,1
after5.hr,2024-11,72,0,72,0,0,0,0
after5.hr,2024-12,49,1,49,1,1,1,0
after5.hr,2025-01,70,1,70,1,1,1,0
after5.hr,2025-02,90,2,90,2,2,2,0
after5.hr,2025-03,76,1,76,1,1,1,0
after5.hr,2025-04,38,0,38,0,0,0,0
after5.hr,2025-05,62,0,62,0,0,0,0
after5.hr,2025-06,83,0,83,0,0,0,0
after5.hr,2025-07,109,1,109,1,1,1,0
after5.hr,2025-08,66,0,66,0,0,0,0
after5.hr,2025-09,107,3,107,3,3,3,0
after5.hr,2025-10,115,0,115,0,0,0,0
after5.hr,2025-11,112,1,112,1,1,1,0
after5.hr,2025-12,101,0,101,0,0,0,0
after5.hr,2026-01,106,0,106,0,0,0,0
after5.hr,2026-02,97,1,97,1,1,1,0
after5.hr,2026-03,170,2,170,2,2,2,0
after5.hr,2026-04,141,1,141,1,1,1,0
after5.hr,2026-05,145,1,145,1,1,1,0
after5.hr,2026-06,157,1,157,1,1,1,0
after5.hr,2026-07,133,0,133,0,0,0,0
after5.hr,2026-08,118,1,118,1,1,1,0
after5.hr,2026-09,60,0,60,0,0,0,0
agroklub.com,2021-01,454,0,454,0,0,0,0
agroklub.com,2021-02,988,0,988,0,0,0,0
agroklub.com,2021-03,1667,0,1667,0,0,0,0
agroklub.com,2021-04,1031,0,1031,0,0,0,0
agroklub.com,2021-05,1045,0,1045,0,0,0,0
agroklub.com,2021-06,873,0,873,0,0,0,0
agroklub.com,2021-07,803,2,803,2,2,2,0
agroklub.com,2021-08,776,0,776,0,0,0,0
agroklub.com,2021-09,820,0,820,0,0,0,0
agroklub.com,2021-10,805,1,805,1,1,1,0
agroklub.com,2021-11,819,0,819,0,0,0,0
agroklub.com,2021-12,921,0,921,0,0,0,0
agroklub.com,2022-01,860,0,860,0,0,0,0
agroklub.com,2022-02,1001,0,1001,0,0,0,0
agroklub.com,2022-03,1028,0,1028,0,0,0,0
agroklub.com,2022-04,1028,0,1028,0,0,0,0
agroklub.com,2022-05,709,0,709,0,0,0,0
agroklub.com,2022-06,392,0,392,0,0,0,0
agroklub.com,2022-07,365,0,365,0,0,0,0
agroklub.com,2022-08,334,0,334,0,0,0,0
agroklub.com,2022-09,370,0,370,0,0,0,0
agroklub.com,2022-10,377,0,377,0,0,0,0
agroklub.com,2022-11,338,0,338,0,0,0,0
agroklub.com,2022-12,360,0,360,0,0,0,0
agroklub.com,2023-01,354,0,354,0,0,0,0
agroklub.com,2023-02,336,0,336,0,0,0,0
agroklub.com,2023-03,410,0,410,0,0,0,0
agroklub.com,2023-04,435,0,435,0,0,0,0
agroklub.com,2023-05,384,0,384,0,0,0,0
agroklub.com,2023-06,362,0,362,0,0,0,0
agroklub.com,2023-07,335,0,335,0,0,0,0
agroklub.com,2023-08,340,0,340,0,0,0,0
agroklub.com,2023-09,351,0,351,0,0,0,0
agroklub.com,2023-10,378,0,378,0,0,0,0
agroklub.com,2023-11,390,0,390,0,0,0,0
agroklub.com,2023-12,327,0,327,0,0,0,0
agroklub.com,2024-01,335,0,335,0,0,0,0
agroklub.com,2024-02,296,0,296,0,0,0,0
agroklub.com,2024-03,299,0,299,0,0,0,0
agroklub.com,2024-04,297,0,297,0,0,0,0
agroklub.com,2024-05,304,0,304,0,0,0,0
agroklub.com,2024-06,269,0,269,0,0,0,0
agroklub.com,2024-07,285,0,285,0,0,0,0
agroklub.com,2024-08,265,0,265,0,0,0,0
agroklub.com,2024-09,296,0,296,0,0,0,0
agroklub.com,2024-10,297,0,297,0,0,0,0
agroklub.com,2024-11,250,0,250,0,0,0,0
agroklub.com,2024-12,263,0,263,0,0,0,0
agroklub.com,2025-01,273,1,273,1,1,1,0
agroklub.com,2025-02,258,0,258,0,0,0,0
agroklub.com,2025-03,302,0,302,0,0,0,0
agroklub.com,2025-04,313,0,313,0,0,0,0
agroklub.com,2025-05,321,0,321,0,0,0,0
agroklub.com,2025-06,286,0,286,0,0,0,0
agroklub.com,2025-07,313,0,313,0,0,0,0
agroklub.com,2025-08,260,0,260,0,0,0,0
agroklub.com,2025-09,301,0,301,0,0,0,0
agroklub.com,2025-10,314,0,314,0,0,0,0
agroklub.com,2025-11,275,0,275,0,0,0,0
agroklub.com,2025-12,273,0,273,0,0,0,0
agroklub.com,2026-01,291,0,291,0,0,0,0
agroklub.com,2026-02,309,0,309,0,0,0,0
agroklub.com,2026-03,379,0,379,0,0,0,0
agroklub.com,2026-04,366,0,366,0,0,0,0
agroklub.com,2026-05,342,0,342,0,0,0,0
agroklub.com,2026-06,346,0,346,0,0,0,0
agroklub.com,2026-07,294,0,294,0,0,0,0
agroklub.com,2026-08,280,0,280,0,0,0,0
agroklub.com,2026-09,98,0,98,0,0,0,0
agroportal.hr,2021-01,50,0,50,0,0,0,0
agroportal.hr,2021-02,57,0,57,0,0,0,0
agroportal.hr,2021-03,73,0,73,0,0,0,0
agroportal.hr,2021-04,74,0,74,0,0,0,0
agroportal.hr,2021-05,70,0,70,0,0,0,0
agroportal.hr,2021-06,72,0,72,0,0,0,0
agroportal.hr,2021-07,80,0,80,0,0,0,0
agroportal.hr,2021-08,57,0,57,0,0,0,0
agroportal.hr,2021-09,64,0,64,0,0,0,0
agroportal.hr,2021-10,65,0,65,0,0,0,0
agroportal.hr,2021-11,64,0,64,0,0,0,0
agroportal.hr,2021-12,69,0,69,0,0,0,0
agroportal.hr,2022-01,67,0,67,0,0,0,0
agroportal.hr,2022-02,68,0,68,0,0,0,0
agroportal.hr,2022-03,67,0,67,0,0,0,0
agroportal.hr,2022-04,57,0,57,0,0,0,0
agroportal.hr,2022-05,59,0,59,0,0,0,0
agroportal.hr,2022-06,51,0,51,0,0,0,0
agroportal.hr,2022-07,37,0,37,0,0,0,0
agroportal.hr,2022-08,32,0,32,0,0,0,0
agroportal.hr,2022-09,61,0,61,0,0,0,0
agroportal.hr,2022-10,55,0,55,0,0,0,0
agroportal.hr,2022-11,58,0,58,0,0,0,0
agroportal.hr,2022-12,49,0,49,0,0,0,0
agroportal.hr,2023-01,43,0,43,0,0,0,0
agroportal.hr,2023-02,51,0,51,0,0,0,0
agroportal.hr,2023-03,52,0,52,0,0,0,0
agroportal.hr,2023-04,51,0,51,0,0,0,0
agroportal.hr,2023-05,43,0,43,0,0,0,0
agroportal.hr,2023-06,32,0,32,0,0,0,0
agroportal.hr,2023-07,59,0,59,0,0,0,0
agroportal.hr,2023-08,45,0,45,0,0,0,0
agroportal.hr,2023-09,54,0,54,0,0,0,0
agroportal.hr,2023-10,51,0,51,0,0,0,0
agroportal.hr,2023-11,53,0,53,0,0,0,0
agroportal.hr,2023-12,43,0,43,0,0,0,0
agroportal.hr,2024-01,39,0,39,0,0,0,0
agroportal.hr,2024-02,37,0,37,0,0,0,0
agroportal.hr,2024-03,41,0,41,0,0,0,0
agroportal.hr,2024-04,23,0,23,0,0,0,0
agroportal.hr,2024-05,38,0,38,0,0,0,0
agroportal.hr,2024-06,35,0,35,0,0,0,0
agroportal.hr,2024-07,50,0,50,0,0,0,0
agroportal.hr,2024-08,36,0,36,0,0,0,0
agroportal.hr,2024-09,48,0,48,0,0,0,0
agroportal.hr,2024-10,49,0,49,0,0,0,0
agroportal.hr,2024-11,25,0,25,0,0,0,0
agroportal.hr,2024-12,16,0,16,0,0,0,0
agroportal.hr,2025-01,31,0,31,0,0,0,0
agroportal.hr,2025-02,20,0,20,0,0,0,0
agroportal.hr,2025-03,20,0,20,0,0,0,0
agroportal.hr,2025-04,27,0,27,0,0,0,0
agroportal.hr,2025-05,41,0,41,0,0,0,0
agroportal.hr,2025-06,33,0,33,0,0,0,0
agroportal.hr,2025-07,5,0,5,0,0,0,0
agroportal.hr,2025-11,1,0,1,0,0,0,0
agroportal.hr,2025-12,13,0,13,0,0,0,0
agroportal.hr,2026-01,5,0,5,0,0,0,0
aktivirajkarlovac.net,2021-01,4,0,4,0,0,0,0
aktivirajkarlovac.net,2021-02,1,0,1,0,0,0,0
aktivirajkarlovac.net,2021-03,4,0,4,0,0,0,0
aktivirajkarlovac.net,2021-04,2,0,2,0,0,0,0
aktivirajkarlovac.net,2021-05,6,0,6,0,0,0,0
aktivirajkarlovac.net,2021-06,3,0,3,0,0,0,0
aktivirajkarlovac.net,2021-07,2,0,2,0,0,0,0
aktivirajkarlovac.net,2021-09,4,0,4,0,0,0,0
aktivirajkarlovac.net,2021-10,4,0,4,0,0,0,0
aktivirajkarlovac.net,2021-11,8,0,8,0,0,0,0
aktivirajkarlovac.net,2021-12,8,0,8,0,0,0,0
aktivirajkarlovac.net,2022-01,1,0,1,0,0,0,0
aktivirajkarlovac.net,2022-02,1,0,1,0,0,0,0
aktivirajkarlovac.net,2022-03,2,0,2,0,0,0,0
aktivirajkarlovac.net,2022-06,1,0,1,0,0,0,0
aktivirajkarlovac.net,2022-07,1,0,1,0,0,0,0
aktivirajkarlovac.net,2022-08,3,0,3,0,0,0,0
aktivirajkarlovac.net,2022-09,4,0,4,0,0,0,0
aktivirajkarlovac.net,2022-10,4,0,4,0,0,0,0
aktivirajkarlovac.net,2022-11,2,0,2,0,0,0,0
aktivirajkarlovac.net,2023-02,2,1,2,1,1,1,0
aktivirajkarlovac.net,2023-03,2,0,2,0,0,0,0
aktivirajkarlovac.net,2023-06,1,0,1,0,0,0,0
aktivirajkarlovac.net,2023-07,2,0,2,0,0,0,0
aktivirajkarlovac.net,2023-08,1,1,1,1,1,1,0
aktivirajkarlovac.net,2023-09,1,0,1,0,0,0,0
antenazadar.hr,2021-01,723,1,723,1,1,1,0
antenazadar.hr,2021-02,812,2,812,2,2,2,0
antenazadar.hr,2021-03,725,0,725,0,0,0,0
antenazadar.hr,2021-04,565,0,565,0,0,0,0
antenazadar.hr,2021-05,593,1,593,1,1,1,1
antenazadar.hr,2021-06,549,0,549,0,0,0,0
antenazadar.hr,2021-07,529,2,529,2,2,2,0
antenazadar.hr,2021-08,537,2,537,2,2,2,1
antenazadar.hr,2021-09,549,3,549,3,3,3,0
antenazadar.hr,2021-10,518,2,518,2,2,2,0
antenazadar.hr,2021-11,494,1,494,1,1,1,0
antenazadar.hr,2021-12,661,0,661,0,0,0,0
antenazadar.hr,2022-01,730,2,730,2,2,2,0
antenazadar.hr,2022-02,639,7,639,7,7,7,1
antenazadar.hr,2022-03,694,3,694,3,3,3,0
antenazadar.hr,2022-04,578,6,578,6,6,6,1
antenazadar.hr,2022-05,568,8,568,8,8,8,0
antenazadar.hr,2022-06,757,9,757,9,9,9,0
antenazadar.hr,2022-07,934,8,934,8,8,8,0
antenazadar.hr,2022-08,1108,17,1108,17,17,17,0
antenazadar.hr,2022-09,801,4,801,4,4,4,0
antenazadar.hr,2022-10,892,10,892,10,10,10,4
antenazadar.hr,2022-11,798,7,798,7,7,7,1
antenazadar.hr,2022-12,1255,16,1255,16,16,16,4
antenazadar.hr,2023-01,1308,31,1308,31,31,31,6
antenazadar.hr,2023-02,1277,9,1277,9,9,9,3
antenazadar.hr,2023-03,1468,12,1468,12,12,12,5
antenazadar.hr,2023-04,1073,6,1073,6,6,6,2
antenazadar.hr,2023-05,1298,6,1298,6,6,6,1
antenazadar.hr,2023-06,1229,6,1229,6,6,6,3
antenazadar.hr,2023-07,1147,5,1147,5,5,5,1
antenazadar.hr,2023-08,838,5,838,5,5,5,0
antenazadar.hr,2023-09,808,4,808,4,4,4,0
antenazadar.hr,2023-10,919,5,919,5,5,5,2
antenazadar.hr,2023-11,838,2,838,2,2,2,1
antenazadar.hr,2023-12,698,4,698,4,4,4,1
antenazadar.hr,2024-01,670,1,670,1,1,1,1
antenazadar.hr,2024-02,665,0,665,0,0,0,0
antenazadar.hr,2024-03,915,4,915,4,4,4,0
antenazadar.hr,2024-04,996,0,996,0,0,0,0
antenazadar.hr,2024-05,1094,3,1094,3,3,3,0
antenazadar.hr,2024-06,930,4,930,4,4,4,1
antenazadar.hr,2024-07,1053,3,1053,3,3,3,1
antenazadar.hr,2024-08,1218,2,1218,2,2,2,0
antenazadar.hr,2024-09,1354,2,1354,2,2,2,0
antenazadar.hr,2024-10,1177,4,1177,4,4,4,0
antenazadar.hr,2024-11,941,0,941,0,0,0,0
antenazadar.hr,2024-12,883,1,883,1,1,1,0
antenazadar.hr,2025-01,1103,8,1103,8,8,8,1
antenazadar.hr,2025-02,956,7,956,7,7,7,0
antenazadar.hr,2025-03,1006,0,1006,0,0,0,0
antenazadar.hr,2025-04,872,0,872,0,0,0,0
antenazadar.hr,2025-05,834,1,834,1,1,1,0
antenazadar.hr,2025-06,730,0,730,0,0,0,0
antenazadar.hr,2025-07,862,0,862,0,0,0,0
antenazadar.hr,2025-08,793,0,793,0,0,0,0
antenazadar.hr,2025-09,754,0,754,0,0,0,0
antenazadar.hr,2025-10,720,0,720,0,0,0,0
antenazadar.hr,2025-11,675,1,675,1,1,1,0
antenazadar.hr,2025-12,711,1,711,1,1,1,0
antenazadar.hr,2026-01,631,0,631,0,0,0,0
antenazadar.hr,2026-02,623,0,623,0,0,0,0
antenazadar.hr,2026-03,748,0,748,0,0,0,0
antenazadar.hr,2026-04,695,0,695,0,0,0,0
antenazadar.hr,2026-05,668,0,668,0,0,0,0
antenazadar.hr,2026-06,664,0,664,0,0,0,0
antenazadar.hr,2026-07,595,0,595,0,0,0,0
antenazadar.hr,2026-08,593,0,593,0,0,0,0
antenazadar.hr,2026-09,198,0,198,0,0,0,0
apoliticni.hr,2021-01,135,0,135,0,0,0,0
apoliticni.hr,2021-02,156,0,156,0,0,0,0
apoliticni.hr,2021-03,168,0,168,0,0,0,0
apoliticni.hr,2021-04,161,0,161,0,0,0,0
apoliticni.hr,2021-05,163,0,163,0,0,0,0
apoliticni.hr,2021-06,145,0,145,0,0,0,0
apoliticni.hr,2021-07,156,0,156,0,0,0,0
apoliticni.hr,2021-08,142,0,142,0,0,0,0
apoliticni.hr,2021-09,155,0,155,0,0,0,0
apoliticni.hr,2021-10,165,1,165,1,1,1,0
apoliticni.hr,2021-11,146,0,146,0,0,0,0
apoliticni.hr,2021-12,145,0,145,0,0,0,0
apoliticni.hr,2022-01,142,0,142,0,0,0,0
apoliticni.hr,2022-02,149,0,149,0,0,0,0
apoliticni.hr,2022-03,155,0,155,0,0,0,0
apoliticni.hr,2022-04,141,0,141,0,0,0,0
apoliticni.hr,2022-05,161,0,161,0,0,0,0
apoliticni.hr,2022-06,140,0,140,0,0,0,0
apoliticni.hr,2022-07,156,0,156,0,0,0,0
apoliticni.hr,2022-08,140,0,140,0,0,0,0
apoliticni.hr,2022-09,146,0,146,0,0,0,0
apoliticni.hr,2022-10,149,0,149,0,0,0,0
apoliticni.hr,2022-11,146,0,146,0,0,0,0
apoliticni.hr,2022-12,147,0,147,0,0,0,0
apoliticni.hr,2023-01,146,0,146,0,0,0,0
apoliticni.hr,2023-02,140,0,140,0,0,0,0
apoliticni.hr,2023-03,163,0,163,0,0,0,0
apoliticni.hr,2023-04,149,0,149,0,0,0,0
apoliticni.hr,2023-05,149,0,149,0,0,0,0
apoliticni.hr,2023-06,146,0,146,0,0,0,0
apoliticni.hr,2023-07,137,0,137,0,0,0,0
apoliticni.hr,2023-08,136,0,136,0,0,0,0
apoliticni.hr,2023-09,149,0,149,0,0,0,0
apoliticni.hr,2023-10,223,0,223,0,0,0,0
apoliticni.hr,2023-11,201,0,201,0,0,0,0
apoliticni.hr,2023-12,168,0,168,0,0,0,0
apoliticni.hr,2024-01,113,1,113,1,1,1,0
apoliticni.hr,2024-02,109,0,109,0,0,0,0
apoliticni.hr,2024-03,91,0,91,0,0,0,0
apoliticni.hr,2024-04,23,0,23,0,0,0,0
apoliticni.hr,2024-06,1,0,1,0,0,0,0
apoliticni.hr,2024-07,2,0,2,0,0,0,0
arhivanalitika.hr,2021-01,15,1,15,1,1,1,0
arhivanalitika.hr,2021-02,12,3,12,3,3,3,0
arhivanalitika.hr,2021-03,15,0,15,0,0,0,0
arhivanalitika.hr,2021-04,14,4,14,4,4,4,0
arhivanalitika.hr,2021-05,16,2,16,2,2,2,0
arhivanalitika.hr,2021-06,9,1,9,1,1,1,0
arhivanalitika.hr,2021-07,12,0,12,0,0,0,0
arhivanalitika.hr,2021-08,10,1,10,1,1,1,0
arhivanalitika.hr,2021-09,17,0,17,0,0,0,0
arhivanalitika.hr,2021-10,15,0,15,0,0,0,0
arhivanalitika.hr,2021-11,13,3,13,3,3,3,0
arhivanalitika.hr,2021-12,16,0,16,0,0,0,0
arhivanalitika.hr,2022-01,15,0,15,0,0,0,0
arhivanalitika.hr,2022-02,15,3,15,3,3,3,0
arhivanalitika.hr,2022-03,18,2,18,2,2,2,0
arhivanalitika.hr,2022-04,19,3,19,3,3,3,0
arhivanalitika.hr,2022-05,16,0,16,0,0,0,0
arhivanalitika.hr,2022-06,17,2,17,2,2,2,0
arhivanalitika.hr,2022-07,23,6,23,6,6,6,0
arhivanalitika.hr,2022-08,14,0,14,0,0,0,0
arhivanalitika.hr,2022-09,7,0,7,0,0,0,0
arhivanalitika.hr,2022-10,9,2,9,2,2,2,0
arhivanalitika.hr,2022-11,9,2,9,2,2,2,0
arhivanalitika.hr,2022-12,6,0,6,0,0,0,0
arhivanalitika.hr,2023-01,9,1,9,1,1,1,0
arhivanalitika.hr,2023-02,9,2,9,2,2,2,0
arhivanalitika.hr,2023-03,9,1,9,1,1,1,0
arhivanalitika.hr,2023-04,9,2,9,2,2,2,0
arhivanalitika.hr,2023-05,13,2,13,2,2,2,0
arhivanalitika.hr,2023-06,8,1,8,1,1,1,0
arhivanalitika.hr,2023-07,5,0,5,0,0,0,0
arhivanalitika.hr,2023-08,9,0,9,0,0,0,0
arhivanalitika.hr,2023-09,6,1,6,1,1,1,0
arhivanalitika.hr,2023-10,11,0,11,0,0,0,0
arhivanalitika.hr,2023-11,7,1,7,1,1,1,0
arhivanalitika.hr,2023-12,7,0,7,0,0,0,0
arhivanalitika.hr,2024-01,10,3,10,3,3,3,0
arhivanalitika.hr,2024-02,10,4,10,4,4,4,0
arhivanalitika.hr,2024-03,7,0,7,0,0,0,0
arhivanalitika.hr,2024-04,7,1,7,1,1,1,0
arhivanalitika.hr,2024-05,7,0,7,0,0,0,0
arhivanalitika.hr,2024-06,3,0,3,0,0,0,0
arhivanalitika.hr,2024-07,9,0,9,0,0,0,0
arhivanalitika.hr,2024-08,1,0,1,0,0,0,0
arhivanalitika.hr,2024-10,1,0,1,0,0,0,0
arhivanalitika.hr,2024-11,6,0,6,0,0,0,0
arhivanalitika.hr,2024-12,6,3,6,3,3,3,0
arhivanalitika.hr,2025-01,7,0,7,0,0,0,0
arhivanalitika.hr,2025-02,8,2,8,2,2,2,0
arhivanalitika.hr,2025-03,11,2,11,2,2,2,0
arhivanalitika.hr,2025-04,10,0,10,0,0,0,0
arhivanalitika.hr,2025-05,7,0,7,0,0,0,0
arhivanalitika.hr,2025-06,7,3,7,3,3,3,0
arhivanalitika.hr,2025-07,13,1,13,1,1,1,0
arhivanalitika.hr,2025-08,9,3,9,3,3,3,0
arhivanalitika.hr,2025-09,13,2,13,2,2,2,0
arhivanalitika.hr,2025-10,14,4,14,4,4,4,0
arhivanalitika.hr,2025-11,11,2,11,2,2,2,0
arhivanalitika.hr,2025-12,11,0,11,0,0,0,0
arhivanalitika.hr,2026-01,14,4,14,4,4,4,0
arhivanalitika.hr,2026-02,19,2,19,2,2,2,0
arhivanalitika.hr,2026-03,19,5,19,5,5,5,0
arhivanalitika.hr,2026-04,22,3,22,3,3,3,0
arhivanalitika.hr,2026-05,24,4,24,4,4,4,0
arhivanalitika.hr,2026-06,16,1,16,1,1,1,0
arhivanalitika.hr,2026-07,16,3,16,3,3,3,0
arhivanalitika.hr,2026-08,17,0,17,0,0,0,0
arhivanalitika.hr,2026-09,7,1,7,1,1,1,0
artkvart.hr,2023-08,1,0,1,0,0,0,0
artkvart.hr,2023-10,1,0,1,0,0,0,0
artkvart.hr,2023-12,1,0,1,0,0,0,0
artkvart.hr,2024-02,1,0,1,0,0,0,0
artkvart.hr,2024-03,1,0,1,0,0,0,0
artkvart.hr,2024-06,1,0,1,0,0,0,0
artkvart.hr,2024-08,2,0,2,0,0,0,0
autograf.hr,2021-01,120,0,120,0,0,0,0
autograf.hr,2021-02,109,0,109,0,0,0,0
autograf.hr,2021-03,15,0,15,0,0,0,0
autograf.hr,2021-04,24,0,24,0,0,0,0
autograf.hr,2021-05,8,0,8,0,0,0,0
autograf.hr,2021-06,28,0,28,0,0,0,0
autograf.hr,2021-07,30,0,30,0,0,0,0
autograf.hr,2021-08,11,0,11,0,0,0,0
autograf.hr,2021-09,7,0,7,0,0,0,0
autograf.hr,2021-10,5,0,5,0,0,0,0
autograf.hr,2021-11,5,0,5,0,0,0,0
autograf.hr,2021-12,8,0,8,0,0,0,0
autograf.hr,2022-01,3,1,3,1,1,1,0
autograf.hr,2022-02,5,0,5,0,0,0,0
autograf.hr,2022-03,2,0,2,0,0,0,0
autograf.hr,2022-05,2,0,2,0,0,0,0
autograf.hr,2022-06,6,0,6,0,0,0,0
autograf.hr,2022-07,10,0,10,0,0,0,0
autograf.hr,2022-08,2,0,2,0,0,0,0
autograf.hr,2022-09,3,0,3,0,0,0,0
autograf.hr,2022-10,1,0,1,0,0,0,0
autograf.hr,2022-11,4,0,4,0,0,0,0
autograf.hr,2022-12,8,0,8,0,0,0,0
autograf.hr,2023-01,14,0,14,0,0,0,0
autograf.hr,2023-02,14,0,14,0,0,0,0
autograf.hr,2023-03,4,0,4,0,0,0,0
autograf.hr,2023-04,3,0,3,0,0,0,0
autograf.hr,2023-05,31,0,31,0,0,0,0
autograf.hr,2023-06,55,0,55,0,0,0,0
autograf.hr,2023-07,37,0,37,0,0,0,0
autograf.hr,2023-08,68,0,68,0,0,0,0
autograf.hr,2023-09,64,0,64,0,0,0,0
autograf.hr,2023-10,68,0,68,0,0,0,0
autograf.hr,2023-11,65,0,65,0,0,0,0
autograf.hr,2023-12,60,0,60,0,0,0,0
autograf.hr,2024-01,79,0,79,0,0,0,0
autograf.hr,2024-02,59,0,59,0,0,0,0
autograf.hr,2024-03,75,0,75,0,0,0,0
autograf.hr,2024-04,57,0,57,0,0,0,0
autograf.hr,2024-05,69,0,69,0,0,0,0
autograf.hr,2024-06,51,1,51,1,1,1,0
autograf.hr,2024-07,61,0,61,0,0,0,0
autograf.hr,2024-08,53,0,53,0,0,0,0
autograf.hr,2024-09,71,0,71,0,0,0,0
autograf.hr,2024-10,55,0,55,0,0,0,0
autograf.hr,2024-11,65,0,65,0,0,0,0
autograf.hr,2024-12,63,0,63,0,0,0,0
autograf.hr,2025-01,58,0,58,0,0,0,0
autograf.hr,2025-02,53,1,53,1,1,1,0
autograf.hr,2025-03,63,0,63,0,0,0,0
autograf.hr,2025-04,60,0,60,0,0,0,0
autograf.hr,2025-05,56,0,56,0,0,0,0
autograf.hr,2025-06,56,0,56,0,0,0,0
autograf.hr,2025-07,56,0,56,0,0,0,0
autograf.hr,2025-08,50,0,50,0,0,0,0
autograf.hr,2025-09,48,0,48,0,0,0,0
autograf.hr,2025-10,63,0,63,0,0,0,0
autograf.hr,2025-11,56,1,56,1,1,1,0
autograf.hr,2025-12,63,0,63,0,0,0,0
autograf.hr,2026-01,58,0,58,0,0,0,0
autograf.hr,2026-02,45,0,45,0,0,0,0
autograf.hr,2026-03,57,0,57,0,0,0,0
autograf.hr,2026-04,53,0,53,0,0,0,0
autograf.hr,2026-05,59,0,59,0,0,0,0
autograf.hr,2026-06,65,0,65,0,0,0,0
autograf.hr,2026-07,49,0,49,0,0,0,0
autograf.hr,2026-08,55,0,55,0,0,0,0
autograf.hr,2026-09,17,0,17,0,0,0,0
autoportal.hr,2021-01,175,0,175,0,0,0,0
autoportal.hr,2021-02,332,0,332,0,0,0,0
autoportal.hr,2021-03,386,0,386,0,0,0,0
autoportal.hr,2021-04,287,0,287,0,0,0,0
autoportal.hr,2021-05,166,0,166,0,0,0,0
autoportal.hr,2021-06,17,0,17,0,0,0,0
autoportal.hr,2021-07,47,0,47,0,0,0,0
autoportal.hr,2021-08,37,0,37,0,0,0,0
autoportal.hr,2021-09,48,0,48,0,0,0,0
autoportal.hr,2022-06,3,0,3,0,0,0,0
autoportal.hr,2022-07,5,0,5,0,0,0,0
autoportal.hr,2022-08,4,0,4,0,0,0,0
autoportal.hr,2022-09,4,0,4,0,0,0,0
autoportal.hr,2022-10,2,0,2,0,0,0,0
autoportal.hr,2022-11,19,0,19,0,0,0,0
autoportal.hr,2022-12,156,0,156,0,0,0,0
autoportal.hr,2023-01,304,0,304,0,0,0,0
autoportal.hr,2023-02,235,0,235,0,0,0,0
autoportal.hr,2023-03,250,0,250,0,0,0,0
autoportal.hr,2023-04,252,0,252,0,0,0,0
autoportal.hr,2023-05,241,0,241,0,0,0,0
autoportal.hr,2023-06,245,0,245,0,0,0,0
autoportal.hr,2023-07,218,0,218,0,0,0,0
autoportal.hr,2023-08,227,0,227,0,0,0,0
autoportal.hr,2023-09,211,0,211,0,0,0,0
autoportal.hr,2023-10,232,0,232,0,0,0,0
autoportal.hr,2023-11,216,0,216,0,0,0,0
autoportal.hr,2023-12,162,0,162,0,0,0,0
autoportal.hr,2024-01,150,0,150,0,0,0,0
autoportal.hr,2024-02,116,0,116,0,0,0,0
autoportal.hr,2024-03,154,0,154,0,0,0,0
autoportal.hr,2024-04,133,0,133,0,0,0,0
autoportal.hr,2024-05,154,0,154,0,0,0,0
autoportal.hr,2024-06,118,0,118,0,0,0,0
autoportal.hr,2024-07,121,0,121,0,0,0,0
autoportal.hr,2024-08,136,0,136,0,0,0,0
autoportal.hr,2024-09,172,0,172,0,0,0,0
autoportal.hr,2024-10,163,0,163,0,0,0,0
autoportal.hr,2024-11,138,0,138,0,0,0,0
autoportal.hr,2024-12,131,0,131,0,0,0,0
autoportal.hr,2025-01,160,0,160,0,0,0,0
autoportal.hr,2025-02,165,0,165,0,0,0,0
autoportal.hr,2025-03,160,0,160,0,0,0,0
autoportal.hr,2025-04,180,0,180,0,0,0,0
autoportal.hr,2025-05,194,0,194,0,0,0,0
autoportal.hr,2025-06,124,0,124,0,0,0,0
autoportal.hr,2025-07,138,0,138,0,0,0,0
autoportal.hr,2025-08,92,0,92,0,0,0,0
autoportal.hr,2025-09,71,0,71,0,0,0,0
autoportal.hr,2025-10,92,0,92,0,0,0,0
autoportal.hr,2025-11,66,0,66,0,0,0,0
autoportal.hr,2025-12,56,0,56,0,0,0,0
autoportal.hr,2026-01,58,0,58,0,0,0,0
autoportal.hr,2026-02,40,0,40,0,0,0,0
autoportal.hr,2026-03,73,0,73,0,0,0,0
autoportal.hr,2026-04,32,0,32,0,0,0,0
autoportal.hr,2026-05,74,0,74,0,0,0,0
autoportal.hr,2026-06,33,0,33,0,0,0,0
autoportal.hr,2026-07,27,0,27,0,0,0,0
autoportal.hr,2026-08,11,0,11,0,0,0,0
b-media.hr,2021-01,1,0,1,0,0,0,0
b-media.hr,2021-02,8,0,8,0,0,0,0
b-media.hr,2021-03,104,0,104,0,0,0,0
b-media.hr,2021-04,143,4,143,4,4,4,2
b-media.hr,2021-05,119,4,119,4,4,4,2
b-media.hr,2021-06,77,5,77,5,5,5,3
b-media.hr,2021-07,46,1,46,1,1,1,1
b-media.hr,2021-08,47,1,47,1,1,1,0
b-media.hr,2021-09,10,3,10,3,3,2,1
b-media.hr,2021-12,1,0,1,0,0,0,0
baranjainfo.hr,2021-04,1,0,1,0,0,0,0
baranjainfo.hr,2021-05,15,0,15,0,0,0,0
baranjainfo.hr,2021-06,38,0,38,0,0,0,0
baranjainfo.hr,2021-07,165,2,165,2,2,2,0
baranjainfo.hr,2021-08,219,1,219,1,1,1,1
baranjainfo.hr,2021-09,239,0,239,0,0,0,0
baranjainfo.hr,2021-10,230,2,230,2,2,2,0
baranjainfo.hr,2021-11,256,0,256,0,0,0,0
baranjainfo.hr,2021-12,244,3,244,3,3,3,0
baranjainfo.hr,2022-01,233,3,233,3,3,3,0
baranjainfo.hr,2022-02,209,2,209,2,2,2,0
baranjainfo.hr,2022-03,250,2,250,2,2,2,0
baranjainfo.hr,2022-04,235,1,235,1,1,1,0
baranjainfo.hr,2022-05,245,0,245,0,0,0,0
baranjainfo.hr,2022-06,216,1,216,1,1,1,0
baranjainfo.hr,2022-07,199,5,199,5,5,5,0
baranjainfo.hr,2022-08,215,0,215,0,0,0,0
baranjainfo.hr,2022-09,245,0,245,0,0,0,0
baranjainfo.hr,2022-10,230,2,230,2,2,2,0
baranjainfo.hr,2022-11,213,1,213,1,1,1,1
baranjainfo.hr,2022-12,221,3,221,3,3,3,0
baranjainfo.hr,2023-01,200,3,200,3,3,3,0
baranjainfo.hr,2023-02,189,0,189,0,0,0,0
baranjainfo.hr,2023-03,202,0,202,0,0,0,0
baranjainfo.hr,2023-04,181,2,181,2,2,2,0
baranjainfo.hr,2023-05,223,1,223,1,1,1,0
baranjainfo.hr,2023-06,221,1,221,1,1,1,0
baranjainfo.hr,2023-07,223,0,223,0,0,0,0
baranjainfo.hr,2023-08,213,0,213,0,0,0,0
baranjainfo.hr,2023-09,214,0,214,0,0,0,0
baranjainfo.hr,2023-10,216,2,216,2,2,2,0
baranjainfo.hr,2023-11,300,0,300,0,0,0,0
baranjainfo.hr,2023-12,258,0,258,0,0,0,0
baranjainfo.hr,2024-01,201,1,201,1,1,1,0
baranjainfo.hr,2024-02,233,0,233,0,0,0,0
baranjainfo.hr,2024-03,276,0,276,0,0,0,0
baranjainfo.hr,2024-04,268,0,268,0,0,0,0
baranjainfo.hr,2024-05,261,0,261,0,0,0,0
baranjainfo.hr,2024-06,196,0,196,0,0,0,0
baranjainfo.hr,2024-07,218,0,218,0,0,0,0
baranjainfo.hr,2024-08,34,0,34,0,0,0,0
baranjainfo.hr,2024-09,13,0,13,0,0,0,0
baranjainfo.hr,2024-10,46,1,46,1,1,1,1
baranjainfo.hr,2026-05,197,0,197,0,0,0,0
baranjainfo.hr,2026-06,195,0,195,0,0,0,0
baranjainfo.hr,2026-07,191,0,191,0,0,0,0
baranjainfo.hr,2026-08,187,2,187,2,2,2,1
baranjainfo.hr,2026-09,72,0,72,0,0,0,0
basketball.hr,2021-01,94,0,94,0,0,0,0
basketball.hr,2021-02,154,0,154,0,0,0,0
basketball.hr,2021-03,148,0,148,0,0,0,0
basketball.hr,2021-04,126,0,126,0,0,0,0
basketball.hr,2021-05,17,0,17,0,0,0,0
basketball.hr,2021-06,1,0,1,0,0,0,0
basketball.hr,2021-07,9,0,9,0,0,0,0
basketball.hr,2021-08,13,0,13,0,0,0,0
basketball.hr,2021-09,1,0,1,0,0,0,0
basketball.hr,2021-10,25,0,25,0,0,0,0
basketball.hr,2021-11,63,0,63,0,0,0,0
basketball.hr,2021-12,76,0,76,0,0,0,0
basketball.hr,2022-01,56,0,56,0,0,0,0
basketball.hr,2022-02,53,0,53,0,0,0,0
basketball.hr,2022-03,52,0,52,0,0,0,0
basketball.hr,2022-04,87,0,87,0,0,0,0
basketball.hr,2022-05,34,0,34,0,0,0,0
basketball.hr,2022-06,32,0,32,0,0,0,0
basketball.hr,2022-07,72,0,72,0,0,0,0
basketball.hr,2022-08,90,0,90,0,0,0,0
basketball.hr,2022-09,114,0,114,0,0,0,0
basketball.hr,2022-10,101,0,101,0,0,0,0
basketball.hr,2022-11,33,0,33,0,0,0,0
basketball.hr,2022-12,51,0,51,0,0,0,0
basketball.hr,2023-01,61,0,61,0,0,0,0
basketball.hr,2023-02,56,0,56,0,0,0,0
basketball.hr,2023-03,53,0,53,0,0,0,0
basketball.hr,2023-04,35,0,35,0,0,0,0
basketball.hr,2023-05,55,0,55,0,0,0,0
basketball.hr,2023-06,45,0,45,0,0,0,0
basketball.hr,2023-07,13,0,13,0,0,0,0
basketball.hr,2023-08,11,0,11,0,0,0,0
basketball.hr,2023-09,5,0,5,0,0,0,0
basketball.hr,2023-10,1,0,1,0,0,0,0
basketball.hr,2023-11,6,0,6,0,0,0,0
basketball.hr,2023-12,2,0,2,0,0,0,0
basketball.hr,2024-01,4,0,4,0,0,0,0
basketball.hr,2024-02,5,0,5,0,0,0,0
basketball.hr,2024-03,6,0,6,0,0,0,0
basketball.hr,2024-04,10,0,10,0,0,0,0
basketball.hr,2024-05,7,0,7,0,0,0,0
basketball.hr,2024-06,11,0,11,0,0,0,0
basketball.hr,2024-07,1,0,1,0,0,0,0
basketball.hr,2024-08,7,0,7,0,0,0,0
basketball.hr,2024-09,8,0,8,0,0,0,0
basketball.hr,2024-10,10,0,10,0,0,0,0
basketball.hr,2024-11,3,0,3,0,0,0,0
basketball.hr,2024-12,1,0,1,0,0,0,0
basketball.hr,2025-01,1,0,1,0,0,0,0
basketball.hr,2025-02,2,0,2,0,0,0,0
basketball.hr,2025-03,6,0,6,0,0,0,0
basketball.hr,2025-04,7,0,7,0,0,0,0
basketball.hr,2025-05,6,0,6,0,0,0,0
basketball.hr,2025-06,3,0,3,0,0,0,0
baustela.hr,2021-01,5,0,5,0,0,0,0
baustela.hr,2021-02,53,0,53,0,0,0,0
baustela.hr,2021-03,251,2,251,2,2,2,0
baustela.hr,2021-04,246,1,246,1,1,1,0
baustela.hr,2021-05,251,2,251,2,2,2,0
baustela.hr,2021-06,208,2,208,2,2,2,0
baustela.hr,2021-07,203,2,203,2,2,2,0
baustela.hr,2021-08,132,0,132,0,0,0,0
baustela.hr,2021-09,181,2,181,2,2,2,0
baustela.hr,2021-10,185,1,185,1,1,1,0
baustela.hr,2021-11,163,1,163,1,1,1,0
baustela.hr,2021-12,168,0,168,0,0,0,0
baustela.hr,2022-01,158,1,158,1,1,1,0
baustela.hr,2022-02,169,4,169,4,4,4,2
baustela.hr,2022-03,169,0,169,0,0,0,0
baustela.hr,2022-04,181,0,181,0,0,0,0
baustela.hr,2022-05,164,0,164,0,0,0,0
baustela.hr,2022-06,183,0,183,0,0,0,0
baustela.hr,2022-07,208,1,208,1,1,1,0
baustela.hr,2022-08,181,0,181,0,0,0,0
baustela.hr,2022-09,197,0,197,0,0,0,0
baustela.hr,2022-10,201,0,201,0,0,0,0
baustela.hr,2022-11,137,0,137,0,0,0,0
baustela.hr,2022-12,138,0,138,0,0,0,0
baustela.hr,2023-01,167,0,167,0,0,0,0
baustela.hr,2023-02,154,0,154,0,0,0,0
baustela.hr,2023-03,163,0,163,0,0,0,0
baustela.hr,2023-04,150,1,150,1,1,1,0
baustela.hr,2023-05,177,0,177,0,0,0,0
baustela.hr,2023-06,162,1,162,1,1,1,0
baustela.hr,2023-07,148,1,148,1,1,1,0
baustela.hr,2023-08,138,0,138,0,0,0,0
baustela.hr,2023-09,144,1,144,1,1,1,0
baustela.hr,2023-10,160,0,160,0,0,0,0
baustela.hr,2023-11,159,0,159,0,0,0,0
baustela.hr,2023-12,124,0,124,0,0,0,0
baustela.hr,2024-01,149,0,149,0,0,0,0
baustela.hr,2024-02,155,0,155,0,0,0,0
baustela.hr,2024-03,162,0,162,0,0,0,0
baustela.hr,2024-04,137,0,137,0,0,0,0
baustela.hr,2024-05,165,0,165,0,0,0,0
baustela.hr,2024-06,164,1,164,1,1,1,0
baustela.hr,2024-07,182,1,182,1,1,1,1
baustela.hr,2024-08,167,0,167,0,0,0,0
baustela.hr,2024-09,163,0,163,0,0,0,0
baustela.hr,2024-10,211,0,211,0,0,0,0
baustela.hr,2024-11,210,0,210,0,0,0,0
baustela.hr,2024-12,209,1,209,1,1,1,0
baustela.hr,2025-01,219,0,219,0,0,0,0
baustela.hr,2025-02,220,1,220,1,1,1,0
baustela.hr,2025-03,237,0,237,0,0,0,0
baustela.hr,2025-04,237,0,237,0,0,0,0
baustela.hr,2025-05,238,0,238,0,0,0,0
baustela.hr,2025-06,221,0,221,0,0,0,0
baustela.hr,2025-07,213,1,213,1,1,1,0
baustela.hr,2025-08,215,0,215,0,0,0,0
baustela.hr,2025-09,208,0,208,0,0,0,0
baustela.hr,2025-10,253,0,253,0,0,0,0
baustela.hr,2025-11,244,0,244,0,0,0,0
baustela.hr,2025-12,218,1,218,1,1,1,0
baustela.hr,2026-01,237,3,237,3,3,3,0
baustela.hr,2026-02,940,1,940,1,1,1,0
baustela.hr,2026-03,260,0,260,0,0,0,0
baustela.hr,2026-04,225,1,225,1,1,1,0
baustela.hr,2026-05,230,0,230,0,0,0,0
baustela.hr,2026-06,238,0,238,0,0,0,0
baustela.hr,2026-07,230,0,230,0,0,0,0
baustela.hr,2026-08,220,0,220,0,0,0,0
baustela.hr,2026-09,84,0,84,0,0,0,0
bbzinfo.hr,2024-05,149,0,149,0,0,0,0
bbzinfo.hr,2024-06,170,0,170,0,0,0,0
bbzinfo.hr,2024-07,119,0,119,0,0,0,0
bbzinfo.hr,2024-08,107,0,107,0,0,0,0
bbzinfo.hr,2024-09,139,0,139,0,0,0,0
bbzinfo.hr,2024-10,151,0,151,0,0,0,0
bbzinfo.hr,2024-11,146,0,146,0,0,0,0
bbzinfo.hr,2024-12,134,0,134,0,0,0,0
bbzinfo.hr,2025-01,138,1,138,1,1,1,0
bbzinfo.hr,2025-02,155,1,155,1,1,1,0
bbzinfo.hr,2025-03,178,0,178,0,0,0,0
bbzinfo.hr,2025-04,151,0,151,0,0,0,0
bbzinfo.hr,2025-05,134,0,134,0,0,0,0
bbzinfo.hr,2025-06,123,0,123,0,0,0,0
bbzinfo.hr,2025-07,111,0,111,0,0,0,0
bbzinfo.hr,2025-08,91,0,91,0,0,0,0
bbzinfo.hr,2025-09,165,0,165,0,0,0,0
bbzinfo.hr,2025-10,188,0,188,0,0,0,0
bbzinfo.hr,2025-11,166,1,166,1,1,1,1
bbzinfo.hr,2025-12,146,0,146,0,0,0,0
bbzinfo.hr,2026-01,147,2,147,2,2,2,0
bbzinfo.hr,2026-02,118,0,118,0,0,0,0
bbzinfo.hr,2026-03,160,0,160,0,0,0,0
bbzinfo.hr,2026-04,154,0,154,0,0,0,0
bbzinfo.hr,2026-05,163,0,163,0,0,0,0
bbzinfo.hr,2026-06,242,1,242,1,1,1,1
bbzinfo.hr,2026-07,280,0,280,0,0,0,0
bbzinfo.hr,2026-08,210,1,210,1,1,1,1
bbzinfo.hr,2026-09,67,0,67,0,0,0,0
bebe.hr,2025-07,1,0,1,0,0,0,0
bilten.org,2021-01,34,0,34,0,0,0,0
bilten.org,2021-02,52,0,52,0,0,0,0
bilten.org,2021-03,52,1,52,1,1,1,0
bilten.org,2021-04,51,0,51,0,0,0,0
bilten.org,2021-05,42,0,42,0,0,0,0
bilten.org,2021-06,50,0,50,0,0,0,0
bilten.org,2021-07,32,0,32,0,0,0,0
bilten.org,2021-08,14,0,14,0,0,0,0
bilten.org,2021-09,52,1,52,1,1,1,0
bilten.org,2021-10,36,0,36,0,0,0,0
bilten.org,2021-11,38,0,38,0,0,0,0
bilten.org,2021-12,33,0,33,0,0,0,0
bilten.org,2022-01,29,3,29,3,3,3,0
bilten.org,2022-02,32,0,32,0,0,0,0
bilten.org,2022-03,39,0,39,0,0,0,0
bilten.org,2022-04,29,0,29,0,0,0,0
bilten.org,2022-05,38,0,38,0,0,0,0
bilten.org,2022-06,31,0,31,0,0,0,0
bilten.org,2022-07,21,0,21,0,0,0,0
bilten.org,2022-08,15,0,15,0,0,0,0
bilten.org,2022-09,32,0,32,0,0,0,0
bilten.org,2022-10,27,0,27,0,0,0,0
bilten.org,2022-11,27,0,27,0,0,0,0
bilten.org,2022-12,30,0,30,0,0,0,0
bilten.org,2023-01,14,0,14,0,0,0,0
bilten.org,2023-02,20,1,20,1,1,1,0
bilten.org,2023-03,25,0,25,0,0,0,0
bilten.org,2023-04,21,0,21,0,0,0,0
bilten.org,2023-05,31,1,31,1,1,1,0
bilten.org,2023-06,20,0,20,0,0,0,0
bilten.org,2023-07,12,0,12,0,0,0,0
bilten.org,2023-08,12,0,12,0,0,0,0
bilten.org,2023-09,20,0,20,0,0,0,0
bilten.org,2023-10,19,0,19,0,0,0,0
bilten.org,2023-11,17,0,17,0,0,0,0
bilten.org,2023-12,16,0,16,0,0,0,0
bilten.org,2024-01,13,0,13,0,0,0,0
bilten.org,2024-02,21,0,21,0,0,0,0
bilten.org,2024-03,21,0,21,0,0,0,0
bilten.org,2024-04,23,0,23,0,0,0,0
bilten.org,2024-05,21,0,21,0,0,0,0
bilten.org,2024-06,20,0,20,0,0,0,0
bilten.org,2024-07,17,0,17,0,0,0,0
bilten.org,2024-08,11,0,11,0,0,0,0
bilten.org,2024-09,19,0,19,0,0,0,0
bilten.org,2024-10,5,0,5,0,0,0,0
bilten.org,2024-11,4,0,4,0,0,0,0
bilten.org,2024-12,14,0,14,0,0,0,0
bilten.org,2025-01,1,0,1,0,0,0,0
bilten.org,2025-04,3,0,3,0,0,0,0
bilten.org,2025-05,5,0,5,0,0,0,0
bilten.org,2025-06,4,0,4,0,0,0,0
bilten.org,2025-07,1,0,1,0,0,0,0
bitno.net,2024-01,3,0,3,0,0,0,0
bitno.net,2024-02,73,0,73,0,0,0,0
bitno.net,2024-03,316,0,316,0,0,0,0
bitno.net,2024-04,318,0,318,0,0,0,0
bitno.net,2024-05,347,0,347,0,0,0,0
bitno.net,2024-06,315,0,315,0,0,0,0
bitno.net,2024-07,283,0,283,0,0,0,0
bitno.net,2024-08,291,0,291,0,0,0,0
bitno.net,2024-09,321,0,321,0,0,0,0
bitno.net,2024-10,352,0,352,0,0,0,0
bitno.net,2024-11,225,0,225,0,0,0,0
bitno.net,2024-12,206,0,206,0,0,0,0
bitno.net,2025-01,214,0,214,0,0,0,0
bitno.net,2025-02,254,0,254,0,0,0,0
bitno.net,2025-03,306,0,306,0,0,0,0
bitno.net,2025-04,144,0,144,0,0,0,0
bitno.net,2025-05,221,0,221,0,0,0,0
bitno.net,2025-06,255,0,255,0,0,0,0
bitno.net,2025-07,252,0,252,0,0,0,0
bitno.net,2025-08,161,0,161,0,0,0,0
bitno.net,2025-09,214,0,214,0,0,0,0
bitno.net,2025-10,189,0,189,0,0,0,0
bitno.net,2025-11,193,0,193,0,0,0,0
bitno.net,2025-12,172,0,172,0,0,0,0
bitno.net,2026-01,207,0,207,0,0,0,0
bitno.net,2026-02,117,0,117,0,0,0,0
bitno.net,2026-03,246,0,246,0,0,0,0
bitno.net,2026-04,245,0,245,0,0,0,0
bitno.net,2026-05,263,0,263,0,0,0,0
bitno.net,2026-06,243,0,243,0,0,0,0
bitno.net,2026-07,171,0,171,0,0,0,0
bitno.net,2026-08,167,0,167,0,0,0,0
bitno.net,2026-09,109,0,109,0,0,0,0
bjelovar.info,2021-01,7,0,7,0,0,0,0
bjelovar.info,2021-02,10,0,10,0,0,0,0
bjelovar.info,2021-03,6,0,6,0,0,0,0
bjelovar.info,2021-04,5,0,5,0,0,0,0
bjelovar.info,2021-05,11,0,11,0,0,0,0
bjelovar.info,2021-06,5,0,5,0,0,0,0
bjelovar.info,2021-08,7,0,7,0,0,0,0
bjelovar.info,2021-09,17,0,17,0,0,0,0
bjelovar.info,2021-12,5,0,5,0,0,0,0
bjelovar.info,2022-02,6,0,6,0,0,0,0
bjelovar.info,2022-05,6,0,6,0,0,0,0
bjelovar.info,2022-07,8,0,8,0,0,0,0
bjelovar.info,2022-08,3,0,3,0,0,0,0
bjelovar.info,2022-09,20,0,20,0,0,0,0
bjelovar.info,2022-11,7,0,7,0,0,0,0
bjelovar.info,2022-12,8,0,8,0,0,0,0
bjelovar.info,2023-05,14,0,14,0,0,0,0
bjelovar.info,2024-01,83,0,83,0,0,0,0
bjelovar.info,2024-02,87,0,87,0,0,0,0
bjelovar.info,2024-03,163,0,163,0,0,0,0
bjelovar.info,2024-04,163,0,163,0,0,0,0
bjelovar.info,2024-05,143,4,143,4,4,4,1
bjelovar.info,2024-06,159,0,159,0,0,0,0
bjelovar.info,2024-07,135,0,135,0,0,0,0
bjelovar.info,2024-08,78,0,78,0,0,0,0
bjelovar.info,2024-09,129,0,129,0,0,0,0
bjelovar.info,2024-10,173,0,173,0,0,0,0
bjelovar.info,2024-11,98,0,98,0,0,0,0
bjelovar.info,2024-12,141,2,141,2,2,2,1
bjelovar.info,2025-01,139,1,139,1,1,1,0
bjelovar.info,2025-02,128,1,128,1,1,1,0
bjelovar.info,2025-03,157,0,157,0,0,0,0
bjelovar.info,2025-04,87,0,87,0,0,0,0
bjelovar.info,2025-05,98,0,98,0,0,0,0
bjelovar.info,2025-06,184,0,184,0,0,0,0
bjelovar.info,2025-07,155,0,155,0,0,0,0
bjelovar.info,2025-08,113,0,113,0,0,0,0
bjelovar.info,2025-09,160,0,160,0,0,0,0
bjelovar.info,2025-10,323,0,323,0,0,0,0
bjelovar.info,2025-11,312,1,312,1,1,1,0
bjelovar.info,2025-12,334,0,334,0,0,0,0
bjelovar.info,2026-01,349,1,349,1,1,1,0
bjelovar.info,2026-02,277,0,277,0,0,0,0
bjelovar.info,2026-03,322,0,322,0,0,0,0
bjelovar.info,2026-04,392,0,392,0,0,0,0
bjelovar.info,2026-05,484,0,484,0,0,0,0
bjelovar.info,2026-06,441,0,441,0,0,0,0
bjelovar.info,2026-07,441,0,441,0,0,0,0
bjelovar.info,2026-08,403,1,403,1,1,1,1
bjelovar.info,2026-09,156,0,156,0,0,0,0
bjelovar.live,2021-01,310,1,310,1,1,1,0
bjelovar.live,2021-02,349,1,349,1,1,1,1
bjelovar.live,2021-03,373,1,373,1,1,1,0
bjelovar.live,2021-04,317,0,317,0,0,0,0
bjelovar.live,2021-05,354,0,354,0,0,0,0
bjelovar.live,2021-06,280,0,280,0,0,0,0
bjelovar.live,2021-07,362,1,362,1,1,1,1
bjelovar.live,2021-08,273,1,273,1,1,1,0
bjelovar.live,2021-09,308,1,308,1,1,1,0
bjelovar.live,2021-10,268,2,268,2,2,2,0
bjelovar.live,2021-11,215,0,215,0,0,0,0
bjelovar.live,2021-12,259,0,259,0,0,0,0
bjelovar.live,2022-01,308,0,308,0,0,0,0
bjelovar.live,2022-02,287,0,287,0,0,0,0
bjelovar.live,2022-03,324,1,324,1,1,1,0
bjelovar.live,2022-04,295,0,295,0,0,0,0
bjelovar.live,2022-05,304,1,304,1,1,1,0
bjelovar.live,2022-06,301,0,301,0,0,0,0
bjelovar.live,2022-07,277,0,277,0,0,0,0
bjelovar.live,2022-08,227,2,227,2,2,2,0
bjelovar.live,2022-09,270,0,270,0,0,0,0
bjelovar.live,2022-10,330,1,330,1,1,1,0
bjelovar.live,2022-11,256,1,256,1,1,1,0
bjelovar.live,2022-12,314,2,314,2,2,2,0
bjelovar.live,2023-01,264,3,264,3,3,3,1
bjelovar.live,2023-02,265,1,265,1,1,1,0
bjelovar.live,2023-03,280,1,280,1,1,1,0
bjelovar.live,2023-04,246,0,246,0,0,0,0
bjelovar.live,2023-05,68,0,68,0,0,0,0
bjelovar.live,2023-06,176,0,176,0,0,0,0
bjelovar.live,2023-07,236,0,236,0,0,0,0
bjelovar.live,2023-08,274,1,274,1,1,1,0
bjelovar.live,2023-09,294,0,294,0,0,0,0
bjelovar.live,2023-10,352,1,352,1,1,1,0
bjelovar.live,2023-11,352,1,352,1,1,1,0
bjelovar.live,2023-12,316,1,316,1,1,1,0
bjelovar.live,2024-01,341,0,341,0,0,0,0
bjelovar.live,2024-02,332,0,332,0,0,0,0
bjelovar.live,2024-03,320,0,320,0,0,0,0
bjelovar.live,2024-04,246,0,246,0,0,0,0
bjelovar.live,2024-05,292,0,292,0,0,0,0
bjelovar.live,2024-06,271,2,271,2,2,2,0
bjelovar.live,2024-07,320,1,320,1,1,1,0
bjelovar.live,2024-08,204,0,204,0,0,0,0
bjelovar.live,2024-09,279,0,279,0,0,0,0
bjelovar.live,2024-10,295,0,295,0,0,0,0
bjelovar.live,2024-11,234,0,234,0,0,0,0
bjelovar.live,2024-12,126,0,126,0,0,0,0
bjelovar.live,2025-01,26,0,26,0,0,0,0
bjelovar.live,2025-02,44,0,44,0,0,0,0
bjelovar.live,2025-03,130,0,130,0,0,0,0
bjelovar.live,2025-04,7,0,7,0,0,0,0
bjelovar.live,2025-07,32,0,32,0,0,0,0
bjelovar.live,2025-09,1,0,1,0,0,0,0
bjelovar.live,2025-10,2,0,2,0,0,0,0
bjelovar.live,2025-11,9,0,9,0,0,0,0
bjelovar.live,2025-12,273,0,273,0,0,0,0
bjelovar.live,2026-01,295,0,295,0,0,0,0
bjelovar.live,2026-02,215,0,215,0,0,0,0
bjelovar.live,2026-03,353,0,353,0,0,0,0
bjelovar.live,2026-04,342,0,342,0,0,0,0
bjelovar.live,2026-05,371,0,371,0,0,0,0
bjelovar.live,2026-06,289,0,289,0,0,0,0
bjelovar.live,2026-07,223,0,223,0,0,0,0
bjelovar.live,2026-08,179,0,179,0,0,0,0
bjelovar.live,2026-09,87,0,87,0,0,0,0
bjelovarac.hr,2021-01,50,0,50,0,0,0,0
bjelovarac.hr,2021-02,60,0,60,0,0,0,0
bjelovarac.hr,2021-03,91,0,91,0,0,0,0
bjelovarac.hr,2021-04,104,0,104,0,0,0,0
bjelovarac.hr,2021-05,110,0,110,0,0,0,0
bjelovarac.hr,2021-06,86,0,86,0,0,0,0
bjelovarac.hr,2021-07,94,0,94,0,0,0,0
bjelovarac.hr,2021-08,98,2,98,2,2,2,0
bjelovarac.hr,2021-09,173,0,173,0,0,0,0
bjelovarac.hr,2021-10,176,0,176,0,0,0,0
bjelovarac.hr,2021-11,167,0,167,0,0,0,0
bjelovarac.hr,2021-12,113,0,113,0,0,0,0
bjelovarac.hr,2022-01,69,1,69,1,1,1,1
bjelovarac.hr,2022-02,56,0,56,0,0,0,0
bjelovarac.hr,2022-03,51,0,51,0,0,0,0
bjelovarac.hr,2022-04,22,0,22,0,0,0,0
bjelovarac.hr,2022-05,41,0,41,0,0,0,0
bjelovarac.hr,2022-06,56,0,56,0,0,0,0
bjelovarac.hr,2022-07,36,0,36,0,0,0,0
bjelovarac.hr,2022-08,71,0,71,0,0,0,0
bjelovarac.hr,2022-09,4,0,4,0,0,0,0
bjelovarac.hr,2022-10,2,0,2,0,0,0,0
bjelovarac.hr,2022-11,1,0,1,0,0,0,0
bjelovarac.hr,2022-12,3,0,3,0,0,0,0
bjelovarac.hr,2023-01,13,1,13,1,1,1,0
bjelovarac.hr,2023-02,16,0,16,0,0,0,0
bjelovarac.hr,2023-03,19,0,19,0,0,0,0
bjelovarac.hr,2023-04,102,0,102,0,0,0,0
bjelovarac.hr,2023-05,141,0,141,0,0,0,0
bjelovarac.hr,2023-06,117,0,117,0,0,0,0
bjelovarac.hr,2023-07,107,0,107,0,0,0,0
bjelovarac.hr,2023-08,102,0,102,0,0,0,0
bjelovarac.hr,2023-09,113,0,113,0,0,0,0
bjelovarac.hr,2023-10,144,0,144,0,0,0,0
bjelovarac.hr,2023-11,149,0,149,0,0,0,0
bjelovarac.hr,2023-12,119,0,119,0,0,0,0
bjelovarac.hr,2024-01,76,0,76,0,0,0,0
bjelovarac.hr,2024-02,94,0,94,0,0,0,0
bjelovarac.hr,2024-03,117,0,117,0,0,0,0
bjelovarac.hr,2024-04,124,0,124,0,0,0,0
bjelovarac.hr,2024-05,115,0,115,0,0,0,0
bjelovarac.hr,2024-06,89,0,89,0,0,0,0
bjelovarac.hr,2024-07,99,0,99,0,0,0,0
bjelovarac.hr,2024-08,23,0,23,0,0,0,0
blagamisterije.com,2021-01,1,0,1,0,0,0,0
blagamisterije.com,2021-02,2,0,2,0,0,0,0
blagamisterije.com,2021-05,1,0,1,0,0,0,0
blagamisterije.com,2021-08,2,0,2,0,0,0,0
blagamisterije.com,2021-11,1,0,1,0,0,0,0
blagamisterije.com,2023-10,1,0,1,0,0,0,0
bodulija.net,2021-08,1,0,1,0,0,0,0
bodulija.net,2021-09,1,0,1,0,0,0,0
bodulija.net,2022-05,1,0,1,0,0,0,0
bodulija.net,2022-08,1,0,1,0,0,0,0
bodulija.net,2023-01,2,0,2,0,0,0,0
bodulija.net,2023-02,1,0,1,0,0,0,0
bodulija.net,2024-01,1,0,1,0,0,0,0
bodulija.net,2024-04,1,0,1,0,0,0,0
bodulija.net,2024-05,1,0,1,0,0,0,0
bodulija.net,2025-03,1,0,1,0,0,0,0
bodulija.net,2026-05,1,0,1,0,0,0,0
boljani.info,2023-01,1,0,1,0,0,0,0
boljani.info,2025-01,1,0,1,0,0,0,0
boljani.info,2025-05,1,0,1,0,0,0,0
boljani.info,2026-05,1,0,1,0,0,0,0
book.hr,2021-01,48,0,48,0,0,0,0
book.hr,2021-02,73,0,73,0,0,0,0
book.hr,2021-03,100,0,100,0,0,0,0
book.hr,2021-04,82,0,82,0,0,0,0
book.hr,2021-05,16,0,16,0,0,0,0
book.hr,2021-06,1,0,1,0,0,0,0
book.hr,2021-08,1,0,1,0,0,0,0
book.hr,2021-10,1,0,1,0,0,0,0
book.hr,2021-12,1,0,1,0,0,0,0
book.hr,2022-02,2,0,2,0,0,0,0
book.hr,2022-04,1,0,1,0,0,0,0
book.hr,2022-05,2,0,2,0,0,0,0
book.hr,2022-07,1,0,1,0,0,0,0
book.hr,2022-09,1,0,1,0,0,0,0
book.hr,2022-10,1,0,1,0,0,0,0
book.hr,2022-12,1,0,1,0,0,0,0
book.hr,2023-01,6,0,6,0,0,0,0
book.hr,2023-02,6,0,6,0,0,0,0
book.hr,2023-03,1,0,1,0,0,0,0
book.hr,2023-07,1,0,1,0,0,0,0
book.hr,2023-12,1,0,1,0,0,0,0
book.hr,2024-01,1,0,1,0,0,0,0
book.hr,2024-03,1,0,1,0,0,0,0
book.hr,2024-04,1,0,1,0,0,0,0
book.hr,2024-06,1,0,1,0,0,0,0
book.hr,2024-10,2,0,2,0,0,0,0
book.hr,2024-11,1,0,1,0,0,0,0
book.hr,2024-12,1,0,1,0,0,0,0
booksa.hr,2021-01,37,0,37,0,0,0,0
booksa.hr,2021-02,68,0,68,0,0,0,0
booksa.hr,2021-03,92,0,92,0,0,0,0
booksa.hr,2021-04,83,0,83,0,0,0,0
booksa.hr,2021-05,84,0,84,0,0,0,0
booksa.hr,2021-06,93,0,93,0,0,0,0
booksa.hr,2021-07,42,0,42,0,0,0,0
booksa.hr,2021-08,36,0,36,0,0,0,0
booksa.hr,2021-09,72,0,72,0,0,0,0
booksa.hr,2021-10,74,0,74,0,0,0,0
booksa.hr,2021-11,64,0,64,0,0,0,0
booksa.hr,2021-12,53,0,53,0,0,0,0
booksa.hr,2022-01,72,0,72,0,0,0,0
booksa.hr,2022-02,92,0,92,0,0,0,0
booksa.hr,2022-03,77,0,77,0,0,0,0
booksa.hr,2022-04,75,0,75,0,0,0,0
booksa.hr,2022-05,74,0,74,0,0,0,0
booksa.hr,2022-06,84,0,84,0,0,0,0
booksa.hr,2022-07,47,0,47,0,0,0,0
booksa.hr,2022-08,25,0,25,0,0,0,0
booksa.hr,2022-09,67,0,67,0,0,0,0
booksa.hr,2022-10,69,0,69,0,0,0,0
booksa.hr,2022-11,85,0,85,0,0,0,0
booksa.hr,2022-12,56,0,56,0,0,0,0
booksa.hr,2023-01,44,0,44,0,0,0,0
booksa.hr,2023-02,57,0,57,0,0,0,0
booksa.hr,2023-03,57,0,57,0,0,0,0
booksa.hr,2023-04,70,0,70,0,0,0,0
booksa.hr,2023-05,66,0,66,0,0,0,0
booksa.hr,2023-06,89,0,89,0,0,0,0
booksa.hr,2023-07,43,0,43,0,0,0,0
booksa.hr,2023-08,19,0,19,0,0,0,0
booksa.hr,2023-09,74,0,74,0,0,0,0
booksa.hr,2023-10,68,0,68,0,0,0,0
booksa.hr,2023-11,71,0,71,0,0,0,0
booksa.hr,2023-12,56,0,56,0,0,0,0
booksa.hr,2024-01,56,0,56,0,0,0,0
booksa.hr,2024-02,47,0,47,0,0,0,0
booksa.hr,2024-03,68,0,68,0,0,0,0
booksa.hr,2024-04,48,0,48,0,0,0,0
booksa.hr,2024-05,59,0,59,0,0,0,0
booksa.hr,2024-06,65,0,65,0,0,0,0
booksa.hr,2024-07,29,0,29,0,0,0,0
booksa.hr,2024-08,21,0,21,0,0,0,0
booksa.hr,2024-09,42,0,42,0,0,0,0
booksa.hr,2024-10,58,0,58,0,0,0,0
booksa.hr,2024-11,67,0,67,0,0,0,0
booksa.hr,2024-12,73,0,73,0,0,0,0
booksa.hr,2025-01,55,0,55,0,0,0,0
booksa.hr,2025-02,64,1,64,1,1,1,0
booksa.hr,2025-03,78,0,78,0,0,0,0
booksa.hr,2025-04,77,0,77,0,0,0,0
booksa.hr,2025-05,72,0,72,0,0,0,0
booksa.hr,2025-06,74,0,74,0,0,0,0
booksa.hr,2025-07,31,0,31,0,0,0,0
booksa.hr,2025-08,20,0,20,0,0,0,0
booksa.hr,2025-09,72,0,72,0,0,0,0
booksa.hr,2025-10,73,0,73,0,0,0,0
booksa.hr,2025-11,63,0,63,0,0,0,0
booksa.hr,2025-12,64,0,64,0,0,0,0
booksa.hr,2026-01,52,0,52,0,0,0,0
booksa.hr,2026-02,60,0,60,0,0,0,0
booksa.hr,2026-03,63,0,63,0,0,0,0
booksa.hr,2026-04,74,0,74,0,0,0,0
booksa.hr,2026-05,89,0,89,0,0,0,0
booksa.hr,2026-06,82,0,82,0,0,0,0
booksa.hr,2026-07,32,0,32,0,0,0,0
booksa.hr,2026-08,22,0,22,0,0,0,0
booksa.hr,2026-09,23,0,23,0,0,0,0
braniteljski-portal.com,2021-01,180,0,180,0,0,0,0
braniteljski-portal.com,2021-02,149,0,149,0,0,0,0
braniteljski-portal.com,2021-03,306,0,306,0,0,0,0
braniteljski-portal.com,2021-04,290,1,290,1,1,1,0
braniteljski-portal.com,2021-05,155,0,155,0,0,0,0
braniteljski-portal.com,2021-06,132,0,132,0,0,0,0
braniteljski-portal.com,2021-07,117,0,117,0,0,0,0
braniteljski-portal.com,2021-08,82,0,82,0,0,0,0
braniteljski-portal.com,2021-09,106,0,106,0,0,0,0
braniteljski-portal.com,2021-10,110,0,110,0,0,0,0
braniteljski-portal.com,2021-11,125,0,125,0,0,0,0
braniteljski-portal.com,2021-12,118,1,118,1,1,1,0
braniteljski-portal.com,2022-01,90,0,90,0,0,0,0
braniteljski-portal.com,2022-02,100,0,100,0,0,0,0
braniteljski-portal.com,2022-03,144,0,144,0,0,0,0
braniteljski-portal.com,2022-04,100,1,100,1,1,1,0
braniteljski-portal.com,2022-05,114,0,114,0,0,0,0
braniteljski-portal.com,2022-06,95,0,95,0,0,0,0
braniteljski-portal.com,2022-07,50,0,50,0,0,0,0
braniteljski-portal.com,2022-08,61,0,61,0,0,0,0
braniteljski-portal.com,2022-09,73,0,73,0,0,0,0
braniteljski-portal.com,2022-10,78,1,78,1,1,1,0
braniteljski-portal.com,2022-11,49,0,49,0,0,0,0
braniteljski-portal.com,2022-12,40,0,40,0,0,0,0
braniteljski-portal.com,2023-01,37,0,37,0,0,0,0
braniteljski-portal.com,2023-02,74,3,74,3,3,3,0
braniteljski-portal.com,2023-03,81,6,81,6,6,6,1
braniteljski-portal.com,2023-04,65,1,65,1,1,1,0
braniteljski-portal.com,2023-05,120,1,120,1,1,1,0
braniteljski-portal.com,2023-06,52,0,52,0,0,0,0
brodportal.hr,2021-01,237,0,237,0,0,0,0
brodportal.hr,2021-02,235,0,235,0,0,0,0
brodportal.hr,2021-03,302,0,302,0,0,0,0
brodportal.hr,2021-04,256,0,256,0,0,0,0
brodportal.hr,2021-05,303,0,303,0,0,0,0
brodportal.hr,2021-06,286,0,286,0,0,0,0
brodportal.hr,2021-07,397,0,397,0,0,0,0
brodportal.hr,2021-08,415,0,415,0,0,0,0
brodportal.hr,2021-09,496,0,496,0,0,0,0
brodportal.hr,2021-10,453,0,453,0,0,0,0
brodportal.hr,2021-11,489,1,489,1,1,1,0
brodportal.hr,2021-12,463,1,463,1,1,1,0
brodportal.hr,2022-01,428,0,428,0,0,0,0
brodportal.hr,2022-02,423,1,423,1,1,1,0
brodportal.hr,2022-03,494,1,494,1,1,1,0
brodportal.hr,2022-04,467,0,467,0,0,0,0
brodportal.hr,2022-05,460,0,460,0,0,0,0
brodportal.hr,2022-06,374,0,374,0,0,0,0
brodportal.hr,2022-07,316,0,316,0,0,0,0
brodportal.hr,2022-08,378,0,378,0,0,0,0
brodportal.hr,2022-09,335,0,335,0,0,0,0
brodportal.hr,2022-10,386,0,386,0,0,0,0
brodportal.hr,2022-11,358,0,358,0,0,0,0
brodportal.hr,2022-12,290,1,290,1,1,1,0
brodportal.hr,2023-01,219,2,219,2,2,2,0
brodportal.hr,2023-02,195,1,195,1,1,1,0
brodportal.hr,2023-03,207,2,207,2,2,2,0
brodportal.hr,2023-04,192,0,192,0,0,0,0
brodportal.hr,2023-05,195,0,195,0,0,0,0
brodportal.hr,2023-06,161,0,161,0,0,0,0
brodportal.hr,2023-07,199,0,199,0,0,0,0
brodportal.hr,2023-08,176,0,176,0,0,0,0
brodportal.hr,2023-09,188,0,188,0,0,0,0
brodportal.hr,2023-10,192,0,192,0,0,0,0
brodportal.hr,2023-11,140,0,140,0,0,0,0
brodportal.hr,2023-12,131,1,131,1,1,1,0
brodportal.hr,2024-01,86,0,86,0,0,0,0
brodportal.hr,2024-02,139,0,139,0,0,0,0
brodportal.hr,2024-03,131,0,131,0,0,0,0
brodportal.hr,2024-04,125,1,125,1,1,1,1
brodportal.hr,2024-05,129,0,129,0,0,0,0
brodportal.hr,2024-06,101,0,101,0,0,0,0
brodportal.hr,2024-07,86,0,86,0,0,0,0
brodportal.hr,2024-08,70,0,70,0,0,0,0
brodportal.hr,2024-09,86,0,86,0,0,0,0
brodportal.hr,2024-10,109,0,109,0,0,0,0
brodportal.hr,2024-11,107,0,107,0,0,0,0
brodportal.hr,2024-12,93,0,93,0,0,0,0
brodportal.hr,2025-01,90,0,90,0,0,0,0
brodportal.hr,2025-02,107,0,107,0,0,0,0
brodportal.hr,2025-03,126,1,126,1,1,1,0
brodportal.hr,2025-04,99,0,99,0,0,0,0
brodportal.hr,2025-05,121,0,121,0,0,0,0
brodportal.hr,2025-06,125,0,125,0,0,0,0
brodportal.hr,2025-07,144,1,144,1,1,1,1
brodportal.hr,2025-08,126,0,126,0,0,0,0
brodportal.hr,2025-09,144,1,144,1,1,1,0
brodportal.hr,2025-10,151,0,151,0,0,0,0
brodportal.hr,2025-11,139,1,139,1,1,1,0
brodportal.hr,2025-12,128,0,128,0,0,0,0
brodportal.hr,2026-01,112,0,112,0,0,0,0
brodportal.hr,2026-02,118,0,118,0,0,0,0
brodportal.hr,2026-03,147,0,147,0,0,0,0
brodportal.hr,2026-04,136,0,136,0,0,0,0
brodportal.hr,2026-05,63,0,63,0,0,0,0
brodportal.hr,2026-06,87,0,87,0,0,0,0
brodportal.hr,2026-07,202,0,202,0,0,0,0
brodportal.hr,2026-08,201,0,201,0,0,0,0
brodportal.hr,2026-09,68,0,68,0,0,0,0
budica.info,2026-05,277,1,277,1,1,1,0
budica.info,2026-06,297,0,297,0,0,0,0
budica.info,2026-07,264,2,264,2,2,2,0
budica.info,2026-08,269,2,269,2,2,2,0
budica.info,2026-09,110,0,110,0,0,0,0
budidobro.com,2021-08,1,0,1,0,0,0,0
budidobro.com,2022-01,1,0,1,0,0,0,0
budidobro.com,2022-03,4,0,4,0,0,0,0
budidobro.com,2022-04,5,0,5,0,0,0,0
budidobro.com,2022-05,5,0,5,0,0,0,0
budidobro.com,2022-06,18,0,18,0,0,0,0
budidobro.com,2022-07,101,0,101,0,0,0,0
budidobro.com,2022-08,47,0,47,0,0,0,0
budidobro.com,2022-09,55,0,55,0,0,0,0
budidobro.com,2022-10,33,0,33,0,0,0,0
budidobro.com,2022-11,31,0,31,0,0,0,0
budidobro.com,2022-12,41,0,41,0,0,0,0
budidobro.com,2023-01,53,0,53,0,0,0,0
budidobro.com,2023-02,31,0,31,0,0,0,0
budidobro.com,2023-03,37,0,37,0,0,0,0
budidobro.com,2023-04,44,0,44,0,0,0,0
budidobro.com,2023-05,40,0,40,0,0,0,0
budidobro.com,2023-06,50,0,50,0,0,0,0
budidobro.com,2023-07,32,0,32,0,0,0,0
budidobro.com,2023-08,14,0,14,0,0,0,0
budidobro.com,2023-09,36,0,36,0,0,0,0
budidobro.com,2023-10,4,0,4,0,0,0,0
budidobro.com,2024-02,10,0,10,0,0,0,0
budidobro.com,2024-03,52,0,52,0,0,0,0
budidobro.com,2024-04,52,0,52,0,0,0,0
budidobro.com,2024-05,48,0,48,0,0,0,0
budidobro.com,2024-06,48,0,48,0,0,0,0
budidobro.com,2024-07,31,0,31,0,0,0,0
budidobro.com,2024-08,40,0,40,0,0,0,0
budidobro.com,2024-09,30,0,30,0,0,0,0
budidobro.com,2024-10,45,0,45,0,0,0,0
budidobro.com,2024-11,54,0,54,0,0,0,0
budidobro.com,2024-12,52,0,52,0,0,0,0
budidobro.com,2025-01,42,0,42,0,0,0,0
budidobro.com,2025-02,48,0,48,0,0,0,0
budidobro.com,2025-03,47,0,47,0,0,0,0
budidobro.com,2025-04,44,0,44,0,0,0,0
budidobro.com,2025-05,43,0,43,0,0,0,0
budidobro.com,2025-06,35,0,35,0,0,0,0
budidobro.com,2025-07,31,0,31,0,0,0,0
budidobro.com,2025-08,27,0,27,0,0,0,0
budidobro.com,2025-09,37,0,37,0,0,0,0
budidobro.com,2025-10,34,0,34,0,0,0,0
budidobro.com,2025-11,37,0,37,0,0,0,0
budidobro.com,2025-12,24,0,24,0,0,0,0
budidobro.com,2026-01,22,0,22,0,0,0,0
budidobro.com,2026-02,19,0,19,0,0,0,0
budidobro.com,2026-03,45,0,45,0,0,0,0
budidobro.com,2026-04,44,0,44,0,0,0,0
budidobro.com,2026-05,35,0,35,0,0,0,0
budidobro.com,2026-06,56,0,56,0,0,0,0
budidobro.com,2026-07,36,0,36,0,0,0,0
budidobro.com,2026-08,25,0,25,0,0,0,0
budidobro.com,2026-09,13,0,13,0,0,0,0
burin.hr,2021-07,1,0,1,0,0,0,0
burin.hr,2021-08,4,0,4,0,0,0,0
burin.hr,2021-10,1,0,1,0,0,0,0
burin.hr,2021-12,1,0,1,0,0,0,0
burin.hr,2022-01,1,0,1,0,0,0,0
burin.hr,2022-02,1,0,1,0,0,0,0
burin.hr,2022-03,3,0,3,0,0,0,0
burin.hr,2022-04,1,0,1,0,0,0,0
burin.hr,2022-05,1,0,1,0,0,0,0
burin.hr,2022-06,6,0,6,0,0,0,0
burin.hr,2022-07,2,0,2,0,0,0,0
burin.hr,2022-08,7,0,7,0,0,0,0
burin.hr,2022-09,2,0,2,0,0,0,0
burin.hr,2022-10,3,0,3,0,0,0,0
burin.hr,2022-11,6,0,6,0,0,0,0
burin.hr,2022-12,2,0,2,0,0,0,0
burin.hr,2023-01,5,0,5,0,0,0,0
burin.hr,2023-02,4,0,4,0,0,0,0
burin.hr,2023-03,8,0,8,0,0,0,0
burin.hr,2023-04,6,0,6,0,0,0,0
burin.hr,2023-05,31,0,31,0,0,0,0
burin.hr,2023-06,271,1,271,1,1,1,1
burin.hr,2023-07,300,1,300,1,1,1,0
burin.hr,2023-08,278,0,278,0,0,0,0
burin.hr,2023-09,260,0,260,0,0,0,0
burin.hr,2023-10,270,0,270,0,0,0,0
burin.hr,2023-11,277,1,277,1,1,1,0
burin.hr,2023-12,283,0,283,0,0,0,0
burin.hr,2024-01,195,0,195,0,0,0,0
burin.hr,2024-02,262,0,262,0,0,0,0
burin.hr,2024-03,234,0,234,0,0,0,0
burin.hr,2024-04,121,0,121,0,0,0,0
burin.hr,2024-05,272,0,272,0,0,0,0
burin.hr,2024-06,275,0,275,0,0,0,0
burin.hr,2024-07,268,0,268,0,0,0,0
burin.hr,2024-08,54,0,54,0,0,0,0
burin.hr,2024-10,9,0,9,0,0,0,0
burin.hr,2024-11,32,0,32,0,0,0,0
burin.hr,2024-12,3,0,3,0,0,0,0
burin.hr,2025-01,26,0,26,0,0,0,0
burin.hr,2025-02,13,0,13,0,0,0,0
burin.hr,2025-03,9,0,9,0,0,0,0
burin.hr,2025-04,1,0,1,0,0,0,0
burin.hr,2025-05,4,0,4,0,0,0,0
burin.hr,2025-06,49,0,49,0,0,0,0
burin.hr,2025-07,14,0,14,0,0,0,0
burin.hr,2025-10,1,0,1,0,0,0,0
burin.hr,2025-11,29,0,29,0,0,0,0
burin.hr,2025-12,18,0,18,0,0,0,0
burin.hr,2026-01,218,0,218,0,0,0,0
burin.hr,2026-02,196,0,196,0,0,0,0
burin.hr,2026-03,283,0,283,0,0,0,0
burin.hr,2026-04,282,0,282,0,0,0,0
burin.hr,2026-05,265,1,265,1,1,1,0
burin.hr,2026-06,235,0,235,0,0,0,0
burin.hr,2026-07,247,0,247,0,0,0,0
burin.hr,2026-08,261,0,261,0,0,0,0
burin.hr,2026-09,85,0,85,0,0,0,0
buro247.hr,2021-01,112,0,112,0,0,0,0
buro247.hr,2021-02,116,0,116,0,0,0,0
buro247.hr,2021-03,151,0,151,0,0,0,0
buro247.hr,2021-04,141,0,141,0,0,0,0
buro247.hr,2021-05,133,0,133,0,0,0,0
buro247.hr,2021-06,143,0,143,0,0,0,0
buro247.hr,2021-07,126,0,126,0,0,0,0
buro247.hr,2021-08,102,0,102,0,0,0,0
buro247.hr,2021-09,126,0,126,0,0,0,0
buro247.hr,2021-10,160,0,160,0,0,0,0
buro247.hr,2021-11,183,0,183,0,0,0,0
buro247.hr,2021-12,137,0,137,0,0,0,0
buro247.hr,2022-01,175,0,175,0,0,0,0
buro247.hr,2022-02,211,0,211,0,0,0,0
buro247.hr,2022-03,283,0,283,0,0,0,0
buro247.hr,2022-04,187,0,187,0,0,0,0
buro247.hr,2022-05,202,0,202,0,0,0,0
buro247.hr,2022-06,209,0,209,0,0,0,0
buro247.hr,2022-07,208,0,208,0,0,0,0
buro247.hr,2022-08,179,0,179,0,0,0,0
buro247.hr,2022-09,254,0,254,0,0,0,0
buro247.hr,2022-10,261,0,261,0,0,0,0
buro247.hr,2022-11,257,0,257,0,0,0,0
buro247.hr,2022-12,266,0,266,0,0,0,0
buro247.hr,2023-01,221,0,221,0,0,0,0
buro247.hr,2023-02,227,0,227,0,0,0,0
buro247.hr,2023-03,246,0,246,0,0,0,0
buro247.hr,2023-04,236,0,236,0,0,0,0
buro247.hr,2023-05,224,0,224,0,0,0,0
buro247.hr,2023-06,185,0,185,0,0,0,0
buro247.hr,2023-07,205,0,205,0,0,0,0
buro247.hr,2023-08,192,0,192,0,0,0,0
buro247.hr,2023-09,211,0,211,0,0,0,0
buro247.hr,2023-10,226,0,226,0,0,0,0
buro247.hr,2023-11,243,0,243,0,0,0,0
buro247.hr,2023-12,246,0,246,0,0,0,0
buro247.hr,2024-01,209,0,209,0,0,0,0
buro247.hr,2024-02,248,0,248,0,0,0,0
buro247.hr,2024-03,275,0,275,0,0,0,0
buro247.hr,2024-04,284,0,284,0,0,0,0
buro247.hr,2024-05,294,0,294,0,0,0,0
buro247.hr,2024-06,294,0,294,0,0,0,0
buro247.hr,2024-07,293,0,293,0,0,0,0
buro247.hr,2024-08,248,0,248,0,0,0,0
buro247.hr,2024-09,287,0,287,0,0,0,0
buro247.hr,2024-10,79,0,79,0,0,0,0
buro247.hr,2024-11,3,0,3,0,0,0,0
buro247.hr,2024-12,14,0,14,0,0,0,0
buro247.hr,2025-01,61,0,61,0,0,0,0
buro247.hr,2025-04,7,0,7,0,0,0,0
buro247.hr,2025-05,60,0,60,0,0,0,0
buro247.hr,2025-06,122,0,122,0,0,0,0
buro247.hr,2025-07,90,0,90,0,0,0,0
buro247.hr,2025-08,1,0,1,0,0,0,0
buro247.hr,2025-09,36,0,36,0,0,0,0
buro247.hr,2025-10,11,0,11,0,0,0,0
buro247.hr,2025-12,30,0,30,0,0,0,0
buro247.hr,2026-01,30,0,30,0,0,0,0
buro247.hr,2026-02,24,0,24,0,0,0,0
buro247.hr,2026-03,1,0,1,0,0,0,0
buro247.hr,2026-04,20,0,20,0,0,0,0
buro247.hr,2026-05,75,0,75,0,0,0,0
buro247.hr,2026-06,40,0,40,0,0,0,0
buro247.hr,2026-07,222,0,222,0,0,0,0
buro247.hr,2026-08,192,0,192,0,0,0,0
buro247.hr,2026-09,86,0,86,0,0,0,0
burzanautike.com,2021-01,17,0,17,0,0,0,0
burzanautike.com,2021-02,28,0,28,0,0,0,0
burzanautike.com,2021-03,69,0,69,0,0,0,0
burzanautike.com,2021-04,13,0,13,0,0,0,0
burzanautike.com,2021-05,45,0,45,0,0,0,0
burzanautike.com,2021-06,40,0,40,0,0,0,0
burzanautike.com,2021-07,38,0,38,0,0,0,0
burzanautike.com,2021-08,34,0,34,0,0,0,0
burzanautike.com,2021-09,44,0,44,0,0,0,0
burzanautike.com,2021-10,41,0,41,0,0,0,0
burzanautike.com,2021-11,35,0,35,0,0,0,0
burzanautike.com,2021-12,37,0,37,0,0,0,0
burzanautike.com,2022-01,34,0,34,0,0,0,0
burzanautike.com,2022-02,39,0,39,0,0,0,0
burzanautike.com,2022-03,39,0,39,0,0,0,0
burzanautike.com,2022-04,41,0,41,0,0,0,0
burzanautike.com,2022-05,33,0,33,0,0,0,0
burzanautike.com,2022-06,33,0,33,0,0,0,0
burzanautike.com,2022-07,31,0,31,0,0,0,0
burzanautike.com,2022-08,32,0,32,0,0,0,0
burzanautike.com,2022-09,39,0,39,0,0,0,0
burzanautike.com,2022-10,71,0,71,0,0,0,0
burzanautike.com,2022-11,26,0,26,0,0,0,0
burzanautike.com,2022-12,62,0,62,0,0,0,0
burzanautike.com,2023-01,9,0,9,0,0,0,0
burzanautike.com,2023-02,44,0,44,0,0,0,0
burzanautike.com,2023-03,49,0,49,0,0,0,0
burzanautike.com,2023-04,44,0,44,0,0,0,0
burzanautike.com,2023-05,60,0,60,0,0,0,0
burzanautike.com,2023-06,59,0,59,0,0,0,0
burzanautike.com,2023-07,17,0,17,0,0,0,0
burzanautike.com,2023-08,28,0,28,0,0,0,0
burzanautike.com,2023-09,49,0,49,0,0,0,0
burzanautike.com,2023-10,31,0,31,0,0,0,0
burzanautike.com,2023-11,41,0,41,0,0,0,0
burzanautike.com,2023-12,43,0,43,0,0,0,0
burzanautike.com,2024-01,50,0,50,0,0,0,0
burzanautike.com,2024-02,18,0,18,0,0,0,0
burzanautike.com,2024-03,32,0,32,0,0,0,0
burzanautike.com,2024-04,39,0,39,0,0,0,0
burzanautike.com,2024-05,59,0,59,0,0,0,0
burzanautike.com,2024-06,36,0,36,0,0,0,0
burzanautike.com,2024-07,42,0,42,0,0,0,0
burzanautike.com,2024-08,41,0,41,0,0,0,0
burzanautike.com,2024-09,43,0,43,0,0,0,0
burzanautike.com,2024-10,37,0,37,0,0,0,0
burzanautike.com,2024-11,38,0,38,0,0,0,0
burzanautike.com,2024-12,39,0,39,0,0,0,0
burzanautike.com,2025-01,58,0,58,0,0,0,0
burzanautike.com,2025-02,18,0,18,0,0,0,0
burzanautike.com,2025-03,41,0,41,0,0,0,0
burzanautike.com,2025-04,52,0,52,0,0,0,0
burzanautike.com,2025-05,33,0,33,0,0,0,0
burzanautike.com,2025-06,39,0,39,0,0,0,0
burzanautike.com,2025-07,43,0,43,0,0,0,0
burzanautike.com,2025-08,34,0,34,0,0,0,0
burzanautike.com,2025-09,38,0,38,0,0,0,0
burzanautike.com,2025-10,40,0,40,0,0,0,0
burzanautike.com,2025-11,35,0,35,0,0,0,0
burzanautike.com,2025-12,35,0,35,0,0,0,0
burzanautike.com,2026-01,42,0,42,0,0,0,0
burzanautike.com,2026-02,49,0,49,0,0,0,0
burzanautike.com,2026-03,40,0,40,0,0,0,0
burzanautike.com,2026-04,42,0,42,0,0,0,0
burzanautike.com,2026-05,44,0,44,0,0,0,0
burzanautike.com,2026-06,39,0,39,0,0,0,0
burzanautike.com,2026-07,43,0,43,0,0,0,0
burzanautike.com,2026-08,32,0,32,0,0,0,0
burzanautike.com,2026-09,30,0,30,0,0,0,0
chill.hr,2023-10,1,0,1,0,0,0,0
chill.hr,2024-11,1,0,1,0,0,0,0
cityportal.hr,2021-01,206,0,206,0,0,0,0
cityportal.hr,2021-02,219,0,219,0,0,0,0
cityportal.hr,2021-03,264,0,264,0,0,0,0
cityportal.hr,2021-04,253,0,253,0,0,0,0
cityportal.hr,2021-05,275,0,275,0,0,0,0
cityportal.hr,2021-06,243,0,243,0,0,0,0
cityportal.hr,2021-07,246,0,246,0,0,0,0
cityportal.hr,2021-08,238,0,238,0,0,0,0
cityportal.hr,2021-09,269,0,269,0,0,0,0
cityportal.hr,2021-10,295,0,295,0,0,0,0
cityportal.hr,2021-11,277,0,277,0,0,0,0
cityportal.hr,2021-12,262,0,262,0,0,0,0
cityportal.hr,2022-01,225,0,225,0,0,0,0
cityportal.hr,2022-02,237,1,237,1,1,1,0
cityportal.hr,2022-03,247,2,247,2,2,2,0
cityportal.hr,2022-04,252,0,252,0,0,0,0
cityportal.hr,2022-05,283,0,283,0,0,0,0
cityportal.hr,2022-06,227,0,227,0,0,0,0
cityportal.hr,2022-07,227,0,227,0,0,0,0
cityportal.hr,2022-08,191,0,191,0,0,0,0
cityportal.hr,2022-09,247,0,247,0,0,0,0
cityportal.hr,2022-10,291,0,291,0,0,0,0
cityportal.hr,2022-11,253,1,253,1,1,1,0
cityportal.hr,2022-12,280,0,280,0,0,0,0
cityportal.hr,2023-01,207,1,207,1,1,1,0
cityportal.hr,2023-02,218,0,218,0,0,0,0
cityportal.hr,2023-03,273,0,273,0,0,0,0
cityportal.hr,2023-04,278,0,278,0,0,0,0
cityportal.hr,2023-05,314,0,314,0,0,0,0
cityportal.hr,2023-06,283,0,283,0,0,0,0
cityportal.hr,2023-07,236,0,236,0,0,0,0
cityportal.hr,2023-08,214,0,214,0,0,0,0
cityportal.hr,2023-09,269,0,269,0,0,0,0
cityportal.hr,2023-10,344,0,344,0,0,0,0
cityportal.hr,2023-11,253,0,253,0,0,0,0
cityportal.hr,2023-12,263,0,263,0,0,0,0
cityportal.hr,2024-01,284,0,284,0,0,0,0
cityportal.hr,2024-02,286,0,286,0,0,0,0
cityportal.hr,2024-03,277,0,277,0,0,0,0
cityportal.hr,2024-04,280,0,280,0,0,0,0
cityportal.hr,2024-05,290,0,290,0,0,0,0
cityportal.hr,2024-06,276,0,276,0,0,0,0
cityportal.hr,2024-07,284,0,284,0,0,0,0
cityportal.hr,2024-08,244,0,244,0,0,0,0
cityportal.hr,2024-09,276,0,276,0,0,0,0
cityportal.hr,2024-10,275,0,275,0,0,0,0
cityportal.hr,2024-11,276,0,276,0,0,0,0
cityportal.hr,2024-12,314,0,314,0,0,0,0
cityportal.hr,2025-01,233,0,233,0,0,0,0
cityportal.hr,2025-02,234,0,234,0,0,0,0
cityportal.hr,2025-03,272,0,272,0,0,0,0
cityportal.hr,2025-04,349,1,349,1,1,1,0
cityportal.hr,2025-05,304,0,304,0,0,0,0
cityportal.hr,2025-06,261,1,261,1,1,1,0
cityportal.hr,2025-07,298,0,298,0,0,0,0
cityportal.hr,2025-08,239,0,239,0,0,0,0
cityportal.hr,2025-09,324,0,324,0,0,0,0
cityportal.hr,2025-10,286,2,286,2,2,2,0
cityportal.hr,2025-11,282,0,282,0,0,0,0
cityportal.hr,2025-12,318,2,318,2,2,2,0
cityportal.hr,2026-01,265,1,265,1,1,1,0
cityportal.hr,2026-02,225,0,225,0,0,0,0
cityportal.hr,2026-03,339,0,339,0,0,0,0
cityportal.hr,2026-04,322,0,322,0,0,0,0
cityportal.hr,2026-05,283,1,283,1,1,1,0
cityportal.hr,2026-06,95,0,95,0,0,0,0
compas.com.hr,2024-01,1,0,1,0,0,0,0
compas.com.hr,2024-02,21,0,21,0,0,0,0
compas.com.hr,2024-03,99,0,99,0,0,0,0
compas.com.hr,2024-04,94,0,94,0,0,0,0
compas.com.hr,2024-05,96,0,96,0,0,0,0
compas.com.hr,2024-06,92,0,92,0,0,0,0
compas.com.hr,2024-07,86,0,86,0,0,0,0
compas.com.hr,2024-08,64,0,64,0,0,0,0
compas.com.hr,2024-09,88,0,88,0,0,0,0
compas.com.hr,2024-10,102,0,102,0,0,0,0
compas.com.hr,2024-11,70,0,70,0,0,0,0
compas.com.hr,2024-12,91,0,91,0,0,0,0
compas.com.hr,2025-01,68,0,68,0,0,0,0
compas.com.hr,2025-02,76,0,76,0,0,0,0
compas.com.hr,2025-03,68,0,68,0,0,0,0
compas.com.hr,2025-04,42,0,42,0,0,0,0
compas.com.hr,2025-05,65,0,65,0,0,0,0
compas.com.hr,2025-06,77,0,77,0,0,0,0
compas.com.hr,2025-07,68,0,68,0,0,0,0
compas.com.hr,2025-08,54,0,54,0,0,0,0
compas.com.hr,2025-09,87,0,87,0,0,0,0
compas.com.hr,2025-10,63,0,63,0,0,0,0
compas.com.hr,2025-11,48,0,48,0,0,0,0
compas.com.hr,2025-12,77,0,77,0,0,0,0
compas.com.hr,2026-01,47,0,47,0,0,0,0
compas.com.hr,2026-02,79,0,79,0,0,0,0
compas.com.hr,2026-03,83,0,83,0,0,0,0
compas.com.hr,2026-04,82,0,82,0,0,0,0
compas.com.hr,2026-05,97,0,97,0,0,0,0
compas.com.hr,2026-06,88,0,88,0,0,0,0
compas.com.hr,2026-07,70,0,70,0,0,0,0
compas.com.hr,2026-08,67,0,67,0,0,0,0
compas.com.hr,2026-09,26,0,26,0,0,0,0
cool.hr,2021-03,88,0,88,0,0,0,0
cool.hr,2021-04,42,0,42,0,0,0,0
cool.hr,2021-05,14,0,14,0,0,0,0
cool.hr,2021-06,26,0,26,0,0,0,0
cool.hr,2021-07,45,0,45,0,0,0,0
cool.hr,2021-08,36,0,36,0,0,0,0
cool.hr,2021-09,31,0,31,0,0,0,0
cool.hr,2021-10,25,0,25,0,0,0,0
cool.hr,2021-11,36,0,36,0,0,0,0
cool.hr,2021-12,41,0,41,0,0,0,0
cool.hr,2022-01,53,0,53,0,0,0,0
cool.hr,2022-02,34,0,34,0,0,0,0
cool.hr,2022-03,16,0,16,0,0,0,0
cool.hr,2022-04,19,0,19,0,0,0,0
cool.hr,2022-05,27,0,27,0,0,0,0
cool.hr,2022-06,11,0,11,0,0,0,0
cool.hr,2022-07,9,0,9,0,0,0,0
cool.hr,2022-08,10,0,10,0,0,0,0
cool.hr,2022-09,5,0,5,0,0,0,0
cool.hr,2022-10,10,0,10,0,0,0,0
cool.hr,2022-11,12,0,12,0,0,0,0
cool.hr,2022-12,11,0,11,0,0,0,0
cool.hr,2023-01,10,0,10,0,0,0,0
cool.hr,2023-02,6,0,6,0,0,0,0
cool.hr,2023-03,5,0,5,0,0,0,0
cool.hr,2023-04,2,0,2,0,0,0,0
cool.hr,2023-05,6,0,6,0,0,0,0
cool.hr,2023-06,7,0,7,0,0,0,0
cool.hr,2023-07,8,0,8,0,0,0,0
cool.hr,2023-08,10,0,10,0,0,0,0
cool.hr,2023-09,6,0,6,0,0,0,0
cool.hr,2023-10,10,0,10,0,0,0,0
cool.hr,2023-11,18,0,18,0,0,0,0
cool.hr,2023-12,41,0,41,0,0,0,0
cool.hr,2024-01,22,0,22,0,0,0,0
cool.hr,2024-02,5,0,5,0,0,0,0
cool.hr,2024-03,5,0,5,0,0,0,0
cool.hr,2024-04,5,0,5,0,0,0,0
cool.hr,2024-05,6,0,6,0,0,0,0
cool.hr,2024-06,4,0,4,0,0,0,0
cool.hr,2024-07,7,0,7,0,0,0,0
cool.hr,2024-08,6,0,6,0,0,0,0
cool.hr,2024-09,15,0,15,0,0,0,0
cool.hr,2024-10,13,0,13,0,0,0,0
cool.hr,2024-11,3,0,3,0,0,0,0
cool.hr,2024-12,4,0,4,0,0,0,0
cool.hr,2025-01,4,0,4,0,0,0,0
cool.hr,2025-02,8,0,8,0,0,0,0
cool.hr,2025-03,6,0,6,0,0,0,0
cool.hr,2025-04,10,0,10,0,0,0,0
cool.hr,2025-05,3,0,3,0,0,0,0
cool.hr,2025-06,5,0,5,0,0,0,0
cool.hr,2025-07,5,0,5,0,0,0,0
cool.hr,2025-08,4,0,4,0,0,0,0
cool.hr,2025-09,7,0,7,0,0,0,0
cool.hr,2025-10,4,0,4,0,0,0,0
cool.hr,2025-11,5,0,5,0,0,0,0
cool.hr,2025-12,5,0,5,0,0,0,0
cool.hr,2026-01,5,0,5,0,0,0,0
cool.hr,2026-02,5,0,5,0,0,0,0
cool.hr,2026-03,6,0,6,0,0,0,0
cool.hr,2026-04,5,0,5,0,0,0,0
cool.hr,2026-05,8,0,8,0,0,0,0
cool.hr,2026-06,6,0,6,0,0,0,0
cool.hr,2026-07,3,0,3,0,0,0,0
cool.hr,2026-08,7,0,7,0,0,0,0
cosmopolitan.hr,2021-01,185,0,185,0,0,0,0
cosmopolitan.hr,2021-02,284,0,284,0,0,0,0
cosmopolitan.hr,2021-03,278,0,278,0,0,0,0
cosmopolitan.hr,2021-04,228,0,228,0,0,0,0
cosmopolitan.hr,2021-05,208,0,208,0,0,0,0
cosmopolitan.hr,2021-06,175,0,175,0,0,0,0
cosmopolitan.hr,2021-07,140,0,140,0,0,0,0
cosmopolitan.hr,2021-08,95,0,95,0,0,0,0
cosmopolitan.hr,2021-09,173,0,173,0,0,0,0
cosmopolitan.hr,2021-10,117,0,117,0,0,0,0
cosmopolitan.hr,2021-11,102,0,102,0,0,0,0
cosmopolitan.hr,2021-12,118,0,118,0,0,0,0
cosmopolitan.hr,2022-01,1,0,1,0,0,0,0
cosmopolitan.hr,2022-05,1,0,1,0,0,0,0
cosmopolitan.hr,2023-03,12,0,12,0,0,0,0
cosmopolitan.hr,2023-08,1,0,1,0,0,0,0
cosmopolitan.hr,2023-11,1,0,1,0,0,0,0
cosmopolitan.hr,2024-01,2,0,2,0,0,0,0
cosmopolitan.hr,2024-05,1,0,1,0,0,0,0
cosmopolitan.hr,2024-10,2,0,2,0,0,0,0
cosmopolitan.hr,2024-11,1,0,1,0,0,0,0
cosmopolitan.hr,2024-12,1,0,1,0,0,0,0
cosmopolitan.hr,2025-08,1,0,1,0,0,0,0
coverstyle.hr,2021-01,163,0,163,0,0,0,0
coverstyle.hr,2021-02,205,0,205,0,0,0,0
coverstyle.hr,2021-03,234,0,234,0,0,0,0
coverstyle.hr,2021-04,214,0,214,0,0,0,0
coverstyle.hr,2021-05,28,0,28,0,0,0,0
coverstyle.hr,2021-06,2,0,2,0,0,0,0
coverstyle.hr,2021-07,1,0,1,0,0,0,0
coverstyle.hr,2021-08,5,0,5,0,0,0,0
coverstyle.hr,2021-09,1,0,1,0,0,0,0
coverstyle.hr,2021-10,4,0,4,0,0,0,0
coverstyle.hr,2021-12,4,0,4,0,0,0,0
coverstyle.hr,2022-01,11,0,11,0,0,0,0
coverstyle.hr,2022-02,5,0,5,0,0,0,0
coverstyle.hr,2022-03,14,0,14,0,0,0,0
coverstyle.hr,2022-04,15,0,15,0,0,0,0
coverstyle.hr,2022-05,22,0,22,0,0,0,0
coverstyle.hr,2022-06,32,0,32,0,0,0,0
coverstyle.hr,2022-07,102,0,102,0,0,0,0
coverstyle.hr,2022-08,175,0,175,0,0,0,0
coverstyle.hr,2022-09,181,0,181,0,0,0,0
coverstyle.hr,2022-10,192,0,192,0,0,0,0
coverstyle.hr,2022-11,176,0,176,0,0,0,0
coverstyle.hr,2022-12,155,0,155,0,0,0,0
coverstyle.hr,2023-01,172,0,172,0,0,0,0
coverstyle.hr,2023-02,161,0,161,0,0,0,0
coverstyle.hr,2023-03,175,0,175,0,0,0,0
coverstyle.hr,2023-04,224,0,224,0,0,0,0
coverstyle.hr,2023-05,188,0,188,0,0,0,0
coverstyle.hr,2023-06,173,0,173,0,0,0,0
coverstyle.hr,2023-07,173,1,173,1,1,1,0
coverstyle.hr,2023-08,180,0,180,0,0,0,0
coverstyle.hr,2023-09,176,1,176,1,1,1,0
coverstyle.hr,2023-10,182,0,182,0,0,0,0
coverstyle.hr,2023-11,168,0,168,0,0,0,0
coverstyle.hr,2023-12,172,0,172,0,0,0,0
coverstyle.hr,2024-01,176,0,176,0,0,0,0
coverstyle.hr,2024-02,176,0,176,0,0,0,0
coverstyle.hr,2024-03,175,0,175,0,0,0,0
coverstyle.hr,2024-04,175,0,175,0,0,0,0
coverstyle.hr,2024-05,188,0,188,0,0,0,0
coverstyle.hr,2024-06,181,0,181,0,0,0,0
coverstyle.hr,2024-07,175,1,175,1,1,1,1
coverstyle.hr,2024-08,169,1,169,1,1,1,0
coverstyle.hr,2024-09,185,0,185,0,0,0,0
coverstyle.hr,2024-10,201,0,201,0,0,0,0
coverstyle.hr,2024-11,191,0,191,0,0,0,0
coverstyle.hr,2024-12,183,0,183,0,0,0,0
coverstyle.hr,2025-01,180,0,180,0,0,0,0
coverstyle.hr,2025-02,163,0,163,0,0,0,0
coverstyle.hr,2025-03,191,0,191,0,0,0,0
coverstyle.hr,2025-04,191,0,191,0,0,0,0
coverstyle.hr,2025-05,199,1,199,1,1,1,0
coverstyle.hr,2025-06,178,0,178,0,0,0,0
coverstyle.hr,2025-07,196,0,196,0,0,0,0
coverstyle.hr,2025-08,185,0,185,0,0,0,0
coverstyle.hr,2025-09,184,0,184,0,0,0,0
coverstyle.hr,2025-10,205,0,205,0,0,0,0
coverstyle.hr,2025-11,193,1,193,1,1,1,1
coverstyle.hr,2025-12,203,0,203,0,0,0,0
coverstyle.hr,2026-01,290,1,290,1,1,1,1
coverstyle.hr,2026-02,130,0,130,0,0,0,0
coverstyle.hr,2026-03,194,0,194,0,0,0,0
coverstyle.hr,2026-04,187,0,187,0,0,0,0
coverstyle.hr,2026-05,179,0,179,0,0,0,0
coverstyle.hr,2026-06,188,0,188,0,0,0,0
coverstyle.hr,2026-07,181,0,181,0,0,0,0
coverstyle.hr,2026-08,188,0,188,0,0,0,0
coverstyle.hr,2026-09,61,0,61,0,0,0,0
crikva.hr,2021-01,10,0,10,0,0,0,0
crikva.hr,2021-02,25,0,25,0,0,0,0
crikva.hr,2021-05,6,0,6,0,0,0,0
crikva.hr,2021-06,3,0,3,0,0,0,0
crikva.hr,2021-07,43,0,43,0,0,0,0
crikva.hr,2021-08,55,0,55,0,0,0,0
crikva.hr,2021-09,76,0,76,0,0,0,0
crikva.hr,2021-10,87,0,87,0,0,0,0
crikva.hr,2021-11,91,0,91,0,0,0,0
crikva.hr,2021-12,98,0,98,0,0,0,0
crikva.hr,2022-01,65,0,65,0,0,0,0
crikva.hr,2022-02,71,0,71,0,0,0,0
crikva.hr,2022-03,101,0,101,0,0,0,0
crikva.hr,2022-04,107,0,107,0,0,0,0
crikva.hr,2022-05,103,0,103,0,0,0,0
crikva.hr,2022-06,80,0,80,0,0,0,0
crikva.hr,2022-07,58,0,58,0,0,0,0
crikva.hr,2022-08,71,0,71,0,0,0,0
crikva.hr,2022-09,72,0,72,0,0,0,0
crikva.hr,2022-10,90,0,90,0,0,0,0
crikva.hr,2022-11,86,0,86,0,0,0,0
crikva.hr,2022-12,69,0,69,0,0,0,0
crikva.hr,2023-01,32,0,32,0,0,0,0
crikva.hr,2023-02,65,0,65,0,0,0,0
crikva.hr,2023-03,96,0,96,0,0,0,0
crikva.hr,2023-04,73,0,73,0,0,0,0
crikva.hr,2023-05,62,0,62,0,0,0,0
crikva.hr,2023-06,63,0,63,0,0,0,0
crikva.hr,2023-07,51,0,51,0,0,0,0
crikva.hr,2023-08,36,0,36,0,0,0,0
crikva.hr,2023-09,55,0,55,0,0,0,0
crikva.hr,2023-10,66,0,66,0,0,0,0
crikva.hr,2023-11,63,0,63,0,0,0,0
crikva.hr,2023-12,75,0,75,0,0,0,0
crikva.hr,2024-01,43,0,43,0,0,0,0
crikva.hr,2024-02,92,0,92,0,0,0,0
crikva.hr,2024-03,95,0,95,0,0,0,0
crikva.hr,2024-04,62,0,62,0,0,0,0
crikva.hr,2024-05,69,0,69,0,0,0,0
crikva.hr,2024-06,59,0,59,0,0,0,0
crikva.hr,2024-07,51,0,51,0,0,0,0
crikva.hr,2024-08,45,0,45,0,0,0,0
crikva.hr,2024-09,56,0,56,0,0,0,0
crikva.hr,2024-10,67,0,67,0,0,0,0
crikva.hr,2024-11,56,0,56,0,0,0,0
crikva.hr,2024-12,64,0,64,0,0,0,0
crikva.hr,2025-01,38,0,38,0,0,0,0
crikva.hr,2025-02,62,0,62,0,0,0,0
crikva.hr,2025-03,69,0,69,0,0,0,0
crikva.hr,2025-04,70,0,70,0,0,0,0
crikva.hr,2025-05,74,0,74,0,0,0,0
crikva.hr,2025-06,57,0,57,0,0,0,0
crikva.hr,2025-07,61,0,61,0,0,0,0
crikva.hr,2025-08,51,0,51,0,0,0,0
crikva.hr,2025-09,69,0,69,0,0,0,0
crikva.hr,2025-10,86,0,86,0,0,0,0
crikva.hr,2025-11,52,0,52,0,0,0,0
crikva.hr,2025-12,86,0,86,0,0,0,0
crikva.hr,2026-01,130,0,130,0,0,0,0
crikva.hr,2026-02,140,0,140,0,0,0,0
crikva.hr,2026-03,170,0,170,0,0,0,0
crikva.hr,2026-04,142,0,142,0,0,0,0
crikva.hr,2026-05,140,0,140,0,0,0,0
crikva.hr,2026-06,131,0,131,0,0,0,0
crikva.hr,2026-07,147,0,147,0,0,0,0
crikva.hr,2026-08,129,0,129,0,0,0,0
crikva.hr,2026-09,50,0,50,0,0,0,0
crnemambe.hr,2021-01,30,0,30,0,0,0,0
crnemambe.hr,2021-02,20,0,20,0,0,0,0
crnemambe.hr,2021-03,27,0,27,0,0,0,0
crnemambe.hr,2021-04,23,0,23,0,0,0,0
crnemambe.hr,2021-05,24,0,24,0,0,0,0
crnemambe.hr,2021-06,12,0,12,0,0,0,0
crnemambe.hr,2021-07,28,0,28,0,0,0,0
crnemambe.hr,2021-08,12,0,12,0,0,0,0
crnemambe.hr,2021-09,10,0,10,0,0,0,0
crnemambe.hr,2021-10,4,0,4,0,0,0,0
crnemambe.hr,2022-01,8,0,8,0,0,0,0
crnemambe.hr,2022-02,19,0,19,0,0,0,0
crnemambe.hr,2022-03,1,0,1,0,0,0,0
cro-kultura.com,2021-01,1,0,1,0,0,0,0
croatianaviation.com,2021-02,2,0,2,0,0,0,0
croatianaviation.com,2021-03,5,0,5,0,0,0,0
croatianaviation.com,2023-04,2,0,2,0,0,0,0
croatianaviation.com,2023-10,1,0,1,0,0,0,0
croatianaviation.com,2023-11,1,0,1,0,0,0,0
croatianaviation.com,2025-02,1,0,1,0,0,0,0
croatianaviation.com,2025-05,1,0,1,0,0,0,0
croatianaviation.com,2025-10,1,0,1,0,0,0,0
crol.hr,2021-01,7,0,7,0,0,0,0
crol.hr,2021-02,19,0,19,0,0,0,0
crol.hr,2021-03,14,0,14,0,0,0,0
crol.hr,2021-04,12,0,12,0,0,0,0
crol.hr,2021-05,14,0,14,0,0,0,0
crol.hr,2021-06,14,0,14,0,0,0,0
crol.hr,2021-07,25,0,25,0,0,0,0
crol.hr,2021-08,9,0,9,0,0,0,0
crol.hr,2021-09,15,0,15,0,0,0,0
crol.hr,2021-10,13,0,13,0,0,0,0
crol.hr,2021-11,11,0,11,0,0,0,0
crol.hr,2021-12,21,0,21,0,0,0,0
crol.hr,2022-01,14,0,14,0,0,0,0
crol.hr,2022-02,6,0,6,0,0,0,0
crol.hr,2022-03,4,0,4,0,0,0,0
crol.hr,2022-04,8,0,8,0,0,0,0
crol.hr,2022-05,15,0,15,0,0,0,0
crol.hr,2022-06,8,0,8,0,0,0,0
crol.hr,2022-07,12,0,12,0,0,0,0
crol.hr,2022-08,5,0,5,0,0,0,0
crol.hr,2022-09,7,0,7,0,0,0,0
crol.hr,2022-10,11,0,11,0,0,0,0
crol.hr,2022-11,8,0,8,0,0,0,0
crol.hr,2022-12,31,0,31,0,0,0,0
crol.hr,2023-01,1,0,1,0,0,0,0
crol.hr,2023-02,4,0,4,0,0,0,0
crol.hr,2023-03,4,0,4,0,0,0,0
crol.hr,2023-04,11,0,11,0,0,0,0
crol.hr,2023-05,13,0,13,0,0,0,0
crol.hr,2023-06,7,0,7,0,0,0,0
crol.hr,2023-07,11,0,11,0,0,0,0
crol.hr,2023-08,16,0,16,0,0,0,0
crol.hr,2023-09,8,0,8,0,0,0,0
crol.hr,2023-10,10,0,10,0,0,0,0
crol.hr,2023-11,19,0,19,0,0,0,0
crol.hr,2023-12,18,0,18,0,0,0,0
crol.hr,2024-01,4,0,4,0,0,0,0
crol.hr,2024-02,6,0,6,0,0,0,0
crol.hr,2024-03,10,0,10,0,0,0,0
crol.hr,2024-04,8,0,8,0,0,0,0
crol.hr,2024-05,14,0,14,0,0,0,0
crol.hr,2024-06,10,0,10,0,0,0,0
crol.hr,2024-07,8,0,8,0,0,0,0
crol.hr,2024-08,2,0,2,0,0,0,0
cronika.hr,2021-01,12,0,12,0,0,0,0
cronika.hr,2021-02,14,0,14,0,0,0,0
cronika.hr,2021-03,22,0,22,0,0,0,0
cronika.hr,2021-04,27,0,27,0,0,0,0
cronika.hr,2021-05,28,0,28,0,0,0,0
cronika.hr,2021-06,141,0,141,0,0,0,0
cronika.hr,2021-07,322,1,322,1,1,1,0
cronika.hr,2021-08,298,0,298,0,0,0,0
cronika.hr,2021-09,298,2,298,2,2,2,0
cronika.hr,2021-10,339,0,339,0,0,0,0
cronika.hr,2021-11,403,0,403,0,0,0,0
cronika.hr,2021-12,424,0,424,0,0,0,0
cronika.hr,2022-01,360,1,360,1,1,1,0
cronika.hr,2022-02,327,2,327,2,2,2,1
cronika.hr,2022-03,372,0,372,0,0,0,0
cronika.hr,2022-04,357,0,357,0,0,0,0
cronika.hr,2022-05,369,1,369,1,1,1,0
cronika.hr,2022-06,386,2,386,2,2,2,0
cronika.hr,2022-07,350,1,350,1,0,0,1
cronika.hr,2022-08,364,0,364,0,0,0,0
cronika.hr,2022-09,362,0,362,0,0,0,0
cronika.hr,2022-10,370,0,370,0,0,0,0
cronika.hr,2022-11,323,0,323,0,0,0,0
cronika.hr,2022-12,332,0,332,0,0,0,0
cronika.hr,2023-01,316,2,316,2,2,2,0
cronika.hr,2023-02,301,1,301,1,1,1,0
cronika.hr,2023-03,378,0,378,0,0,0,0
cronika.hr,2023-04,300,0,300,0,0,0,0
cronika.hr,2023-05,355,1,355,1,1,1,0
cronika.hr,2023-06,342,0,342,0,0,0,0
cronika.hr,2023-07,329,0,329,0,0,0,0
cronika.hr,2023-08,278,0,278,0,0,0,0
cronika.hr,2023-09,294,0,294,0,0,0,0
cronika.hr,2023-10,362,0,362,0,0,0,0
cronika.hr,2023-11,330,0,330,0,0,0,0
cronika.hr,2023-12,346,0,346,0,0,0,0
cronika.hr,2024-01,204,1,204,1,1,1,0
cronika.hr,2024-02,260,0,260,0,0,0,0
cronika.hr,2024-03,284,1,284,1,1,1,1
cronika.hr,2024-04,288,0,288,0,0,0,0
cronika.hr,2024-05,241,0,241,0,0,0,0
cronika.hr,2024-06,223,3,223,3,3,3,0
cronika.hr,2024-07,279,2,279,2,2,2,0
cronika.hr,2024-08,59,0,59,0,0,0,0
cronika.hr,2025-02,1,0,1,0,0,0,0
cronika.hr,2025-03,16,0,16,0,0,0,0
cronika.hr,2025-04,1,0,1,0,0,0,0
cybermed.hr,2021-01,115,0,115,0,0,0,0
cybermed.hr,2021-02,99,0,99,0,0,0,0
cybermed.hr,2021-03,106,0,106,0,0,0,0
cybermed.hr,2021-04,117,0,117,0,0,0,0
cybermed.hr,2021-05,106,0,106,0,0,0,0
cybermed.hr,2021-06,97,0,97,0,0,0,0
cybermed.hr,2021-07,90,0,90,0,0,0,0
cybermed.hr,2021-08,92,0,92,0,0,0,0
cybermed.hr,2021-09,87,0,87,0,0,0,0
cybermed.hr,2021-10,102,0,102,0,0,0,0
cybermed.hr,2021-11,96,0,96,0,0,0,0
cybermed.hr,2021-12,85,0,85,0,0,0,0
cybermed.hr,2022-01,98,0,98,0,0,0,0
cybermed.hr,2022-02,84,0,84,0,0,0,0
cybermed.hr,2022-03,90,0,90,0,0,0,0
cybermed.hr,2024-02,14,0,14,0,0,0,0
cybermed.hr,2024-03,95,0,95,0,0,0,0
cybermed.hr,2024-04,108,0,108,0,0,0,0
cybermed.hr,2024-05,128,0,128,0,0,0,0
cybermed.hr,2024-06,81,0,81,0,0,0,0
cybermed.hr,2024-07,93,0,93,0,0,0,0
cybermed.hr,2024-08,86,0,86,0,0,0,0
cybermed.hr,2024-09,101,0,101,0,0,0,0
cybermed.hr,2024-10,103,0,103,0,0,0,0
cybermed.hr,2024-11,122,0,122,0,0,0,0
cybermed.hr,2024-12,69,0,69,0,0,0,0
cybermed.hr,2025-01,78,0,78,0,0,0,0
cybermed.hr,2025-02,80,0,80,0,0,0,0
cybermed.hr,2025-03,106,0,106,0,0,0,0
cybermed.hr,2025-04,105,0,105,0,0,0,0
cybermed.hr,2025-05,91,0,91,0,0,0,0
cybermed.hr,2025-06,89,0,89,0,0,0,0
cybermed.hr,2025-07,108,0,108,0,0,0,0
cybermed.hr,2025-08,96,0,96,0,0,0,0
cybermed.hr,2025-09,97,0,97,0,0,0,0
cybermed.hr,2025-10,112,0,112,0,0,0,0
cybermed.hr,2025-11,93,0,93,0,0,0,0
cybermed.hr,2025-12,91,0,91,0,0,0,0
cybermed.hr,2026-01,100,0,100,0,0,0,0
cybermed.hr,2026-02,92,0,92,0,0,0,0
cybermed.hr,2026-03,114,0,114,0,0,0,0
cybermed.hr,2026-04,91,0,91,0,0,0,0
cybermed.hr,2026-05,75,0,75,0,0,0,0
cybermed.hr,2026-06,71,0,71,0,0,0,0
cybermed.hr,2026-07,87,0,87,0,0,0,0
cybermed.hr,2026-08,73,0,73,0,0,0,0
cybermed.hr,2026-09,23,0,23,0,0,0,0
dalmacijadanas.hr,2021-01,2196,1,2196,1,1,1,1
dalmacijadanas.hr,2021-02,2254,2,2254,2,2,2,1
dalmacijadanas.hr,2021-03,2445,3,2445,3,3,3,0
dalmacijadanas.hr,2021-04,2465,1,2465,1,1,1,0
dalmacijadanas.hr,2021-05,2635,1,2635,1,1,1,0
dalmacijadanas.hr,2021-06,2376,2,2376,2,2,2,0
dalmacijadanas.hr,2021-07,2404,13,2404,13,13,13,0
dalmacijadanas.hr,2021-08,2301,3,2301,3,3,3,0
dalmacijadanas.hr,2021-09,2509,7,2509,7,7,7,0
dalmacijadanas.hr,2021-10,2705,8,2705,8,8,8,0
dalmacijadanas.hr,2021-11,2802,6,2802,6,6,6,0
dalmacijadanas.hr,2021-12,2155,1,2155,1,1,1,0
dalmacijadanas.hr,2022-01,2226,11,2226,11,11,10,0
dalmacijadanas.hr,2022-02,1944,13,1944,13,13,13,2
dalmacijadanas.hr,2022-03,2462,10,2462,10,10,10,0
dalmacijadanas.hr,2022-04,2368,9,2368,9,9,9,0
dalmacijadanas.hr,2022-05,2561,4,2561,4,4,4,0
dalmacijadanas.hr,2022-06,2511,7,2511,7,7,7,0
dalmacijadanas.hr,2022-07,2484,8,2484,8,8,8,1
dalmacijadanas.hr,2022-08,2593,10,2593,10,10,10,1
dalmacijadanas.hr,2022-09,2430,6,2430,6,6,6,1
dalmacijadanas.hr,2022-10,2481,6,2481,6,6,6,0
dalmacijadanas.hr,2022-11,2321,4,2321,4,4,4,2
dalmacijadanas.hr,2022-12,2473,14,2473,14,14,14,0
dalmacijadanas.hr,2023-01,2479,26,2479,26,26,26,2
dalmacijadanas.hr,2023-02,2330,5,2330,5,5,5,3
dalmacijadanas.hr,2023-03,2528,3,2528,3,3,3,0
dalmacijadanas.hr,2023-04,2484,6,2484,6,6,6,0
dalmacijadanas.hr,2023-05,2605,1,2605,1,1,1,0
dalmacijadanas.hr,2023-06,2445,4,2445,4,4,4,0
dalmacijadanas.hr,2023-07,2638,5,2638,5,5,5,0
dalmacijadanas.hr,2023-08,2470,5,2470,5,5,5,1
dalmacijadanas.hr,2023-09,2370,9,2370,9,9,9,0
dalmacijadanas.hr,2023-10,2443,5,2443,5,5,5,0
dalmacijadanas.hr,2023-11,2573,6,2573,6,6,6,0
dalmacijadanas.hr,2023-12,2590,5,2590,5,5,5,0
dalmacijadanas.hr,2024-01,2578,5,2578,5,5,5,1
dalmacijadanas.hr,2024-02,2399,1,2399,1,1,1,0
dalmacijadanas.hr,2024-03,2727,7,2727,7,7,7,0
dalmacijadanas.hr,2024-04,2693,3,2693,3,3,3,0
dalmacijadanas.hr,2024-05,2770,5,2770,5,5,5,0
dalmacijadanas.hr,2024-06,409,1,409,1,1,1,0
dalmacijadanas.hr,2024-07,26,0,26,0,0,0,0
dalmacijadanas.hr,2024-08,31,0,31,0,0,0,0
dalmacijadanas.hr,2024-09,554,2,554,2,2,2,1
dalmacijadanas.hr,2024-10,2513,4,2513,4,4,4,1
dalmacijadanas.hr,2024-11,2443,4,2443,4,4,4,0
dalmacijadanas.hr,2024-12,2693,4,2693,4,4,4,0
dalmacijadanas.hr,2025-01,2729,13,2729,13,13,13,0
dalmacijadanas.hr,2025-02,2537,20,2537,20,20,20,1
dalmacijadanas.hr,2025-03,2957,5,2957,5,5,5,1
dalmacijadanas.hr,2025-04,2618,2,2618,2,2,2,0
dalmacijadanas.hr,2025-05,2809,1,2809,1,1,1,0
dalmacijadanas.hr,2025-06,2623,3,2623,3,3,3,0
dalmacijadanas.hr,2025-07,2723,2,2723,2,2,2,1
dalmacijadanas.hr,2025-08,2547,2,2547,2,2,2,0
dalmacijadanas.hr,2025-09,2496,9,2496,9,9,9,1
dalmacijadanas.hr,2025-10,2541,7,2541,7,7,7,1
dalmacijadanas.hr,2025-11,2586,5,2586,5,5,5,1
dalmacijadanas.hr,2025-12,2622,9,2622,9,9,9,0
dalmacijadanas.hr,2026-01,2550,10,2550,10,10,10,0
dalmacijadanas.hr,2026-02,2140,1,2140,1,1,1,0
dalmacijadanas.hr,2026-03,2633,5,2633,5,5,5,1
dalmacijadanas.hr,2026-04,2669,5,2669,5,5,5,0
dalmacijadanas.hr,2026-05,2654,3,2654,3,3,3,1
dalmacijadanas.hr,2026-06,2568,3,2568,3,3,3,1
dalmacijadanas.hr,2026-07,2696,3,2696,3,3,3,1
dalmacijadanas.hr,2026-08,2656,3,2656,3,3,3,0
dalmacijadanas.hr,2026-09,793,0,793,0,0,0,0
dalmacijanews.hr,2021-01,791,6,791,6,6,6,1
dalmacijanews.hr,2021-02,752,4,752,4,4,4,0
dalmacijanews.hr,2021-03,863,1,863,1,1,1,0
dalmacijanews.hr,2021-04,849,2,849,2,2,2,0
dalmacijanews.hr,2021-05,916,2,916,2,2,2,0
dalmacijanews.hr,2021-06,810,2,810,2,2,2,0
dalmacijanews.hr,2021-07,837,1,837,1,1,1,1
dalmacijanews.hr,2021-08,778,2,778,2,2,2,1
dalmacijanews.hr,2021-09,792,3,792,3,2,2,1
dalmacijanews.hr,2021-10,821,5,821,5,5,5,0
dalmacijanews.hr,2021-11,811,0,811,0,0,0,0
dalmacijanews.hr,2021-12,845,0,845,0,0,0,0
dalmacijanews.hr,2022-01,856,2,856,2,2,2,0
dalmacijanews.hr,2022-02,796,6,796,6,6,6,2
dalmacijanews.hr,2022-03,828,0,828,0,0,0,0
dalmacijanews.hr,2022-04,760,0,760,0,0,0,0
dalmacijanews.hr,2022-05,770,2,770,2,2,2,0
dalmacijanews.hr,2022-06,788,1,788,1,1,1,0
dalmacijanews.hr,2022-07,797,4,797,4,4,4,0
dalmacijanews.hr,2022-08,793,3,793,3,3,3,0
dalmacijanews.hr,2022-09,815,1,815,1,1,1,0
dalmacijanews.hr,2022-10,822,6,822,6,6,6,1
dalmacijanews.hr,2022-11,780,3,780,3,3,3,2
dalmacijanews.hr,2022-12,785,7,785,7,7,7,1
dalmacijanews.hr,2023-01,781,18,781,18,18,18,1
dalmacijanews.hr,2023-02,744,1,744,1,1,1,0
dalmacijanews.hr,2023-03,890,0,890,0,0,0,0
dalmacijanews.hr,2023-04,839,0,839,0,0,0,0
dalmacijanews.hr,2023-05,873,1,873,1,1,1,0
dalmacijanews.hr,2023-06,847,1,847,1,1,1,0
dalmacijanews.hr,2023-07,869,3,869,3,3,3,0
dalmacijanews.hr,2023-08,846,6,846,6,6,6,0
dalmacijanews.hr,2023-09,810,1,810,1,1,1,0
dalmacijanews.hr,2023-10,854,4,854,4,4,4,0
dalmacijanews.hr,2023-11,825,3,825,3,3,3,0
dalmacijanews.hr,2023-12,765,2,765,2,2,2,1
dalmacijanews.hr,2024-01,804,2,804,2,2,2,0
dalmacijanews.hr,2024-02,797,0,797,0,0,0,0
dalmacijanews.hr,2024-03,891,1,891,1,1,1,0
dalmacijanews.hr,2024-04,504,0,504,0,0,0,0
dalmacijanews.hr,2024-05,792,0,792,0,0,0,0
dalmacijanews.hr,2024-06,915,4,915,4,4,4,0
dalmacijanews.hr,2024-07,1038,3,1038,3,3,3,0
dalmacijanews.hr,2024-08,1076,1,1076,1,1,1,0
dalmacijanews.hr,2024-09,978,2,978,2,2,2,1
dalmacijanews.hr,2024-10,959,3,959,3,3,3,0
dalmacijanews.hr,2024-11,1044,5,1044,5,5,5,2
dalmacijanews.hr,2024-12,870,2,870,2,2,2,2
dalmacijanews.hr,2025-01,900,6,900,6,6,6,1
dalmacijanews.hr,2025-02,876,9,876,9,9,9,2
dalmacijanews.hr,2025-03,1003,3,1003,3,3,3,1
dalmacijanews.hr,2025-04,874,0,874,0,0,0,0
dalmacijanews.hr,2025-05,946,0,946,0,0,0,0
dalmacijanews.hr,2025-06,854,3,854,3,3,3,0
dalmacijanews.hr,2025-07,940,1,940,1,1,1,0
dalmacijanews.hr,2025-08,884,4,884,4,4,4,0
dalmacijanews.hr,2025-09,947,5,947,5,5,5,1
dalmacijanews.hr,2025-10,938,1,938,1,1,1,0
dalmacijanews.hr,2025-11,896,1,896,1,1,1,0
dalmacijanews.hr,2025-12,904,3,904,3,3,3,1
dalmacijanews.hr,2026-01,860,8,860,8,8,8,0
dalmacijanews.hr,2026-02,848,0,848,0,0,0,0
dalmacijanews.hr,2026-03,982,1,982,1,1,1,0
dalmacijanews.hr,2026-04,889,1,889,1,1,1,0
dalmacijanews.hr,2026-05,977,0,977,0,0,0,0
dalmacijanews.hr,2026-06,951,3,951,3,3,3,1
dalmacijanews.hr,2026-07,955,0,955,0,0,0,0
dalmacijanews.hr,2026-08,934,1,934,1,1,1,0
dalmacijanews.hr,2026-09,319,0,319,0,0,0,0
dalmatinskiportal.hr,2021-01,2370,1,2370,1,1,1,1
dalmatinskiportal.hr,2021-02,2860,3,2860,3,3,3,0
dalmatinskiportal.hr,2021-03,3032,9,3032,9,9,9,1
dalmatinskiportal.hr,2021-04,2851,5,2851,5,5,5,0
dalmatinskiportal.hr,2021-05,2841,1,2841,1,1,1,0
dalmatinskiportal.hr,2021-06,2581,6,2581,6,6,6,0
dalmatinskiportal.hr,2021-07,2927,10,2927,10,10,10,1
dalmatinskiportal.hr,2021-08,2837,6,2837,6,6,6,1
dalmatinskiportal.hr,2021-09,2744,10,2744,10,10,10,0
dalmatinskiportal.hr,2021-10,2830,12,2830,12,12,12,3
dalmatinskiportal.hr,2021-11,2827,5,2827,5,5,5,0
dalmatinskiportal.hr,2021-12,2901,5,2901,5,5,5,0
dalmatinskiportal.hr,2022-01,2839,13,2839,13,13,13,1
dalmatinskiportal.hr,2022-02,2589,21,2589,21,21,21,5
dalmatinskiportal.hr,2022-03,3053,8,3053,8,8,8,0
dalmatinskiportal.hr,2022-04,2960,6,2960,6,6,6,1
dalmatinskiportal.hr,2022-05,2917,10,2917,10,10,10,2
dalmatinskiportal.hr,2022-06,2717,6,2717,6,6,6,0
dalmatinskiportal.hr,2022-07,2785,8,2785,8,7,7,3
dalmatinskiportal.hr,2022-08,2782,11,2782,11,11,11,2
dalmatinskiportal.hr,2022-09,2851,2,2851,2,2,2,0
dalmatinskiportal.hr,2022-10,2870,13,2870,13,13,13,2
dalmatinskiportal.hr,2022-11,2837,9,2837,9,9,9,0
dalmatinskiportal.hr,2022-12,2923,23,2923,23,23,23,0
dalmatinskiportal.hr,2023-01,2782,33,2782,33,33,33,4
dalmatinskiportal.hr,2023-02,2662,6,2662,6,6,6,1
dalmatinskiportal.hr,2023-03,2990,4,2990,4,4,4,1
dalmatinskiportal.hr,2023-04,2787,7,2787,7,7,7,0
dalmatinskiportal.hr,2023-05,2787,5,2787,5,5,5,0
dalmatinskiportal.hr,2023-06,2756,5,2756,5,5,5,0
dalmatinskiportal.hr,2023-07,2845,4,2845,4,4,4,0
dalmatinskiportal.hr,2023-08,2775,10,2775,10,10,10,2
dalmatinskiportal.hr,2023-09,2707,11,2707,11,11,11,2
dalmatinskiportal.hr,2023-10,2917,7,2917,7,7,7,0
dalmatinskiportal.hr,2023-11,2924,11,2924,11,11,11,0
dalmatinskiportal.hr,2023-12,2905,5,2905,5,5,5,1
dalmatinskiportal.hr,2024-01,2249,7,2249,7,7,7,2
dalmatinskiportal.hr,2024-02,2230,4,2230,4,4,4,1
dalmatinskiportal.hr,2024-03,2426,9,2426,9,9,9,1
dalmatinskiportal.hr,2024-04,2300,4,2300,4,4,4,1
dalmatinskiportal.hr,2024-05,2138,3,2138,3,3,3,0
dalmatinskiportal.hr,2024-06,2109,7,2109,7,7,7,0
dalmatinskiportal.hr,2024-07,2171,6,2171,6,6,6,0
dalmatinskiportal.hr,2024-08,2040,4,2040,4,4,4,2
dalmatinskiportal.hr,2024-09,2144,2,2144,2,2,2,1
dalmatinskiportal.hr,2024-10,2379,7,2379,7,7,7,1
dalmatinskiportal.hr,2024-11,2348,2,2348,2,2,2,0
dalmatinskiportal.hr,2024-12,2343,7,2343,7,7,7,0
dalmatinskiportal.hr,2025-01,2208,12,2208,12,12,12,2
dalmatinskiportal.hr,2025-02,2087,8,2087,8,8,8,0
dalmatinskiportal.hr,2025-03,2263,5,2263,5,5,5,0
dalmatinskiportal.hr,2025-04,2405,3,2405,3,3,3,0
dalmatinskiportal.hr,2025-05,2569,3,2569,3,3,3,0
dalmatinskiportal.hr,2025-06,2180,6,2180,6,6,6,1
dalmatinskiportal.hr,2025-07,2173,1,2173,1,1,1,0
dalmatinskiportal.hr,2025-08,2221,3,2221,3,3,3,1
dalmatinskiportal.hr,2025-09,2416,8,2416,8,8,8,0
dalmatinskiportal.hr,2025-10,2362,4,2362,4,4,4,0
dalmatinskiportal.hr,2025-11,2342,4,2342,4,4,4,0
dalmatinskiportal.hr,2025-12,2303,7,2303,7,7,7,0
dalmatinskiportal.hr,2026-01,2036,12,2036,12,12,12,2
dalmatinskiportal.hr,2026-02,2314,3,2314,3,3,3,0
dalmatinskiportal.hr,2026-03,2507,4,2507,4,4,4,1
dalmatinskiportal.hr,2026-04,2495,6,2495,6,6,6,1
dalmatinskiportal.hr,2026-05,2595,8,2595,8,8,8,2
dalmatinskiportal.hr,2026-06,2551,3,2551,3,3,3,0
dalmatinskiportal.hr,2026-07,2466,1,2466,1,1,1,0
dalmatinskiportal.hr,2026-08,2578,2,2578,2,2,2,0
dalmatinskiportal.hr,2026-09,926,0,926,0,0,0,0
danas.hr,2022-11,7,0,7,0,0,0,0
danas.hr,2022-12,7,2,7,2,2,2,0
danas.hr,2023-01,2,0,2,0,0,0,0
danas.hr,2023-02,5,0,5,0,0,0,0
danas.hr,2023-03,4,0,4,0,0,0,0
danas.hr,2023-04,2,0,2,0,0,0,0
danas.hr,2023-05,3,0,3,0,0,0,0
danas.hr,2023-06,64,0,64,0,0,0,0
danas.hr,2023-07,1,0,1,0,0,0,0
danas.hr,2023-08,1,0,1,0,0,0,0
danas.hr,2023-10,2,0,2,0,0,0,0
danas.hr,2023-11,1,0,1,0,0,0,0
danas.hr,2023-12,3,0,3,0,0,0,0
danas.hr,2024-01,417,2,417,2,2,2,0
danica.hr,2021-01,225,1,225,1,1,1,0
danica.hr,2021-02,234,2,234,2,2,2,0
danica.hr,2021-03,261,1,261,1,1,1,0
danica.hr,2021-04,241,0,241,0,0,0,0
danica.hr,2021-05,248,0,248,0,0,0,0
danica.hr,2021-06,233,2,233,2,2,2,1
danica.hr,2021-07,245,0,245,0,0,0,0
danica.hr,2021-08,189,2,189,2,2,2,0
danica.hr,2021-09,227,1,227,1,1,1,0
danica.hr,2021-10,257,2,257,2,2,2,1
danica.hr,2021-11,266,0,266,0,0,0,0
danica.hr,2021-12,277,1,277,1,1,1,0
danica.hr,2022-01,240,5,240,5,5,5,0
danica.hr,2022-02,231,1,231,1,1,1,1
danica.hr,2022-03,230,1,230,1,1,1,0
danica.hr,2022-04,222,2,222,2,2,2,0
danica.hr,2022-05,230,0,230,0,0,0,0
danica.hr,2022-06,241,1,241,1,1,1,0
danica.hr,2022-07,243,2,243,2,2,2,0
danica.hr,2022-08,185,1,185,1,1,1,0
danica.hr,2022-09,238,0,238,0,0,0,0
danica.hr,2022-10,218,3,218,3,3,3,2
danica.hr,2022-11,226,3,226,3,3,3,0
danica.hr,2022-12,231,1,231,1,1,1,0
danica.hr,2023-01,233,3,233,3,3,3,0
danica.hr,2023-02,234,1,234,1,1,1,0
danica.hr,2023-03,249,1,249,1,1,1,0
danica.hr,2023-04,217,1,217,1,1,1,1
danica.hr,2023-05,226,0,226,0,0,0,0
danica.hr,2023-06,214,1,214,1,1,1,0
danica.hr,2023-07,226,2,226,2,2,2,0
danica.hr,2023-08,195,0,195,0,0,0,0
danica.hr,2023-09,212,0,212,0,0,0,0
danica.hr,2023-10,222,1,222,1,1,1,0
danica.hr,2023-11,218,4,218,4,4,4,0
danica.hr,2023-12,202,2,202,2,2,2,1
danica.hr,2024-01,168,1,168,1,1,1,1
danica.hr,2024-02,217,0,217,0,0,0,0
danica.hr,2024-03,229,1,229,1,1,1,0
danica.hr,2024-04,194,1,194,1,1,1,0
danica.hr,2024-05,191,2,191,2,2,2,0
danica.hr,2024-06,192,1,192,1,1,1,0
danica.hr,2024-07,195,1,195,1,1,1,0
danica.hr,2024-08,146,0,146,0,0,0,0
danica.hr,2024-09,185,0,185,0,0,0,0
danica.hr,2024-10,192,0,192,0,0,0,0
danica.hr,2024-11,146,1,146,1,1,1,1
danica.hr,2024-12,184,1,184,1,1,1,1
danica.hr,2025-01,162,1,162,1,1,1,0
danica.hr,2025-02,161,1,161,1,1,1,0
danica.hr,2025-03,173,1,173,1,1,1,1
danica.hr,2025-04,134,1,134,1,1,1,0
danica.hr,2025-05,144,0,144,0,0,0,0
danica.hr,2025-06,145,1,145,1,1,1,0
danica.hr,2025-07,180,0,180,0,0,0,0
danica.hr,2025-08,141,1,141,1,1,1,0
danica.hr,2025-09,165,0,165,0,0,0,0
danica.hr,2025-10,175,0,175,0,0,0,0
danica.hr,2025-11,171,1,171,1,1,1,0
danica.hr,2025-12,178,1,178,1,1,1,0
danica.hr,2026-01,172,1,172,1,1,1,0
danica.hr,2026-02,164,1,164,1,1,1,0
danica.hr,2026-03,190,0,190,0,0,0,0
danica.hr,2026-04,204,0,204,0,0,0,0
danica.hr,2026-05,198,1,198,1,1,1,0
danica.hr,2026-06,200,0,200,0,0,0,0
danica.hr,2026-07,220,0,220,0,0,0,0
danica.hr,2026-08,196,2,196,2,2,2,0
danica.hr,2026-09,67,0,67,0,0,0,0
dijalog.hr,2024-02,2,0,2,0,0,0,0
dijalog.hr,2024-03,1,0,1,0,0,0,0
dijalog.hr,2024-04,2,0,2,0,0,0,0
dijalog.hr,2024-06,2,0,2,0,0,0,0
dijalog.hr,2024-07,3,0,3,0,0,0,0
direktno.hr,2021-01,2695,8,2695,8,8,8,1
direktno.hr,2021-02,2853,5,2853,5,5,5,2
direktno.hr,2021-03,3131,5,3131,5,5,5,0
direktno.hr,2021-04,2962,12,2962,12,12,12,3
direktno.hr,2021-05,3247,4,3247,4,4,4,0
direktno.hr,2021-06,2646,10,2646,10,10,10,3
direktno.hr,2021-07,3032,18,3032,18,18,18,1
direktno.hr,2021-08,2676,18,2676,18,18,18,5
direktno.hr,2021-09,3033,31,3033,31,31,31,6
direktno.hr,2021-10,2908,26,2908,26,26,26,7
direktno.hr,2021-11,2945,19,2945,19,19,19,3
direktno.hr,2021-12,3094,17,3094,17,17,17,3
direktno.hr,2022-01,3382,48,3382,48,48,48,20
direktno.hr,2022-02,3649,67,3649,67,67,67,25
direktno.hr,2022-03,4335,31,4335,31,31,31,3
direktno.hr,2022-04,4053,19,4053,19,19,19,3
direktno.hr,2022-05,4054,21,4054,21,21,21,6
direktno.hr,2022-06,3785,20,3785,20,20,20,2
direktno.hr,2022-07,3857,37,3857,37,35,35,9
direktno.hr,2022-08,3776,13,3776,13,13,13,1
direktno.hr,2022-09,4006,12,4006,12,12,12,1
direktno.hr,2022-10,3740,23,3740,23,23,23,3
direktno.hr,2022-11,3642,13,3642,13,13,13,2
direktno.hr,2022-12,3393,27,3393,27,27,27,3
direktno.hr,2023-01,3342,35,3342,35,35,35,5
direktno.hr,2023-02,3194,15,3194,15,15,15,6
direktno.hr,2023-03,3519,13,3519,13,13,13,3
direktno.hr,2023-04,3172,19,3172,19,19,19,6
direktno.hr,2023-05,3183,22,3183,22,22,22,2
direktno.hr,2023-06,2763,7,2763,7,7,7,3
direktno.hr,2023-07,3072,12,3072,12,12,12,1
direktno.hr,2023-08,2340,7,2340,7,7,7,0
direktno.hr,2023-09,2481,18,2481,18,18,18,1
direktno.hr,2023-10,2555,4,2555,4,4,4,1
direktno.hr,2023-11,2693,8,2693,8,8,8,0
direktno.hr,2023-12,2461,13,2461,13,13,13,1
direktno.hr,2024-01,2592,12,2592,12,12,12,0
direktno.hr,2024-02,2435,12,2435,12,12,12,1
direktno.hr,2024-03,2523,4,2523,4,4,4,0
direktno.hr,2024-04,2640,5,2640,5,5,5,2
direktno.hr,2024-05,2578,10,2578,10,10,10,0
direktno.hr,2024-06,2446,16,2446,16,16,16,2
direktno.hr,2024-07,2523,22,2523,22,22,22,4
direktno.hr,2024-08,2103,1,2103,1,1,1,0
direktno.hr,2024-09,2283,8,2283,8,8,8,0
direktno.hr,2024-10,2300,13,2300,13,13,13,1
direktno.hr,2024-11,2193,9,2193,9,9,9,0
direktno.hr,2024-12,2259,14,2259,14,14,14,5
direktno.hr,2025-01,2154,18,2154,18,18,18,2
direktno.hr,2025-02,1908,20,1908,20,20,20,7
direktno.hr,2025-03,2372,12,2372,12,12,12,6
direktno.hr,2025-04,2293,6,2293,6,6,6,1
direktno.hr,2025-05,2399,4,2399,4,4,4,0
direktno.hr,2025-06,2103,13,2103,13,13,13,6
direktno.hr,2025-07,2418,16,2418,16,16,16,2
direktno.hr,2025-08,1917,5,1917,5,5,5,2
direktno.hr,2025-09,2219,20,2219,20,20,20,7
direktno.hr,2025-10,2412,27,2412,27,27,27,4
direktno.hr,2025-11,2253,8,2253,8,8,8,4
direktno.hr,2025-12,2161,14,2161,14,14,14,2
direktno.hr,2026-01,2242,43,2242,43,43,43,4
direktno.hr,2026-02,2062,9,2062,9,9,9,0
direktno.hr,2026-03,2345,13,2345,13,13,13,1
direktno.hr,2026-04,2038,10,2038,10,10,10,2
direktno.hr,2026-05,1987,25,1987,25,25,25,3
direktno.hr,2026-06,1967,23,1967,23,23,23,9
direktno.hr,2026-07,2215,15,2215,15,15,15,3
direktno.hr,2026-08,1933,3,1933,3,3,3,2
direktno.hr,2026-09,823,11,823,11,11,11,1
dizajn.hr,2024-02,2,0,2,0,0,0,0
dizajn.hr,2024-03,13,0,13,0,0,0,0
dizajn.hr,2024-04,16,0,16,0,0,0,0
dizajn.hr,2024-05,19,0,19,0,0,0,0
dizajn.hr,2024-06,19,0,19,0,0,0,0
dizajn.hr,2024-07,9,0,9,0,0,0,0
dizajn.hr,2024-08,7,0,7,0,0,0,0
dizajn.hr,2024-09,10,0,10,0,0,0,0
dizajn.hr,2024-10,10,0,10,0,0,0,0
dizajn.hr,2024-11,15,0,15,0,0,0,0
dizajn.hr,2024-12,14,0,14,0,0,0,0
dizajn.hr,2025-01,6,0,6,0,0,0,0
dizajn.hr,2025-02,12,1,12,1,1,1,0
dizajn.hr,2025-03,15,0,15,0,0,0,0
dizajn.hr,2026-01,1,0,1,0,0,0,0
dizajn.hr,2026-06,1,0,1,0,0,0,0
dizajn.hr,2026-07,5,0,5,0,0,0,0
dizajn.hr,2026-08,3,0,3,0,0,0,0
dizajn.hr,2026-09,3,0,3,0,0,0,0
dnevnik.hr,2021-01,3175,3,3175,3,3,3,1
dnevnik.hr,2021-02,4670,2,4670,2,2,2,1
dnevnik.hr,2021-03,5365,2,5365,2,2,2,0
dnevnik.hr,2021-04,4925,1,4925,1,1,1,1
dnevnik.hr,2021-05,5057,2,5057,2,2,2,0
dnevnik.hr,2021-06,4475,2,4475,2,2,2,0
dnevnik.hr,2021-07,4634,15,4634,15,15,15,3
dnevnik.hr,2021-08,4452,11,4452,11,11,11,4
dnevnik.hr,2021-09,4711,14,4711,14,13,13,3
dnevnik.hr,2021-10,4897,10,4897,10,10,10,4
dnevnik.hr,2021-11,4916,5,4916,5,5,5,0
dnevnik.hr,2021-12,5246,7,5246,7,6,6,2
dnevnik.hr,2022-01,4685,20,4685,20,20,20,6
dnevnik.hr,2022-02,4599,36,4599,36,36,36,10
dnevnik.hr,2022-03,5175,17,5175,17,17,17,3
dnevnik.hr,2022-04,4664,8,4664,8,8,8,2
dnevnik.hr,2022-05,4939,13,4939,13,13,13,1
dnevnik.hr,2022-06,4588,10,4588,10,10,10,0
dnevnik.hr,2022-07,4864,25,4864,25,24,24,5
dnevnik.hr,2022-08,4722,7,4722,7,7,7,0
dnevnik.hr,2022-09,5177,2,5177,2,2,2,0
dnevnik.hr,2022-10,5066,11,5066,11,11,11,2
dnevnik.hr,2022-11,4360,5,4360,5,5,5,0
dnevnik.hr,2022-12,3982,41,3982,41,41,41,6
dnevnik.hr,2023-01,3968,37,3968,37,37,37,3
dnevnik.hr,2023-02,3690,8,3690,8,8,8,1
dnevnik.hr,2023-03,4449,13,4449,13,13,13,1
dnevnik.hr,2023-04,4291,24,4291,24,24,24,3
dnevnik.hr,2023-05,4391,6,4391,6,6,6,0
dnevnik.hr,2023-06,4302,12,4302,12,12,12,0
dnevnik.hr,2023-07,4623,9,4623,9,9,9,0
dnevnik.hr,2023-08,4279,15,4279,15,15,15,2
dnevnik.hr,2023-09,4353,20,4353,20,20,20,2
dnevnik.hr,2023-10,4363,4,4363,4,4,4,1
dnevnik.hr,2023-11,4359,14,4359,14,14,14,3
dnevnik.hr,2023-12,4365,15,4365,15,15,15,1
dnevnik.hr,2024-01,4673,17,4673,17,17,17,5
dnevnik.hr,2024-02,4588,4,4588,4,4,4,0
dnevnik.hr,2024-03,4788,11,4788,11,11,11,0
dnevnik.hr,2024-04,4266,11,4266,11,11,11,1
dnevnik.hr,2024-05,4976,7,4976,7,7,7,1
dnevnik.hr,2024-06,5132,19,5132,19,19,19,0
dnevnik.hr,2024-07,5131,15,5131,15,15,15,3
dnevnik.hr,2024-08,5035,6,5035,6,6,6,1
dnevnik.hr,2024-09,5187,2,5187,2,2,2,0
dnevnik.hr,2024-10,6001,7,6001,7,7,7,0
dnevnik.hr,2024-11,5781,4,5781,4,4,4,2
dnevnik.hr,2024-12,5726,7,5726,7,7,7,1
dnevnik.hr,2025-01,5700,11,5700,11,11,11,1
dnevnik.hr,2025-02,5466,12,5466,12,12,12,2
dnevnik.hr,2025-03,5819,13,5819,13,13,13,4
dnevnik.hr,2025-04,5636,15,5636,15,15,15,4
dnevnik.hr,2025-05,5840,9,5840,9,9,9,2
dnevnik.hr,2025-06,5453,8,5453,8,8,8,2
dnevnik.hr,2025-07,5807,24,5807,24,24,24,3
dnevnik.hr,2025-08,5247,12,5247,12,12,12,1
dnevnik.hr,2025-09,5802,19,5802,19,19,19,3
dnevnik.hr,2025-10,6399,21,6399,21,21,21,3
dnevnik.hr,2025-11,5985,9,5985,9,9,9,2
dnevnik.hr,2025-12,6094,18,6094,18,18,18,4
dnevnik.hr,2026-01,6023,40,6023,40,40,40,7
dnevnik.hr,2026-02,5565,14,5565,14,14,14,1
dnevnik.hr,2026-03,6095,24,6095,24,24,24,5
dnevnik.hr,2026-04,5848,9,5848,9,9,9,1
dnevnik.hr,2026-05,6062,38,6062,38,38,38,4
dnevnik.hr,2026-06,5973,20,5973,20,20,20,6
dnevnik.hr,2026-07,5116,28,5116,28,28,28,6
dnevnik.hr,2026-08,3878,10,3878,10,10,10,2
dnevnik.hr,2026-09,1496,9,1496,9,9,9,3
dnevno.hr,2021-01,4607,8,4607,8,8,8,1
dnevno.hr,2021-02,4322,8,4322,8,8,8,2
dnevno.hr,2021-03,4808,10,4808,10,10,10,1
dnevno.hr,2021-04,4237,13,4237,13,13,13,2
dnevno.hr,2021-05,4453,5,4453,5,5,5,1
dnevno.hr,2021-06,3820,5,3820,5,5,5,0
dnevno.hr,2021-07,3869,25,3869,25,25,25,4
dnevno.hr,2021-08,3565,22,3565,22,22,22,4
dnevno.hr,2021-09,3631,36,3631,36,36,36,6
dnevno.hr,2021-10,3846,31,3846,31,31,31,2
dnevno.hr,2021-11,3886,18,3886,18,18,18,3
dnevno.hr,2021-12,3706,29,3706,29,29,29,5
dnevno.hr,2022-01,3360,60,3360,60,60,60,14
dnevno.hr,2022-02,3462,44,3462,44,44,44,6
dnevno.hr,2022-03,3804,24,3804,24,24,24,4
dnevno.hr,2022-04,3455,19,3455,19,19,19,1
dnevno.hr,2022-05,3634,20,3634,20,19,19,6
dnevno.hr,2022-06,3281,24,3281,24,24,24,2
dnevno.hr,2022-07,3260,21,3260,21,20,20,6
dnevno.hr,2022-08,3092,8,3092,8,8,8,0
dnevno.hr,2022-09,3035,11,3035,11,11,11,0
dnevno.hr,2022-10,3037,19,3037,19,19,19,3
dnevno.hr,2022-11,3090,12,3090,12,12,12,1
dnevno.hr,2022-12,3221,28,3221,28,28,28,8
dnevno.hr,2023-01,3144,28,3144,28,28,28,3
dnevno.hr,2023-02,2985,11,2985,11,11,11,1
dnevno.hr,2023-03,3205,14,3205,14,14,14,2
dnevno.hr,2023-04,2966,22,2966,22,22,22,4
dnevno.hr,2023-05,3323,9,3323,9,9,9,1
dnevno.hr,2023-06,3252,18,3252,18,18,18,2
dnevno.hr,2023-07,1873,8,1873,8,8,8,1
dnevno.hr,2023-08,1456,12,1456,12,12,12,2
dnevno.hr,2023-09,906,8,906,8,8,8,2
dnevno.hr,2023-10,169,0,169,0,0,0,0
dnevno.hr,2023-11,204,0,204,0,0,0,0
dnevno.hr,2023-12,219,0,219,0,0,0,0
dnevno.hr,2024-01,2924,14,2924,14,14,14,2
dnevno.hr,2024-02,3908,26,3908,26,26,26,0
dnevno.hr,2024-03,3982,10,3982,10,10,10,1
dnevno.hr,2024-04,214,1,214,1,1,1,0
dnevno.hr,2024-05,45,0,45,0,0,0,0
dnevno.hr,2024-06,50,0,50,0,0,0,0
dnevno.hr,2024-07,44,0,44,0,0,0,0
dnevno.hr,2024-08,103,1,103,1,1,1,0
dnevno.hr,2024-09,328,0,328,0,0,0,0
dnevno.hr,2024-10,1118,3,1118,3,3,3,0
dnevno.hr,2024-11,4438,12,4438,12,12,12,0
dnevno.hr,2024-12,4568,22,4568,22,22,22,1
dnevno.hr,2025-01,4227,27,4227,27,27,27,2
dnevno.hr,2025-02,3862,25,3862,25,25,25,0
dnevno.hr,2025-04,1,0,1,0,0,0,0
dnevno.hr,2025-05,1,0,1,0,0,0,0
dnevno.hr,2025-07,2199,18,2199,18,18,18,1
dnevno.hr,2025-12,2583,6,2583,6,6,6,2
dnevno.hr,2026-01,3792,24,3792,24,24,24,2
dnevno.hr,2026-02,4030,18,4030,18,18,18,0
dnevno.hr,2026-03,4385,14,4385,14,14,14,0
dnevno.hr,2026-04,3655,11,3655,11,11,11,0
dnevno.hr,2026-05,3897,40,3897,40,40,40,5
dnevno.hr,2026-06,3997,23,3997,23,23,23,2
dnevno.hr,2026-07,4281,15,4281,15,15,15,2
dnevno.hr,2026-08,3941,7,3941,7,7,7,0
dnevno.hr,2026-09,1354,3,1354,3,3,3,0
dobarzivot.net,2024-03,2,0,2,0,0,0,0
dobarzivot.net,2024-06,1,0,1,0,0,0,0
dobarzivot.net,2024-07,8,0,8,0,0,0,0
dobarzivot.net,2024-08,10,0,10,0,0,0,0
dobarzivot.net,2024-09,26,0,26,0,0,0,0
dobarzivot.net,2024-10,33,0,33,0,0,0,0
dobarzivot.net,2024-11,25,0,25,0,0,0,0
dobarzivot.net,2024-12,29,0,29,0,0,0,0
dobarzivot.net,2025-03,6,0,6,0,0,0,0
dobarzivot.net,2025-04,4,0,4,0,0,0,0
dobarzivot.net,2025-07,4,0,4,0,0,0,0
dobarzivot.net,2025-08,5,0,5,0,0,0,0
dobarzivot.net,2025-09,3,0,3,0,0,0,0
dobarzivot.net,2025-10,4,0,4,0,0,0,0
dobarzivot.net,2025-11,6,0,6,0,0,0,0
dobarzivot.net,2025-12,8,0,8,0,0,0,0
dobarzivot.net,2026-01,1,0,1,0,0,0,0
dobarzivot.net,2026-02,4,0,4,0,0,0,0
dobarzivot.net,2026-03,1,0,1,0,0,0,0
dobarzivot.net,2026-07,1,0,1,0,0,0,0
dokumentarni.net,2021-01,15,0,15,0,0,0,0
dokumentarni.net,2021-02,23,0,23,0,0,0,0
dokumentarni.net,2021-03,30,0,30,0,0,0,0
dokumentarni.net,2021-04,31,0,31,0,0,0,0
dokumentarni.net,2021-05,33,0,33,0,0,0,0
dokumentarni.net,2021-06,79,0,79,0,0,0,0
dokumentarni.net,2021-07,35,0,35,0,0,0,0
dokumentarni.net,2021-08,40,0,40,0,0,0,0
dokumentarni.net,2021-09,54,0,54,0,0,0,0
dokumentarni.net,2021-10,24,0,24,0,0,0,0
dokumentarni.net,2021-11,18,0,18,0,0,0,0
dokumentarni.net,2021-12,24,0,24,0,0,0,0
dokumentarni.net,2022-01,13,0,13,0,0,0,0
dokumentarni.net,2022-02,22,0,22,0,0,0,0
dokumentarni.net,2022-03,18,0,18,0,0,0,0
dokumentarni.net,2022-04,37,0,37,0,0,0,0
dokumentarni.net,2022-05,33,0,33,0,0,0,0
dokumentarni.net,2022-06,28,0,28,0,0,0,0
dokumentarni.net,2022-07,22,0,22,0,0,0,0
dokumentarni.net,2022-08,34,0,34,0,0,0,0
dokumentarni.net,2022-09,37,0,37,0,0,0,0
dokumentarni.net,2022-10,26,0,26,0,0,0,0
dokumentarni.net,2022-11,26,0,26,0,0,0,0
dokumentarni.net,2022-12,16,0,16,0,0,0,0
dokumentarni.net,2023-01,15,0,15,0,0,0,0
dokumentarni.net,2023-02,24,0,24,0,0,0,0
dokumentarni.net,2023-03,43,0,43,0,0,0,0
dokumentarni.net,2023-04,34,0,34,0,0,0,0
dokumentarni.net,2023-05,52,0,52,0,0,0,0
dokumentarni.net,2023-06,28,0,28,0,0,0,0
dokumentarni.net,2023-07,31,0,31,0,0,0,0
dokumentarni.net,2023-08,40,0,40,0,0,0,0
dokumentarni.net,2023-09,39,0,39,0,0,0,0
dokumentarni.net,2023-10,30,0,30,0,0,0,0
dokumentarni.net,2023-11,28,0,28,0,0,0,0
dokumentarni.net,2023-12,23,0,23,0,0,0,0
dokumentarni.net,2024-01,24,0,24,0,0,0,0
dokumentarni.net,2024-02,28,0,28,0,0,0,0
dokumentarni.net,2024-03,19,0,19,0,0,0,0
dokumentarni.net,2024-04,36,0,36,0,0,0,0
dokumentarni.net,2024-05,42,0,42,0,0,0,0
dokumentarni.net,2024-06,31,0,31,0,0,0,0
dokumentarni.net,2024-07,24,0,24,0,0,0,0
dokumentarni.net,2024-08,27,0,27,0,0,0,0
dokumentarni.net,2024-09,37,0,37,0,0,0,0
domoljubni.hr,2023-10,9,0,9,0,0,0,0
domoljubni.hr,2023-11,9,0,9,0,0,0,0
domoljubni.hr,2023-12,5,0,5,0,0,0,0
domoljubni.hr,2024-01,5,0,5,0,0,0,0
domoljubni.hr,2024-02,8,0,8,0,0,0,0
domoljubni.hr,2024-03,25,0,25,0,0,0,0
domoljubni.hr,2024-04,23,0,23,0,0,0,0
domoljubni.hr,2024-05,26,0,26,0,0,0,0
domoljubni.hr,2024-06,13,0,13,0,0,0,0
domoljubni.hr,2024-07,10,0,10,0,0,0,0
domoljubni.hr,2024-08,3,0,3,0,0,0,0
domovinskirat.hr,2021-01,23,0,23,0,0,0,0
domovinskirat.hr,2021-02,25,0,25,0,0,0,0
domovinskirat.hr,2021-03,15,0,15,0,0,0,0
domovinskirat.hr,2021-04,14,0,14,0,0,0,0
domovinskirat.hr,2021-05,2,0,2,0,0,0,0
domovinskirat.hr,2021-07,3,0,3,0,0,0,0
domovinskirat.hr,2021-08,5,0,5,0,0,0,0
domovinskirat.hr,2021-09,1,0,1,0,0,0,0
domovinskirat.hr,2021-10,2,0,2,0,0,0,0
domovinskirat.hr,2021-11,1,0,1,0,0,0,0
domovinskirat.hr,2021-12,1,0,1,0,0,0,0
domovinskirat.hr,2022-01,1,0,1,0,0,0,0
domovinskirat.hr,2022-05,2,0,2,0,0,0,0
domovinskirat.hr,2022-06,2,0,2,0,0,0,0
domovinskirat.hr,2022-07,2,0,2,0,0,0,0
domovinskirat.hr,2022-08,2,0,2,0,0,0,0
domovinskirat.hr,2022-09,7,0,7,0,0,0,0
domovinskirat.hr,2022-10,4,0,4,0,0,0,0
domovinskirat.hr,2022-11,12,0,12,0,0,0,0
domovinskirat.hr,2022-12,15,0,15,0,0,0,0
domovinskirat.hr,2023-01,8,0,8,0,0,0,0
domovinskirat.hr,2023-02,15,0,15,0,0,0,0
domovinskirat.hr,2023-03,12,0,12,0,0,0,0
domovinskirat.hr,2023-04,1,0,1,0,0,0,0
domovinskirat.hr,2023-06,1,0,1,0,0,0,0
domovinskirat.hr,2023-07,6,0,6,0,0,0,0
domovinskirat.hr,2023-08,9,0,9,0,0,0,0
domovinskirat.hr,2023-09,3,0,3,0,0,0,0
domovinskirat.hr,2024-08,2,0,2,0,0,0,0
domovinskirat.hr,2024-10,2,0,2,0,0,0,0
domovinskirat.hr,2025-03,1,0,1,0,0,0,0
dubrovackidnevnik.hr,2026-02,3,0,3,0,0,0,0
dubrovackidnevnik.hr,2026-03,1,0,1,0,0,0,0
dubrovackidnevnik.hr,2026-04,5,0,5,0,0,0,0
dubrovackidnevnik.hr,2026-05,28,1,28,1,1,1,0
dubrovackidnevnik.hr,2026-06,67,0,67,0,0,0,0
dubrovnikinsider.hr,2021-01,416,5,416,5,5,5,1
dubrovnikinsider.hr,2021-02,436,0,436,0,0,0,0
dubrovnikinsider.hr,2021-03,489,0,489,0,0,0,0
dubrovnikinsider.hr,2021-04,520,0,520,0,0,0,0
dubrovnikinsider.hr,2021-05,571,1,571,1,1,1,0
dubrovnikinsider.hr,2021-06,475,3,475,3,3,3,0
dubrovnikinsider.hr,2021-07,476,3,476,3,3,3,0
dubrovnikinsider.hr,2021-08,435,0,435,0,0,0,0
dubrovnikinsider.hr,2021-09,510,0,510,0,0,0,0
dubrovnikinsider.hr,2021-10,517,1,517,1,1,1,0
dubrovnikinsider.hr,2021-11,446,1,446,1,1,1,0
dubrovnikinsider.hr,2021-12,500,1,500,1,1,1,0
dubrovnikinsider.hr,2022-01,479,4,479,4,4,4,1
dubrovnikinsider.hr,2022-02,454,1,454,1,1,1,0
dubrovnikinsider.hr,2022-03,561,1,561,1,1,1,1
dubrovnikinsider.hr,2022-04,398,3,398,3,3,3,0
dubrovnikinsider.hr,2022-05,372,3,372,3,3,3,1
dubrovnikinsider.hr,2022-06,312,1,312,1,1,1,0
dubrovnikinsider.hr,2022-07,297,3,297,3,3,3,1
dubrovnikinsider.hr,2022-08,321,7,321,7,7,7,0
dubrovnikinsider.hr,2022-09,306,1,306,1,1,1,0
dubrovnikinsider.hr,2022-10,346,1,346,1,1,1,1
dubrovnikinsider.hr,2022-11,305,2,305,2,2,2,0
dubrovnikinsider.hr,2022-12,317,1,317,1,1,1,0
dubrovnikinsider.hr,2023-01,289,6,289,6,6,6,1
dubrovnikinsider.hr,2023-02,280,2,280,2,2,2,0
dubrovnikinsider.hr,2023-03,317,0,317,0,0,0,0
dubrovnikinsider.hr,2023-04,308,0,308,0,0,0,0
dubrovnikinsider.hr,2023-05,373,0,373,0,0,0,0
dubrovnikinsider.hr,2023-06,338,1,338,1,1,1,0
dubrovnikinsider.hr,2023-07,338,1,338,1,1,1,0
dubrovnikinsider.hr,2023-08,305,2,305,2,2,2,0
dubrovnikinsider.hr,2023-09,301,0,301,0,0,0,0
dubrovnikinsider.hr,2023-10,412,1,412,1,1,1,0
dubrovnikinsider.hr,2023-11,371,0,371,0,0,0,0
dubrovnikinsider.hr,2023-12,341,1,341,1,1,1,1
dubrovnikinsider.hr,2024-01,242,0,242,0,0,0,0
dubrovnikinsider.hr,2024-02,335,0,335,0,0,0,0
dubrovnikinsider.hr,2024-03,373,0,373,0,0,0,0
dubrovnikinsider.hr,2024-04,461,0,461,0,0,0,0
dubrovnikinsider.hr,2024-05,516,1,516,1,1,1,0
dubrovnikinsider.hr,2024-06,499,2,499,2,2,2,0
dubrovnikinsider.hr,2024-07,503,0,503,0,0,0,0
dubrovnikinsider.hr,2024-08,106,0,106,0,0,0,0
dubrovnikinsider.hr,2024-09,19,0,19,0,0,0,0
dubrovnikinsider.hr,2024-10,106,0,106,0,0,0,0
dubrovnikinsider.hr,2024-11,171,1,171,1,1,1,0
dubrovnikinsider.hr,2024-12,321,0,321,0,0,0,0
dubrovnikinsider.hr,2025-01,339,0,339,0,0,0,0
dubrovnikinsider.hr,2025-02,302,3,302,3,3,3,0
dubrovnikinsider.hr,2025-03,97,0,97,0,0,0,0
dubrovnikinsider.hr,2025-04,62,0,62,0,0,0,0
dubrovnikinsider.hr,2025-05,118,1,118,1,1,1,0
dubrovnikinsider.hr,2025-06,108,0,108,0,0,0,0
dubrovnikinsider.hr,2025-07,140,0,140,0,0,0,0
dubrovnikinsider.hr,2025-08,170,0,170,0,0,0,0
dubrovnikinsider.hr,2025-09,229,1,229,1,1,1,0
dubrovnikinsider.hr,2025-10,207,3,207,3,3,3,2
dubrovnikinsider.hr,2025-11,107,0,107,0,0,0,0
dubrovnikinsider.hr,2025-12,215,0,215,0,0,0,0
dubrovnikinsider.hr,2026-01,40,0,40,0,0,0,0
dubrovnikinsider.hr,2026-02,163,0,163,0,0,0,0
dubrovnikinsider.hr,2026-03,301,1,301,1,1,1,0
dubrovnikinsider.hr,2026-04,170,0,170,0,0,0,0
dubrovnikinsider.hr,2026-05,120,1,120,1,1,1,0
dubrovnikinsider.hr,2026-06,203,0,203,0,0,0,0
dubrovnikinsider.hr,2026-07,190,0,190,0,0,0,0
dubrovnikinsider.hr,2026-08,243,1,243,1,1,1,0
dubrovnikinsider.hr,2026-09,135,0,135,0,0,0,0
dubrovniknet.hr,2021-09,1,0,1,0,0,0,0
dubrovniknet.hr,2022-08,1,0,1,0,0,0,0
dubrovniknet.hr,2024-01,5,0,5,0,0,0,0
dubrovniknet.hr,2024-02,106,0,106,0,0,0,0
dubrovniknet.hr,2024-03,591,1,591,1,1,1,0
dubrovniknet.hr,2024-04,585,0,585,0,0,0,0
dubrovniknet.hr,2024-05,593,0,593,0,0,0,0
dubrovniknet.hr,2024-06,544,1,544,1,1,1,0
dubrovniknet.hr,2024-07,588,0,588,0,0,0,0
dubrovniknet.hr,2024-08,562,1,562,1,1,1,0
dubrovniknet.hr,2024-09,557,1,557,1,1,1,0
dubrovniknet.hr,2024-10,608,0,608,0,0,0,0
dubrovniknet.hr,2024-11,527,0,527,0,0,0,0
dubrovniknet.hr,2024-12,620,0,620,0,0,0,0
dubrovniknet.hr,2025-01,551,1,551,1,1,1,0
dubrovniknet.hr,2025-02,512,3,512,3,3,3,0
dubrovniknet.hr,2025-03,636,2,636,2,2,2,1
dubrovniknet.hr,2025-04,612,0,612,0,0,0,0
dubrovniknet.hr,2025-05,622,3,622,3,3,3,1
dubrovniknet.hr,2025-06,562,0,562,0,0,0,0
dubrovniknet.hr,2025-07,595,2,595,2,2,2,0
dubrovniknet.hr,2025-08,529,0,529,0,0,0,0
dubrovniknet.hr,2025-09,552,2,552,2,2,2,1
dubrovniknet.hr,2025-10,656,0,656,0,0,0,0
dubrovniknet.hr,2025-11,581,0,581,0,0,0,0
dubrovniknet.hr,2025-12,655,1,655,1,1,1,0
dubrovniknet.hr,2026-01,522,3,522,3,3,3,0
dubrovniknet.hr,2026-02,583,0,583,0,0,0,0
dubrovniknet.hr,2026-03,687,1,687,1,1,1,1
dubrovniknet.hr,2026-04,616,0,616,0,0,0,0
dubrovniknet.hr,2026-05,660,0,660,0,0,0,0
dubrovniknet.hr,2026-06,651,1,651,1,1,1,0
dubrovniknet.hr,2026-07,631,1,631,1,1,1,0
dubrovniknet.hr,2026-08,624,0,624,0,0,0,0
dubrovniknet.hr,2026-09,221,1,221,1,1,1,0
dubrovnikportal.com,2021-01,151,0,151,0,0,0,0
dubrovnikportal.com,2021-02,204,0,204,0,0,0,0
dubrovnikportal.com,2021-03,197,1,197,1,1,1,0
dubrovnikportal.com,2021-04,176,1,176,1,1,1,0
dubrovnikportal.com,2021-05,211,2,211,2,2,2,1
dubrovnikportal.com,2021-06,233,0,233,0,0,0,0
dubrovnikportal.com,2021-07,261,3,261,3,3,3,0
dubrovnikportal.com,2021-08,211,0,211,0,0,0,0
dubrovnikportal.com,2021-09,225,0,225,0,0,0,0
dubrovnikportal.com,2021-10,219,0,219,0,0,0,0
dubrovnikportal.com,2021-11,215,0,215,0,0,0,0
dubrovnikportal.com,2021-12,225,0,225,0,0,0,0
dubrovnikportal.com,2022-01,157,1,157,1,1,1,0
dubrovnikportal.com,2022-02,181,0,181,0,0,0,0
dubrovnikportal.com,2022-03,192,0,192,0,0,0,0
dubrovnikportal.com,2022-04,193,0,193,0,0,0,0
dubrovnikportal.com,2022-05,240,0,240,0,0,0,0
dubrovnikportal.com,2022-06,208,1,208,1,1,1,0
dubrovnikportal.com,2022-07,250,0,250,0,0,0,0
dubrovnikportal.com,2022-08,184,1,184,1,1,1,0
dubrovnikportal.com,2022-09,233,1,233,1,0,0,1
dubrovnikportal.com,2022-10,252,1,252,1,1,1,0
dubrovnikportal.com,2022-11,228,0,228,0,0,0,0
dubrovnikportal.com,2022-12,227,0,227,0,0,0,0
dubrovnikportal.com,2023-01,148,0,148,0,0,0,0
dubrovnikportal.com,2023-02,212,0,212,0,0,0,0
dubrovnikportal.com,2023-03,273,0,273,0,0,0,0
dubrovnikportal.com,2023-04,225,1,225,1,1,1,1
dubrovnikportal.com,2023-05,268,0,268,0,0,0,0
dubrovnikportal.com,2023-06,230,1,230,1,1,1,0
dubrovnikportal.com,2023-07,257,1,257,1,1,1,0
dubrovnikportal.com,2023-08,207,0,207,0,0,0,0
dubrovnikportal.com,2023-09,258,0,258,0,0,0,0
dubrovnikportal.com,2023-10,270,0,270,0,0,0,0
dubrovnikportal.com,2023-11,268,1,268,1,1,1,0
dubrovnikportal.com,2023-12,266,0,266,0,0,0,0
dubrovnikportal.com,2024-01,184,0,184,0,0,0,0
dubrovnikportal.com,2024-02,209,0,209,0,0,0,0
dubrovnikportal.com,2024-03,261,0,261,0,0,0,0
dubrovnikportal.com,2024-04,255,1,255,1,1,1,1
dubrovnikportal.com,2024-05,234,0,234,0,0,0,0
dubrovnikportal.com,2024-06,221,0,221,0,0,0,0
dubrovnikportal.com,2024-07,254,0,254,0,0,0,0
dubrovnikportal.com,2024-08,218,0,218,0,0,0,0
dubrovnikportal.com,2024-09,218,0,218,0,0,0,0
dubrovnikportal.com,2024-10,199,0,199,0,0,0,0
dubrovnikportal.com,2024-11,18,0,18,0,0,0,0
dubrovnikportal.com,2024-12,127,0,127,0,0,0,0
dubrovnikportal.com,2025-01,144,2,144,2,2,2,0
dubrovnikportal.com,2025-02,191,0,191,0,0,0,0
dubrovnikportal.com,2025-03,155,2,155,2,2,2,0
dubrovnikportal.com,2025-04,86,0,86,0,0,0,0
dubrovnikportal.com,2025-05,121,1,121,1,1,1,0
dubrovnikportal.com,2025-06,173,0,173,0,0,0,0
dubrovnikportal.com,2025-07,185,1,185,1,1,1,0
dubrovnikportal.com,2025-08,104,0,104,0,0,0,0
dubrovnikportal.com,2025-09,115,1,115,1,1,1,0
dubrovnikportal.com,2025-10,123,0,123,0,0,0,0
dubrovnikportal.com,2025-11,152,1,152,1,1,1,0
dubrovnikportal.com,2025-12,148,0,148,0,0,0,0
dubrovnikportal.com,2026-01,111,0,111,0,0,0,0
dubrovnikportal.com,2026-02,103,0,103,0,0,0,0
dubrovnikportal.com,2026-03,164,0,164,0,0,0,0
dubrovnikportal.com,2026-04,172,0,172,0,0,0,0
dubrovnikportal.com,2026-05,217,0,217,0,0,0,0
dubrovnikportal.com,2026-06,234,1,234,1,1,1,0
dubrovnikportal.com,2026-07,223,2,223,2,2,2,0
dubrovnikportal.com,2026-08,195,0,195,0,0,0,0
dubrovnikportal.com,2026-09,79,0,79,0,0,0,0
dubrovnikpress.hr,2021-01,199,0,199,0,0,0,0
dubrovnikpress.hr,2021-02,248,0,248,0,0,0,0
dubrovnikpress.hr,2021-03,270,0,270,0,0,0,0
dubrovnikpress.hr,2021-04,273,0,273,0,0,0,0
dubrovnikpress.hr,2021-05,300,0,300,0,0,0,0
dubrovnikpress.hr,2021-06,237,0,237,0,0,0,0
dubrovnikpress.hr,2021-07,246,1,246,1,1,1,0
dubrovnikpress.hr,2021-08,219,0,219,0,0,0,0
dubrovnikpress.hr,2021-09,238,0,238,0,0,0,0
dubrovnikpress.hr,2021-10,230,1,230,1,1,1,0
dubrovnikpress.hr,2021-11,213,0,213,0,0,0,0
dubrovnikpress.hr,2021-12,209,0,209,0,0,0,0
dubrovnikpress.hr,2022-01,218,0,218,0,0,0,0
dubrovnikpress.hr,2022-02,216,2,216,2,2,2,2
dubrovnikpress.hr,2022-03,211,1,211,1,1,1,0
dubrovnikpress.hr,2022-04,232,0,232,0,0,0,0
dubrovnikpress.hr,2022-05,226,0,226,0,0,0,0
dubrovnikpress.hr,2022-06,159,0,159,0,0,0,0
dubrovnikpress.hr,2022-07,252,0,252,0,0,0,0
dubrovnikpress.hr,2022-08,191,1,191,1,1,1,0
dubrovnikpress.hr,2022-09,199,1,199,1,1,1,0
dubrovnikpress.hr,2022-10,250,0,250,0,0,0,0
dubrovnikpress.hr,2022-11,216,0,216,0,0,0,0
dubrovnikpress.hr,2022-12,244,1,244,1,1,1,0
dubrovnikpress.hr,2023-01,203,3,203,3,3,3,0
dubrovnikpress.hr,2023-02,187,0,187,0,0,0,0
dubrovnikpress.hr,2023-03,185,0,185,0,0,0,0
dubrovnikpress.hr,2023-04,183,0,183,0,0,0,0
dubrovnikpress.hr,2023-05,188,0,188,0,0,0,0
dubrovnikpress.hr,2023-06,199,1,199,1,1,1,1
dubrovnikpress.hr,2023-07,132,1,132,1,1,1,0
dubrovnikpress.hr,2023-08,90,0,90,0,0,0,0
dubrovnikpress.hr,2023-09,3,0,3,0,0,0,0
dubrovnikpress.hr,2023-10,29,0,29,0,0,0,0
dubrovnikpress.hr,2023-11,79,0,79,0,0,0,0
dubrovnikpress.hr,2023-12,164,0,164,0,0,0,0
dubrovnikpress.hr,2024-01,166,0,166,0,0,0,0
dubrovnikpress.hr,2024-02,173,0,173,0,0,0,0
dubrovnikpress.hr,2024-03,196,0,196,0,0,0,0
dubrovnikpress.hr,2024-04,15,1,15,1,1,1,0
dubrovnikpress.hr,2026-01,2,0,2,0,0,0,0
dubrovnikpress.hr,2026-02,89,0,89,0,0,0,0
dubrovnikpress.hr,2026-03,234,0,234,0,0,0,0
dubrovnikpress.hr,2026-04,203,0,203,0,0,0,0
dubrovnikpress.hr,2026-05,220,0,220,0,0,0,0
dubrovnikpress.hr,2026-06,238,0,238,0,0,0,0
dubrovnikpress.hr,2026-07,244,0,244,0,0,0,0
dubrovnikpress.hr,2026-08,207,0,207,0,0,0,0
dubrovnikpress.hr,2026-09,59,0,59,0,0,0,0
dugopolje.org,2021-02,20,0,20,0,0,0,0
dugopolje.org,2021-03,22,0,22,0,0,0,0
dugopolje.org,2021-04,19,0,19,0,0,0,0
dugopolje.org,2021-05,3,0,3,0,0,0,0
dugopolje.org,2021-06,5,0,5,0,0,0,0
dugopolje.org,2021-07,7,0,7,0,0,0,0
dugopolje.org,2021-08,3,0,3,0,0,0,0
dugopolje.org,2021-09,2,0,2,0,0,0,0
dugopolje.org,2021-10,4,0,4,0,0,0,0
dugopolje.org,2021-11,5,0,5,0,0,0,0
dugopolje.org,2021-12,1,0,1,0,0,0,0
dugopolje.org,2022-01,4,0,4,0,0,0,0
dugopolje.org,2022-02,1,1,1,1,1,1,1
dugopolje.org,2022-03,2,0,2,0,0,0,0
dugopolje.org,2022-04,5,0,5,0,0,0,0
dugopolje.org,2022-06,1,0,1,0,0,0,0
dugopolje.org,2022-08,1,0,1,0,0,0,0
dugopolje.org,2022-10,1,0,1,0,0,0,0
dugopolje.org,2023-04,1,0,1,0,0,0,0
dugopolje.org,2023-05,1,0,1,0,0,0,0
dugopolje.org,2023-06,1,0,1,0,0,0,0
dugopolje.org,2023-07,2,0,2,0,0,0,0
dugopolje.org,2023-08,3,0,3,0,0,0,0
dugopolje.org,2023-09,4,0,4,0,0,0,0
dugopolje.org,2023-10,5,0,5,0,0,0,0
dugopolje.org,2023-11,7,1,7,1,1,1,0
dugopolje.org,2023-12,1,0,1,0,0,0,0
dugopolje.org,2024-01,2,0,2,0,0,0,0
dugopolje.org,2024-02,7,0,7,0,0,0,0
dugopolje.org,2024-03,12,0,12,0,0,0,0
dugopolje.org,2024-04,11,0,11,0,0,0,0
dugopolje.org,2024-05,7,0,7,0,0,0,0
dugopolje.org,2024-06,1,0,1,0,0,0,0
dugoselo.info,2021-12,2,0,2,0,0,0,0
dugoselo.info,2022-04,1,0,1,0,0,0,0
dulist.hr,2021-01,618,0,618,0,0,0,0
dulist.hr,2021-02,661,1,661,1,1,1,0
dulist.hr,2021-03,715,3,715,3,3,3,0
dulist.hr,2021-04,644,1,644,1,1,1,0
dulist.hr,2021-05,731,0,731,0,0,0,0
dulist.hr,2021-06,668,1,668,1,1,1,0
dulist.hr,2021-07,781,4,781,4,4,4,0
dulist.hr,2021-08,728,2,728,2,2,2,0
dulist.hr,2021-09,737,0,737,0,0,0,0
dulist.hr,2021-10,761,3,761,3,3,3,0
dulist.hr,2021-11,756,1,756,1,1,1,0
dulist.hr,2021-12,745,1,745,1,1,1,0
dulist.hr,2022-01,655,2,655,2,2,2,0
dulist.hr,2022-02,669,5,669,5,5,5,1
dulist.hr,2022-03,739,2,739,2,2,2,0
dulist.hr,2022-04,657,4,657,4,4,4,0
dulist.hr,2022-05,638,1,638,1,1,1,0
dulist.hr,2022-06,588,1,588,1,1,1,0
dulist.hr,2022-07,652,7,652,7,7,7,2
dulist.hr,2022-08,646,2,646,2,2,2,0
dulist.hr,2022-09,707,1,707,1,1,1,0
dulist.hr,2022-10,723,2,723,2,2,2,0
dulist.hr,2022-11,656,3,656,3,3,3,0
dulist.hr,2022-12,723,5,723,5,5,5,1
dulist.hr,2023-01,622,12,622,12,12,12,1
dulist.hr,2023-02,564,1,564,1,1,1,0
dulist.hr,2023-03,617,2,617,2,2,2,1
dulist.hr,2023-04,564,1,564,1,1,1,0
dulist.hr,2023-05,659,0,659,0,0,0,0
dulist.hr,2023-06,599,4,599,4,4,4,0
dulist.hr,2023-07,736,1,736,1,1,1,0
dulist.hr,2023-08,657,4,657,4,4,4,0
dulist.hr,2023-09,702,3,702,3,3,3,1
dulist.hr,2023-10,778,1,778,1,1,1,1
dulist.hr,2023-11,691,1,691,1,1,1,0
dulist.hr,2023-12,692,1,692,1,1,1,1
dulist.hr,2024-01,694,2,694,2,2,2,0
dulist.hr,2024-02,674,1,674,1,1,1,0
dulist.hr,2024-03,744,3,744,3,3,3,0
dulist.hr,2024-04,618,0,618,0,0,0,0
dulist.hr,2024-05,669,1,669,1,1,1,0
dulist.hr,2024-06,596,2,596,2,2,2,0
dulist.hr,2024-07,611,1,611,1,1,1,1
dulist.hr,2024-08,557,1,557,1,1,1,0
dulist.hr,2024-09,565,3,565,3,3,3,0
dulist.hr,2024-10,627,0,627,0,0,0,0
dulist.hr,2024-11,596,2,596,2,2,2,1
dulist.hr,2024-12,667,2,667,2,2,2,1
dulist.hr,2025-01,638,4,638,4,4,4,0
dulist.hr,2025-02,566,5,566,5,5,5,1
dulist.hr,2025-03,688,0,688,0,0,0,0
dulist.hr,2025-04,685,0,685,0,0,0,0
dulist.hr,2025-05,709,1,709,1,1,1,0
dulist.hr,2025-06,676,1,676,1,1,1,0
dulist.hr,2025-07,713,0,713,0,0,0,0
dulist.hr,2025-08,711,1,711,1,1,1,0
dulist.hr,2025-09,688,7,688,7,7,7,2
dulist.hr,2025-10,832,1,832,1,1,1,0
dulist.hr,2025-11,769,0,769,0,0,0,0
dulist.hr,2025-12,769,3,769,3,3,3,1
dulist.hr,2026-01,693,4,693,4,4,4,0
dulist.hr,2026-02,679,0,679,0,0,0,0
dulist.hr,2026-03,759,2,759,2,2,2,0
dulist.hr,2026-04,717,0,717,0,0,0,0
dulist.hr,2026-05,784,0,784,0,0,0,0
dulist.hr,2026-06,751,0,751,0,0,0,0
dulist.hr,2026-07,739,1,739,1,1,1,0
dulist.hr,2026-08,799,3,799,3,3,3,1
dulist.hr,2026-09,245,0,245,0,0,0,0
ebrod.net,2021-01,239,1,239,1,1,1,0
ebrod.net,2021-02,259,1,259,1,1,1,0
ebrod.net,2021-03,260,1,260,1,1,1,0
ebrod.net,2021-04,245,1,245,1,1,1,0
ebrod.net,2021-05,232,0,232,0,0,0,0
ebrod.net,2021-06,195,1,195,1,1,1,0
ebrod.net,2021-07,176,1,176,1,1,1,0
ebrod.net,2021-08,174,1,174,1,1,1,0
ebrod.net,2021-09,196,1,196,1,1,1,0
ebrod.net,2021-10,197,1,197,1,1,1,0
ebrod.net,2021-11,222,1,222,1,1,1,0
ebrod.net,2021-12,236,0,236,0,0,0,0
ebrod.net,2022-01,201,3,201,3,3,3,0
ebrod.net,2022-02,199,5,199,5,5,5,1
ebrod.net,2022-03,307,1,307,1,1,1,0
ebrod.net,2022-04,278,2,278,2,2,2,0
ebrod.net,2022-05,279,3,279,3,3,3,0
ebrod.net,2022-06,231,1,231,1,1,1,0
ebrod.net,2022-07,182,2,182,2,2,2,0
ebrod.net,2022-08,191,1,191,1,1,1,0
ebrod.net,2022-09,197,1,197,1,1,1,0
ebrod.net,2022-10,215,2,215,2,2,2,0
ebrod.net,2022-11,199,1,199,1,1,1,0
ebrod.net,2022-12,182,3,182,3,3,3,0
ebrod.net,2023-01,187,3,187,3,3,3,0
ebrod.net,2023-02,160,0,160,0,0,0,0
ebrod.net,2023-03,215,1,215,1,1,1,0
ebrod.net,2023-04,181,1,181,1,1,1,0
ebrod.net,2023-05,184,0,184,0,0,0,0
ebrod.net,2023-06,182,1,182,1,1,1,0
ebrod.net,2023-07,165,0,165,0,0,0,0
ebrod.net,2023-08,162,0,162,0,0,0,0
ebrod.net,2023-09,169,1,169,1,1,1,0
ebrod.net,2023-10,178,0,178,0,0,0,0
ebrod.net,2023-11,180,0,180,0,0,0,0
ebrod.net,2023-12,165,0,165,0,0,0,0
ebrod.net,2024-01,144,0,144,0,0,0,0
ebrod.net,2024-02,196,1,196,1,1,1,0
ebrod.net,2024-03,196,0,196,0,0,0,0
ebrod.net,2024-04,177,0,177,0,0,0,0
ebrod.net,2024-05,240,0,240,0,0,0,0
ebrod.net,2024-06,185,2,185,2,2,2,0
ebrod.net,2024-07,197,1,197,1,1,1,0
ebrod.net,2024-08,151,0,151,0,0,0,0
ebrod.net,2024-09,120,1,120,1,1,1,0
ebrod.net,2024-10,223,1,223,1,1,1,0
ebrod.net,2024-11,58,1,58,1,1,1,0
ebrod.net,2024-12,54,1,54,1,1,1,0
ebrod.net,2025-01,118,1,118,1,1,1,0
ebrod.net,2025-02,114,0,114,0,0,0,0
ebrod.net,2025-03,82,0,82,0,0,0,0
ebrod.net,2025-04,35,0,35,0,0,0,0
ebrod.net,2025-05,92,0,92,0,0,0,0
ebrod.net,2025-06,206,0,206,0,0,0,0
ebrod.net,2025-07,252,0,252,0,0,0,0
ebrod.net,2025-08,68,0,68,0,0,0,0
ebrod.net,2025-09,188,1,188,1,1,1,0
ebrod.net,2025-10,159,0,159,0,0,0,0
ebrod.net,2025-11,124,1,124,1,1,1,0
ebrod.net,2025-12,122,1,122,1,1,1,0
ebrod.net,2026-01,132,0,132,0,0,0,0
ebrod.net,2026-02,112,0,112,0,0,0,0
ebrod.net,2026-03,126,0,126,0,0,0,0
ebrod.net,2026-04,128,0,128,0,0,0,0
ebrod.net,2026-05,160,1,160,1,1,1,0
ebrod.net,2026-06,126,0,126,0,0,0,0
ebrod.net,2026-07,95,0,95,0,0,0,0
ebrod.net,2026-08,153,0,153,0,0,0,0
ebrod.net,2026-09,58,0,58,0,0,0,0
egradnja.hr,2022-10,1,0,1,0,0,0,0
egradnja.hr,2022-11,2,0,2,0,0,0,0
egradnja.hr,2024-02,1,0,1,0,0,0,0
egradnja.hr,2024-05,1,0,1,0,0,0,0
egradnja.hr,2026-05,1,0,1,0,0,0,0
eivanec.com,2021-01,131,0,131,0,0,0,0
eivanec.com,2021-02,136,1,136,1,1,1,0
eivanec.com,2021-03,148,0,148,0,0,0,0
eivanec.com,2021-06,111,0,111,0,0,0,0
eivanec.com,2021-07,154,1,154,1,1,1,0
eivanec.com,2021-08,142,0,142,0,0,0,0
eivanec.com,2021-09,232,0,232,0,0,0,0
eivanec.com,2021-10,285,1,285,1,1,1,0
eivanec.com,2021-11,402,1,402,1,1,1,0
eivanec.com,2021-12,354,1,354,1,1,1,0
eivanec.com,2022-01,336,4,336,4,4,4,1
eivanec.com,2022-02,288,0,288,0,0,0,0
eivanec.com,2024-01,1,0,1,0,0,0,0
eivanec.com,2024-02,93,0,93,0,0,0,0
eivanec.com,2024-03,366,1,366,1,1,1,0
eivanec.com,2024-04,339,0,339,0,0,0,0
eivanec.com,2024-05,401,1,401,1,1,1,0
eivanec.com,2024-06,298,1,298,1,1,1,1
eivanec.com,2024-07,313,0,313,0,0,0,0
eivanec.com,2024-08,311,0,311,0,0,0,0
eivanec.com,2024-09,338,0,338,0,0,0,0
eivanec.com,2024-10,329,0,329,0,0,0,0
eivanec.com,2024-11,333,0,333,0,0,0,0
eivanec.com,2024-12,389,0,389,0,0,0,0
eivanec.com,2025-01,324,1,324,1,1,1,0
eivanec.com,2025-02,381,3,381,3,3,3,2
eivanec.com,2025-03,412,3,412,3,3,3,0
eivanec.com,2025-04,435,0,435,0,0,0,0
eivanec.com,2025-05,422,1,422,1,1,1,1
eivanec.com,2025-06,386,0,386,0,0,0,0
eivanec.com,2025-07,318,0,318,0,0,0,0
eivanec.com,2025-08,372,0,372,0,0,0,0
eivanec.com,2025-09,554,0,554,0,0,0,0
eivanec.com,2025-10,648,2,648,2,2,2,0
eivanec.com,2025-11,453,0,453,0,0,0,0
eivanec.com,2025-12,445,1,445,1,1,1,0
eivanec.com,2026-01,392,1,392,1,1,1,0
eivanec.com,2026-02,304,0,304,0,0,0,0
eivanec.com,2026-03,423,0,423,0,0,0,0
eivanec.com,2026-04,366,0,366,0,0,0,0
eivanec.com,2026-05,387,0,387,0,0,0,0
eivanec.com,2026-06,317,1,317,1,1,1,0
eivanec.com,2026-07,325,0,325,0,0,0,0
eivanec.com,2026-08,262,0,262,0,0,0,0
eivanec.com,2026-09,106,0,106,0,0,0,0
ekovjesnik.hr,2021-01,62,0,62,0,0,0,0
ekovjesnik.hr,2021-02,61,0,61,0,0,0,0
ekovjesnik.hr,2021-03,54,0,54,0,0,0,0
ekovjesnik.hr,2021-04,50,0,50,0,0,0,0
ekovjesnik.hr,2021-05,30,0,30,0,0,0,0
ekovjesnik.hr,2021-06,43,0,43,0,0,0,0
ekovjesnik.hr,2021-07,55,0,55,0,0,0,0
ekovjesnik.hr,2021-08,27,0,27,0,0,0,0
ekovjesnik.hr,2021-09,86,0,86,0,0,0,0
ekovjesnik.hr,2021-10,59,0,59,0,0,0,0
ekovjesnik.hr,2021-11,115,0,115,0,0,0,0
ekovjesnik.hr,2021-12,96,0,96,0,0,0,0
ekovjesnik.hr,2022-01,82,0,82,0,0,0,0
ekovjesnik.hr,2022-02,100,0,100,0,0,0,0
ekovjesnik.hr,2022-03,108,0,108,0,0,0,0
ekovjesnik.hr,2022-04,90,0,90,0,0,0,0
ekovjesnik.hr,2022-05,117,0,117,0,0,0,0
ekovjesnik.hr,2022-06,105,0,105,0,0,0,0
ekovjesnik.hr,2022-07,97,0,97,0,0,0,0
ekovjesnik.hr,2022-08,61,0,61,0,0,0,0
ekovjesnik.hr,2022-09,112,0,112,0,0,0,0
ekovjesnik.hr,2022-10,109,0,109,0,0,0,0
ekovjesnik.hr,2022-11,97,0,97,0,0,0,0
ekovjesnik.hr,2022-12,63,0,63,0,0,0,0
ekovjesnik.hr,2023-01,73,0,73,0,0,0,0
ekovjesnik.hr,2023-02,69,0,69,0,0,0,0
ekovjesnik.hr,2023-03,89,0,89,0,0,0,0
ekovjesnik.hr,2023-04,95,0,95,0,0,0,0
ekovjesnik.hr,2023-05,96,0,96,0,0,0,0
ekovjesnik.hr,2023-06,79,0,79,0,0,0,0
ekovjesnik.hr,2023-07,70,0,70,0,0,0,0
ekovjesnik.hr,2023-08,77,0,77,0,0,0,0
ekovjesnik.hr,2023-09,76,0,76,0,0,0,0
ekovjesnik.hr,2023-10,79,0,79,0,0,0,0
ekovjesnik.hr,2023-11,88,0,88,0,0,0,0
ekovjesnik.hr,2023-12,78,0,78,0,0,0,0
ekovjesnik.hr,2024-01,89,0,89,0,0,0,0
ekovjesnik.hr,2024-02,109,0,109,0,0,0,0
ekovjesnik.hr,2024-03,106,0,106,0,0,0,0
ekovjesnik.hr,2024-04,101,0,101,0,0,0,0
ekovjesnik.hr,2024-05,94,0,94,0,0,0,0
ekovjesnik.hr,2024-06,89,0,89,0,0,0,0
ekovjesnik.hr,2024-07,79,0,79,0,0,0,0
ekovjesnik.hr,2024-08,41,0,41,0,0,0,0
ekovjesnik.hr,2024-09,79,0,79,0,0,0,0
ekovjesnik.hr,2024-10,95,0,95,0,0,0,0
ekovjesnik.hr,2024-11,57,0,57,0,0,0,0
ekovjesnik.hr,2024-12,2,0,2,0,0,0,0
ekovjesnik.hr,2025-01,20,0,20,0,0,0,0
ekovjesnik.hr,2025-02,9,0,9,0,0,0,0
ekovjesnik.hr,2025-04,5,0,5,0,0,0,0
ekovjesnik.hr,2025-05,22,0,22,0,0,0,0
ekovjesnik.hr,2025-06,35,0,35,0,0,0,0
ekovjesnik.hr,2025-11,3,0,3,0,0,0,0
ekovjesnik.hr,2026-02,16,0,16,0,0,0,0
ekovjesnik.hr,2026-03,60,0,60,0,0,0,0
ekovjesnik.hr,2026-04,41,0,41,0,0,0,0
ekovjesnik.hr,2026-05,40,0,40,0,0,0,0
ekovjesnik.hr,2026-06,8,0,8,0,0,0,0
ekovjesnik.hr,2026-07,30,0,30,0,0,0,0
energetika-net.com,2021-01,203,0,203,0,0,0,0
energetika-net.com,2021-02,203,0,203,0,0,0,0
energetika-net.com,2021-03,217,0,217,0,0,0,0
energetika-net.com,2021-04,151,1,151,1,1,1,0
energetika-net.com,2021-05,203,1,203,1,1,1,0
energetika-net.com,2021-06,159,0,159,0,0,0,0
energetika-net.com,2021-07,191,0,191,0,0,0,0
energetika-net.com,2021-08,132,0,132,0,0,0,0
energetika-net.com,2021-09,197,0,197,0,0,0,0
energetika-net.com,2021-10,185,0,185,0,0,0,0
energetika-net.com,2021-11,211,0,211,0,0,0,0
energetika-net.com,2021-12,190,0,190,0,0,0,0
energetika-net.com,2022-01,202,0,202,0,0,0,0
energetika-net.com,2022-02,125,0,125,0,0,0,0
energetika-net.com,2022-03,200,0,200,0,0,0,0
energetika-net.com,2022-04,208,0,208,0,0,0,0
energetika-net.com,2022-05,206,0,206,0,0,0,0
energetika-net.com,2022-06,182,0,182,0,0,0,0
energetika-net.com,2022-07,187,0,187,0,0,0,0
energetika-net.com,2022-08,124,0,124,0,0,0,0
energetika-net.com,2022-09,227,0,227,0,0,0,0
energetika-net.com,2022-10,203,0,203,0,0,0,0
energetika-net.com,2022-11,174,0,174,0,0,0,0
energetika-net.com,2022-12,135,0,135,0,0,0,0
energetika-net.com,2023-03,1,0,1,0,0,0,0
energetika-net.com,2023-08,1,0,1,0,0,0,0
energetika-net.com,2024-02,33,0,33,0,0,0,0
energetika-net.com,2024-03,192,0,192,0,0,0,0
energetika-net.com,2024-04,182,1,182,1,1,1,0
energetika-net.com,2024-05,5,0,5,0,0,0,0
energetika-net.com,2024-06,6,0,6,0,0,0,0
energetika-net.com,2024-07,6,0,6,0,0,0,0
energetika-net.com,2024-09,8,0,8,0,0,0,0
energetika-net.com,2024-10,36,0,36,0,0,0,0
energetika-net.com,2024-11,169,0,169,0,0,0,0
energetika-net.com,2024-12,126,0,126,0,0,0,0
energetika-net.com,2025-01,189,0,189,0,0,0,0
energetika-net.com,2025-02,204,0,204,0,0,0,0
energetika-net.com,2025-03,152,0,152,0,0,0,0
energetika-net.com,2025-04,130,0,130,0,0,0,0
energetika-net.com,2025-05,123,0,123,0,0,0,0
energetika-net.com,2025-06,152,0,152,0,0,0,0
energetika-net.com,2025-07,129,0,129,0,0,0,0
energetika-net.com,2025-08,122,0,122,0,0,0,0
energetika-net.com,2025-09,159,0,159,0,0,0,0
energetika-net.com,2025-10,148,1,148,1,1,1,0
energetika-net.com,2025-11,146,0,146,0,0,0,0
energetika-net.com,2025-12,116,0,116,0,0,0,0
energetika-net.com,2026-01,164,0,164,0,0,0,0
energetika-net.com,2026-02,145,0,145,0,0,0,0
energetika-net.com,2026-03,161,0,161,0,0,0,0
energetika-net.com,2026-04,150,0,150,0,0,0,0
energetika-net.com,2026-05,111,0,111,0,0,0,0
energetika-net.com,2026-06,154,0,154,0,0,0,0
energetika-net.com,2026-07,155,2,155,2,2,2,0
energetika-net.com,2026-08,127,0,127,0,0,0,0
energetika-net.com,2026-09,84,0,84,0,0,0,0
epodravina.hr,2021-01,642,2,642,2,2,2,0
epodravina.hr,2021-02,801,0,801,0,0,0,0
epodravina.hr,2021-03,942,0,942,0,0,0,0
epodravina.hr,2021-04,904,0,904,0,0,0,0
epodravina.hr,2021-05,989,0,989,0,0,0,0
epodravina.hr,2021-06,858,0,858,0,0,0,0
epodravina.hr,2021-07,828,2,828,2,2,2,1
epodravina.hr,2021-08,726,0,726,0,0,0,0
epodravina.hr,2021-09,837,0,837,0,0,0,0
epodravina.hr,2021-10,891,0,891,0,0,0,0
epodravina.hr,2021-11,796,1,796,1,1,1,0
epodravina.hr,2021-12,755,1,755,1,1,1,0
epodravina.hr,2022-01,634,0,634,0,0,0,0
epodravina.hr,2022-02,652,1,652,1,1,1,1
epodravina.hr,2022-03,792,0,792,0,0,0,0
epodravina.hr,2022-04,716,1,716,1,1,1,0
epodravina.hr,2022-05,748,0,748,0,0,0,0
epodravina.hr,2022-06,692,0,692,0,0,0,0
epodravina.hr,2022-07,670,1,670,1,1,1,0
epodravina.hr,2022-08,548,0,548,0,0,0,0
epodravina.hr,2022-09,609,0,609,0,0,0,0
epodravina.hr,2022-10,654,0,654,0,0,0,0
epodravina.hr,2022-11,648,2,648,2,2,2,0
epodravina.hr,2022-12,700,1,700,1,1,1,0
epodravina.hr,2023-01,534,0,534,0,0,0,0
epodravina.hr,2023-02,486,0,486,0,0,0,0
epodravina.hr,2023-03,571,0,571,0,0,0,0
epodravina.hr,2023-04,499,0,499,0,0,0,0
epodravina.hr,2023-05,633,0,633,0,0,0,0
epodravina.hr,2023-06,651,0,651,0,0,0,0
epodravina.hr,2023-07,631,0,631,0,0,0,0
epodravina.hr,2023-08,679,0,679,0,0,0,0
epodravina.hr,2023-09,735,0,735,0,0,0,0
epodravina.hr,2023-10,758,0,758,0,0,0,0
epodravina.hr,2023-11,762,0,762,0,0,0,0
epodravina.hr,2023-12,715,1,715,1,1,1,0
epodravina.hr,2024-01,642,1,642,1,1,1,1
epodravina.hr,2024-02,734,0,734,0,0,0,0
epodravina.hr,2024-03,771,2,771,2,2,2,1
epodravina.hr,2024-04,697,1,697,1,1,1,0
epodravina.hr,2024-05,626,0,626,0,0,0,0
epodravina.hr,2024-06,636,1,636,1,1,1,0
epodravina.hr,2024-07,639,0,639,0,0,0,0
epodravina.hr,2024-08,541,0,541,0,0,0,0
epodravina.hr,2024-09,601,0,601,0,0,0,0
epodravina.hr,2024-10,670,0,670,0,0,0,0
epodravina.hr,2024-11,575,0,575,0,0,0,0
epodravina.hr,2024-12,637,0,637,0,0,0,0
epodravina.hr,2025-01,538,1,538,1,1,1,1
epodravina.hr,2025-02,544,0,544,0,0,0,0
epodravina.hr,2025-03,620,0,620,0,0,0,0
epodravina.hr,2025-04,576,0,576,0,0,0,0
epodravina.hr,2025-05,646,0,646,0,0,0,0
epodravina.hr,2025-06,629,0,629,0,0,0,0
epodravina.hr,2025-07,541,0,541,0,0,0,0
epodravina.hr,2025-08,513,0,513,0,0,0,0
epodravina.hr,2025-09,544,0,544,0,0,0,0
epodravina.hr,2025-10,535,1,535,1,1,1,0
epodravina.hr,2025-11,538,0,538,0,0,0,0
epodravina.hr,2025-12,560,0,560,0,0,0,0
epodravina.hr,2026-01,486,0,486,0,0,0,0
epodravina.hr,2026-02,375,0,375,0,0,0,0
epodravina.hr,2026-03,515,0,515,0,0,0,0
epodravina.hr,2026-04,472,0,472,0,0,0,0
epodravina.hr,2026-05,496,1,496,1,1,1,0
epodravina.hr,2026-06,534,0,534,0,0,0,0
epodravina.hr,2026-07,474,0,474,0,0,0,0
epodravina.hr,2026-08,411,0,411,0,0,0,0
epodravina.hr,2026-09,154,0,154,0,0,0,0
epoha.com.hr,2021-02,2,0,2,0,0,0,0
epoha.com.hr,2021-04,1,0,1,0,0,0,0
epoha.com.hr,2021-08,1,0,1,0,0,0,0
epoha.com.hr,2021-10,1,1,1,1,1,1,0
epoha.com.hr,2021-11,1,0,1,0,0,0,0
epoha.com.hr,2021-12,3,0,3,0,0,0,0
epoha.com.hr,2022-01,16,0,16,0,0,0,0
epoha.com.hr,2022-02,10,0,10,0,0,0,0
epoha.com.hr,2022-03,22,0,22,0,0,0,0
epoha.com.hr,2022-04,10,0,10,0,0,0,0
epoha.com.hr,2022-05,3,0,3,0,0,0,0
epoha.com.hr,2022-06,9,0,9,0,0,0,0
epoha.com.hr,2022-07,20,0,20,0,0,0,0
epoha.com.hr,2022-08,16,0,16,0,0,0,0
epoha.com.hr,2022-09,13,0,13,0,0,0,0
epoha.com.hr,2022-10,10,0,10,0,0,0,0
epoha.com.hr,2022-11,13,0,13,0,0,0,0
epoha.com.hr,2022-12,19,0,19,0,0,0,0
epoha.com.hr,2023-01,21,0,21,0,0,0,0
epoha.com.hr,2023-02,47,0,47,0,0,0,0
epoha.com.hr,2023-03,35,1,35,1,1,1,0
epoha.com.hr,2023-04,32,0,32,0,0,0,0
epoha.com.hr,2023-05,34,0,34,0,0,0,0
epoha.com.hr,2023-06,31,0,31,0,0,0,0
epoha.com.hr,2023-07,16,0,16,0,0,0,0
epoha.com.hr,2023-08,16,0,16,0,0,0,0
epoha.com.hr,2023-09,10,0,10,0,0,0,0
epoha.com.hr,2023-10,6,0,6,0,0,0,0
epoha.com.hr,2023-11,5,0,5,0,0,0,0
epoha.com.hr,2023-12,10,0,10,0,0,0,0
epoha.com.hr,2024-01,25,0,25,0,0,0,0
epoha.com.hr,2024-02,18,0,18,0,0,0,0
epoha.com.hr,2024-03,18,0,18,0,0,0,0
epoha.com.hr,2024-04,36,0,36,0,0,0,0
epoha.com.hr,2024-05,22,0,22,0,0,0,0
epoha.com.hr,2024-06,23,0,23,0,0,0,0
epoha.com.hr,2024-07,10,0,10,0,0,0,0
epoha.com.hr,2024-08,2,0,2,0,0,0,0
euractiv.hr,2021-04,1,0,1,0,0,0,0
euractiv.hr,2023-01,24,1,24,1,1,1,0
euractiv.hr,2023-02,304,10,304,10,10,10,2
euractiv.hr,2023-03,255,6,255,6,6,6,1
euractiv.hr,2023-04,163,8,163,8,8,8,2
euractiv.hr,2023-05,180,5,180,5,5,5,1
euractiv.hr,2023-06,209,3,209,3,3,3,0
euractiv.hr,2023-07,200,6,200,6,6,6,1
euractiv.hr,2023-08,138,1,138,1,1,1,0
euractiv.hr,2023-09,205,5,205,5,5,5,2
euractiv.hr,2023-10,304,3,304,3,3,3,0
euractiv.hr,2023-11,254,5,254,5,5,5,0
euractiv.hr,2023-12,134,6,134,6,6,6,2
euractiv.hr,2024-01,189,3,189,3,3,3,0
euractiv.hr,2024-02,207,2,207,2,2,2,0
euractiv.hr,2024-03,78,1,78,1,1,1,0
evarazdin.hr,2021-01,336,3,336,3,3,3,0
evarazdin.hr,2021-02,532,3,532,3,3,3,0
evarazdin.hr,2021-03,530,0,530,0,0,0,0
evarazdin.hr,2021-04,564,0,564,0,0,0,0
evarazdin.hr,2021-05,635,0,635,0,0,0,0
evarazdin.hr,2021-06,458,0,458,0,0,0,0
evarazdin.hr,2021-07,494,3,494,3,3,3,0
evarazdin.hr,2021-08,407,0,407,0,0,0,0
evarazdin.hr,2021-09,537,0,537,0,0,0,0
evarazdin.hr,2021-10,536,1,536,1,1,1,0
evarazdin.hr,2021-11,492,3,492,3,3,3,0
evarazdin.hr,2021-12,497,1,497,1,1,1,0
evarazdin.hr,2022-01,383,0,383,0,0,0,0
evarazdin.hr,2022-02,450,2,450,2,2,2,0
evarazdin.hr,2022-03,528,0,528,0,0,0,0
evarazdin.hr,2022-04,551,1,551,1,1,1,0
evarazdin.hr,2022-05,563,0,563,0,0,0,0
evarazdin.hr,2022-06,520,1,520,1,1,1,0
evarazdin.hr,2022-07,467,0,467,0,0,0,0
evarazdin.hr,2022-08,493,0,493,0,0,0,0
evarazdin.hr,2022-09,553,0,553,0,0,0,0
evarazdin.hr,2022-10,527,0,527,0,0,0,0
evarazdin.hr,2022-11,534,1,534,1,1,1,0
evarazdin.hr,2022-12,498,2,498,2,2,2,0
evarazdin.hr,2023-01,409,1,409,1,1,1,0
evarazdin.hr,2023-02,368,0,368,0,0,0,0
evarazdin.hr,2023-03,396,0,396,0,0,0,0
evarazdin.hr,2023-04,368,1,368,1,1,1,0
evarazdin.hr,2023-05,426,0,426,0,0,0,0
evarazdin.hr,2023-06,405,0,405,0,0,0,0
evarazdin.hr,2023-07,422,0,422,0,0,0,0
evarazdin.hr,2023-08,435,1,435,1,1,1,0
evarazdin.hr,2023-09,436,0,436,0,0,0,0
evarazdin.hr,2023-10,496,1,496,1,1,1,0
evarazdin.hr,2023-11,550,2,550,2,2,2,1
evarazdin.hr,2023-12,619,2,619,2,2,2,0
evarazdin.hr,2024-01,571,2,571,2,2,2,0
evarazdin.hr,2024-02,551,1,551,1,1,1,0
evarazdin.hr,2024-03,671,3,671,3,3,3,1
evarazdin.hr,2024-04,621,0,621,0,0,0,0
evarazdin.hr,2024-05,622,0,622,0,0,0,0
evarazdin.hr,2024-06,622,2,622,2,2,2,1
evarazdin.hr,2024-07,590,1,590,1,1,1,0
evarazdin.hr,2024-08,549,1,549,1,1,1,0
evarazdin.hr,2024-09,575,0,575,0,0,0,0
evarazdin.hr,2024-10,585,0,585,0,0,0,0
evarazdin.hr,2024-11,591,0,591,0,0,0,0
evarazdin.hr,2024-12,617,0,617,0,0,0,0
evarazdin.hr,2025-01,554,2,554,2,2,2,0
evarazdin.hr,2025-02,529,0,529,0,0,0,0
evarazdin.hr,2025-03,612,1,612,1,1,1,0
evarazdin.hr,2025-04,625,0,625,0,0,0,0
evarazdin.hr,2025-05,651,0,651,0,0,0,0
evarazdin.hr,2025-06,556,0,556,0,0,0,0
evarazdin.hr,2025-07,560,0,560,0,0,0,0
evarazdin.hr,2025-08,563,0,563,0,0,0,0
evarazdin.hr,2025-09,601,0,601,0,0,0,0
evarazdin.hr,2025-10,595,1,595,1,1,1,0
evarazdin.hr,2025-11,557,0,557,0,0,0,0
evarazdin.hr,2025-12,614,0,614,0,0,0,0
evarazdin.hr,2026-01,521,0,521,0,0,0,0
evarazdin.hr,2026-02,539,0,539,0,0,0,0
evarazdin.hr,2026-03,640,0,640,0,0,0,0
evarazdin.hr,2026-04,622,0,622,0,0,0,0
evarazdin.hr,2026-05,686,0,686,0,0,0,0
evarazdin.hr,2026-06,635,1,635,1,1,1,0
evarazdin.hr,2026-07,585,0,585,0,0,0,0
evarazdin.hr,2026-08,540,0,540,0,0,0,0
evarazdin.hr,2026-09,197,0,197,0,0,0,0
evoprice.net,2024-02,1,0,1,0,0,0,0
evoprice.net,2024-07,3,0,3,0,0,0,0
evoprice.net,2024-08,1,0,1,0,0,0,0
evoprice.net,2024-09,2,0,2,0,0,0,0
evoprice.net,2024-10,3,0,3,0,0,0,0
evoprice.net,2024-12,4,0,4,0,0,0,0
evoprice.net,2025-01,6,0,6,0,0,0,0
evoprice.net,2025-02,13,0,13,0,0,0,0
evoprice.net,2025-03,28,0,28,0,0,0,0
evoprice.net,2025-04,26,0,26,0,0,0,0
evoprice.net,2025-05,34,0,34,0,0,0,0
evoprice.net,2025-06,23,0,23,0,0,0,0
evoprice.net,2025-07,21,0,21,0,0,0,0
evoprice.net,2025-08,24,0,24,0,0,0,0
evoprice.net,2025-09,21,0,21,0,0,0,0
evoprice.net,2025-10,27,0,27,0,0,0,0
evoprice.net,2025-11,36,0,36,0,0,0,0
evoprice.net,2025-12,32,0,32,0,0,0,0
evoprice.net,2026-01,17,0,17,0,0,0,0
evoprice.net,2026-02,18,0,18,0,0,0,0
evoprice.net,2026-03,27,0,27,0,0,0,0
evoprice.net,2026-04,21,0,21,0,0,0,0
evoprice.net,2026-05,28,0,28,0,0,0,0
evoprice.net,2026-06,27,0,27,0,0,0,0
evoprice.net,2026-07,28,0,28,0,0,0,0
evoprice.net,2026-08,30,0,30,0,0,0,0
evoprice.net,2026-09,6,0,6,0,0,0,0
faktograf.hr,2021-01,64,0,64,0,0,0,0
faktograf.hr,2021-02,47,0,47,0,0,0,0
faktograf.hr,2021-03,54,0,54,0,0,0,0
faktograf.hr,2021-04,46,1,46,1,1,1,1
faktograf.hr,2021-05,40,0,40,0,0,0,0
faktograf.hr,2021-06,33,0,33,0,0,0,0
faktograf.hr,2021-07,43,1,43,1,1,1,0
faktograf.hr,2021-08,25,1,25,1,1,1,0
faktograf.hr,2021-09,23,1,23,1,1,1,0
faktograf.hr,2021-10,33,1,33,1,1,1,0
faktograf.hr,2021-11,62,0,62,0,0,0,0
faktograf.hr,2021-12,69,0,69,0,0,0,0
faktograf.hr,2022-01,65,1,65,1,1,1,0
faktograf.hr,2022-02,55,2,55,2,2,2,0
faktograf.hr,2022-03,72,0,72,0,0,0,0
faktograf.hr,2022-04,47,0,47,0,0,0,0
faktograf.hr,2022-05,75,1,75,1,1,1,0
faktograf.hr,2022-06,54,0,54,0,0,0,0
faktograf.hr,2022-07,62,0,62,0,0,0,0
faktograf.hr,2022-08,50,0,50,0,0,0,0
faktograf.hr,2022-09,55,0,55,0,0,0,0
faktograf.hr,2022-10,57,1,57,1,1,1,0
faktograf.hr,2022-11,60,0,60,0,0,0,0
faktograf.hr,2022-12,68,0,68,0,0,0,0
faktograf.hr,2023-01,59,0,59,0,0,0,0
faktograf.hr,2023-02,64,0,64,0,0,0,0
faktograf.hr,2023-03,60,0,60,0,0,0,0
faktograf.hr,2023-04,57,0,57,0,0,0,0
faktograf.hr,2023-05,71,0,71,0,0,0,0
faktograf.hr,2023-06,66,1,66,1,1,1,0
faktograf.hr,2023-07,65,0,65,0,0,0,0
faktograf.hr,2023-08,56,1,56,1,1,1,0
faktograf.hr,2023-09,60,0,60,0,0,0,0
faktograf.hr,2023-10,62,2,62,2,2,2,0
faktograf.hr,2023-11,65,0,65,0,0,0,0
faktograf.hr,2023-12,67,0,67,0,0,0,0
faktograf.hr,2024-01,69,1,69,1,1,1,0
faktograf.hr,2024-02,63,0,63,0,0,0,0
faktograf.hr,2024-03,72,2,72,2,2,2,0
faktograf.hr,2024-04,56,0,56,0,0,0,0
faktograf.hr,2024-05,62,0,62,0,0,0,0
faktograf.hr,2024-06,58,0,58,0,0,0,0
faktograf.hr,2024-07,68,1,68,1,1,1,0
faktograf.hr,2024-08,40,1,40,1,1,1,0
faktograf.hr,2024-09,39,0,39,0,0,0,0
faktograf.hr,2024-10,59,2,59,2,2,2,0
faktograf.hr,2024-11,19,0,19,0,0,0,0
faktograf.hr,2024-12,36,1,36,1,1,1,0
faktograf.hr,2025-01,43,1,43,1,1,1,0
faktograf.hr,2025-02,52,2,52,2,2,2,0
faktograf.hr,2025-03,48,0,48,0,0,0,0
faktograf.hr,2025-04,37,0,37,0,0,0,0
faktograf.hr,2025-05,48,1,48,1,1,1,0
faktograf.hr,2025-06,44,0,44,0,0,0,0
faktograf.hr,2025-07,52,3,52,3,3,3,0
faktograf.hr,2025-08,30,1,30,1,1,1,0
faktograf.hr,2025-09,49,0,49,0,0,0,0
faktograf.hr,2025-10,38,0,38,0,0,0,0
faktograf.hr,2025-11,41,1,41,1,1,1,0
faktograf.hr,2025-12,44,0,44,0,0,0,0
faktograf.hr,2026-01,54,1,54,1,1,1,0
faktograf.hr,2026-02,64,1,64,1,1,1,0
faktograf.hr,2026-03,60,0,60,0,0,0,0
faktograf.hr,2026-04,61,1,61,1,1,1,0
faktograf.hr,2026-05,56,0,56,0,0,0,0
faktograf.hr,2026-06,50,1,50,1,1,1,0
faktograf.hr,2026-07,57,0,57,0,0,0,0
faktograf.hr,2026-08,53,0,53,0,0,0,0
faktograf.hr,2026-09,19,0,19,0,0,0,0
ferata.hr,2021-01,244,0,244,0,0,0,0
ferata.hr,2021-02,304,0,304,0,0,0,0
ferata.hr,2021-03,305,1,305,1,1,1,0
ferata.hr,2021-04,393,0,393,0,0,0,0
ferata.hr,2021-05,380,0,380,0,0,0,0
ferata.hr,2021-06,335,0,335,0,0,0,0
ferata.hr,2021-07,410,0,410,0,0,0,0
ferata.hr,2021-08,389,0,389,0,0,0,0
ferata.hr,2021-09,421,0,421,0,0,0,0
ferata.hr,2021-10,401,0,401,0,0,0,0
ferata.hr,2021-11,385,0,385,0,0,0,0
ferata.hr,2021-12,446,0,446,0,0,0,0
ferata.hr,2022-01,322,0,322,0,0,0,0
ferata.hr,2022-02,291,0,291,0,0,0,0
ferata.hr,2022-03,407,0,407,0,0,0,0
ferata.hr,2022-04,244,0,244,0,0,0,0
ferata.hr,2022-05,239,0,239,0,0,0,0
ferata.hr,2022-06,201,0,201,0,0,0,0
ferata.hr,2022-07,360,0,360,0,0,0,0
ferata.hr,2022-08,416,0,416,0,0,0,0
ferata.hr,2022-09,417,0,417,0,0,0,0
ferata.hr,2022-10,394,0,394,0,0,0,0
ferata.hr,2022-11,391,0,391,0,0,0,0
ferata.hr,2022-12,422,0,422,0,0,0,0
ferata.hr,2023-01,320,1,320,1,1,1,0
ferata.hr,2023-02,337,0,337,0,0,0,0
ferata.hr,2023-03,411,0,411,0,0,0,0
ferata.hr,2023-04,344,0,344,0,0,0,0
ferata.hr,2023-05,414,0,414,0,0,0,0
ferata.hr,2023-06,397,0,397,0,0,0,0
ferata.hr,2023-07,520,0,520,0,0,0,0
ferata.hr,2023-08,459,0,459,0,0,0,0
ferata.hr,2023-09,413,0,413,0,0,0,0
ferata.hr,2023-10,427,0,427,0,0,0,0
ferata.hr,2023-11,435,0,435,0,0,0,0
ferata.hr,2023-12,475,0,475,0,0,0,0
ferata.hr,2024-01,294,0,294,0,0,0,0
ferata.hr,2024-02,306,0,306,0,0,0,0
ferata.hr,2024-03,431,0,431,0,0,0,0
ferata.hr,2024-04,376,0,376,0,0,0,0
ferata.hr,2024-05,357,0,357,0,0,0,0
ferata.hr,2024-06,461,0,461,0,0,0,0
ferata.hr,2024-07,515,0,515,0,0,0,0
ferata.hr,2024-08,307,0,307,0,0,0,0
ferata.hr,2024-09,302,0,302,0,0,0,0
ferata.hr,2024-10,322,0,322,0,0,0,0
ferata.hr,2024-11,218,0,218,0,0,0,0
ferata.hr,2024-12,141,0,141,0,0,0,0
ferata.hr,2025-01,122,0,122,0,0,0,0
ferata.hr,2025-02,189,0,189,0,0,0,0
ferata.hr,2025-03,155,0,155,0,0,0,0
ferata.hr,2025-04,71,0,71,0,0,0,0
ferata.hr,2025-05,102,0,102,0,0,0,0
ferata.hr,2025-06,132,0,132,0,0,0,0
ferata.hr,2025-07,209,0,209,0,0,0,0
ferata.hr,2025-08,38,0,38,0,0,0,0
ferata.hr,2025-09,52,0,52,0,0,0,0
ferata.hr,2025-10,14,0,14,0,0,0,0
ferata.hr,2025-11,7,0,7,0,0,0,0
ferata.hr,2025-12,40,0,40,0,0,0,0
ferata.hr,2026-01,53,0,53,0,0,0,0
ferata.hr,2026-02,118,0,118,0,0,0,0
ferata.hr,2026-03,87,0,87,0,0,0,0
ferata.hr,2026-04,130,0,130,0,0,0,0
ferata.hr,2026-05,366,0,366,0,0,0,0
ferata.hr,2026-06,401,0,401,0,0,0,0
ferata.hr,2026-07,429,0,429,0,0,0,0
ferata.hr,2026-08,385,0,385,0,0,0,0
ferata.hr,2026-09,148,0,148,0,0,0,0
fightsite.hr,2021-01,116,0,116,0,0,0,0
fightsite.hr,2021-02,329,0,329,0,0,0,0
fightsite.hr,2021-03,373,0,373,0,0,0,0
fightsite.hr,2021-04,324,0,324,0,0,0,0
fightsite.hr,2021-05,316,0,316,0,0,0,0
fightsite.hr,2021-06,330,0,330,0,0,0,0
fightsite.hr,2021-07,341,0,341,0,0,0,0
fightsite.hr,2021-08,345,0,345,0,0,0,0
fightsite.hr,2021-09,313,0,313,0,0,0,0
fightsite.hr,2021-10,366,0,366,0,0,0,0
fightsite.hr,2021-11,338,0,338,0,0,0,0
fightsite.hr,2021-12,340,0,340,0,0,0,0
fightsite.hr,2022-01,337,0,337,0,0,0,0
fightsite.hr,2022-02,312,0,312,0,0,0,0
fightsite.hr,2022-03,337,0,337,0,0,0,0
fightsite.hr,2022-04,393,0,393,0,0,0,0
fightsite.hr,2022-05,406,0,406,0,0,0,0
fightsite.hr,2022-06,405,0,405,0,0,0,0
fightsite.hr,2022-07,438,0,438,0,0,0,0
fightsite.hr,2022-08,416,0,416,0,0,0,0
fightsite.hr,2022-09,366,0,366,0,0,0,0
fightsite.hr,2022-10,381,0,381,0,0,0,0
fightsite.hr,2022-11,392,0,392,0,0,0,0
fightsite.hr,2022-12,370,0,370,0,0,0,0
fightsite.hr,2023-01,352,0,352,0,0,0,0
fightsite.hr,2023-02,354,0,354,0,0,0,0
fightsite.hr,2023-03,398,0,398,0,0,0,0
fightsite.hr,2023-04,377,0,377,0,0,0,0
fightsite.hr,2023-05,461,0,461,0,0,0,0
fightsite.hr,2023-06,468,0,468,0,0,0,0
fightsite.hr,2023-07,530,0,530,0,0,0,0
fightsite.hr,2023-08,569,0,569,0,0,0,0
fightsite.hr,2023-09,536,0,536,0,0,0,0
fightsite.hr,2023-10,551,0,551,0,0,0,0
fightsite.hr,2023-11,529,0,529,0,0,0,0
fightsite.hr,2023-12,530,0,530,0,0,0,0
fightsite.hr,2024-01,480,0,480,0,0,0,0
fightsite.hr,2024-02,464,0,464,0,0,0,0
fightsite.hr,2024-03,800,0,800,0,0,0,0
fightsite.hr,2024-04,478,0,478,0,0,0,0
fightsite.hr,2024-05,513,0,513,0,0,0,0
fightsite.hr,2024-06,522,0,522,0,0,0,0
fightsite.hr,2024-07,531,0,531,0,0,0,0
fightsite.hr,2024-08,507,0,507,0,0,0,0
fightsite.hr,2024-09,563,0,563,0,0,0,0
fightsite.hr,2024-10,539,0,539,0,0,0,0
fightsite.hr,2024-11,529,0,529,0,0,0,0
fightsite.hr,2024-12,536,0,536,0,0,0,0
fightsite.hr,2025-01,533,0,533,0,0,0,0
fightsite.hr,2025-02,523,0,523,0,0,0,0
fightsite.hr,2025-03,566,0,566,0,0,0,0
fightsite.hr,2025-04,563,0,563,0,0,0,0
fightsite.hr,2025-05,483,0,483,0,0,0,0
fightsite.hr,2025-06,438,0,438,0,0,0,0
fightsite.hr,2025-07,464,0,464,0,0,0,0
fightsite.hr,2025-08,288,0,288,0,0,0,0
fightsite.hr,2025-09,348,0,348,0,0,0,0
fightsite.hr,2025-10,207,0,207,0,0,0,0
fightsite.hr,2025-11,253,0,253,0,0,0,0
fightsite.hr,2025-12,246,0,246,0,0,0,0
fightsite.hr,2026-01,226,0,226,0,0,0,0
fightsite.hr,2026-02,157,0,157,0,0,0,0
fightsite.hr,2026-03,17,0,17,0,0,0,0
fiuman.hr,2021-01,473,0,473,0,0,0,0
fiuman.hr,2021-02,418,0,418,0,0,0,0
fiuman.hr,2021-03,421,1,421,1,1,1,0
fiuman.hr,2021-04,468,0,468,0,0,0,0
fiuman.hr,2021-05,383,0,383,0,0,0,0
fiuman.hr,2021-06,229,0,229,0,0,0,0
fiuman.hr,2021-07,272,0,272,0,0,0,0
fiuman.hr,2021-08,200,0,200,0,0,0,0
fiuman.hr,2021-09,234,0,234,0,0,0,0
fiuman.hr,2021-10,242,0,242,0,0,0,0
fiuman.hr,2021-11,322,0,322,0,0,0,0
fiuman.hr,2021-12,305,0,305,0,0,0,0
fiuman.hr,2022-01,212,0,212,0,0,0,0
fiuman.hr,2022-02,208,0,208,0,0,0,0
fiuman.hr,2022-03,328,0,328,0,0,0,0
fiuman.hr,2022-04,299,0,299,0,0,0,0
fiuman.hr,2022-05,342,0,342,0,0,0,0
fiuman.hr,2022-06,296,2,296,2,2,2,0
fiuman.hr,2022-07,261,0,261,0,0,0,0
fiuman.hr,2022-08,198,0,198,0,0,0,0
fiuman.hr,2022-09,220,0,220,0,0,0,0
fiuman.hr,2022-10,211,1,211,1,1,1,0
fiuman.hr,2022-11,342,0,342,0,0,0,0
fiuman.hr,2022-12,414,0,414,0,0,0,0
fiuman.hr,2023-01,239,1,239,1,1,1,0
fiuman.hr,2023-02,266,0,266,0,0,0,0
fiuman.hr,2023-03,282,0,282,0,0,0,0
fiuman.hr,2023-04,245,0,245,0,0,0,0
fiuman.hr,2023-05,284,1,284,1,1,1,0
fiuman.hr,2023-06,290,0,290,0,0,0,0
fiuman.hr,2023-07,286,1,286,1,1,1,0
fiuman.hr,2023-08,251,0,251,0,0,0,0
fiuman.hr,2023-09,290,0,290,0,0,0,0
fiuman.hr,2023-10,340,1,340,1,1,1,1
fiuman.hr,2023-11,345,2,345,2,2,2,0
fiuman.hr,2023-12,432,1,432,1,1,1,0
fiuman.hr,2024-01,270,2,270,2,2,2,1
fiuman.hr,2024-02,365,0,365,0,0,0,0
fiuman.hr,2024-03,371,0,371,0,0,0,0
fiuman.hr,2024-04,377,0,377,0,0,0,0
fiuman.hr,2024-05,302,0,302,0,0,0,0
fiuman.hr,2024-06,368,0,368,0,0,0,0
fiuman.hr,2024-07,355,0,355,0,0,0,0
fiuman.hr,2024-08,250,0,250,0,0,0,0
fiuman.hr,2024-09,204,0,204,0,0,0,0
fiuman.hr,2024-10,315,0,315,0,0,0,0
fiuman.hr,2024-11,326,0,326,0,0,0,0
fiuman.hr,2024-12,475,2,475,2,2,2,0
fiuman.hr,2025-01,284,0,284,0,0,0,0
fiuman.hr,2025-02,355,1,355,1,1,1,1
fiuman.hr,2025-03,414,1,414,1,1,1,0
fiuman.hr,2025-04,282,0,282,0,0,0,0
fiuman.hr,2025-05,314,0,314,0,0,0,0
fiuman.hr,2025-06,485,0,485,0,0,0,0
fiuman.hr,2025-07,573,0,573,0,0,0,0
fiuman.hr,2025-08,434,0,434,0,0,0,0
fiuman.hr,2025-09,456,0,456,0,0,0,0
fiuman.hr,2025-10,564,0,564,0,0,0,0
fiuman.hr,2025-11,483,1,483,1,1,1,0
fiuman.hr,2025-12,566,1,566,1,1,1,1
fiuman.hr,2026-01,554,0,554,0,0,0,0
fiuman.hr,2026-02,501,0,501,0,0,0,0
fiuman.hr,2026-03,570,1,570,1,1,1,0
fiuman.hr,2026-04,511,1,511,1,1,1,0
fiuman.hr,2026-05,756,2,756,2,2,2,0
fiuman.hr,2026-06,783,0,783,0,0,0,0
fiuman.hr,2026-07,685,0,685,0,0,0,0
fiuman.hr,2026-08,671,0,671,0,0,0,0
fiuman.hr,2026-09,252,0,252,0,0,0,0
forum.tm,2021-01,11,0,11,0,0,0,0
forum.tm,2021-02,7,0,7,0,0,0,0
forum.tm,2021-03,12,0,12,0,0,0,0
forum.tm,2021-05,14,0,14,0,0,0,0
forum.tm,2021-06,10,0,10,0,0,0,0
forum.tm,2021-07,12,0,12,0,0,0,0
forum.tm,2021-08,7,0,7,0,0,0,0
forum.tm,2021-09,13,0,13,0,0,0,0
forum.tm,2021-10,12,0,12,0,0,0,0
forum.tm,2021-11,14,0,14,0,0,0,0
forum.tm,2021-12,13,0,13,0,0,0,0
forum.tm,2022-01,10,1,10,1,1,1,0
forum.tm,2022-02,13,0,13,0,0,0,0
forum.tm,2022-03,10,2,10,2,2,2,0
forum.tm,2022-04,27,0,27,0,0,0,0
forum.tm,2022-05,13,0,13,0,0,0,0
forum.tm,2022-06,19,0,19,0,0,0,0
forum.tm,2022-07,9,0,9,0,0,0,0
forum.tm,2022-08,7,1,7,1,1,1,0
forum.tm,2022-09,29,0,29,0,0,0,0
forum.tm,2022-10,9,0,9,0,0,0,0
forum.tm,2022-11,8,1,8,1,1,1,1
forum.tm,2022-12,19,0,19,0,0,0,0
forum.tm,2023-01,10,0,10,0,0,0,0
forum.tm,2023-02,11,0,11,0,0,0,0
forum.tm,2023-03,15,0,15,0,0,0,0
forum.tm,2023-04,22,0,22,0,0,0,0
forum.tm,2023-05,13,0,13,0,0,0,0
forum.tm,2023-06,13,0,13,0,0,0,0
forum.tm,2023-07,4,0,4,0,0,0,0
forum.tm,2023-08,13,0,13,0,0,0,0
forum.tm,2023-09,35,0,35,0,0,0,0
forum.tm,2023-10,15,0,15,0,0,0,0
forum.tm,2023-11,17,0,17,0,0,0,0
forum.tm,2023-12,10,0,10,0,0,0,0
forum.tm,2024-01,4,0,4,0,0,0,0
forum.tm,2024-02,8,0,8,0,0,0,0
forum.tm,2024-03,9,0,9,0,0,0,0
forum.tm,2024-04,4,0,4,0,0,0,0
forum.tm,2024-05,9,0,9,0,0,0,0
forum.tm,2024-06,10,0,10,0,0,0,0
forum.tm,2024-07,14,0,14,0,0,0,0
forum.tm,2024-08,16,0,16,0,0,0,0
forum.tm,2024-09,16,0,16,0,0,0,0
forum.tm,2024-10,13,0,13,0,0,0,0
forum.tm,2024-11,25,0,25,0,0,0,0
forum.tm,2024-12,18,0,18,0,0,0,0
forum.tm,2025-01,4,1,4,1,1,1,0
forum.tm,2025-02,9,1,9,1,1,1,0
forum.tm,2025-03,13,0,13,0,0,0,0
forum.tm,2025-04,12,0,12,0,0,0,0
forum.tm,2025-05,5,0,5,0,0,0,0
forum.tm,2025-06,2,0,2,0,0,0,0
forum.tm,2025-07,6,0,6,0,0,0,0
forum.tm,2025-08,20,0,20,0,0,0,0
forum.tm,2025-09,16,0,16,0,0,0,0
forum.tm,2025-10,14,0,14,0,0,0,0
forum.tm,2025-11,18,0,18,0,0,0,0
forum.tm,2025-12,18,0,18,0,0,0,0
forum.tm,2026-01,11,0,11,0,0,0,0
forum.tm,2026-02,12,0,12,0,0,0,0
forum.tm,2026-03,3,0,3,0,0,0,0
forum.tm,2026-04,5,0,5,0,0,0,0
forum.tm,2026-05,6,0,6,0,0,0,0
forum.tm,2026-06,5,0,5,0,0,0,0
forum.tm,2026-07,12,0,12,0,0,0,0
forum.tm,2026-08,9,0,9,0,0,0,0
forum.tm,2026-09,15,0,15,0,0,0,0
frendica.online,2021-04,1,0,1,0,0,0,0
frendica.online,2021-10,1,0,1,0,0,0,0
frendica.online,2021-11,5,0,5,0,0,0,0
frendica.online,2021-12,5,0,5,0,0,0,0
frendica.online,2022-01,1,0,1,0,0,0,0
frendica.online,2022-02,2,0,2,0,0,0,0
frendica.online,2022-03,1,0,1,0,0,0,0
frendica.online,2022-12,1,0,1,0,0,0,0
gacka053.com,2024-01,1,0,1,0,0,0,0
gacka053.com,2025-04,9,0,9,0,0,0,0
gacka053.com,2025-05,28,0,28,0,0,0,0
gacka053.com,2025-06,2,0,2,0,0,0,0
gacka053.com,2025-09,2,0,2,0,0,0,0
gacka053.com,2025-10,1,0,1,0,0,0,0
gacka053.com,2025-11,4,0,4,0,0,0,0
gacka053.com,2025-12,1,0,1,0,0,0,0
gacka053.com,2026-03,1,0,1,0,0,0,0
gacka053.com,2026-04,1,0,1,0,0,0,0
gacka053.com,2026-05,1,0,1,0,0,0,0
gacka053.com,2026-06,1,0,1,0,0,0,0
gacka053.com,2026-07,2,0,2,0,0,0,0
gacka053.com,2026-08,10,0,10,0,0,0,0
gacka053.com,2026-09,17,0,17,0,0,0,0
gameperspectives.hr,2021-01,47,0,47,0,0,0,0
gameperspectives.hr,2021-02,68,0,68,0,0,0,0
gameperspectives.hr,2021-03,70,0,70,0,0,0,0
gameperspectives.hr,2021-04,49,0,49,0,0,0,0
gameperspectives.hr,2021-05,40,0,40,0,0,0,0
gameperspectives.hr,2021-06,45,0,45,0,0,0,0
gameperspectives.hr,2021-07,40,0,40,0,0,0,0
gameperspectives.hr,2021-08,34,0,34,0,0,0,0
gameperspectives.hr,2021-09,35,0,35,0,0,0,0
gameperspectives.hr,2021-10,39,0,39,0,0,0,0
gameperspectives.hr,2021-11,31,0,31,0,0,0,0
gameperspectives.hr,2021-12,39,0,39,0,0,0,0
gameperspectives.hr,2022-01,32,0,32,0,0,0,0
gameperspectives.hr,2022-02,31,0,31,0,0,0,0
gameperspectives.hr,2022-03,35,0,35,0,0,0,0
gameperspectives.hr,2022-04,30,0,30,0,0,0,0
gameperspectives.hr,2022-05,36,0,36,0,0,0,0
gameperspectives.hr,2022-06,36,0,36,0,0,0,0
gameperspectives.hr,2022-07,28,0,28,0,0,0,0
gameperspectives.hr,2022-08,38,0,38,0,0,0,0
gameperspectives.hr,2022-09,37,0,37,0,0,0,0
gameperspectives.hr,2022-10,28,0,28,0,0,0,0
gameperspectives.hr,2022-11,29,0,29,0,0,0,0
gameperspectives.hr,2022-12,29,0,29,0,0,0,0
gameperspectives.hr,2023-01,25,0,25,0,0,0,0
gameperspectives.hr,2023-02,30,0,30,0,0,0,0
gameperspectives.hr,2023-03,31,0,31,0,0,0,0
gameperspectives.hr,2023-04,30,0,30,0,0,0,0
gameperspectives.hr,2023-05,27,0,27,0,0,0,0
gameperspectives.hr,2023-06,16,0,16,0,0,0,0
gameperspectives.hr,2023-07,22,0,22,0,0,0,0
gameperspectives.hr,2023-08,14,0,14,0,0,0,0
gameperspectives.hr,2023-09,33,0,33,0,0,0,0
gameperspectives.hr,2023-10,43,0,43,0,0,0,0
gameperspectives.hr,2023-11,35,0,35,0,0,0,0
gameperspectives.hr,2023-12,32,0,32,0,0,0,0
gameperspectives.hr,2024-01,36,0,36,0,0,0,0
gameperspectives.hr,2024-02,27,0,27,0,0,0,0
gameperspectives.hr,2024-03,28,0,28,0,0,0,0
gameperspectives.hr,2024-04,32,0,32,0,0,0,0
gameperspectives.hr,2024-05,41,0,41,0,0,0,0
gameperspectives.hr,2024-06,16,0,16,0,0,0,0
gameperspectives.hr,2024-07,29,0,29,0,0,0,0
gameperspectives.hr,2024-08,23,0,23,0,0,0,0
gameperspectives.hr,2024-09,16,0,16,0,0,0,0
gameperspectives.hr,2024-10,23,0,23,0,0,0,0
gameperspectives.hr,2024-11,35,0,35,0,0,0,0
gameperspectives.hr,2024-12,24,0,24,0,0,0,0
gameperspectives.hr,2025-01,63,0,63,0,0,0,0
gameperspectives.hr,2025-02,48,0,48,0,0,0,0
gameperspectives.hr,2025-03,33,0,33,0,0,0,0
gameperspectives.hr,2025-04,43,0,43,0,0,0,0
gameperspectives.hr,2025-05,14,0,14,0,0,0,0
gameperspectives.hr,2025-06,20,0,20,0,0,0,0
gameperspectives.hr,2025-07,42,0,42,0,0,0,0
gameperspectives.hr,2025-08,25,0,25,0,0,0,0
gameperspectives.hr,2025-09,12,0,12,0,0,0,0
gameperspectives.hr,2025-10,40,0,40,0,0,0,0
gameperspectives.hr,2025-11,34,0,34,0,0,0,0
gameperspectives.hr,2025-12,22,0,22,0,0,0,0
gameperspectives.hr,2026-01,47,0,47,0,0,0,0
gameperspectives.hr,2026-02,34,0,34,0,0,0,0
gameperspectives.hr,2026-03,9,0,9,0,0,0,0
generacija.hr,2021-01,55,0,55,0,0,0,0
generacija.hr,2021-02,33,0,33,0,0,0,0
generacija.hr,2021-08,367,0,367,0,0,0,0
generacija.hr,2022-07,1,0,1,0,0,0,0
generacija.hr,2023-07,1,0,1,0,0,0,0
generacija.hr,2024-05,1,0,1,0,0,0,0
generacija.hr,2024-06,1,0,1,0,0,0,0
generacija.hr,2026-04,54,0,54,0,0,0,0
generacija.hr,2026-05,58,0,58,0,0,0,0
generacija.hr,2026-06,49,0,49,0,0,0,0
generacija.hr,2026-07,46,0,46,0,0,0,0
generacija.hr,2026-08,57,0,57,0,0,0,0
generacija.hr,2026-09,19,0,19,0,0,0,0
geopolitika.news,2021-01,333,0,333,0,0,0,0
geopolitika.news,2021-02,329,0,329,0,0,0,0
geopolitika.news,2021-03,357,0,357,0,0,0,0
geopolitika.news,2021-04,353,0,353,0,0,0,0
geopolitika.news,2021-05,403,0,403,0,0,0,0
geopolitika.news,2021-06,330,0,330,0,0,0,0
geopolitika.news,2021-07,341,0,341,0,0,0,0
geopolitika.news,2021-08,391,0,391,0,0,0,0
geopolitika.news,2021-09,348,0,348,0,0,0,0
geopolitika.news,2021-10,292,0,292,0,0,0,0
geopolitika.news,2021-11,301,0,301,0,0,0,0
geopolitika.news,2021-12,259,0,259,0,0,0,0
geopolitika.news,2022-01,290,0,290,0,0,0,0
geopolitika.news,2022-02,296,0,296,0,0,0,0
geopolitika.news,2022-03,609,0,609,0,0,0,0
geopolitika.news,2022-04,577,0,577,0,0,0,0
geopolitika.news,2022-05,523,0,523,0,0,0,0
geopolitika.news,2022-06,435,0,435,0,0,0,0
geopolitika.news,2022-07,470,0,470,0,0,0,0
geopolitika.news,2022-08,498,0,498,0,0,0,0
geopolitika.news,2022-09,536,0,536,0,0,0,0
geopolitika.news,2022-10,468,0,468,0,0,0,0
geopolitika.news,2022-11,476,1,476,1,1,1,0
geopolitika.news,2022-12,508,1,508,1,1,1,1
geopolitika.news,2023-01,503,0,503,0,0,0,0
geopolitika.news,2023-02,476,0,476,0,0,0,0
geopolitika.news,2023-03,533,0,533,0,0,0,0
geopolitika.news,2023-04,411,0,411,0,0,0,0
geopolitika.news,2023-05,472,0,472,0,0,0,0
geopolitika.news,2023-06,460,1,460,1,1,1,0
geopolitika.news,2023-07,243,0,243,0,0,0,0
geopolitika.news,2024-09,1,0,1,0,0,0,0
geopolitika.news,2024-10,5,0,5,0,0,0,0
geopolitika.news,2024-11,246,0,246,0,0,0,0
geopolitika.news,2024-12,354,0,354,0,0,0,0
geopolitika.news,2025-01,279,0,279,0,0,0,0
geopolitika.news,2025-02,254,0,254,0,0,0,0
geopolitika.news,2025-03,291,0,291,0,0,0,0
geopolitika.news,2025-04,272,0,272,0,0,0,0
geopolitika.news,2025-05,253,0,253,0,0,0,0
geopolitika.news,2025-06,207,0,207,0,0,0,0
geopolitika.news,2025-07,259,0,259,0,0,0,0
geopolitika.news,2025-08,261,0,261,0,0,0,0
geopolitika.news,2025-09,254,0,254,0,0,0,0
geopolitika.news,2025-10,279,0,279,0,0,0,0
geopolitika.news,2025-11,246,1,246,1,1,1,0
geopolitika.news,2025-12,256,0,256,0,0,0,0
geopolitika.news,2026-01,270,0,270,0,0,0,0
geopolitika.news,2026-02,218,0,218,0,0,0,0
geopolitika.news,2026-03,321,0,321,0,0,0,0
geopolitika.news,2026-04,251,1,251,1,1,1,0
geopolitika.news,2026-05,221,0,221,0,0,0,0
geopolitika.news,2026-06,233,0,233,0,0,0,0
geopolitika.news,2026-07,268,0,268,0,0,0,0
geopolitika.news,2026-08,247,0,247,0,0,0,0
geopolitika.news,2026-09,93,0,93,0,0,0,0
germanijak.hr,2021-01,302,0,302,0,0,0,0
germanijak.hr,2021-02,534,0,534,0,0,0,0
germanijak.hr,2021-03,673,0,673,0,0,0,0
germanijak.hr,2021-04,670,0,670,0,0,0,0
germanijak.hr,2021-05,96,0,96,0,0,0,0
germanijak.hr,2021-06,41,0,41,0,0,0,0
germanijak.hr,2021-07,58,0,58,0,0,0,0
germanijak.hr,2021-08,27,0,27,0,0,0,0
germanijak.hr,2021-09,14,0,14,0,0,0,0
germanijak.hr,2021-10,15,0,15,0,0,0,0
germanijak.hr,2021-11,10,0,10,0,0,0,0
germanijak.hr,2021-12,26,0,26,0,0,0,0
germanijak.hr,2022-01,21,0,21,0,0,0,0
germanijak.hr,2022-02,18,0,18,0,0,0,0
germanijak.hr,2022-03,8,0,8,0,0,0,0
germanijak.hr,2022-04,8,0,8,0,0,0,0
germanijak.hr,2022-05,13,0,13,0,0,0,0
germanijak.hr,2022-06,28,0,28,0,0,0,0
germanijak.hr,2022-07,22,0,22,0,0,0,0
germanijak.hr,2022-08,11,0,11,0,0,0,0
germanijak.hr,2022-09,9,0,9,0,0,0,0
germanijak.hr,2022-10,12,0,12,0,0,0,0
germanijak.hr,2022-11,9,0,9,0,0,0,0
germanijak.hr,2022-12,24,0,24,0,0,0,0
germanijak.hr,2023-01,31,0,31,0,0,0,0
germanijak.hr,2023-02,15,0,15,0,0,0,0
germanijak.hr,2023-03,7,0,7,0,0,0,0
germanijak.hr,2023-04,7,0,7,0,0,0,0
germanijak.hr,2023-05,8,0,8,0,0,0,0
germanijak.hr,2023-06,19,0,19,0,0,0,0
germanijak.hr,2023-07,9,0,9,0,0,0,0
germanijak.hr,2023-08,14,0,14,0,0,0,0
germanijak.hr,2023-09,9,0,9,0,0,0,0
germanijak.hr,2023-10,3,0,3,0,0,0,0
germanijak.hr,2023-11,11,0,11,0,0,0,0
germanijak.hr,2023-12,21,0,21,0,0,0,0
germanijak.hr,2024-01,41,0,41,0,0,0,0
germanijak.hr,2024-02,35,0,35,0,0,0,0
germanijak.hr,2024-03,153,0,153,0,0,0,0
germanijak.hr,2024-04,1382,0,1382,0,0,0,0
germanijak.hr,2024-05,1342,0,1342,0,0,0,0
germanijak.hr,2024-06,1438,0,1438,0,0,0,0
germanijak.hr,2024-07,1481,0,1481,0,0,0,0
germanijak.hr,2024-08,1409,0,1409,0,0,0,0
germanijak.hr,2024-09,1282,0,1282,0,0,0,0
germanijak.hr,2024-10,1390,0,1390,0,0,0,0
germanijak.hr,2024-11,1256,0,1256,0,0,0,0
germanijak.hr,2024-12,1264,1,1264,1,1,1,0
germanijak.hr,2025-01,1511,0,1511,0,0,0,0
germanijak.hr,2025-02,1270,0,1270,0,0,0,0
germanijak.hr,2025-03,1429,0,1429,0,0,0,0
germanijak.hr,2025-04,1299,0,1299,0,0,0,0
germanijak.hr,2025-05,1387,0,1387,0,0,0,0
germanijak.hr,2025-06,1227,0,1227,0,0,0,0
germanijak.hr,2025-07,1454,0,1454,0,0,0,0
germanijak.hr,2025-08,1325,0,1325,0,0,0,0
germanijak.hr,2025-09,1360,0,1360,0,0,0,0
germanijak.hr,2025-10,1425,0,1425,0,0,0,0
germanijak.hr,2025-11,1373,0,1373,0,0,0,0
germanijak.hr,2025-12,1309,0,1309,0,0,0,0
germanijak.hr,2026-01,1587,0,1587,0,0,0,0
germanijak.hr,2026-02,1416,0,1416,0,0,0,0
germanijak.hr,2026-03,1441,0,1441,0,0,0,0
germanijak.hr,2026-04,1332,0,1332,0,0,0,0
germanijak.hr,2026-05,1397,0,1397,0,0,0,0
germanijak.hr,2026-06,1446,0,1446,0,0,0,0
germanijak.hr,2026-07,1384,0,1384,0,0,0,0
germanijak.hr,2026-08,1406,0,1406,0,0,0,0
germanijak.hr,2026-09,459,0,459,0,0,0,0
glamur.tv,2025-07,1,0,1,0,0,0,0
glamur.tv,2025-12,1,0,1,0,0,0,0
glamur.tv,2026-02,744,0,744,0,0,0,0
glamur.tv,2026-03,898,1,898,1,1,1,0
glamur.tv,2026-04,739,1,739,1,1,1,0
glamur.tv,2026-05,934,0,934,0,0,0,0
glamur.tv,2026-06,970,1,970,1,1,1,0
glamur.tv,2026-07,971,2,971,2,2,2,0
glamur.tv,2026-08,1,0,1,0,0,0,0
glamur.tv,2026-09,1,0,1,0,0,0,0
glas-slavonije.hr,2021-01,1974,10,1974,10,10,10,1
glas-slavonije.hr,2021-02,2218,5,2218,5,5,5,0
glas-slavonije.hr,2021-03,2518,9,2518,9,9,9,0
glas-slavonije.hr,2021-04,2382,4,2382,4,4,4,1
glas-slavonije.hr,2021-05,2426,5,2426,5,5,5,0
glas-slavonije.hr,2021-06,2199,5,2199,5,5,5,0
glas-slavonije.hr,2021-07,2472,9,2472,9,9,9,1
glas-slavonije.hr,2021-08,2349,9,2349,9,9,9,0
glas-slavonije.hr,2021-09,2291,23,2291,23,23,23,1
glas-slavonije.hr,2021-10,2204,16,2204,16,16,16,1
glas-slavonije.hr,2021-11,2203,16,2203,16,16,16,0
glas-slavonije.hr,2021-12,2348,9,2348,9,9,9,0
glas-slavonije.hr,2022-01,2184,19,2184,19,19,19,4
glas-slavonije.hr,2022-02,2283,20,2283,20,20,20,2
glas-slavonije.hr,2022-03,2602,21,2602,21,21,21,0
glas-slavonije.hr,2022-04,2298,12,2298,12,12,12,0
glas-slavonije.hr,2022-05,2423,12,2423,12,12,12,0
glas-slavonije.hr,2022-06,2155,15,2155,15,15,15,1
glas-slavonije.hr,2022-07,2283,24,2283,24,24,24,3
glas-slavonije.hr,2022-08,2166,20,2166,20,20,20,0
glas-slavonije.hr,2022-09,2291,7,2291,7,6,6,1
glas-slavonije.hr,2022-10,2215,16,2215,16,16,16,0
glas-slavonije.hr,2022-11,2257,13,2257,13,13,13,0
glas-slavonije.hr,2022-12,2385,18,2385,18,18,18,0
glas-slavonije.hr,2023-01,2231,22,2231,22,22,22,0
glas-slavonije.hr,2023-02,2081,13,2081,13,13,13,3
glas-slavonije.hr,2023-03,2383,12,2383,12,12,12,0
glas-slavonije.hr,2023-04,2043,13,2043,13,13,13,1
glas-slavonije.hr,2023-05,2146,7,2146,7,7,7,0
glas-slavonije.hr,2023-06,2102,13,2102,13,13,13,0
glas-slavonije.hr,2023-07,2086,7,2086,7,7,7,0
glas-slavonije.hr,2023-08,2013,10,2013,10,10,10,1
glas-slavonije.hr,2023-09,2144,12,2144,12,12,12,1
glas-slavonije.hr,2023-10,2187,10,2187,10,10,10,0
glas-slavonije.hr,2023-11,2051,6,2051,6,6,6,0
glas-slavonije.hr,2023-12,2051,12,2051,12,12,12,1
glas-slavonije.hr,2024-01,1963,14,1963,14,14,14,0
glas-slavonije.hr,2024-02,2071,12,2071,12,12,12,1
glas-slavonije.hr,2024-03,2281,14,2281,14,14,14,1
glas-slavonije.hr,2024-04,2157,10,2157,10,10,10,0
glas-slavonije.hr,2024-05,2236,6,2236,6,6,6,0
glas-slavonije.hr,2024-06,2098,16,2098,16,16,16,0
glas-slavonije.hr,2024-07,2111,16,2111,16,16,16,2
glas-slavonije.hr,2024-08,2024,11,2024,11,11,11,0
glas-slavonije.hr,2024-09,2346,12,2346,12,12,12,1
glas-slavonije.hr,2024-10,2602,12,2602,12,12,12,1
glas-slavonije.hr,2024-11,2603,11,2603,11,11,11,0
glas-slavonije.hr,2024-12,2672,19,2672,19,19,19,1
glas-slavonije.hr,2025-01,2918,40,2918,40,40,40,2
glas-slavonije.hr,2025-02,2499,21,2499,21,21,21,5
glas-slavonije.hr,2025-03,2604,27,2604,27,27,27,2
glas-slavonije.hr,2025-04,2644,19,2644,19,19,19,1
glas-slavonije.hr,2025-05,2741,15,2741,15,15,15,0
glas-slavonije.hr,2025-06,2375,16,2375,16,16,16,1
glas-slavonije.hr,2025-07,2611,19,2611,19,19,19,3
glas-slavonije.hr,2025-08,1929,11,1929,11,11,11,2
glas-slavonije.hr,2025-09,2439,16,2439,16,16,16,1
glas-slavonije.hr,2025-10,2485,19,2485,19,19,19,0
glas-slavonije.hr,2025-11,2416,7,2416,7,7,7,1
glas-slavonije.hr,2025-12,2339,18,2339,18,18,18,1
glas-slavonije.hr,2026-01,2512,37,2512,37,37,37,1
glas-slavonije.hr,2026-02,2453,15,2453,15,15,15,2
glas-slavonije.hr,2026-03,2703,22,2703,22,22,22,1
glas-slavonije.hr,2026-04,2562,6,2562,6,6,6,0
glas-slavonije.hr,2026-05,2228,23,2228,23,23,23,6
glas-slavonije.hr,2026-06,2350,26,2350,26,26,26,5
glas-slavonije.hr,2026-07,2437,23,2437,23,23,23,3
glas-slavonije.hr,2026-08,2086,7,2086,7,7,7,0
glas-slavonije.hr,2026-09,717,5,717,5,5,5,0
glasgacke.hr,2021-01,1,0,1,0,0,0,0
glasgacke.hr,2021-02,2,0,2,0,0,0,0
glasgacke.hr,2021-03,162,1,162,1,1,1,0
glasgacke.hr,2021-04,221,0,221,0,0,0,0
glasgacke.hr,2021-05,234,0,234,0,0,0,0
glasgacke.hr,2021-06,233,1,233,1,1,1,0
glasgacke.hr,2021-07,240,0,240,0,0,0,0
glasgacke.hr,2021-08,232,0,232,0,0,0,0
glasgacke.hr,2021-09,224,0,224,0,0,0,0
glasgacke.hr,2021-10,262,1,262,1,1,1,0
glasgacke.hr,2021-11,241,0,241,0,0,0,0
glasgacke.hr,2021-12,269,0,269,0,0,0,0
glasgacke.hr,2022-01,209,0,209,0,0,0,0
glasgacke.hr,2022-02,208,0,208,0,0,0,0
glasgacke.hr,2022-03,263,0,263,0,0,0,0
glasgacke.hr,2022-04,235,0,235,0,0,0,0
glasgacke.hr,2022-05,262,0,262,0,0,0,0
glasgacke.hr,2022-06,239,0,239,0,0,0,0
glasgacke.hr,2022-07,242,0,242,0,0,0,0
glasgacke.hr,2022-08,233,0,233,0,0,0,0
glasgacke.hr,2022-09,250,2,250,2,2,2,0
glasgacke.hr,2022-10,273,0,273,0,0,0,0
glasgacke.hr,2022-11,247,0,247,0,0,0,0
glasgacke.hr,2022-12,248,1,248,1,1,1,0
glasgacke.hr,2023-01,204,0,204,0,0,0,0
glasgacke.hr,2023-02,224,0,224,0,0,0,0
glasgacke.hr,2023-03,222,0,222,0,0,0,0
glasgacke.hr,2023-04,240,2,240,2,2,2,1
glasgacke.hr,2023-05,283,1,283,1,1,1,1
glasgacke.hr,2023-06,258,0,258,0,0,0,0
glasgacke.hr,2023-07,255,0,255,0,0,0,0
glasgacke.hr,2023-08,221,0,221,0,0,0,0
glasgacke.hr,2023-09,227,0,227,0,0,0,0
glasgacke.hr,2023-10,264,0,264,0,0,0,0
glasgacke.hr,2023-11,260,0,260,0,0,0,0
glasgacke.hr,2023-12,270,0,270,0,0,0,0
glasgacke.hr,2024-01,228,1,228,1,1,1,0
glasgacke.hr,2024-02,224,0,224,0,0,0,0
glasgacke.hr,2024-03,255,0,255,0,0,0,0
glasgacke.hr,2024-04,237,0,237,0,0,0,0
glasgacke.hr,2024-05,274,0,274,0,0,0,0
glasgacke.hr,2024-06,243,0,243,0,0,0,0
glasgacke.hr,2024-07,230,1,230,1,1,1,0
glasgacke.hr,2024-08,63,0,63,0,0,0,0
glasgacke.hr,2024-10,21,0,21,0,0,0,0
glasgacke.hr,2024-11,212,0,212,0,0,0,0
glasgacke.hr,2024-12,219,0,219,0,0,0,0
glasgacke.hr,2025-01,195,0,195,0,0,0,0
glasgacke.hr,2025-02,200,1,200,1,1,1,0
glasgacke.hr,2025-03,242,0,242,0,0,0,0
glasgacke.hr,2025-04,242,0,242,0,0,0,0
glasgacke.hr,2025-05,254,0,254,0,0,0,0
glasgacke.hr,2025-06,246,0,246,0,0,0,0
glasgacke.hr,2025-07,216,1,216,1,1,1,0
glasgacke.hr,2025-08,192,0,192,0,0,0,0
glasgacke.hr,2025-09,196,0,196,0,0,0,0
glasgacke.hr,2025-10,258,0,258,0,0,0,0
glasgacke.hr,2025-11,226,0,226,0,0,0,0
glasgacke.hr,2025-12,155,0,155,0,0,0,0
glasgacke.hr,2026-01,223,0,223,0,0,0,0
glasgacke.hr,2026-02,41,0,41,0,0,0,0
glasgacke.hr,2026-03,73,0,73,0,0,0,0
glasgacke.hr,2026-04,244,1,244,1,1,1,1
glasgacke.hr,2026-05,113,1,113,1,1,1,0
glasgacke.hr,2026-06,211,0,211,0,0,0,0
glasgacke.hr,2026-07,160,0,160,0,0,0,0
glasgrada.hr,2022-01,231,0,231,0,0,0,0
glasgrada.hr,2022-02,419,1,419,1,1,1,0
glasgrada.hr,2022-03,539,1,539,1,1,1,0
glasgrada.hr,2022-04,91,0,91,0,0,0,0
glasgrada.hr,2022-05,65,0,65,0,0,0,0
glasgrada.hr,2022-06,376,1,376,1,1,1,0
glasgrada.hr,2022-07,390,0,390,0,0,0,0
glasgrada.hr,2022-08,297,0,297,0,0,0,0
glasgrada.hr,2022-09,346,0,346,0,0,0,0
glasgrada.hr,2022-10,374,0,374,0,0,0,0
glasgrada.hr,2022-11,349,0,349,0,0,0,0
glasgrada.hr,2022-12,366,1,366,1,1,1,0
glasgrada.hr,2023-01,341,3,341,3,3,3,0
glasgrada.hr,2023-02,324,0,324,0,0,0,0
glasgrada.hr,2023-03,271,0,271,0,0,0,0
glasgrada.hr,2023-04,142,0,142,0,0,0,0
glasgrada.hr,2023-05,116,0,116,0,0,0,0
glasgrada.hr,2023-06,39,0,39,0,0,0,0
glasgrada.hr,2023-07,245,0,245,0,0,0,0
glasgrada.hr,2023-08,259,0,259,0,0,0,0
glasgrada.hr,2023-09,245,1,245,1,1,1,0
glasgrada.hr,2023-10,258,0,258,0,0,0,0
glasgrada.hr,2023-11,262,0,262,0,0,0,0
glasgrada.hr,2023-12,224,0,224,0,0,0,0
glasgrada.hr,2024-01,164,0,164,0,0,0,0
glasgrada.hr,2024-02,188,0,188,0,0,0,0
glasgrada.hr,2024-03,307,0,307,0,0,0,0
glasgrada.hr,2024-04,253,0,253,0,0,0,0
glasgrada.hr,2024-05,287,0,287,0,0,0,0
glasgrada.hr,2024-06,256,1,256,1,1,1,0
glasgrada.hr,2024-07,258,0,258,0,0,0,0
glasgrada.hr,2024-08,49,0,49,0,0,0,0
glasgrada.hr,2024-10,8,0,8,0,0,0,0
glasgrada.hr,2024-12,5,0,5,0,0,0,0
glasgrada.hr,2025-01,29,1,29,1,1,1,0
glasgrada.hr,2025-02,23,0,23,0,0,0,0
glasgrada.hr,2025-03,1,0,1,0,0,0,0
glasgrada.hr,2025-04,12,0,12,0,0,0,0
glasgrada.hr,2025-05,40,1,40,1,1,1,0
glasgrada.hr,2025-06,43,0,43,0,0,0,0
glasgrada.hr,2025-07,65,0,65,0,0,0,0
glasgrada.hr,2025-08,14,0,14,0,0,0,0
glasgrada.hr,2025-09,9,0,9,0,0,0,0
glasgrada.hr,2025-11,2,0,2,0,0,0,0
glasgrada.hr,2025-12,64,0,64,0,0,0,0
glasgrada.hr,2026-01,34,0,34,0,0,0,0
glasgrada.hr,2026-02,59,0,59,0,0,0,0
glasgrada.hr,2026-03,91,0,91,0,0,0,0
glasgrada.hr,2026-04,71,0,71,0,0,0,0
glasgrada.hr,2026-05,38,0,38,0,0,0,0
glasgrada.hr,2026-06,76,0,76,0,0,0,0
glasgrada.hr,2026-07,39,1,39,1,1,1,1
glasgrada.hr,2026-08,36,0,36,0,0,0,0
glasgrada.hr,2026-09,17,0,17,0,0,0,0
glasistre.hr,2021-01,5560,18,5560,18,18,18,7
glasistre.hr,2021-02,6071,12,6071,12,12,12,5
glasistre.hr,2021-03,7009,29,7009,29,29,29,7
glasistre.hr,2021-04,6636,35,6636,35,35,35,9
glasistre.hr,2021-05,6660,13,6660,13,10,10,6
glasistre.hr,2021-06,5504,13,5504,13,13,13,4
glasistre.hr,2021-07,5850,24,5850,24,24,24,8
glasistre.hr,2021-08,5116,18,5116,18,18,18,5
glasistre.hr,2021-09,6052,36,6052,36,35,35,7
glasistre.hr,2021-10,5878,38,5878,38,38,38,10
glasistre.hr,2021-11,5968,26,5968,26,26,26,8
glasistre.hr,2021-12,5932,18,5932,18,16,16,5
glasistre.hr,2022-01,5765,51,5765,51,51,51,17
glasistre.hr,2022-02,6175,55,6175,55,55,55,16
glasistre.hr,2022-03,7023,52,7023,52,52,52,8
glasistre.hr,2022-04,5796,24,5796,24,24,24,4
glasistre.hr,2022-05,5755,34,5755,34,34,34,12
glasistre.hr,2022-06,5144,25,5144,25,25,25,1
glasistre.hr,2022-07,5469,33,5469,33,30,30,9
glasistre.hr,2022-08,4780,20,4780,20,20,20,3
glasistre.hr,2022-09,5585,16,5585,16,15,15,4
glasistre.hr,2022-10,5726,28,5726,28,28,28,4
glasistre.hr,2022-11,5473,19,5473,19,17,17,4
glasistre.hr,2022-12,5173,46,5173,46,46,46,10
glasistre.hr,2023-01,5200,34,5200,34,34,34,7
glasistre.hr,2023-02,5165,23,5165,23,23,23,5
glasistre.hr,2023-03,5859,23,5859,23,23,23,8
glasistre.hr,2023-04,5301,30,5301,30,30,30,8
glasistre.hr,2023-05,5545,23,5545,23,23,23,2
glasistre.hr,2023-06,5163,17,5163,17,17,17,4
glasistre.hr,2023-07,4456,21,4456,21,21,21,4
glasistre.hr,2023-08,2342,14,2342,14,14,14,1
glasistre.hr,2023-09,2361,14,2361,14,14,14,1
glasistre.hr,2023-10,2321,7,2321,7,7,7,0
glasistre.hr,2023-11,2490,11,2490,11,11,11,0
glasistre.hr,2023-12,2758,19,2758,19,19,19,2
glasistre.hr,2024-01,2876,20,2876,20,20,20,3
glasistre.hr,2024-02,2786,12,2786,12,12,12,2
glasistre.hr,2024-03,3284,17,3284,17,17,17,5
glasistre.hr,2024-04,3662,13,3662,13,13,13,0
glasistre.hr,2024-05,3282,15,3282,15,15,15,5
glasistre.hr,2024-06,2898,26,2898,26,26,26,0
glasistre.hr,2024-07,2877,17,2877,17,17,17,4
glasistre.hr,2024-08,2486,5,2486,5,5,5,1
glasistre.hr,2024-09,2284,4,2284,4,4,4,0
glasistre.hr,2024-10,2824,16,2824,16,16,16,0
glasistre.hr,2024-11,2485,19,2485,19,19,19,1
glasistre.hr,2024-12,2794,10,2794,10,10,10,1
glasistre.hr,2025-01,2971,34,2971,34,34,34,3
glasistre.hr,2025-02,2879,26,2879,26,26,26,4
glasistre.hr,2025-03,3138,24,3138,24,24,24,4
glasistre.hr,2025-04,3290,21,3290,21,21,21,5
glasistre.hr,2025-05,3436,18,3436,18,18,18,0
glasistre.hr,2025-06,3042,14,3042,14,14,14,2
glasistre.hr,2025-07,2959,13,2959,13,13,13,2
glasistre.hr,2025-08,2635,5,2635,5,5,5,0
glasistre.hr,2025-09,2641,12,2641,12,12,12,2
glasistre.hr,2025-10,2983,10,2983,10,10,10,0
glasistre.hr,2025-11,2657,12,2657,12,12,12,1
glasistre.hr,2025-12,2893,21,2893,21,21,21,2
glasistre.hr,2026-01,3080,27,3080,27,27,27,3
glasistre.hr,2026-02,2841,4,2841,4,4,4,0
glasistre.hr,2026-03,3335,23,3335,23,23,23,3
glasistre.hr,2026-04,2947,6,2947,6,6,6,2
glasistre.hr,2026-05,2981,15,2981,15,15,15,2
glasistre.hr,2026-06,2633,15,2633,15,15,15,4
glasistre.hr,2026-07,2878,18,2878,18,18,18,3
glasistre.hr,2026-08,2729,8,2729,8,8,8,1
glasistre.hr,2026-09,993,5,993,5,5,5,0
glaslike.hr,2021-01,161,0,161,0,0,0,0
glaslike.hr,2021-02,151,1,151,1,1,1,0
glaslike.hr,2021-03,185,1,185,1,1,1,0
glaslike.hr,2021-04,146,0,146,0,0,0,0
glaslike.hr,2021-05,149,0,149,0,0,0,0
glaslike.hr,2021-06,128,1,128,1,1,1,0
glaslike.hr,2021-07,149,0,149,0,0,0,0
glaslike.hr,2021-08,141,0,141,0,0,0,0
glaslike.hr,2021-09,132,0,132,0,0,0,0
glaslike.hr,2021-10,162,1,162,1,1,1,0
glaslike.hr,2021-11,142,0,142,0,0,0,0
glaslike.hr,2021-12,133,0,133,0,0,0,0
glaslike.hr,2022-01,114,0,114,0,0,0,0
glaslike.hr,2022-02,113,0,113,0,0,0,0
glaslike.hr,2022-03,30,0,30,0,0,0,0
glaslike.hr,2022-04,76,0,76,0,0,0,0
glaslike.hr,2022-05,99,0,99,0,0,0,0
glaslike.hr,2022-06,88,0,88,0,0,0,0
glaslike.hr,2022-07,26,0,26,0,0,0,0
glaslike.hr,2022-08,47,0,47,0,0,0,0
glaslike.hr,2022-09,54,1,54,1,1,1,0
glaslike.hr,2022-10,57,0,57,0,0,0,0
glaslike.hr,2022-11,43,0,43,0,0,0,0
glaslike.hr,2022-12,3,0,3,0,0,0,0
glaslike.hr,2023-01,42,0,42,0,0,0,0
glaslike.hr,2023-02,12,0,12,0,0,0,0
glaslike.hr,2023-03,12,0,12,0,0,0,0
glaslike.hr,2023-04,37,0,37,0,0,0,0
glaslike.hr,2023-05,9,0,9,0,0,0,0
glaslike.hr,2023-06,37,0,37,0,0,0,0
glaslike.hr,2023-07,32,0,32,0,0,0,0
glaslike.hr,2023-08,34,0,34,0,0,0,0
glaslike.hr,2023-09,31,0,31,0,0,0,0
glaslike.hr,2023-10,58,0,58,0,0,0,0
glaslike.hr,2023-11,59,0,59,0,0,0,0
glaslike.hr,2023-12,55,0,55,0,0,0,0
glaslike.hr,2024-01,67,1,67,1,1,1,0
glaslike.hr,2024-02,61,0,61,0,0,0,0
glaslike.hr,2024-03,46,0,46,0,0,0,0
glaslike.hr,2024-04,55,0,55,0,0,0,0
glaslike.hr,2024-05,67,0,67,0,0,0,0
glaslike.hr,2024-06,55,0,55,0,0,0,0
glaslike.hr,2024-07,62,0,62,0,0,0,0
glaslike.hr,2024-08,30,0,30,0,0,0,0
glaslike.hr,2024-09,1,0,1,0,0,0,0
glaslike.hr,2024-10,1,0,1,0,0,0,0
glaslike.hr,2024-11,62,0,62,0,0,0,0
glaslike.hr,2024-12,45,0,45,0,0,0,0
glaslike.hr,2025-01,56,0,56,0,0,0,0
glaslike.hr,2025-02,69,1,69,1,1,1,0
glaslike.hr,2025-03,86,0,86,0,0,0,0
glaslike.hr,2025-04,51,0,51,0,0,0,0
glaslike.hr,2025-05,81,0,81,0,0,0,0
glaslike.hr,2025-06,74,0,74,0,0,0,0
glaslike.hr,2025-07,72,1,72,1,1,1,0
glaslike.hr,2025-08,79,0,79,0,0,0,0
glaslike.hr,2025-09,51,0,51,0,0,0,0
glaslike.hr,2025-10,73,0,73,0,0,0,0
glaslike.hr,2025-11,70,0,70,0,0,0,0
glaslike.hr,2025-12,30,0,30,0,0,0,0
glaslike.hr,2026-01,75,0,75,0,0,0,0
glaslike.hr,2026-02,18,0,18,0,0,0,0
glaslike.hr,2026-03,18,0,18,0,0,0,0
glaslike.hr,2026-04,86,1,86,1,1,1,1
glaslike.hr,2026-05,54,0,54,0,0,0,0
glaslike.hr,2026-06,63,0,63,0,0,0,0
glaslike.hr,2026-07,54,0,54,0,0,0,0
glaspodravine.hr,2021-01,339,2,339,2,2,2,0
glaspodravine.hr,2021-02,391,1,391,1,1,1,0
glaspodravine.hr,2021-03,464,0,464,0,0,0,0
glaspodravine.hr,2021-04,347,0,347,0,0,0,0
glaspodravine.hr,2021-05,361,0,361,0,0,0,0
glaspodravine.hr,2021-06,297,0,297,0,0,0,0
glaspodravine.hr,2021-07,284,0,284,0,0,0,0
glaspodravine.hr,2021-08,257,0,257,0,0,0,0
glaspodravine.hr,2021-09,292,0,292,0,0,0,0
glaspodravine.hr,2021-10,283,1,283,1,1,1,0
glaspodravine.hr,2021-11,282,0,282,0,0,0,0
glaspodravine.hr,2021-12,229,0,229,0,0,0,0
glaspodravine.hr,2022-01,238,3,238,3,3,3,1
glaspodravine.hr,2022-02,238,1,238,1,1,1,0
glaspodravine.hr,2022-03,309,2,309,2,2,2,0
glaspodravine.hr,2022-04,297,1,297,1,1,1,0
glaspodravine.hr,2022-05,324,2,324,2,2,2,0
glaspodravine.hr,2022-06,281,0,281,0,0,0,0
glaspodravine.hr,2022-07,265,1,265,1,1,1,0
glaspodravine.hr,2022-08,216,0,216,0,0,0,0
glaspodravine.hr,2022-09,263,0,263,0,0,0,0
glaspodravine.hr,2022-10,251,0,251,0,0,0,0
glaspodravine.hr,2022-11,307,1,307,1,1,1,0
glaspodravine.hr,2022-12,288,1,288,1,1,1,0
glaspodravine.hr,2023-01,258,4,258,4,4,4,0
glaspodravine.hr,2023-02,257,0,257,0,0,0,0
glaspodravine.hr,2023-03,286,0,286,0,0,0,0
glaspodravine.hr,2023-04,259,0,259,0,0,0,0
glaspodravine.hr,2023-05,281,1,281,1,1,1,0
glaspodravine.hr,2023-06,265,0,265,0,0,0,0
glaspodravine.hr,2023-07,275,0,275,0,0,0,0
glaspodravine.hr,2023-08,320,0,320,0,0,0,0
glaspodravine.hr,2023-09,393,1,393,1,1,1,0
glaspodravine.hr,2023-10,415,1,415,1,1,1,0
glaspodravine.hr,2023-11,516,1,516,1,1,1,0
glaspodravine.hr,2023-12,435,1,435,1,1,1,1
glaspodravine.hr,2024-01,307,2,307,2,2,2,0
glaspodravine.hr,2024-02,327,0,327,0,0,0,0
glaspodravine.hr,2024-03,263,0,263,0,0,0,0
glaspodravine.hr,2024-04,166,0,166,0,0,0,0
glaspodravine.hr,2024-05,170,0,170,0,0,0,0
glaspodravine.hr,2024-06,167,0,167,0,0,0,0
glaspodravine.hr,2024-07,177,0,177,0,0,0,0
glaspodravine.hr,2024-08,22,0,22,0,0,0,0
glaspodravine.hr,2024-10,15,0,15,0,0,0,0
glaspodravine.hr,2024-11,64,0,64,0,0,0,0
glaspodravine.hr,2024-12,87,0,87,0,0,0,0
glaspodravine.hr,2025-01,156,0,156,0,0,0,0
glaspodravine.hr,2025-02,137,0,137,0,0,0,0
glaspodravine.hr,2025-03,119,0,119,0,0,0,0
glaspodravine.hr,2025-04,125,0,125,0,0,0,0
glaspodravine.hr,2025-05,85,0,85,0,0,0,0
glaspodravine.hr,2025-06,105,0,105,0,0,0,0
glaspodravine.hr,2025-07,52,0,52,0,0,0,0
glaspodravine.hr,2025-08,1,0,1,0,0,0,0
glaspodravine.hr,2025-09,19,0,19,0,0,0,0
glaspodravine.hr,2025-11,1,0,1,0,0,0,0
glaspodravine.hr,2025-12,7,0,7,0,0,0,0
glaspodravine.hr,2026-01,3,0,3,0,0,0,0
glaspodravine.hr,2026-02,3,0,3,0,0,0,0
glaspodravine.hr,2026-03,36,0,36,0,0,0,0
glaspodravine.hr,2026-04,32,0,32,0,0,0,0
glaspodravine.hr,2026-05,65,0,65,0,0,0,0
glaspodravine.hr,2026-06,228,0,228,0,0,0,0
glaspodravine.hr,2026-07,330,0,330,0,0,0,0
glaspodravine.hr,2026-08,304,0,304,0,0,0,0
glaspodravine.hr,2026-09,103,0,103,0,0,0,0
glazba.hr,2021-11,7,0,7,0,0,0,0
glazba.hr,2021-12,5,0,5,0,0,0,0
glazba.hr,2022-01,11,0,11,0,0,0,0
glazba.hr,2022-02,6,0,6,0,0,0,0
glazba.hr,2022-03,5,0,5,0,0,0,0
glazba.hr,2022-04,2,0,2,0,0,0,0
glazba.hr,2022-05,2,0,2,0,0,0,0
glazba.hr,2022-06,3,0,3,0,0,0,0
glazba.hr,2022-07,7,0,7,0,0,0,0
glazba.hr,2022-08,2,0,2,0,0,0,0
glazba.hr,2022-09,1,0,1,0,0,0,0
glazba.hr,2022-10,6,0,6,0,0,0,0
glazba.hr,2022-11,6,0,6,0,0,0,0
glazba.hr,2022-12,7,0,7,0,0,0,0
glazba.hr,2023-01,8,0,8,0,0,0,0
glazba.hr,2023-02,7,0,7,0,0,0,0
glazba.hr,2023-03,10,0,10,0,0,0,0
glazba.hr,2023-04,5,0,5,0,0,0,0
glazba.hr,2023-05,16,0,16,0,0,0,0
glazba.hr,2023-06,13,0,13,0,0,0,0
glazba.hr,2023-07,5,0,5,0,0,0,0
glazba.hr,2023-08,1,0,1,0,0,0,0
glazba.hr,2023-09,4,0,4,0,0,0,0
glazba.hr,2023-10,3,0,3,0,0,0,0
glazba.hr,2023-11,1,0,1,0,0,0,0
glazba.hr,2024-01,1,0,1,0,0,0,0
glazba.hr,2024-02,6,0,6,0,0,0,0
glazba.hr,2024-03,4,0,4,0,0,0,0
glazba.hr,2024-04,9,0,9,0,0,0,0
glazba.hr,2024-05,6,0,6,0,0,0,0
glazba.hr,2024-08,1,0,1,0,0,0,0
glazba.hr,2024-09,1,0,1,0,0,0,0
glazba.hr,2024-12,1,0,1,0,0,0,0
glazba.hr,2025-03,1,0,1,0,0,0,0
glazba.hr,2025-07,1,0,1,0,0,0,0
glazba.hr,2025-10,1,0,1,0,0,0,0
glazba.hr,2026-01,1,0,1,0,0,0,0
glina.hr,2021-06,1,0,1,0,0,0,0
globalnovine.eu,2021-10,3,0,3,0,0,0,0
globalnovine.eu,2021-11,2,0,2,0,0,0,0
globalnovine.eu,2022-02,1,0,1,0,0,0,0
globalnovine.eu,2022-06,1,0,1,0,0,0,0
globalnovine.eu,2022-09,1,0,1,0,0,0,0
globalnovine.eu,2022-11,2,0,2,0,0,0,0
globalnovine.eu,2022-12,1,0,1,0,0,0,0
globalnovine.eu,2023-01,5,0,5,0,0,0,0
globalnovine.eu,2023-02,6,1,6,1,1,1,0
globalnovine.eu,2023-03,2,0,2,0,0,0,0
globalnovine.eu,2023-04,8,0,8,0,0,0,0
globalnovine.eu,2023-05,13,0,13,0,0,0,0
globalnovine.eu,2023-06,49,0,49,0,0,0,0
globalnovine.eu,2023-07,3,0,3,0,0,0,0
globalnovine.eu,2023-08,11,0,11,0,0,0,0
globalnovine.eu,2023-09,9,0,9,0,0,0,0
globalnovine.eu,2023-10,10,0,10,0,0,0,0
globalnovine.eu,2023-11,11,0,11,0,0,0,0
globalnovine.eu,2023-12,21,0,21,0,0,0,0
globalnovine.eu,2024-01,4,0,4,0,0,0,0
globalnovine.eu,2024-02,7,0,7,0,0,0,0
globalnovine.eu,2024-03,8,0,8,0,0,0,0
globalnovine.eu,2024-04,41,0,41,0,0,0,0
globalnovine.eu,2024-05,28,0,28,0,0,0,0
globalnovine.eu,2024-06,23,0,23,0,0,0,0
globalnovine.eu,2024-07,2,0,2,0,0,0,0
globalnovine.eu,2024-08,11,0,11,0,0,0,0
globalnovine.eu,2024-09,4,0,4,0,0,0,0
globalnovine.eu,2024-10,15,0,15,0,0,0,0
globalnovine.eu,2024-11,4,0,4,0,0,0,0
globalnovine.eu,2024-12,26,0,26,0,0,0,0
globalnovine.eu,2025-01,19,0,19,0,0,0,0
globalnovine.eu,2025-02,24,0,24,0,0,0,0
globalnovine.eu,2025-03,58,0,58,0,0,0,0
globalnovine.eu,2025-04,41,0,41,0,0,0,0
globalnovine.eu,2025-05,42,0,42,0,0,0,0
globalnovine.eu,2025-06,22,0,22,0,0,0,0
globalnovine.eu,2025-07,18,0,18,0,0,0,0
globalnovine.eu,2025-08,7,0,7,0,0,0,0
globalnovine.eu,2025-09,21,0,21,0,0,0,0
globalnovine.eu,2025-10,76,0,76,0,0,0,0
globalnovine.eu,2025-11,177,1,177,1,1,1,1
globalnovine.eu,2025-12,127,0,127,0,0,0,0
globalnovine.eu,2026-01,65,0,65,0,0,0,0
globalnovine.eu,2026-02,71,0,71,0,0,0,0
globalnovine.eu,2026-03,105,0,105,0,0,0,0
globalnovine.eu,2026-04,17,0,17,0,0,0,0
globalnovine.eu,2026-05,41,0,41,0,0,0,0
globalnovine.eu,2026-06,15,0,15,0,0,0,0
globalnovine.eu,2026-07,4,0,4,0,0,0,0
globalnovine.eu,2026-08,3,0,3,0,0,0,0
gloria.hr,2021-01,839,0,839,0,0,0,0
gloria.hr,2021-02,780,0,780,0,0,0,0
gloria.hr,2021-03,801,0,801,0,0,0,0
gloria.hr,2021-04,732,0,732,0,0,0,0
gloria.hr,2021-05,752,0,752,0,0,0,0
gloria.hr,2021-06,809,0,809,0,0,0,0
gloria.hr,2021-07,865,0,865,0,0,0,0
gloria.hr,2021-08,780,0,780,0,0,0,0
gloria.hr,2021-09,830,0,830,0,0,0,0
gloria.hr,2021-10,811,0,811,0,0,0,0
gloria.hr,2021-11,829,0,829,0,0,0,0
gloria.hr,2021-12,864,1,864,1,1,1,0
gloria.hr,2022-01,730,2,730,2,2,2,0
gloria.hr,2022-02,818,0,818,0,0,0,0
gloria.hr,2022-03,926,1,926,1,1,1,0
gloria.hr,2022-04,838,0,838,0,0,0,0
gloria.hr,2022-05,977,0,977,0,0,0,0
gloria.hr,2022-06,980,0,980,0,0,0,0
gloria.hr,2022-07,993,0,993,0,0,0,0
gloria.hr,2022-08,903,1,903,1,1,1,0
gloria.hr,2022-09,980,1,980,1,1,1,0
gloria.hr,2022-10,946,1,946,1,1,1,0
gloria.hr,2022-11,871,1,871,1,1,1,0
gloria.hr,2022-12,823,0,823,0,0,0,0
gloria.hr,2023-01,799,0,799,0,0,0,0
gloria.hr,2023-02,786,0,786,0,0,0,0
gloria.hr,2023-03,803,0,803,0,0,0,0
gloria.hr,2023-04,763,0,763,0,0,0,0
gloria.hr,2023-05,824,0,824,0,0,0,0
gloria.hr,2023-06,756,0,756,0,0,0,0
gloria.hr,2023-07,749,0,749,0,0,0,0
gloria.hr,2023-08,665,1,665,1,1,1,0
gloria.hr,2023-09,663,0,663,0,0,0,0
gloria.hr,2023-10,659,0,659,0,0,0,0
gloria.hr,2023-11,652,0,652,0,0,0,0
gloria.hr,2023-12,724,0,724,0,0,0,0
gloria.hr,2024-01,775,0,775,0,0,0,0
gloria.hr,2024-02,767,0,767,0,0,0,0
gloria.hr,2024-03,642,0,642,0,0,0,0
gloria.hr,2024-04,642,0,642,0,0,0,0
gloria.hr,2024-05,462,0,462,0,0,0,0
gloria.hr,2024-06,467,0,467,0,0,0,0
gloria.hr,2024-07,495,0,495,0,0,0,0
gloria.hr,2024-08,455,0,455,0,0,0,0
gloria.hr,2024-09,445,0,445,0,0,0,0
gloria.hr,2024-10,490,0,490,0,0,0,0
gloria.hr,2024-11,480,0,480,0,0,0,0
gloria.hr,2024-12,561,0,561,0,0,0,0
gloria.hr,2025-01,504,0,504,0,0,0,0
gloria.hr,2025-02,460,0,460,0,0,0,0
gloria.hr,2025-03,524,0,524,0,0,0,0
gloria.hr,2025-04,517,0,517,0,0,0,0
gloria.hr,2025-05,511,0,511,0,0,0,0
gloria.hr,2025-06,423,0,423,0,0,0,0
gloria.hr,2025-07,416,0,416,0,0,0,0
gloria.hr,2025-08,385,0,385,0,0,0,0
gloria.hr,2025-09,418,0,418,0,0,0,0
gloria.hr,2025-10,434,1,434,1,1,1,0
gloria.hr,2025-11,393,1,393,1,1,1,1
gloria.hr,2025-12,441,0,441,0,0,0,0
gloria.hr,2026-01,385,0,385,0,0,0,0
gloria.hr,2026-02,334,0,334,0,0,0,0
gloria.hr,2026-03,421,0,421,0,0,0,0
gloria.hr,2026-04,387,0,387,0,0,0,0
gloria.hr,2026-05,394,0,394,0,0,0,0
gloria.hr,2026-06,378,0,378,0,0,0,0
gloria.hr,2026-07,367,1,367,1,1,1,0
gloria.hr,2026-08,327,0,327,0,0,0,0
gloria.hr,2026-09,105,0,105,0,0,0,0
gloriaglam.hr,2021-01,133,0,133,0,0,0,0
gloriaglam.hr,2021-02,172,0,172,0,0,0,0
gloriaglam.hr,2021-03,211,0,211,0,0,0,0
gloriaglam.hr,2021-04,211,0,211,0,0,0,0
gloriaglam.hr,2021-05,198,0,198,0,0,0,0
gloriaglam.hr,2021-06,203,0,203,0,0,0,0
gloriaglam.hr,2021-07,189,0,189,0,0,0,0
gloriaglam.hr,2021-08,194,0,194,0,0,0,0
gloriaglam.hr,2021-09,197,0,197,0,0,0,0
gloriaglam.hr,2021-10,195,0,195,0,0,0,0
gloriaglam.hr,2021-11,171,0,171,0,0,0,0
gloriaglam.hr,2021-12,168,0,168,0,0,0,0
gloriaglam.hr,2022-01,186,0,186,0,0,0,0
gloriaglam.hr,2022-02,213,0,213,0,0,0,0
gloriaglam.hr,2022-03,197,0,197,0,0,0,0
gloriaglam.hr,2022-04,200,0,200,0,0,0,0
gloriaglam.hr,2022-05,205,0,205,0,0,0,0
gloriaglam.hr,2022-06,189,0,189,0,0,0,0
gloriaglam.hr,2022-07,195,0,195,0,0,0,0
gloriaglam.hr,2022-08,205,0,205,0,0,0,0
gloriaglam.hr,2022-09,177,0,177,0,0,0,0
gloriaglam.hr,2022-10,192,0,192,0,0,0,0
gloriaglam.hr,2022-11,96,0,96,0,0,0,0
gloriaglam.hr,2022-12,72,0,72,0,0,0,0
gloriaglam.hr,2023-01,51,0,51,0,0,0,0
gloriaglam.hr,2023-02,45,0,45,0,0,0,0
gloriaglam.hr,2023-03,41,0,41,0,0,0,0
gloriaglam.hr,2023-04,33,0,33,0,0,0,0
gloriaglam.hr,2023-05,28,0,28,0,0,0,0
gloriaglam.hr,2023-06,13,0,13,0,0,0,0
gloriaglam.hr,2023-07,20,0,20,0,0,0,0
gloriaglam.hr,2023-08,4,0,4,0,0,0,0
gloriaglam.hr,2023-10,9,0,9,0,0,0,0
gloriaglam.hr,2023-11,11,0,11,0,0,0,0
gloriaglam.hr,2023-12,26,0,26,0,0,0,0
gloriaglam.hr,2024-01,5,0,5,0,0,0,0
gloriaglam.hr,2024-02,5,0,5,0,0,0,0
gloriaglam.hr,2024-03,4,0,4,0,0,0,0
gloriaglam.hr,2024-04,7,0,7,0,0,0,0
gloriaglam.hr,2024-05,5,0,5,0,0,0,0
gloriaglam.hr,2024-06,7,0,7,0,0,0,0
gloriaglam.hr,2024-07,2,0,2,0,0,0,0
gloriaglam.hr,2024-08,3,0,3,0,0,0,0
gloriaglam.hr,2024-09,5,0,5,0,0,0,0
gloriaglam.hr,2024-10,5,0,5,0,0,0,0
gloriaglam.hr,2024-11,16,0,16,0,0,0,0
gloriaglam.hr,2024-12,4,0,4,0,0,0,0
gloriaglam.hr,2025-01,12,0,12,0,0,0,0
gloriaglam.hr,2025-03,24,0,24,0,0,0,0
gloriaglam.hr,2025-04,2,0,2,0,0,0,0
gloriaglam.hr,2025-05,2,0,2,0,0,0,0
gloriaglam.hr,2025-06,5,0,5,0,0,0,0
gloriaglam.hr,2025-07,4,0,4,0,0,0,0
gloriaglam.hr,2025-08,3,0,3,0,0,0,0
gloriaglam.hr,2025-09,8,0,8,0,0,0,0
gloriaglam.hr,2025-10,7,0,7,0,0,0,0
gloriaglam.hr,2025-11,5,0,5,0,0,0,0
gloriaglam.hr,2025-12,8,0,8,0,0,0,0
gloriaglam.hr,2026-01,6,0,6,0,0,0,0
gloriaglam.hr,2026-02,2,0,2,0,0,0,0
gong.hr,2021-01,5,0,5,0,0,0,0
gong.hr,2021-02,8,0,8,0,0,0,0
gong.hr,2021-03,12,0,12,0,0,0,0
gong.hr,2021-04,6,0,6,0,0,0,0
gong.hr,2021-05,14,0,14,0,0,0,0
gong.hr,2021-06,3,0,3,0,0,0,0
gong.hr,2021-07,3,0,3,0,0,0,0
gong.hr,2021-08,2,0,2,0,0,0,0
gong.hr,2024-02,9,0,9,0,0,0,0
gong.hr,2024-03,29,0,29,0,0,0,0
gong.hr,2024-04,37,0,37,0,0,0,0
gong.hr,2024-05,25,0,25,0,0,0,0
gong.hr,2024-06,21,0,21,0,0,0,0
gong.hr,2024-07,18,0,18,0,0,0,0
gong.hr,2024-08,6,0,6,0,0,0,0
gong.hr,2024-09,8,0,8,0,0,0,0
gong.hr,2024-10,25,0,25,0,0,0,0
gong.hr,2024-11,15,0,15,0,0,0,0
gong.hr,2024-12,24,0,24,0,0,0,0
gong.hr,2025-01,6,0,6,0,0,0,0
gong.hr,2025-02,12,0,12,0,0,0,0
gong.hr,2025-03,9,0,9,0,0,0,0
gong.hr,2025-04,20,0,20,0,0,0,0
gong.hr,2025-05,12,0,12,0,0,0,0
gong.hr,2025-06,12,0,12,0,0,0,0
gong.hr,2025-07,10,0,10,0,0,0,0
gong.hr,2025-08,2,0,2,0,0,0,0
gong.hr,2025-09,14,0,14,0,0,0,0
gong.hr,2025-10,14,0,14,0,0,0,0
gong.hr,2025-11,14,0,14,0,0,0,0
gong.hr,2025-12,12,0,12,0,0,0,0
gong.hr,2026-01,11,0,11,0,0,0,0
gong.hr,2026-02,9,0,9,0,0,0,0
gong.hr,2026-03,14,0,14,0,0,0,0
gong.hr,2026-04,7,0,7,0,0,0,0
gong.hr,2026-05,9,0,9,0,0,0,0
gong.hr,2026-06,6,0,6,0,0,0,0
gong.hr,2026-07,9,0,9,0,0,0,0
gong.hr,2026-09,4,0,4,0,0,0,0
gorgonija.com,2021-06,1,0,1,0,0,0,0
gorgonija.com,2022-05,1,0,1,0,0,0,0
gorgonija.com,2024-02,2,0,2,0,0,0,0
gorgonija.com,2024-03,9,0,9,0,0,0,0
gorgonija.com,2024-04,14,0,14,0,0,0,0
gorgonija.com,2024-05,27,0,27,0,0,0,0
gorgonija.com,2024-06,20,0,20,0,0,0,0
gorgonija.com,2024-07,19,0,19,0,0,0,0
gorgonija.com,2024-08,19,0,19,0,0,0,0
gorgonija.com,2024-09,26,0,26,0,0,0,0
gorgonija.com,2024-10,26,0,26,0,0,0,0
gorgonija.com,2024-11,15,0,15,0,0,0,0
gorgonija.com,2024-12,5,1,5,1,1,1,0
gorgonija.com,2025-01,3,0,3,0,0,0,0
gorgonija.com,2025-02,2,0,2,0,0,0,0
gorgonija.com,2025-03,5,0,5,0,0,0,0
gorgonija.com,2025-04,5,0,5,0,0,0,0
gorgonija.com,2025-05,2,0,2,0,0,0,0
gorgonija.com,2025-06,6,0,6,0,0,0,0
gorgonija.com,2025-07,4,0,4,0,0,0,0
gorgonija.com,2025-08,10,0,10,0,0,0,0
gorgonija.com,2025-09,11,0,11,0,0,0,0
gorgonija.com,2025-10,8,0,8,0,0,0,0
gorgonija.com,2025-11,10,0,10,0,0,0,0
gorgonija.com,2025-12,9,0,9,0,0,0,0
gorgonija.com,2026-01,8,0,8,0,0,0,0
gorgonija.com,2026-02,3,0,3,0,0,0,0
gorgonija.com,2026-03,4,0,4,0,0,0,0
gorgonija.com,2026-04,5,0,5,0,0,0,0
gorgonija.com,2026-05,13,0,13,0,0,0,0
gorgonija.com,2026-06,10,0,10,0,0,0,0
gorgonija.com,2026-07,2,0,2,0,0,0,0
gorgonija.com,2026-08,10,0,10,0,0,0,0
gorgonija.com,2026-09,2,0,2,0,0,0,0
gorica.info,2021-02,3,0,3,0,0,0,0
gorica.info,2021-09,1,0,1,0,0,0,0
gorica.info,2024-02,1,0,1,0,0,0,0
gorica.info,2024-03,6,0,6,0,0,0,0
gorica.info,2024-06,1,0,1,0,0,0,0
gorica.info,2024-07,5,0,5,0,0,0,0
gorica.info,2024-08,8,0,8,0,0,0,0
gorica.info,2024-09,16,1,16,1,1,1,0
gorica.info,2024-10,14,0,14,0,0,0,0
gorica.info,2024-11,43,0,43,0,0,0,0
gorica.info,2024-12,72,0,72,0,0,0,0
gorica.info,2025-01,187,0,187,0,0,0,0
gorica.info,2025-02,191,1,191,1,1,1,0
gorica.info,2025-03,185,0,185,0,0,0,0
gorica.info,2025-04,189,0,189,0,0,0,0
gorica.info,2025-05,195,0,195,0,0,0,0
gorica.info,2025-06,163,0,163,0,0,0,0
gorica.info,2025-07,170,1,170,1,1,1,0
gorica.info,2025-08,118,0,118,0,0,0,0
gorica.info,2025-09,160,0,160,0,0,0,0
gorica.info,2025-10,176,0,176,0,0,0,0
gorica.info,2025-11,199,0,199,0,0,0,0
gorica.info,2025-12,96,0,96,0,0,0,0
gorica.info,2026-01,14,0,14,0,0,0,0
gorica.info,2026-02,22,0,22,0,0,0,0
gorica.info,2026-03,61,0,61,0,0,0,0
gorica.info,2026-04,96,0,96,0,0,0,0
gorica.info,2026-05,206,0,206,0,0,0,0
gorica.info,2026-06,186,0,186,0,0,0,0
gorica.info,2026-07,186,1,186,1,1,1,0
gorica.info,2026-08,157,0,157,0,0,0,0
gorica.info,2026-09,53,0,53,0,0,0,0
gorskenovosti.net,2021-01,16,0,16,0,0,0,0
gorskenovosti.net,2021-02,25,0,25,0,0,0,0
gorskenovosti.net,2021-03,32,0,32,0,0,0,0
gorskenovosti.net,2021-04,32,0,32,0,0,0,0
gorskenovosti.net,2021-05,39,0,39,0,0,0,0
gorskenovosti.net,2021-06,32,0,32,0,0,0,0
gorskenovosti.net,2021-07,23,0,23,0,0,0,0
gorskenovosti.net,2021-08,39,0,39,0,0,0,0
gorskenovosti.net,2021-09,54,0,54,0,0,0,0
gorskenovosti.net,2021-10,53,0,53,0,0,0,0
gorskenovosti.net,2021-11,34,0,34,0,0,0,0
gorskenovosti.net,2021-12,57,0,57,0,0,0,0
gorskenovosti.net,2022-01,31,0,31,0,0,0,0
gorskenovosti.net,2022-02,37,0,37,0,0,0,0
gorskenovosti.net,2022-03,36,0,36,0,0,0,0
gorskenovosti.net,2022-04,35,0,35,0,0,0,0
gorskenovosti.net,2022-05,49,0,49,0,0,0,0
gorskenovosti.net,2022-06,34,0,34,0,0,0,0
gorskenovosti.net,2022-07,31,0,31,0,0,0,0
gorskenovosti.net,2022-08,32,0,32,0,0,0,0
gorskenovosti.net,2022-09,33,1,33,1,1,1,0
gorskenovosti.net,2022-10,33,0,33,0,0,0,0
gorskenovosti.net,2022-11,29,0,29,0,0,0,0
gorskenovosti.net,2022-12,34,0,34,0,0,0,0
gorskenovosti.net,2023-01,27,0,27,0,0,0,0
gorskenovosti.net,2023-02,29,0,29,0,0,0,0
gorskenovosti.net,2023-03,56,0,56,0,0,0,0
gorskenovosti.net,2023-04,45,1,45,1,1,1,0
gorskenovosti.net,2023-05,54,0,54,0,0,0,0
gorskenovosti.net,2023-06,37,0,37,0,0,0,0
gorskenovosti.net,2023-07,49,0,49,0,0,0,0
gorskenovosti.net,2023-08,30,0,30,0,0,0,0
gorskenovosti.net,2023-09,23,0,23,0,0,0,0
gorskenovosti.net,2023-10,40,0,40,0,0,0,0
gorskenovosti.net,2023-11,44,0,44,0,0,0,0
gorskenovosti.net,2023-12,41,0,41,0,0,0,0
gorskenovosti.net,2024-01,43,0,43,0,0,0,0
gorskenovosti.net,2024-02,47,0,47,0,0,0,0
gorskenovosti.net,2024-03,61,0,61,0,0,0,0
gorskenovosti.net,2024-04,32,0,32,0,0,0,0
gorskenovosti.net,2024-05,29,1,29,1,1,1,0
gorskenovosti.net,2024-06,35,0,35,0,0,0,0
gorskenovosti.net,2024-07,35,0,35,0,0,0,0
gorskenovosti.net,2024-08,25,0,25,0,0,0,0
gorskenovosti.net,2024-09,25,0,25,0,0,0,0
gorskenovosti.net,2024-10,45,0,45,0,0,0,0
gorskenovosti.net,2024-11,48,0,48,0,0,0,0
gorskenovosti.net,2024-12,48,0,48,0,0,0,0
gorskenovosti.net,2025-01,25,0,25,0,0,0,0
gorskenovosti.net,2025-02,19,0,19,0,0,0,0
gorskenovosti.net,2025-04,4,0,4,0,0,0,0
gorskenovosti.net,2025-05,42,0,42,0,0,0,0
gorskenovosti.net,2025-06,23,0,23,0,0,0,0
gorskenovosti.net,2025-07,24,0,24,0,0,0,0
gorskenovosti.net,2025-08,19,0,19,0,0,0,0
gorskenovosti.net,2025-09,19,0,19,0,0,0,0
gorskenovosti.net,2025-10,26,0,26,0,0,0,0
gorskenovosti.net,2025-11,20,0,20,0,0,0,0
gorskenovosti.net,2025-12,14,0,14,0,0,0,0
gorskenovosti.net,2026-01,9,0,9,0,0,0,0
gorskenovosti.net,2026-08,33,0,33,0,0,0,0
gorskenovosti.net,2026-09,40,0,40,0,0,0,0
grad-bjelovar.com,2021-03,1,0,1,0,0,0,0
grademoj.hr,2025-02,1,0,1,0,0,0,0
gradonacelnik.hr,2021-01,364,0,364,0,0,0,0
gradonacelnik.hr,2021-02,417,0,417,0,0,0,0
gradonacelnik.hr,2021-03,39,0,39,0,0,0,0
gradonacelnik.hr,2021-04,16,0,16,0,0,0,0
gradonacelnik.hr,2021-05,8,0,8,0,0,0,0
gradonacelnik.hr,2021-06,13,0,13,0,0,0,0
gradonacelnik.hr,2021-07,20,0,20,0,0,0,0
gradonacelnik.hr,2021-08,8,0,8,0,0,0,0
gradonacelnik.hr,2021-09,38,0,38,0,0,0,0
gradonacelnik.hr,2021-10,1,0,1,0,0,0,0
gradonacelnik.hr,2023-02,64,0,64,0,0,0,0
gradonacelnik.hr,2023-03,68,0,68,0,0,0,0
gradonacelnik.hr,2023-04,147,0,147,0,0,0,0
gradonacelnik.hr,2023-05,39,0,39,0,0,0,0
gradonacelnik.hr,2023-06,94,0,94,0,0,0,0
gradonacelnik.hr,2023-07,80,0,80,0,0,0,0
gradonacelnik.hr,2023-08,41,0,41,0,0,0,0
gradonacelnik.hr,2023-09,67,0,67,0,0,0,0
gradonacelnik.hr,2023-10,9,0,9,0,0,0,0
gradonacelnik.hr,2024-02,79,0,79,0,0,0,0
gradonacelnik.hr,2024-03,435,0,435,0,0,0,0
gradonacelnik.hr,2024-04,436,0,436,0,0,0,0
gradonacelnik.hr,2024-05,335,0,335,0,0,0,0
gradonacelnik.hr,2024-06,302,1,302,1,1,1,0
gradonacelnik.hr,2024-07,425,0,425,0,0,0,0
gradonacelnik.hr,2024-08,218,0,218,0,0,0,0
gradonacelnik.hr,2024-09,186,0,186,0,0,0,0
gradonacelnik.hr,2024-10,304,0,304,0,0,0,0
gradonacelnik.hr,2024-11,226,0,226,0,0,0,0
gradonacelnik.hr,2024-12,241,0,241,0,0,0,0
gradonacelnik.hr,2025-01,192,0,192,0,0,0,0
gradonacelnik.hr,2025-02,423,0,423,0,0,0,0
gradonacelnik.hr,2025-03,108,0,108,0,0,0,0
gradonacelnik.hr,2025-04,7,0,7,0,0,0,0
gradonacelnik.hr,2025-05,113,0,113,0,0,0,0
gradonacelnik.hr,2025-06,209,0,209,0,0,0,0
gradonacelnik.hr,2025-07,146,0,146,0,0,0,0
gradonacelnik.hr,2025-08,2,0,2,0,0,0,0
gradonacelnik.hr,2025-09,44,0,44,0,0,0,0
gradonacelnik.hr,2025-10,36,0,36,0,0,0,0
gradonacelnik.hr,2025-11,127,0,127,0,0,0,0
gradonacelnik.hr,2025-12,157,0,157,0,0,0,0
gradonacelnik.hr,2026-01,33,0,33,0,0,0,0
gradonacelnik.hr,2026-02,154,0,154,0,0,0,0
gradonacelnik.hr,2026-03,462,0,462,0,0,0,0
gradonacelnik.hr,2026-04,455,0,455,0,0,0,0
gradonacelnik.hr,2026-05,409,0,409,0,0,0,0
gradonacelnik.hr,2026-06,523,0,523,0,0,0,0
gradonacelnik.hr,2026-07,466,0,466,0,0,0,0
gradonacelnik.hr,2026-08,334,0,334,0,0,0,0
gradonacelnik.hr,2026-09,157,0,157,0,0,0,0
grazia.hr,2021-01,142,0,142,0,0,0,0
grazia.hr,2021-02,188,0,188,0,0,0,0
grazia.hr,2021-03,218,0,218,0,0,0,0
grazia.hr,2021-04,221,0,221,0,0,0,0
grazia.hr,2021-05,217,0,217,0,0,0,0
grazia.hr,2021-06,210,0,210,0,0,0,0
grazia.hr,2021-07,189,0,189,0,0,0,0
grazia.hr,2021-08,201,0,201,0,0,0,0
grazia.hr,2021-09,175,0,175,0,0,0,0
grazia.hr,2021-10,217,0,217,0,0,0,0
grazia.hr,2021-11,233,0,233,0,0,0,0
grazia.hr,2021-12,259,0,259,0,0,0,0
grazia.hr,2022-01,233,0,233,0,0,0,0
grazia.hr,2022-02,204,0,204,0,0,0,0
grazia.hr,2022-03,239,1,239,1,1,1,0
grazia.hr,2022-04,219,0,219,0,0,0,0
grazia.hr,2022-05,223,0,223,0,0,0,0
grazia.hr,2022-06,253,0,253,0,0,0,0
grazia.hr,2022-07,245,0,245,0,0,0,0
grazia.hr,2022-08,187,0,187,0,0,0,0
grazia.hr,2022-09,226,0,226,0,0,0,0
grazia.hr,2022-10,251,0,251,0,0,0,0
grazia.hr,2022-11,248,1,248,1,1,1,0
grazia.hr,2022-12,268,0,268,0,0,0,0
grazia.hr,2023-01,232,0,232,0,0,0,0
grazia.hr,2023-02,271,0,271,0,0,0,0
grazia.hr,2023-03,309,0,309,0,0,0,0
grazia.hr,2023-04,310,0,310,0,0,0,0
grazia.hr,2023-05,327,0,327,0,0,0,0
grazia.hr,2023-06,327,0,327,0,0,0,0
grazia.hr,2023-07,305,0,305,0,0,0,0
grazia.hr,2023-08,315,0,315,0,0,0,0
grazia.hr,2023-09,312,0,312,0,0,0,0
grazia.hr,2023-10,331,0,331,0,0,0,0
grazia.hr,2023-11,322,0,322,0,0,0,0
grazia.hr,2023-12,316,0,316,0,0,0,0
grazia.hr,2024-01,205,0,205,0,0,0,0
grazia.hr,2024-02,179,0,179,0,0,0,0
grazia.hr,2024-03,244,0,244,0,0,0,0
grazia.hr,2024-04,244,0,244,0,0,0,0
grazia.hr,2024-05,248,0,248,0,0,0,0
grazia.hr,2024-06,231,0,231,0,0,0,0
grazia.hr,2024-07,270,1,270,1,1,1,0
grazia.hr,2024-08,225,0,225,0,0,0,0
grazia.hr,2024-09,263,0,263,0,0,0,0
grazia.hr,2024-10,258,0,258,0,0,0,0
grazia.hr,2024-11,259,0,259,0,0,0,0
grazia.hr,2024-12,263,0,263,0,0,0,0
grazia.hr,2025-01,210,0,210,0,0,0,0
grazia.hr,2025-02,188,0,188,0,0,0,0
grazia.hr,2025-03,225,0,225,0,0,0,0
grazia.hr,2025-04,198,0,198,0,0,0,0
grazia.hr,2025-05,221,0,221,0,0,0,0
grazia.hr,2025-06,221,0,221,0,0,0,0
grazia.hr,2025-07,212,1,212,1,1,1,0
grazia.hr,2025-08,188,0,188,0,0,0,0
grazia.hr,2025-09,216,0,216,0,0,0,0
grazia.hr,2025-10,188,0,188,0,0,0,0
grazia.hr,2025-11,188,0,188,0,0,0,0
grazia.hr,2025-12,206,0,206,0,0,0,0
grazia.hr,2026-01,116,0,116,0,0,0,0
grazia.hr,2026-02,93,0,93,0,0,0,0
grazia.hr,2026-03,144,0,144,0,0,0,0
grazia.hr,2026-04,122,0,122,0,0,0,0
grazia.hr,2026-05,119,0,119,0,0,0,0
grazia.hr,2026-06,128,0,128,0,0,0,0
grazia.hr,2026-07,109,0,109,0,0,0,0
grazia.hr,2026-08,78,0,78,0,0,0,0
grazia.hr,2026-09,41,0,41,0,0,0,0
green.hr,2021-01,14,0,14,0,0,0,0
green.hr,2021-02,19,0,19,0,0,0,0
green.hr,2021-03,26,0,26,0,0,0,0
green.hr,2021-04,27,0,27,0,0,0,0
green.hr,2021-05,1,0,1,0,0,0,0
green.hr,2021-06,2,0,2,0,0,0,0
green.hr,2021-07,1,0,1,0,0,0,0
green.hr,2021-08,3,0,3,0,0,0,0
green.hr,2021-10,4,0,4,0,0,0,0
green.hr,2021-11,1,0,1,0,0,0,0
green.hr,2021-12,2,0,2,0,0,0,0
green.hr,2022-01,7,0,7,0,0,0,0
green.hr,2022-02,2,0,2,0,0,0,0
green.hr,2022-03,7,0,7,0,0,0,0
green.hr,2022-04,4,0,4,0,0,0,0
green.hr,2022-05,44,0,44,0,0,0,0
green.hr,2022-06,173,0,173,0,0,0,0
green.hr,2022-07,143,0,143,0,0,0,0
green.hr,2022-08,117,0,117,0,0,0,0
green.hr,2022-09,132,0,132,0,0,0,0
green.hr,2022-10,108,0,108,0,0,0,0
green.hr,2022-11,178,0,178,0,0,0,0
green.hr,2022-12,194,1,194,1,1,1,0
green.hr,2023-01,266,0,266,0,0,0,0
green.hr,2023-02,267,0,267,0,0,0,0
green.hr,2023-03,316,0,316,0,0,0,0
green.hr,2023-04,268,0,268,0,0,0,0
green.hr,2023-05,314,0,314,0,0,0,0
green.hr,2023-06,332,0,332,0,0,0,0
green.hr,2023-07,365,0,365,0,0,0,0
green.hr,2023-08,345,0,345,0,0,0,0
green.hr,2023-09,264,0,264,0,0,0,0
green.hr,2023-10,211,0,211,0,0,0,0
green.hr,2023-11,237,0,237,0,0,0,0
green.hr,2023-12,224,0,224,0,0,0,0
green.hr,2024-01,221,0,221,0,0,0,0
green.hr,2024-02,227,0,227,0,0,0,0
green.hr,2024-03,238,0,238,0,0,0,0
green.hr,2024-04,237,0,237,0,0,0,0
green.hr,2024-05,251,0,251,0,0,0,0
green.hr,2024-06,205,0,205,0,0,0,0
green.hr,2024-07,153,0,153,0,0,0,0
green.hr,2024-08,159,0,159,0,0,0,0
green.hr,2024-09,138,0,138,0,0,0,0
green.hr,2024-10,132,0,132,0,0,0,0
green.hr,2024-11,24,0,24,0,0,0,0
green.hr,2024-12,2,0,2,0,0,0,0
green.hr,2025-01,2,0,2,0,0,0,0
green.hr,2025-02,4,0,4,0,0,0,0
green.hr,2025-03,10,0,10,0,0,0,0
green.hr,2025-04,9,0,9,0,0,0,0
green.hr,2025-05,19,0,19,0,0,0,0
green.hr,2025-06,7,0,7,0,0,0,0
green.hr,2025-07,6,0,6,0,0,0,0
green.hr,2025-08,7,0,7,0,0,0,0
green.hr,2025-09,2,0,2,0,0,0,0
green.hr,2025-10,2,0,2,0,0,0,0
green.hr,2025-11,5,0,5,0,0,0,0
green.hr,2025-12,3,0,3,0,0,0,0
green.hr,2026-01,5,0,5,0,0,0,0
green.hr,2026-02,7,0,7,0,0,0,0
green.hr,2026-03,3,0,3,0,0,0,0
green.hr,2026-04,7,0,7,0,0,0,0
green.hr,2026-05,3,0,3,0,0,0,0
green.hr,2026-06,7,0,7,0,0,0,0
green.hr,2026-07,2,0,2,0,0,0,0
green.hr,2026-08,2,0,2,0,0,0,0
gric-gric.com,2021-01,5,0,5,0,0,0,0
gric-gric.com,2021-02,16,0,16,0,0,0,0
gric-gric.com,2021-03,31,0,31,0,0,0,0
gric-gric.com,2021-04,16,0,16,0,0,0,0
gric-gric.com,2021-05,22,0,22,0,0,0,0
gric-gric.com,2021-06,26,0,26,0,0,0,0
gric-gric.com,2021-07,8,0,8,0,0,0,0
gric-gric.com,2021-08,5,0,5,0,0,0,0
gric-gric.com,2021-09,25,0,25,0,0,0,0
gric-gric.com,2021-10,23,0,23,0,0,0,0
gric-gric.com,2021-11,43,0,43,0,0,0,0
gric-gric.com,2021-12,33,0,33,0,0,0,0
gric-gric.com,2022-01,25,0,25,0,0,0,0
gric-gric.com,2022-02,33,0,33,0,0,0,0
gric-gric.com,2022-03,37,0,37,0,0,0,0
gric-gric.com,2022-04,43,0,43,0,0,0,0
gric-gric.com,2022-05,39,0,39,0,0,0,0
gric-gric.com,2022-06,41,0,41,0,0,0,0
gric-gric.com,2022-07,16,0,16,0,0,0,0
gric-gric.com,2022-08,12,0,12,0,0,0,0
gric-gric.com,2022-09,28,0,28,0,0,0,0
gric-gric.com,2022-10,31,0,31,0,0,0,0
gric-gric.com,2022-11,32,0,32,0,0,0,0
gric-gric.com,2022-12,33,0,33,0,0,0,0
gric-gric.com,2023-01,34,0,34,0,0,0,0
gric-gric.com,2023-02,30,0,30,0,0,0,0
gric-gric.com,2023-03,41,0,41,0,0,0,0
gric-gric.com,2023-04,32,0,32,0,0,0,0
gric-gric.com,2023-05,51,0,51,0,0,0,0
gric-gric.com,2023-06,44,0,44,0,0,0,0
gric-gric.com,2023-07,20,0,20,0,0,0,0
gric-gric.com,2023-08,5,0,5,0,0,0,0
gric-gric.com,2023-09,19,0,19,0,0,0,0
gric-gric.com,2023-10,33,0,33,0,0,0,0
gric-gric.com,2023-11,40,1,40,1,1,1,0
gric-gric.com,2023-12,26,0,26,0,0,0,0
gric-gric.com,2024-01,26,0,26,0,0,0,0
gric-gric.com,2024-02,42,0,42,0,0,0,0
gric-gric.com,2024-03,40,0,40,0,0,0,0
gric-gric.com,2024-04,15,0,15,0,0,0,0
gric-gric.com,2024-05,42,0,42,0,0,0,0
gric-gric.com,2024-06,32,0,32,0,0,0,0
gric-gric.com,2024-07,18,0,18,0,0,0,0
gric-gric.com,2024-10,4,0,4,0,0,0,0
gspress.net,2021-01,143,0,143,0,0,0,0
gspress.net,2021-02,142,0,142,0,0,0,0
gspress.net,2021-03,215,0,215,0,0,0,0
gspress.net,2021-04,210,0,210,0,0,0,0
gspress.net,2021-05,261,1,261,1,1,1,0
gspress.net,2021-06,162,0,162,0,0,0,0
gspress.net,2021-07,168,0,168,0,0,0,0
gspress.net,2021-08,125,0,125,0,0,0,0
gspress.net,2021-09,174,0,174,0,0,0,0
gspress.net,2021-10,193,0,193,0,0,0,0
gspress.net,2021-11,200,0,200,0,0,0,0
gspress.net,2021-12,195,0,195,0,0,0,0
gspress.net,2022-01,167,1,167,1,1,1,0
gspress.net,2022-02,155,2,155,2,2,2,0
gspress.net,2022-03,175,1,175,1,1,1,0
gspress.net,2022-04,149,1,149,1,1,1,0
gspress.net,2022-05,127,0,127,0,0,0,0
gspress.net,2022-06,161,0,161,0,0,0,0
gspress.net,2022-07,213,1,213,1,1,1,0
gspress.net,2022-08,132,0,132,0,0,0,0
gspress.net,2022-09,178,0,178,0,0,0,0
gspress.net,2022-10,204,0,204,0,0,0,0
gspress.net,2022-11,162,0,162,0,0,0,0
gspress.net,2022-12,203,3,203,3,3,3,0
gspress.net,2023-01,163,1,163,1,1,1,0
gspress.net,2023-02,174,0,174,0,0,0,0
gspress.net,2023-03,198,0,198,0,0,0,0
gspress.net,2023-04,169,0,169,0,0,0,0
gspress.net,2023-05,224,0,224,0,0,0,0
gspress.net,2023-06,175,0,175,0,0,0,0
gspress.net,2023-07,176,0,176,0,0,0,0
gspress.net,2023-08,145,0,145,0,0,0,0
gspress.net,2023-09,169,0,169,0,0,0,0
gspress.net,2023-10,157,0,157,0,0,0,0
gspress.net,2023-11,181,0,181,0,0,0,0
gspress.net,2023-12,235,0,235,0,0,0,0
gspress.net,2024-01,160,0,160,0,0,0,0
gspress.net,2024-02,167,0,167,0,0,0,0
gspress.net,2024-03,207,0,207,0,0,0,0
gspress.net,2024-04,223,0,223,0,0,0,0
gspress.net,2024-05,166,0,166,0,0,0,0
gspress.net,2024-06,192,0,192,0,0,0,0
h-alter.org,2021-01,54,0,54,0,0,0,0
h-alter.org,2021-02,38,0,38,0,0,0,0
h-alter.org,2021-03,59,1,59,1,1,1,0
h-alter.org,2021-04,49,0,49,0,0,0,0
h-alter.org,2021-05,37,0,37,0,0,0,0
h-alter.org,2021-06,36,0,36,0,0,0,0
h-alter.org,2021-07,12,0,12,0,0,0,0
h-alter.org,2024-02,13,0,13,0,0,0,0
h-alter.org,2024-03,71,1,71,1,1,1,0
h-alter.org,2024-04,55,0,55,0,0,0,0
h-alter.org,2024-05,75,0,75,0,0,0,0
h-alter.org,2024-06,65,0,65,0,0,0,0
h-alter.org,2024-07,79,0,79,0,0,0,0
h-alter.org,2024-08,23,0,23,0,0,0,0
h-alter.org,2024-09,81,0,81,0,0,0,0
h-alter.org,2024-10,100,0,100,0,0,0,0
h-alter.org,2024-11,71,0,71,0,0,0,0
h-alter.org,2024-12,59,0,59,0,0,0,0
h-alter.org,2025-01,88,1,88,1,1,1,0
h-alter.org,2025-02,79,0,79,0,0,0,0
h-alter.org,2025-03,80,0,80,0,0,0,0
h-alter.org,2025-04,59,0,59,0,0,0,0
h-alter.org,2025-05,82,0,82,0,0,0,0
h-alter.org,2025-06,76,0,76,0,0,0,0
h-alter.org,2025-07,75,0,75,0,0,0,0
h-alter.org,2025-08,38,0,38,0,0,0,0
h-alter.org,2025-09,74,0,74,0,0,0,0
h-alter.org,2025-10,94,0,94,0,0,0,0
h-alter.org,2025-11,87,0,87,0,0,0,0
h-alter.org,2025-12,82,1,82,1,1,1,0
h-alter.org,2026-01,83,0,83,0,0,0,0
h-alter.org,2026-02,85,0,85,0,0,0,0
h-alter.org,2026-03,115,0,115,0,0,0,0
h-alter.org,2026-04,96,0,96,0,0,0,0
h-alter.org,2026-05,87,0,87,0,0,0,0
h-alter.org,2026-06,86,1,86,1,1,1,0
h-alter.org,2026-07,81,0,81,0,0,0,0
h-alter.org,2026-08,51,0,51,0,0,0,0
h-alter.org,2026-09,22,0,22,0,0,0,0
haus.hr,2024-03,1,0,1,0,0,0,0
haus.hr,2024-04,1,0,1,0,0,0,0
haus.hr,2024-05,1,0,1,0,0,0,0
haus.hr,2024-06,1,0,1,0,0,0,0
haus.hr,2024-10,1,0,1,0,0,0,0
haus.hr,2024-11,2,0,2,0,0,0,0
haus.hr,2024-12,1,0,1,0,0,0,0
haus.hr,2025-01,2,0,2,0,0,0,0
haus.hr,2025-02,1,0,1,0,0,0,0
haus.hr,2025-03,1,0,1,0,0,0,0
haus.hr,2025-04,3,0,3,0,0,0,0
haus.hr,2025-05,2,0,2,0,0,0,0
haus.hr,2025-06,3,0,3,0,0,0,0
haus.hr,2025-07,20,0,20,0,0,0,0
haus.hr,2025-08,16,0,16,0,0,0,0
haus.hr,2025-09,11,0,11,0,0,0,0
haus.hr,2025-10,9,0,9,0,0,0,0
haus.hr,2025-11,6,0,6,0,0,0,0
haus.hr,2025-12,2,0,2,0,0,0,0
haus.hr,2026-01,4,0,4,0,0,0,0
haus.hr,2026-02,12,0,12,0,0,0,0
haus.hr,2026-03,13,0,13,0,0,0,0
haus.hr,2026-04,2,0,2,0,0,0,0
haus.hr,2026-05,7,0,7,0,0,0,0
haus.hr,2026-06,4,0,4,0,0,0,0
haus.hr,2026-07,1,0,1,0,0,0,0
haus.hr,2026-08,3,0,3,0,0,0,0
haus.hr,2026-09,2,0,2,0,0,0,0
heritagecroatia.com,2021-01,2,0,2,0,0,0,0
heritagecroatia.com,2021-02,3,0,3,0,0,0,0
heritagecroatia.com,2021-03,2,0,2,0,0,0,0
heritagecroatia.com,2021-04,2,0,2,0,0,0,0
heritagecroatia.com,2021-05,1,0,1,0,0,0,0
hia.com.hr,2021-01,476,3,476,3,3,3,0
hia.com.hr,2021-02,449,3,449,3,3,3,0
hia.com.hr,2021-03,498,1,498,1,1,1,0
hia.com.hr,2021-04,506,1,506,1,1,1,0
hia.com.hr,2021-05,487,1,487,1,1,1,0
hia.com.hr,2021-06,402,1,402,1,1,1,0
hia.com.hr,2021-07,411,14,411,14,14,14,0
hia.com.hr,2021-08,384,3,384,3,3,3,1
hia.com.hr,2021-09,458,7,458,7,7,7,0
hia.com.hr,2021-10,499,5,499,5,5,5,0
hia.com.hr,2021-11,448,2,448,2,2,2,0
hia.com.hr,2021-12,440,7,440,7,7,7,0
hia.com.hr,2022-01,404,11,404,11,11,11,1
hia.com.hr,2022-02,439,7,439,7,7,7,1
hia.com.hr,2022-03,562,7,562,7,7,7,0
hia.com.hr,2022-04,493,4,493,4,4,4,0
hia.com.hr,2022-05,460,3,460,3,3,3,0
hia.com.hr,2022-06,449,2,449,2,2,2,0
hia.com.hr,2022-07,470,7,470,7,7,7,0
hia.com.hr,2022-08,371,2,371,2,2,2,0
hia.com.hr,2022-09,381,7,381,7,7,7,0
hia.com.hr,2022-10,410,4,410,4,4,4,0
hia.com.hr,2022-11,457,6,457,6,6,6,0
hia.com.hr,2022-12,434,7,434,7,7,7,0
hia.com.hr,2023-01,370,9,370,9,9,9,0
hia.com.hr,2023-02,358,1,358,1,1,1,0
hia.com.hr,2023-03,450,0,450,0,0,0,0
hia.com.hr,2023-04,434,6,434,6,6,6,0
hia.com.hr,2023-05,500,3,500,3,3,3,0
hia.com.hr,2023-06,438,4,438,4,4,4,0
hia.com.hr,2023-07,451,2,451,2,2,2,0
hia.com.hr,2023-08,409,0,409,0,0,0,0
hia.com.hr,2023-09,357,2,357,2,2,2,0
hia.com.hr,2023-10,392,4,392,4,4,4,1
hia.com.hr,2023-11,432,3,432,3,3,3,0
hia.com.hr,2023-12,395,2,395,2,2,2,0
hia.com.hr,2024-01,324,1,324,1,1,1,0
hia.com.hr,2024-02,333,2,333,2,2,2,0
hia.com.hr,2024-03,448,2,448,2,2,2,0
hia.com.hr,2024-04,380,3,380,3,3,3,0
hia.com.hr,2024-05,459,1,459,1,1,1,0
hia.com.hr,2024-06,445,3,445,3,3,3,1
hia.com.hr,2024-07,492,5,492,5,5,5,1
hia.com.hr,2024-08,411,1,411,1,1,1,0
hia.com.hr,2024-09,466,2,466,2,2,2,0
hia.com.hr,2024-10,431,1,431,1,1,1,0
hia.com.hr,2024-11,389,2,389,2,2,2,0
hia.com.hr,2024-12,345,2,345,2,2,2,1
hia.com.hr,2025-01,331,5,331,5,5,5,0
hia.com.hr,2025-02,327,5,327,5,5,5,0
hia.com.hr,2025-03,412,0,412,0,0,0,0
hia.com.hr,2025-04,355,1,355,1,1,1,0
hia.com.hr,2025-05,472,0,472,0,0,0,0
hia.com.hr,2025-06,370,2,370,2,2,2,0
hia.com.hr,2025-07,388,0,388,0,0,0,0
hia.com.hr,2025-08,326,2,326,2,2,2,0
hia.com.hr,2025-09,400,0,400,0,0,0,0
hia.com.hr,2025-10,402,1,402,1,1,1,0
hia.com.hr,2025-11,353,1,353,1,1,1,0
hia.com.hr,2025-12,323,0,323,0,0,0,0
hia.com.hr,2026-01,278,6,278,6,6,6,0
hia.com.hr,2026-02,297,2,297,2,2,2,0
hia.com.hr,2026-03,347,0,347,0,0,0,0
hia.com.hr,2026-04,264,0,264,0,0,0,0
hia.com.hr,2026-05,310,1,310,1,1,1,0
hia.com.hr,2026-06,353,1,353,1,1,1,0
hia.com.hr,2026-07,285,1,285,1,1,1,0
hia.com.hr,2026-08,272,2,272,2,2,2,0
hia.com.hr,2026-09,97,0,97,0,0,0,0
hina.hr,2021-01,12,0,12,0,0,0,0
hina.hr,2021-02,4,0,4,0,0,0,0
hina.hr,2021-04,1,0,1,0,0,0,0
hina.hr,2021-05,1,0,1,0,0,0,0
hina.hr,2021-06,4,0,4,0,0,0,0
hina.hr,2021-07,3,0,3,0,0,0,0
hina.hr,2021-08,1,0,1,0,0,0,0
hina.hr,2021-09,175,4,175,4,4,4,1
hina.hr,2021-10,5610,36,5610,36,36,36,25
hina.hr,2021-11,6727,32,6727,32,32,32,25
hina.hr,2021-12,5462,26,5462,26,22,22,23
hina.hr,2022-01,6205,45,6205,45,45,45,30
hina.hr,2022-02,6036,37,6036,37,37,37,26
hina.hr,2022-03,6486,35,6486,35,35,35,23
hina.hr,2022-04,859,0,859,0,0,0,0
hina.hr,2022-05,1881,6,1881,6,6,6,5
hina.hr,2022-06,2565,9,2565,9,9,9,6
hina.hr,2022-07,1467,5,1467,5,4,4,3
hina.hr,2022-08,1103,9,1103,9,7,7,7
hina.hr,2022-09,2450,5,2450,5,5,5,5
hina.hr,2022-10,2006,8,2006,8,8,8,5
hina.hr,2022-11,72,0,72,0,0,0,0
hina.hr,2022-12,91,0,91,0,0,0,0
hina.hr,2023-01,673,2,673,2,2,2,1
hina.hr,2023-02,372,0,372,0,0,0,0
hina.hr,2023-03,400,2,400,2,2,2,2
hina.hr,2023-04,640,2,640,2,2,2,0
hina.hr,2023-05,184,1,184,1,1,1,1
hina.hr,2023-06,361,1,361,1,1,1,0
hina.hr,2023-07,301,0,301,0,0,0,0
hina.hr,2023-08,236,0,236,0,0,0,0
hina.hr,2023-09,367,1,367,1,1,1,0
hina.hr,2023-10,38,1,38,1,1,1,0
hina.hr,2023-11,131,0,131,0,0,0,0
hina.hr,2023-12,153,0,153,0,0,0,0
hina.hr,2024-01,139,0,139,0,0,0,0
hina.hr,2024-02,134,0,134,0,0,0,0
hina.hr,2024-03,139,0,139,0,0,0,0
hina.hr,2024-04,100,0,100,0,0,0,0
hina.hr,2024-05,94,0,94,0,0,0,0
hina.hr,2024-06,381,2,381,2,2,2,0
hina.hr,2024-07,2486,11,2486,11,11,11,6
hina.hr,2024-08,2350,2,2350,2,2,2,1
hina.hr,2024-09,2644,4,2644,4,4,4,2
hina.hr,2024-10,3127,4,3127,4,4,4,1
hina.hr,2024-11,2841,4,2841,4,4,4,0
hina.hr,2024-12,2695,6,2695,6,6,6,3
hina.hr,2025-01,2703,14,2703,14,14,14,5
hina.hr,2025-02,2678,16,2678,16,16,16,11
hina.hr,2025-03,1832,12,1832,12,12,12,6
hina.hr,2025-04,2463,5,2463,5,5,5,2
hina.hr,2025-05,3198,8,3198,8,8,8,3
hina.hr,2025-06,2766,10,2766,10,10,10,7
hina.hr,2025-07,2820,12,2820,12,12,12,8
hina.hr,2025-08,2026,4,2026,4,4,4,3
hina.hr,2025-09,2799,9,2799,9,9,9,4
hina.hr,2025-10,3274,7,3274,7,7,7,0
hina.hr,2025-11,2908,10,2908,10,10,10,2
hina.hr,2025-12,2708,4,2708,4,4,4,2
hina.hr,2026-01,2767,25,2767,25,25,25,4
hina.hr,2026-02,2863,3,2863,3,3,3,2
hina.hr,2026-03,3411,17,3411,17,17,17,5
hina.hr,2026-04,3133,9,3133,9,9,9,3
hina.hr,2026-05,3205,15,3205,15,15,15,4
hina.hr,2026-06,3281,12,3281,12,12,12,6
hina.hr,2026-07,2974,11,2974,11,11,11,8
hina.hr,2026-08,2644,4,2644,4,4,4,3
hina.hr,2026-09,1063,4,1063,4,4,4,3
hkm.hr,2021-01,870,2,870,2,2,2,1
hkm.hr,2021-02,1036,0,1036,0,0,0,0
hkm.hr,2021-03,1240,1,1240,1,1,1,0
hkm.hr,2021-04,997,0,997,0,0,0,0
hkm.hr,2021-05,1146,0,1146,0,0,0,0
hkm.hr,2021-06,1133,0,1133,0,0,0,0
hkm.hr,2021-07,1083,0,1083,0,0,0,0
hkm.hr,2021-08,1026,0,1026,0,0,0,0
hkm.hr,2021-09,1462,3,1462,3,3,3,0
hkm.hr,2021-10,1545,5,1545,5,5,5,0
hkm.hr,2021-11,1553,2,1553,2,2,2,0
hkm.hr,2021-12,1640,3,1640,3,3,3,0
hkm.hr,2022-01,1315,5,1315,5,5,5,0
hkm.hr,2022-02,1338,4,1338,4,4,4,0
hkm.hr,2022-03,1744,3,1744,3,3,3,0
hkm.hr,2022-04,1603,1,1603,1,1,1,0
hkm.hr,2022-05,1600,3,1600,3,3,3,0
hkm.hr,2022-06,1552,2,1552,2,2,2,0
hkm.hr,2022-07,1258,0,1258,0,0,0,0
hkm.hr,2022-08,1231,0,1231,0,0,0,0
hkm.hr,2022-09,1463,0,1463,0,0,0,0
hkm.hr,2022-10,1608,5,1608,5,5,5,0
hkm.hr,2022-11,1439,5,1439,5,5,5,0
hkm.hr,2022-12,1533,3,1533,3,3,3,0
hkm.hr,2023-01,1235,3,1235,3,3,3,0
hkm.hr,2023-02,1339,4,1339,4,4,4,0
hkm.hr,2023-03,1677,5,1677,5,5,5,0
hkm.hr,2023-04,1384,1,1384,1,1,1,0
hkm.hr,2023-05,1602,4,1602,4,4,4,0
hkm.hr,2023-06,1490,2,1490,2,2,2,0
hkm.hr,2023-07,1127,0,1127,0,0,0,0
hkm.hr,2023-08,1121,0,1121,0,0,0,0
hkm.hr,2023-09,1450,1,1450,1,1,1,1
hkm.hr,2023-10,1554,0,1554,0,0,0,0
hkm.hr,2023-11,1544,0,1544,0,0,0,0
hkm.hr,2023-12,1591,0,1591,0,0,0,0
hkm.hr,2024-01,1274,0,1274,0,0,0,0
hkm.hr,2024-02,1444,0,1444,0,0,0,0
hkm.hr,2024-03,1803,0,1803,0,0,0,0
hkm.hr,2024-04,1286,0,1286,0,0,0,0
hkm.hr,2024-05,1640,0,1640,0,0,0,0
hkm.hr,2024-06,1418,0,1418,0,0,0,0
hkm.hr,2024-07,1123,0,1123,0,0,0,0
hkm.hr,2024-08,1106,0,1106,0,0,0,0
hkm.hr,2024-09,1363,0,1363,0,0,0,0
hkm.hr,2024-10,1297,0,1297,0,0,0,0
hkm.hr,2024-11,1067,0,1067,0,0,0,0
hkm.hr,2024-12,1092,0,1092,0,0,0,0
hkm.hr,2025-01,752,0,752,0,0,0,0
hkm.hr,2025-02,887,4,887,4,4,4,0
hkm.hr,2025-03,1056,0,1056,0,0,0,0
hkm.hr,2025-04,1111,1,1111,1,1,1,0
hkm.hr,2025-05,986,0,986,0,0,0,0
hkm.hr,2025-06,844,0,844,0,0,0,0
hkm.hr,2025-07,642,1,642,1,1,1,1
hkm.hr,2025-08,630,0,630,0,0,0,0
hkm.hr,2025-09,787,0,787,0,0,0,0
hkm.hr,2025-10,969,0,969,0,0,0,0
hkm.hr,2025-11,853,0,853,0,0,0,0
hkm.hr,2025-12,855,0,855,0,0,0,0
hkm.hr,2026-01,597,1,597,1,1,1,0
hkm.hr,2026-02,641,0,641,0,0,0,0
hkm.hr,2026-03,951,0,951,0,0,0,0
hkm.hr,2026-04,763,0,763,0,0,0,0
hkm.hr,2026-05,863,0,863,0,0,0,0
hkm.hr,2026-06,799,0,799,0,0,0,0
hkm.hr,2026-07,767,1,767,1,1,1,0
hkm.hr,2026-08,782,0,782,0,0,0,0
hkm.hr,2026-09,291,0,291,0,0,0,0
hkv.hr,2021-01,92,0,92,0,0,0,0
hkv.hr,2021-02,146,0,146,0,0,0,0
hkv.hr,2021-03,110,0,110,0,0,0,0
hkv.hr,2021-04,74,1,74,1,1,1,0
hkv.hr,2021-05,88,0,88,0,0,0,0
hkv.hr,2021-06,128,0,128,0,0,0,0
hkv.hr,2021-07,182,1,182,1,1,1,0
hkv.hr,2021-08,184,3,184,3,3,3,0
hkv.hr,2021-09,196,3,196,3,3,3,0
hkv.hr,2021-10,295,2,295,2,2,2,0
hkv.hr,2021-11,243,1,243,1,1,1,0
hkv.hr,2021-12,174,1,174,1,1,1,0
hkv.hr,2022-01,183,6,183,6,6,6,1
hkv.hr,2022-02,147,3,147,3,3,3,1
hkv.hr,2022-03,206,2,206,2,2,2,0
hkv.hr,2022-04,186,4,186,4,4,4,0
hkv.hr,2022-05,189,4,189,4,4,4,0
hkv.hr,2022-06,198,1,198,1,1,1,0
hkv.hr,2022-07,188,3,188,3,3,3,0
hkv.hr,2022-08,172,0,172,0,0,0,0
hkv.hr,2022-09,185,1,185,1,1,1,0
hkv.hr,2022-10,192,0,192,0,0,0,0
hkv.hr,2022-11,177,0,177,0,0,0,0
hkv.hr,2022-12,174,3,174,3,3,3,0
hkv.hr,2023-01,168,2,168,2,2,2,0
hkv.hr,2023-02,160,4,160,4,4,4,2
hkv.hr,2023-03,191,2,191,2,2,2,0
hkv.hr,2023-04,171,2,171,2,2,2,0
hkv.hr,2023-05,180,1,180,1,1,1,0
hkv.hr,2023-06,176,1,176,1,1,1,0
hkv.hr,2023-07,165,1,165,1,1,1,0
hkv.hr,2023-08,134,1,134,1,1,1,0
hkv.hr,2023-09,34,1,34,1,1,1,0
hkv.hr,2024-01,1,0,1,0,0,0,0
hkv.hr,2024-02,2,0,2,0,0,0,0
hkv.hr,2024-03,3,0,3,0,0,0,0
hkv.hr,2024-04,6,0,6,0,0,0,0
hkv.hr,2024-05,2,0,2,0,0,0,0
hkv.hr,2024-06,1,0,1,0,0,0,0
hkv.hr,2024-09,1,0,1,0,0,0,0
hkv.hr,2024-10,2,0,2,0,0,0,0
hkv.hr,2024-11,3,0,3,0,0,0,0
hkv.hr,2024-12,3,0,3,0,0,0,0
hkv.hr,2025-02,13,1,13,1,1,1,0
hkv.hr,2025-03,2,0,2,0,0,0,0
hou.hr,2021-02,3,0,3,0,0,0,0
hou.hr,2021-08,3,0,3,0,0,0,0
hou.hr,2021-09,2,0,2,0,0,0,0
hou.hr,2021-10,1,0,1,0,0,0,0
hou.hr,2022-01,6,0,6,0,0,0,0
hou.hr,2022-02,2,0,2,0,0,0,0
hou.hr,2022-03,1,0,1,0,0,0,0
hou.hr,2022-04,1,0,1,0,0,0,0
hou.hr,2022-07,4,2,4,2,2,2,0
hou.hr,2022-09,1,0,1,0,0,0,0
hou.hr,2024-01,7,0,7,0,0,0,0
hou.hr,2024-02,3,0,3,0,0,0,0
hou.hr,2024-03,19,0,19,0,0,0,0
hou.hr,2024-04,16,0,16,0,0,0,0
hou.hr,2024-05,11,0,11,0,0,0,0
hou.hr,2024-06,1,0,1,0,0,0,0
hou.hr,2024-07,2,0,2,0,0,0,0
hou.hr,2024-10,1,0,1,0,0,0,0
hou.hr,2024-11,1,0,1,0,0,0,0
hou.hr,2025-01,1,0,1,0,0,0,0
hou.hr,2025-03,1,0,1,0,0,0,0
hou.hr,2025-06,1,0,1,0,0,0,0
hou.hr,2025-07,1,0,1,0,0,0,0
hou.hr,2025-08,2,0,2,0,0,0,0
hou.hr,2025-09,3,0,3,0,0,0,0
hou.hr,2025-10,2,0,2,0,0,0,0
hou.hr,2025-12,4,0,4,0,0,0,0
hou.hr,2026-01,2,0,2,0,0,0,0
hou.hr,2026-08,1,0,1,0,0,0,0
hrt.hr,2021-01,3682,2,3682,2,2,2,0
hrt.hr,2021-02,3775,2,3775,2,2,2,0
hrt.hr,2021-03,4976,6,4976,6,6,6,2
hrt.hr,2021-04,5098,7,5098,7,7,7,0
hrt.hr,2021-05,4749,1,4749,1,1,1,0
hrt.hr,2021-06,4206,1,4206,1,1,1,0
hrt.hr,2021-07,4618,15,4618,15,15,15,0
hrt.hr,2021-08,3943,10,3943,10,10,10,4
hrt.hr,2021-09,3866,19,3866,19,19,19,0
hrt.hr,2021-10,4329,16,4329,16,16,16,2
hrt.hr,2021-11,4638,6,4638,6,6,6,0
hrt.hr,2021-12,4405,12,4405,12,11,11,2
hrt.hr,2022-01,4078,36,4078,36,36,36,12
hrt.hr,2022-02,4689,45,4689,45,45,45,14
hrt.hr,2022-03,4890,32,4890,32,32,32,7
hrt.hr,2022-04,4545,13,4545,13,13,13,1
hrt.hr,2022-05,4567,24,4567,24,24,24,4
hrt.hr,2022-06,4133,24,4133,24,24,24,2
hrt.hr,2022-07,4191,36,4191,36,35,35,5
hrt.hr,2022-08,3852,18,3852,18,18,18,1
hrt.hr,2022-09,4324,22,4324,22,21,21,5
hrt.hr,2022-10,4573,43,4573,43,43,43,6
hrt.hr,2022-11,4296,15,4296,15,14,14,2
hrt.hr,2022-12,4336,44,4336,44,44,44,4
hrt.hr,2023-01,4218,34,4218,34,34,34,2
hrt.hr,2023-02,4216,13,4216,13,13,13,3
hrt.hr,2023-03,4828,17,4828,17,17,17,4
hrt.hr,2023-04,4382,25,4382,25,25,25,4
hrt.hr,2023-05,4473,18,4473,18,18,18,0
hrt.hr,2023-06,4147,17,4147,17,17,17,1
hrt.hr,2023-07,4038,13,4038,13,13,13,2
hrt.hr,2023-08,3835,13,3835,13,13,13,2
hrt.hr,2023-09,4462,23,4462,23,23,23,3
hrt.hr,2023-10,4547,14,4547,14,14,14,2
hrt.hr,2023-11,4190,16,4190,16,16,16,3
hrt.hr,2023-12,4049,19,4049,19,19,19,4
hrt.hr,2024-01,4354,28,4354,28,28,28,4
hrt.hr,2024-02,4312,20,4312,20,20,20,1
hrt.hr,2024-03,4447,15,4447,15,15,15,4
hrt.hr,2024-04,4319,7,4319,7,7,7,2
hrt.hr,2024-05,4292,12,4292,12,12,12,3
hrt.hr,2024-06,4173,25,4173,25,25,25,6
hrt.hr,2024-07,4278,21,4278,21,21,21,6
hrt.hr,2024-08,3877,4,3877,4,4,4,1
hrt.hr,2024-09,4032,11,4032,11,11,11,4
hrt.hr,2024-10,4370,17,4370,17,17,17,1
hrt.hr,2024-11,4052,8,4052,8,8,8,1
hrt.hr,2024-12,4046,7,4046,7,7,7,3
hrt.hr,2025-01,4234,25,4234,25,25,25,2
hrt.hr,2025-02,4027,28,4027,28,28,28,8
hrt.hr,2025-03,4470,23,4470,23,23,23,5
hrt.hr,2025-04,4134,16,4134,16,16,16,2
hrt.hr,2025-05,3986,15,3986,15,15,15,2
hrt.hr,2025-06,3817,14,3817,14,14,14,3
hrt.hr,2025-07,3782,12,3782,12,12,12,2
hrt.hr,2025-08,3510,6,3510,6,6,6,2
hrt.hr,2025-09,3932,16,3932,16,16,16,4
hrt.hr,2025-10,4205,12,4205,12,12,12,0
hrt.hr,2025-11,3913,16,3913,16,16,16,4
hrt.hr,2025-12,3951,19,3951,19,19,19,3
hrt.hr,2026-01,4293,40,4293,40,40,40,4
hrt.hr,2026-02,3725,14,3725,14,14,14,1
hrt.hr,2026-03,4735,25,4735,25,25,25,3
hrt.hr,2026-04,4197,10,4197,10,10,10,1
hrt.hr,2026-05,4437,22,4437,22,22,22,3
hrt.hr,2026-06,4346,26,4346,26,26,26,9
hrt.hr,2026-07,4373,18,4373,18,18,18,6
hrt.hr,2026-08,3910,5,3910,5,5,5,3
hrt.hr,2026-09,1571,1,1571,1,1,1,0
hrturizam.hr,2021-01,110,0,110,0,0,0,0
hrturizam.hr,2021-02,127,1,127,1,1,1,1
hrturizam.hr,2021-03,146,2,146,2,2,2,1
hrturizam.hr,2021-04,138,1,138,1,1,1,0
hrturizam.hr,2021-05,146,1,146,1,1,1,0
hrturizam.hr,2021-06,150,0,150,0,0,0,0
hrturizam.hr,2021-07,168,0,168,0,0,0,0
hrturizam.hr,2021-08,140,0,140,0,0,0,0
hrturizam.hr,2021-09,147,0,147,0,0,0,0
hrturizam.hr,2021-10,147,0,147,0,0,0,0
hrturizam.hr,2021-11,136,1,136,1,1,1,0
hrturizam.hr,2021-12,164,0,164,0,0,0,0
hrturizam.hr,2022-01,149,0,149,0,0,0,0
hrturizam.hr,2022-02,151,0,151,0,0,0,0
hrturizam.hr,2022-03,160,2,160,2,2,2,1
hrturizam.hr,2022-04,159,0,159,0,0,0,0
hrturizam.hr,2022-05,154,0,154,0,0,0,0
hrturizam.hr,2022-06,158,0,158,0,0,0,0
hrturizam.hr,2022-07,144,1,144,1,1,1,0
hrturizam.hr,2022-08,136,0,136,0,0,0,0
hrturizam.hr,2022-09,141,0,141,0,0,0,0
hrturizam.hr,2022-10,128,2,128,2,2,2,0
hrturizam.hr,2022-11,130,0,130,0,0,0,0
hrturizam.hr,2022-12,117,0,117,0,0,0,0
hrturizam.hr,2023-01,127,2,127,2,2,2,0
hrturizam.hr,2023-02,122,0,122,0,0,0,0
hrturizam.hr,2023-03,147,1,147,1,1,1,0
hrturizam.hr,2023-04,118,0,118,0,0,0,0
hrturizam.hr,2023-05,136,0,136,0,0,0,0
hrturizam.hr,2023-06,125,0,125,0,0,0,0
hrturizam.hr,2023-07,143,1,143,1,1,1,0
hrturizam.hr,2023-08,112,1,112,1,1,1,0
hrturizam.hr,2023-09,129,1,129,1,1,1,0
hrturizam.hr,2023-10,132,0,132,0,0,0,0
hrturizam.hr,2023-11,121,1,121,1,1,1,0
hrturizam.hr,2023-12,129,1,129,1,1,1,0
hrturizam.hr,2024-01,165,1,165,1,1,1,0
hrturizam.hr,2024-02,175,0,175,0,0,0,0
hrturizam.hr,2024-03,208,2,208,2,2,2,0
hrturizam.hr,2024-04,199,0,199,0,0,0,0
hrturizam.hr,2024-05,186,2,186,2,2,2,0
hrturizam.hr,2024-06,156,2,156,2,2,2,0
hrturizam.hr,2024-07,172,1,172,1,1,1,0
hrturizam.hr,2024-08,143,2,143,2,2,2,2
hrturizam.hr,2024-09,153,3,153,3,3,3,0
hrturizam.hr,2024-10,175,0,175,0,0,0,0
hrturizam.hr,2024-11,165,2,165,2,2,2,0
hrturizam.hr,2024-12,141,2,141,2,2,2,0
hrturizam.hr,2025-01,133,2,133,2,2,2,0
hrturizam.hr,2025-02,120,2,120,2,2,2,0
hrturizam.hr,2025-03,159,2,159,2,2,2,0
hrturizam.hr,2025-04,147,0,147,0,0,0,0
hrturizam.hr,2025-05,123,0,123,0,0,0,0
hrturizam.hr,2025-06,124,1,124,1,1,1,0
hrturizam.hr,2025-07,132,2,132,2,2,2,0
hrturizam.hr,2025-08,110,1,110,1,1,1,0
hrturizam.hr,2025-09,134,2,134,2,2,2,0
hrturizam.hr,2025-10,134,0,134,0,0,0,0
hrturizam.hr,2025-11,124,0,124,0,0,0,0
hrturizam.hr,2025-12,123,4,123,4,4,4,0
hrturizam.hr,2026-01,109,0,109,0,0,0,0
hrturizam.hr,2026-02,114,0,114,0,0,0,0
hrturizam.hr,2026-03,127,1,127,1,1,1,0
hrturizam.hr,2026-04,128,0,128,0,0,0,0
hrturizam.hr,2026-05,120,1,120,1,1,1,0
hrturizam.hr,2026-06,114,1,114,1,1,1,0
hrturizam.hr,2026-07,121,0,121,0,0,0,0
hrturizam.hr,2026-08,103,0,103,0,0,0,0
hrturizam.hr,2026-09,35,0,35,0,0,0,0
hrvatska-danas.com,2021-01,1803,2,1803,2,2,2,1
hrvatska-danas.com,2021-02,1555,1,1555,1,1,1,1
hrvatska-danas.com,2021-03,1708,1,1708,1,1,1,0
hrvatska-danas.com,2021-04,2006,4,2006,4,4,4,1
hrvatska-danas.com,2021-05,2021,4,2021,4,4,4,0
hrvatska-danas.com,2021-06,1992,6,1992,6,6,6,2
hrvatska-danas.com,2021-07,1934,22,1934,22,22,22,5
hrvatska-danas.com,2021-08,2269,21,2269,21,21,21,5
hrvatska-danas.com,2021-09,1896,29,1896,29,29,29,1
hrvatska-danas.com,2021-10,1920,25,1920,25,25,25,0
hrvatska-danas.com,2021-11,2059,14,2059,14,14,14,1
hrvatska-danas.com,2021-12,2100,13,2100,13,13,13,0
hrvatska-danas.com,2022-01,1749,51,1749,51,51,51,18
hrvatska-danas.com,2022-02,1659,50,1659,50,50,50,13
hrvatska-danas.com,2022-03,1775,5,1775,5,5,5,0
hrvatska-danas.com,2022-04,1331,9,1331,9,9,9,2
hrvatska-danas.com,2022-05,1262,12,1262,12,12,12,1
hrvatska-danas.com,2022-06,1041,7,1041,7,7,7,0
hrvatska-danas.com,2022-07,996,11,996,11,10,10,2
hrvatska-danas.com,2022-08,1189,4,1189,4,4,4,0
hrvatska-danas.com,2022-09,1102,6,1102,6,6,6,0
hrvatska-danas.com,2022-10,1269,11,1269,11,11,11,1
hrvatska-danas.com,2022-11,1850,7,1850,7,7,7,1
hrvatska-danas.com,2022-12,2257,17,2256,17,17,17,2
hrvatska-danas.com,2023-01,2492,32,2492,32,32,32,2
hrvatska-danas.com,2023-02,2069,11,2069,11,11,11,1
hrvatska-danas.com,2023-03,2223,13,2223,13,13,13,2
hrvatska-danas.com,2023-04,1926,8,1926,8,8,8,2
hrvatska-danas.com,2023-05,1874,8,1874,8,8,8,0
hrvatska-danas.com,2023-06,1675,10,1675,10,10,10,0
hrvatska-danas.com,2023-07,1877,5,1877,5,5,5,0
hrvatska-danas.com,2023-08,1723,11,1723,11,11,11,3
hrvatska-danas.com,2023-09,1280,14,1280,14,14,14,1
hrvatska-danas.com,2023-10,1684,4,1684,4,4,4,0
hrvatska-danas.com,2023-11,1598,5,1598,5,5,5,0
hrvatska-danas.com,2023-12,1671,6,1671,6,6,6,1
hrvatska-danas.com,2024-01,1370,11,1370,11,11,11,1
hrvatska-danas.com,2024-02,1330,4,1330,4,4,4,0
hrvatska-danas.com,2024-03,620,0,620,0,0,0,0
hrvatska-danas.com,2024-04,315,0,315,0,0,0,0
hrvatska-danas.com,2024-05,408,1,408,1,1,1,0
hrvatska-danas.com,2024-06,802,6,802,6,6,6,0
hrvatska-danas.com,2024-07,879,5,879,5,5,5,1
hrvatska-danas.com,2024-08,143,0,143,0,0,0,0
hrvatska-danas.com,2024-10,15,0,15,0,0,0,0
hrvatska-danas.com,2024-12,10,0,10,0,0,0,0
hrvatska-danas.com,2025-01,14,0,14,0,0,0,0
hrvatska-danas.com,2025-02,47,1,47,1,1,1,1
hrvatska-danas.com,2025-05,9,0,9,0,0,0,0
hrvatska-danas.com,2025-11,31,0,31,0,0,0,0
hrvatska-danas.com,2026-02,15,0,15,0,0,0,0
hrvatska-danas.com,2026-03,21,0,21,0,0,0,0
hrvatska-danas.com,2026-04,10,1,10,1,1,1,0
hrvatska-danas.com,2026-05,11,0,11,0,0,0,0
hrvatska-danas.com,2026-07,12,0,12,0,0,0,0
hrvatska-danas.com,2026-08,9,0,9,0,0,0,0
hrvatskauzivo.com,2024-02,1,0,1,0,0,0,0
hrvatskauzivo.com,2024-03,1,0,1,0,0,0,0
hrvatskauzivo.com,2024-04,1,0,1,0,0,0,0
hrvatskauzivo.com,2024-05,1,0,1,0,0,0,0
hrvatskauzivo.com,2025-03,1,0,1,0,0,0,0
hrvatskauzivo.com,2025-06,1,0,1,0,0,0,0
hrvatski-glasnik.com,2021-01,29,0,29,0,0,0,0
hrvatski-glasnik.com,2021-02,11,0,11,0,0,0,0
hrvatski-glasnik.com,2021-03,8,0,8,0,0,0,0
hrvatski-glasnik.com,2021-04,14,0,14,0,0,0,0
hrvatski-glasnik.com,2021-05,21,0,21,0,0,0,0
hrvatski-glasnik.com,2021-06,30,0,30,0,0,0,0
hrvatski-glasnik.com,2021-07,4,0,4,0,0,0,0
hrvatski-glasnik.com,2021-08,21,1,21,1,1,1,0
hrvatski-glasnik.com,2021-09,35,0,35,0,0,0,0
hrvatski-glasnik.com,2021-10,29,0,29,0,0,0,0
hrvatski-glasnik.com,2021-11,20,0,20,0,0,0,0
hrvatski-glasnik.com,2021-12,18,0,18,0,0,0,0
hrvatski-glasnik.com,2022-02,13,0,13,0,0,0,0
hrvatski-glasnik.com,2022-05,20,0,20,0,0,0,0
hrvatski-glasnik.com,2022-07,24,0,24,0,0,0,0
hrvatski-glasnik.com,2022-08,8,0,8,0,0,0,0
hrvatski-glasnik.com,2022-09,17,0,17,0,0,0,0
hrvatski-glasnik.com,2022-11,11,0,11,0,0,0,0
hrvatski-glasnik.com,2022-12,14,0,14,0,0,0,0
hrvatski-glasnik.com,2023-05,24,0,24,0,0,0,0
hrvatski-glasnik.com,2024-01,194,4,194,4,4,4,0
hrvatski-glasnik.com,2024-02,188,1,188,1,1,1,0
hrvatski-glasnik.com,2024-03,525,3,525,3,3,3,0
hrvatski-glasnik.com,2024-04,533,0,533,0,0,0,0
hrvatski-glasnik.com,2024-05,559,2,559,2,2,2,0
hrvatski-glasnik.com,2024-06,750,6,750,6,6,6,0
hrvatski-glasnik.com,2024-07,706,5,706,5,5,5,1
hrvatski-glasnik.com,2024-08,574,2,574,2,2,2,0
hrvatski-glasnik.com,2024-09,764,3,764,3,3,3,0
hrvatski-glasnik.com,2024-10,835,2,835,2,2,2,0
hrvatski-glasnik.com,2024-11,928,0,928,0,0,0,0
hrvatski-glasnik.com,2024-12,803,3,803,3,3,3,0
hrvatski-glasnik.com,2025-01,765,7,765,7,7,7,1
hrvatski-glasnik.com,2025-02,634,4,634,4,4,4,0
hrvatski-glasnik.com,2025-03,236,0,236,0,0,0,0
hrvatski-glasnik.com,2025-04,43,0,43,0,0,0,0
hrvatski-glasnik.com,2025-05,125,0,125,0,0,0,0
hrvatski-glasnik.com,2025-06,260,1,260,1,1,1,1
hrvatski-glasnik.com,2025-07,233,1,233,1,1,1,1
hrvatski-glasnik.com,2025-08,68,0,68,0,0,0,0
hrvatski-glasnik.com,2025-11,39,0,39,0,0,0,0
hrvatski-glasnik.com,2025-12,9,0,9,0,0,0,0
hrvatski-glasnik.com,2026-01,105,3,105,3,3,3,0
hrvatski-glasnik.com,2026-02,209,0,209,0,0,0,0
hrvatski-glasnik.com,2026-03,268,1,268,1,1,1,0
hrvatski-glasnik.com,2026-04,208,0,208,0,0,0,0
hrvatski-glasnik.com,2026-05,180,1,180,1,1,1,0
hrvatski-glasnik.com,2026-06,186,5,186,5,5,5,0
hrvatski-glasnik.com,2026-07,149,1,149,1,1,1,0
hrvatski-glasnik.com,2026-08,165,0,165,0,0,0,0
hrvatski-glasnik.com,2026-09,57,0,57,0,0,0,0
huknet1.hr,2021-01,15,0,15,0,0,0,0
huknet1.hr,2021-02,19,0,19,0,0,0,0
huknet1.hr,2021-03,23,0,23,0,0,0,0
huknet1.hr,2021-04,24,0,24,0,0,0,0
huknet1.hr,2021-05,47,0,47,0,0,0,0
huknet1.hr,2021-06,36,0,36,0,0,0,0
huknet1.hr,2021-07,32,0,32,0,0,0,0
huknet1.hr,2021-08,11,0,11,0,0,0,0
huknet1.hr,2021-09,23,0,23,0,0,0,0
huknet1.hr,2021-10,23,0,23,0,0,0,0
huknet1.hr,2021-11,30,0,30,0,0,0,0
huknet1.hr,2021-12,28,0,28,0,0,0,0
huknet1.hr,2022-01,13,0,13,0,0,0,0
huknet1.hr,2022-02,18,0,18,0,0,0,0
huknet1.hr,2022-03,20,0,20,0,0,0,0
huknet1.hr,2022-04,29,0,29,0,0,0,0
huknet1.hr,2022-05,35,0,35,0,0,0,0
huknet1.hr,2022-06,19,0,19,0,0,0,0
huknet1.hr,2022-07,23,0,23,0,0,0,0
huknet1.hr,2022-08,11,0,11,0,0,0,0
huknet1.hr,2022-09,22,0,22,0,0,0,0
huknet1.hr,2022-10,39,0,39,0,0,0,0
huknet1.hr,2022-11,31,0,31,0,0,0,0
huknet1.hr,2022-12,27,0,27,0,0,0,0
huknet1.hr,2023-01,25,0,25,0,0,0,0
huknet1.hr,2023-02,22,0,22,0,0,0,0
huknet1.hr,2023-03,22,0,22,0,0,0,0
huknet1.hr,2023-04,18,0,18,0,0,0,0
huknet1.hr,2023-05,33,0,33,0,0,0,0
huknet1.hr,2023-06,29,0,29,0,0,0,0
huknet1.hr,2023-07,16,0,16,0,0,0,0
huknet1.hr,2023-08,10,0,10,0,0,0,0
huknet1.hr,2023-09,13,0,13,0,0,0,0
huknet1.hr,2023-10,26,0,26,0,0,0,0
huknet1.hr,2023-11,14,0,14,0,0,0,0
huknet1.hr,2023-12,23,0,23,0,0,0,0
huknet1.hr,2024-01,22,0,22,0,0,0,0
huknet1.hr,2024-02,21,0,21,0,0,0,0
huknet1.hr,2024-03,18,0,18,0,0,0,0
huknet1.hr,2024-04,23,0,23,0,0,0,0
huknet1.hr,2024-05,18,0,18,0,0,0,0
huknet1.hr,2024-06,21,0,21,0,0,0,0
huknet1.hr,2024-07,12,0,12,0,0,0,0
huknet1.hr,2024-08,2,0,2,0,0,0,0
huknet1.hr,2025-02,18,0,18,0,0,0,0
huknet1.hr,2025-03,13,0,13,0,0,0,0
huknet1.hr,2025-04,27,0,27,0,0,0,0
huknet1.hr,2025-05,28,0,28,0,0,0,0
huknet1.hr,2025-06,19,0,19,0,0,0,0
huknet1.hr,2025-07,15,0,15,0,0,0,0
huknet1.hr,2025-08,12,0,12,0,0,0,0
huknet1.hr,2025-09,6,0,6,0,0,0,0
huknet1.hr,2025-10,12,0,12,0,0,0,0
huknet1.hr,2026-05,22,0,22,0,0,0,0
huknet1.hr,2026-06,17,0,17,0,0,0,0
huknet1.hr,2026-07,15,0,15,0,0,0,0
ictbusiness.info,2021-01,221,1,221,1,1,1,0
ictbusiness.info,2021-02,243,2,243,2,2,2,0
ictbusiness.info,2021-03,254,0,254,0,0,0,0
ictbusiness.info,2021-04,245,4,245,4,4,4,0
ictbusiness.info,2021-05,240,1,240,1,1,1,0
ictbusiness.info,2021-06,225,0,225,0,0,0,0
ictbusiness.info,2021-07,184,1,184,1,1,1,0
ictbusiness.info,2021-08,169,1,169,1,1,1,1
ictbusiness.info,2021-09,248,2,248,2,2,2,0
ictbusiness.info,2021-10,245,0,245,0,0,0,0
ictbusiness.info,2021-11,218,3,218,3,3,3,0
ictbusiness.info,2021-12,214,2,214,2,2,2,0
ictbusiness.info,2022-01,201,1,201,1,1,1,0
ictbusiness.info,2022-02,228,1,228,1,1,1,0
ictbusiness.info,2022-03,253,0,253,0,0,0,0
ictbusiness.info,2022-04,242,0,242,0,0,0,0
ictbusiness.info,2022-05,241,2,241,2,2,2,0
ictbusiness.info,2022-06,237,1,237,1,1,1,0
ictbusiness.info,2022-07,216,0,216,0,0,0,0
ictbusiness.info,2022-08,151,0,151,0,0,0,0
ictbusiness.info,2022-09,259,1,259,1,1,1,0
ictbusiness.info,2022-10,257,0,257,0,0,0,0
ictbusiness.info,2022-11,233,0,233,0,0,0,0
ictbusiness.info,2022-12,225,0,225,0,0,0,0
ictbusiness.info,2023-01,245,2,245,2,2,2,0
ictbusiness.info,2023-02,255,1,255,1,1,1,0
ictbusiness.info,2023-03,291,0,291,0,0,0,0
ictbusiness.info,2023-04,264,1,264,1,1,1,0
ictbusiness.info,2023-05,330,0,330,0,0,0,0
ictbusiness.info,2023-06,261,0,261,0,0,0,0
ictbusiness.info,2023-07,235,1,235,1,1,1,0
ictbusiness.info,2023-08,171,0,171,0,0,0,0
ictbusiness.info,2023-09,299,1,299,1,1,1,0
ictbusiness.info,2023-10,305,1,305,1,1,1,0
ictbusiness.info,2023-11,284,0,284,0,0,0,0
ictbusiness.info,2023-12,262,0,262,0,0,0,0
ictbusiness.info,2024-01,271,1,271,1,1,1,0
ictbusiness.info,2024-02,284,4,284,4,4,4,0
ictbusiness.info,2024-03,261,2,261,2,2,2,0
ictbusiness.info,2024-04,236,1,236,1,1,1,0
ictbusiness.info,2024-05,256,0,256,0,0,0,0
ictbusiness.info,2024-06,269,3,269,3,3,3,1
ictbusiness.info,2024-07,197,4,197,4,4,4,0
ictbusiness.info,2024-08,147,2,147,2,2,2,0
ictbusiness.info,2024-09,271,1,271,1,1,1,0
ictbusiness.info,2024-10,276,0,276,0,0,0,0
ictbusiness.info,2024-11,251,0,251,0,0,0,0
ictbusiness.info,2024-12,240,0,240,0,0,0,0
ictbusiness.info,2025-01,266,0,266,0,0,0,0
ictbusiness.info,2025-02,288,0,288,0,0,0,0
ictbusiness.info,2025-03,297,1,297,1,1,1,0
ictbusiness.info,2025-04,301,2,301,2,2,2,0
ictbusiness.info,2025-05,295,1,295,1,1,1,0
ictbusiness.info,2025-06,247,0,247,0,0,0,0
ictbusiness.info,2025-07,270,0,270,0,0,0,0
ictbusiness.info,2025-08,228,0,228,0,0,0,0
ictbusiness.info,2025-09,351,1,351,1,1,1,0
ictbusiness.info,2025-10,307,0,307,0,0,0,0
ictbusiness.info,2025-11,272,0,272,0,0,0,0
ictbusiness.info,2025-12,266,0,266,0,0,0,0
ictbusiness.info,2026-01,262,0,262,0,0,0,0
ictbusiness.info,2026-02,246,0,246,0,0,0,0
ictbusiness.info,2026-03,76,0,76,0,0,0,0
ictbusiness.info,2026-04,30,0,30,0,0,0,0
ictbusiness.info,2026-05,43,0,43,0,0,0,0
ictbusiness.info,2026-06,37,0,37,0,0,0,0
ictbusiness.info,2026-07,139,1,139,1,1,1,0
ictbusiness.info,2026-08,159,0,159,0,0,0,0
ictbusiness.info,2026-09,19,0,19,0,0,0,0
icv.hr,2021-01,503,1,503,1,1,1,0
icv.hr,2021-02,674,2,674,2,2,2,1
icv.hr,2021-03,896,0,896,0,0,0,0
icv.hr,2021-04,877,0,877,0,0,0,0
icv.hr,2021-05,1048,0,1048,0,0,0,0
icv.hr,2021-06,775,2,775,2,2,2,0
icv.hr,2021-07,768,3,768,3,3,3,1
icv.hr,2021-08,887,1,887,1,1,1,0
icv.hr,2021-09,960,2,960,2,2,2,0
icv.hr,2021-10,990,1,990,1,1,1,0
icv.hr,2021-11,870,1,870,1,1,1,0
icv.hr,2021-12,950,2,950,2,2,2,0
icv.hr,2022-01,731,3,731,3,3,3,0
icv.hr,2022-02,814,1,814,1,1,1,0
icv.hr,2022-03,983,1,983,1,1,1,0
icv.hr,2022-04,976,0,976,0,0,0,0
icv.hr,2022-05,1031,0,1031,0,0,0,0
icv.hr,2022-06,827,1,827,1,1,1,1
icv.hr,2022-07,751,3,751,3,3,3,0
icv.hr,2022-08,749,4,749,4,4,4,0
icv.hr,2022-09,852,1,852,1,1,1,0
icv.hr,2022-10,826,4,826,4,4,4,0
icv.hr,2022-11,814,3,814,3,3,3,0
icv.hr,2022-12,913,4,913,4,4,4,0
icv.hr,2023-01,638,7,638,7,7,7,0
icv.hr,2023-02,772,1,772,1,1,1,1
icv.hr,2023-03,817,0,817,0,0,0,0
icv.hr,2023-04,825,1,825,1,1,1,1
icv.hr,2023-05,1003,1,1003,1,1,1,0
icv.hr,2023-06,919,0,919,0,0,0,0
icv.hr,2023-07,694,0,694,0,0,0,0
icv.hr,2023-08,869,1,869,1,1,1,1
icv.hr,2023-09,842,1,842,1,1,1,0
icv.hr,2023-10,899,0,899,0,0,0,0
icv.hr,2023-11,916,4,916,4,4,4,1
icv.hr,2023-12,863,0,863,0,0,0,0
icv.hr,2024-01,651,2,651,2,2,2,1
icv.hr,2024-02,720,0,720,0,0,0,0
icv.hr,2024-03,808,1,808,1,1,1,0
icv.hr,2024-04,743,2,743,2,2,2,1
icv.hr,2024-05,723,1,723,1,1,1,0
icv.hr,2024-06,701,1,701,1,1,1,0
icv.hr,2024-07,592,0,592,0,0,0,0
icv.hr,2024-08,694,0,694,0,0,0,0
icv.hr,2024-09,808,1,808,1,1,1,0
icv.hr,2024-10,921,0,921,0,0,0,0
icv.hr,2024-11,819,2,819,2,2,2,0
icv.hr,2024-12,954,0,954,0,0,0,0
icv.hr,2025-01,710,1,710,1,1,1,1
icv.hr,2025-02,759,1,759,1,1,1,0
icv.hr,2025-03,874,0,874,0,0,0,0
icv.hr,2025-04,931,1,931,1,1,1,0
icv.hr,2025-05,875,3,875,3,3,3,0
icv.hr,2025-06,807,2,807,2,2,2,0
icv.hr,2025-07,708,1,708,1,1,1,0
icv.hr,2025-08,619,0,619,0,0,0,0
icv.hr,2026-05,720,1,720,1,1,1,0
icv.hr,2026-06,793,0,793,0,0,0,0
icv.hr,2026-07,676,2,676,2,2,2,0
icv.hr,2026-08,767,1,767,1,1,1,0
icv.hr,2026-09,294,0,294,0,0,0,0
ideje.hr,2021-01,18,1,18,1,1,1,0
ideje.hr,2021-02,21,0,21,0,0,0,0
ideje.hr,2021-03,14,0,14,0,0,0,0
ideje.hr,2021-04,9,0,9,0,0,0,0
ideje.hr,2021-05,11,1,11,1,1,1,0
ideje.hr,2021-06,9,0,9,0,0,0,0
ideje.hr,2021-07,11,1,11,1,1,1,0
ideje.hr,2021-08,7,1,7,1,1,1,0
ideje.hr,2021-09,11,1,11,1,1,1,0
ideje.hr,2021-10,14,0,14,0,0,0,0
ideje.hr,2021-11,11,0,11,0,0,0,0
ideje.hr,2021-12,12,0,12,0,0,0,0
ideje.hr,2022-01,11,1,11,1,1,1,0
ideje.hr,2022-02,9,1,9,1,1,1,0
ideje.hr,2022-04,2,0,2,0,0,0,0
ideje.hr,2022-05,3,0,3,0,0,0,0
ideje.hr,2022-06,3,0,3,0,0,0,0
ideje.hr,2022-07,1,0,1,0,0,0,0
ideje.hr,2022-10,1,0,1,0,0,0,0
ideje.hr,2022-11,1,0,1,0,0,0,0
ideje.hr,2022-12,2,0,2,0,0,0,0
ideje.hr,2023-01,3,1,3,1,1,1,0
ideje.hr,2023-02,3,0,3,0,0,0,0
ideje.hr,2023-03,2,0,2,0,0,0,0
ideje.hr,2023-04,2,0,2,0,0,0,0
ideje.hr,2023-05,1,1,1,1,1,1,0
ideje.hr,2023-06,1,0,1,0,0,0,0
ideje.hr,2023-07,2,0,2,0,0,0,0
ideje.hr,2023-08,1,0,1,0,0,0,0
ideje.hr,2023-09,1,0,1,0,0,0,0
ideje.hr,2023-10,1,0,1,0,0,0,0
ideje.hr,2023-11,3,0,3,0,0,0,0
ideje.hr,2024-01,4,1,4,1,1,1,0
ideje.hr,2024-02,2,0,2,0,0,0,0
ideje.hr,2024-03,3,0,3,0,0,0,0
ideje.hr,2024-04,4,0,4,0,0,0,0
ideje.hr,2024-05,3,1,3,1,1,1,0
ideje.hr,2024-06,1,0,1,0,0,0,0
ideje.hr,2024-07,5,1,5,1,1,1,0
ideje.hr,2024-08,1,0,1,0,0,0,0
ideje.hr,2024-09,1,0,1,0,0,0,0
ideje.hr,2024-10,1,0,1,0,0,0,0
ideje.hr,2024-11,4,0,4,0,0,0,0
ideje.hr,2024-12,3,0,3,0,0,0,0
ideje.hr,2025-01,4,1,4,1,1,1,1
ideje.hr,2025-02,3,0,3,0,0,0,0
ideje.hr,2025-04,1,0,1,0,0,0,0
ideje.hr,2025-06,2,0,2,0,0,0,0
ideje.hr,2025-08,4,0,4,0,0,0,0
ideje.hr,2025-09,6,0,6,0,0,0,0
ideje.hr,2025-10,8,0,8,0,0,0,0
ideje.hr,2025-11,6,0,6,0,0,0,0
ideje.hr,2025-12,10,0,10,0,0,0,0
ideje.hr,2026-01,26,1,26,1,1,1,0
ideje.hr,2026-02,28,1,28,1,1,1,0
ideje.hr,2026-03,34,0,34,0,0,0,0
ideje.hr,2026-04,31,0,31,0,0,0,0
ideje.hr,2026-05,30,2,30,2,2,2,0
ideje.hr,2026-06,32,1,32,1,1,1,0
ideje.hr,2026-07,35,0,35,0,0,0,0
ideje.hr,2026-08,31,0,31,0,0,0,0
ideje.hr,2026-09,13,0,13,0,0,0,0
identitet.hr,2021-03,1,0,1,0,0,0,0
identitet.hr,2021-05,1,0,1,0,0,0,0
identitet.hr,2021-06,1,0,1,0,0,0,0
identitet.hr,2021-07,6,0,6,0,0,0,0
identitet.hr,2021-10,3,0,3,0,0,0,0
identitet.hr,2021-11,4,0,4,0,0,0,0
identitet.hr,2021-12,2,0,2,0,0,0,0
identitet.hr,2022-01,1,0,1,0,0,0,0
identitet.hr,2022-03,2,0,2,0,0,0,0
identitet.hr,2022-04,13,0,13,0,0,0,0
identitet.hr,2022-05,15,0,15,0,0,0,0
identitet.hr,2022-07,13,0,13,0,0,0,0
identitet.hr,2022-08,2,1,2,1,1,1,0
identitet.hr,2022-09,20,0,20,0,0,0,0
identitet.hr,2022-10,17,0,17,0,0,0,0
identitet.hr,2022-11,15,0,15,0,0,0,0
identitet.hr,2022-12,14,0,14,0,0,0,0
identitet.hr,2023-01,3,0,3,0,0,0,0
identitet.hr,2023-02,6,0,6,0,0,0,0
identitet.hr,2023-03,8,0,8,0,0,0,0
identitet.hr,2023-04,9,0,9,0,0,0,0
identitet.hr,2023-05,13,0,13,0,0,0,0
identitet.hr,2023-06,10,0,10,0,0,0,0
identitet.hr,2023-07,2,0,2,0,0,0,0
identitet.hr,2023-09,1,0,1,0,0,0,0
identitet.hr,2023-10,3,0,3,0,0,0,0
identitet.hr,2023-11,6,0,6,0,0,0,0
identitet.hr,2023-12,2,0,2,0,0,0,0
identitet.hr,2024-01,5,0,5,0,0,0,0
identitet.hr,2024-02,4,0,4,0,0,0,0
identitet.hr,2024-03,3,0,3,0,0,0,0
identitet.hr,2024-04,3,0,3,0,0,0,0
identitet.hr,2024-05,7,0,7,0,0,0,0
identitet.hr,2024-06,3,0,3,0,0,0,0
imperijal.net,2021-01,7,0,7,0,0,0,0
imperijal.net,2021-02,15,0,15,0,0,0,0
imperijal.net,2021-03,10,0,10,0,0,0,0
imperijal.net,2021-04,11,0,11,0,0,0,0
imperijal.net,2021-05,26,0,26,0,0,0,0
imperijal.net,2021-06,14,0,14,0,0,0,0
imperijal.net,2021-07,5,0,5,0,0,0,0
imperijal.net,2021-08,9,0,9,0,0,0,0
imperijal.net,2021-09,22,0,22,0,0,0,0
imperijal.net,2021-10,35,1,35,1,1,1,0
imperijal.net,2021-11,36,1,36,1,1,1,0
imperijal.net,2021-12,45,1,45,1,1,1,0
imperijal.net,2022-01,64,2,64,2,2,2,0
imperijal.net,2022-02,56,1,56,1,1,1,0
imperijal.net,2022-03,72,4,72,4,4,3,0
imperijal.net,2022-04,60,0,60,0,0,0,0
imperijal.net,2022-05,69,2,69,2,2,2,0
imperijal.net,2022-06,50,1,50,1,1,1,0
imperijal.net,2022-07,38,0,38,0,0,0,0
imperijal.net,2022-08,53,3,53,3,3,3,0
imperijal.net,2022-09,38,0,38,0,0,0,0
imperijal.net,2022-10,41,0,41,0,0,0,0
imperijal.net,2022-11,46,0,46,0,0,0,0
imperijal.net,2022-12,58,0,58,0,0,0,0
imperijal.net,2023-01,53,1,53,1,1,1,1
imperijal.net,2023-02,57,1,57,1,1,1,0
imperijal.net,2023-03,50,0,50,0,0,0,0
imperijal.net,2023-04,49,1,49,1,1,1,0
imperijal.net,2023-05,54,3,54,3,3,3,2
imperijal.net,2023-06,41,1,41,1,1,1,0
imperijal.net,2023-07,22,0,22,0,0,0,0
imperijal.net,2023-08,24,1,24,1,1,1,0
imperijal.net,2023-09,45,0,45,0,0,0,0
imperijal.net,2023-10,48,3,48,3,3,3,0
imperijal.net,2023-11,51,2,51,2,2,2,0
imperijal.net,2023-12,47,2,47,2,2,2,0
imperijal.net,2024-01,43,2,43,2,2,2,0
imperijal.net,2024-02,39,0,39,0,0,0,0
imperijal.net,2024-03,37,0,37,0,0,0,0
imperijal.net,2024-04,48,1,48,1,1,1,0
imperijal.net,2024-05,37,1,37,1,1,1,0
imperijal.net,2024-06,45,1,45,1,1,1,0
imperijal.net,2024-07,26,1,26,1,1,1,0
imperijal.net,2024-08,27,0,27,0,0,0,0
imperijal.net,2024-09,29,1,29,1,1,1,0
imperijal.net,2024-10,30,0,30,0,0,0,0
imperijal.net,2024-11,35,0,35,0,0,0,0
imperijal.net,2024-12,45,1,45,1,1,1,0
imperijal.net,2025-01,38,0,38,0,0,0,0
imperijal.net,2025-02,32,1,32,1,1,1,0
imperijal.net,2025-03,35,4,35,4,4,4,0
imperijal.net,2025-04,32,2,32,2,2,2,0
imperijal.net,2025-05,36,0,36,0,0,0,0
imperijal.net,2025-06,35,0,35,0,0,0,0
imperijal.net,2025-07,34,2,34,2,2,2,0
imperijal.net,2025-08,33,0,33,0,0,0,0
imperijal.net,2025-09,33,1,33,1,1,1,0
imperijal.net,2025-10,39,0,39,0,0,0,0
imperijal.net,2025-11,36,0,36,0,0,0,0
imperijal.net,2025-12,35,1,35,1,1,1,0
imperijal.net,2026-01,37,1,37,1,1,1,0
imperijal.net,2026-02,48,0,48,0,0,0,0
imperijal.net,2026-03,41,0,41,0,0,0,0
imperijal.net,2026-04,41,0,41,0,0,0,0
imperijal.net,2026-05,44,0,44,0,0,0,0
imperijal.net,2026-06,42,1,42,1,1,1,0
imperijal.net,2026-07,34,0,34,0,0,0,0
imperijal.net,2026-08,41,2,41,2,2,2,0
imperijal.net,2026-09,13,0,13,0,0,0,0
in-portal.hr,2021-01,156,0,156,0,0,0,0
in-portal.hr,2021-02,201,0,201,0,0,0,0
in-portal.hr,2021-03,257,1,257,1,1,1,0
in-portal.hr,2021-04,219,0,219,0,0,0,0
in-portal.hr,2021-05,208,0,208,0,0,0,0
in-portal.hr,2021-06,193,0,193,0,0,0,0
in-portal.hr,2021-07,205,0,205,0,0,0,0
in-portal.hr,2021-08,156,2,156,2,2,2,0
in-portal.hr,2021-09,187,0,187,0,0,0,0
in-portal.hr,2021-10,174,0,174,0,0,0,0
in-portal.hr,2021-11,172,0,172,0,0,0,0
in-portal.hr,2021-12,184,0,184,0,0,0,0
in-portal.hr,2022-01,173,0,173,0,0,0,0
in-portal.hr,2022-02,189,0,189,0,0,0,0
in-portal.hr,2022-03,211,0,211,0,0,0,0
in-portal.hr,2022-04,175,0,175,0,0,0,0
in-portal.hr,2022-05,185,0,185,0,0,0,0
in-portal.hr,2022-06,186,0,186,0,0,0,0
in-portal.hr,2022-07,185,0,185,0,0,0,0
in-portal.hr,2022-08,189,0,189,0,0,0,0
in-portal.hr,2022-09,198,0,198,0,0,0,0
in-portal.hr,2022-10,190,0,190,0,0,0,0
in-portal.hr,2022-11,184,0,184,0,0,0,0
in-portal.hr,2022-12,187,1,187,1,1,1,1
in-portal.hr,2023-01,174,0,174,0,0,0,0
in-portal.hr,2023-02,176,0,176,0,0,0,0
in-portal.hr,2023-03,192,0,192,0,0,0,0
in-portal.hr,2023-04,159,0,159,0,0,0,0
in-portal.hr,2023-05,179,0,179,0,0,0,0
in-portal.hr,2023-06,173,0,173,0,0,0,0
in-portal.hr,2023-07,180,0,180,0,0,0,0
in-portal.hr,2023-08,48,0,48,0,0,0,0
in-portal.hr,2024-02,34,0,34,0,0,0,0
in-portal.hr,2024-03,152,0,152,0,0,0,0
in-portal.hr,2024-04,139,0,139,0,0,0,0
in-portal.hr,2024-05,151,0,151,0,0,0,0
in-portal.hr,2024-06,150,0,150,0,0,0,0
in-portal.hr,2024-07,151,0,151,0,0,0,0
in-portal.hr,2024-08,131,0,131,0,0,0,0
in-portal.hr,2024-09,146,1,146,1,1,1,0
in-portal.hr,2024-10,151,0,151,0,0,0,0
in-portal.hr,2024-11,107,0,107,0,0,0,0
in-portal.hr,2024-12,130,0,130,0,0,0,0
in-portal.hr,2025-01,119,0,119,0,0,0,0
in-portal.hr,2025-02,123,4,123,4,4,4,0
in-portal.hr,2025-03,116,0,116,0,0,0,0
in-portal.hr,2025-04,120,0,120,0,0,0,0
in-portal.hr,2025-05,135,0,135,0,0,0,0
in-portal.hr,2025-06,118,0,118,0,0,0,0
in-portal.hr,2025-07,144,0,144,0,0,0,0
in-portal.hr,2025-08,97,0,97,0,0,0,0
in-portal.hr,2025-09,132,0,132,0,0,0,0
in-portal.hr,2025-10,150,0,150,0,0,0,0
in-portal.hr,2025-11,119,0,119,0,0,0,0
in-portal.hr,2025-12,133,0,133,0,0,0,0
in-portal.hr,2026-01,113,0,113,0,0,0,0
in-portal.hr,2026-02,90,0,90,0,0,0,0
in-portal.hr,2026-03,132,0,132,0,0,0,0
in-portal.hr,2026-04,107,0,107,0,0,0,0
in-portal.hr,2026-05,99,0,99,0,0,0,0
in-portal.hr,2026-06,99,0,99,0,0,0,0
in-portal.hr,2026-07,93,3,93,3,3,3,0
in-portal.hr,2026-08,97,0,97,0,0,0,0
in-portal.hr,2026-09,31,0,31,0,0,0,0
index.hr,2021-01,8036,10,8036,10,10,10,2
index.hr,2021-02,6914,12,6914,12,12,12,1
index.hr,2021-03,8032,11,8032,11,11,11,2
index.hr,2021-04,9073,22,9073,22,22,22,5
index.hr,2021-05,9434,6,9434,6,6,6,2
index.hr,2021-06,9475,10,9475,10,10,10,0
index.hr,2021-07,9170,21,9170,21,21,21,3
index.hr,2021-08,9055,25,9055,25,25,25,3
index.hr,2021-09,8919,35,8919,35,35,35,4
index.hr,2021-10,9010,55,9010,55,55,55,11
index.hr,2021-11,9049,20,9049,20,20,20,0
index.hr,2021-12,8908,21,8908,21,21,21,3
index.hr,2022-01,8792,139,8792,139,139,139,70
index.hr,2022-02,8723,109,8723,109,109,109,38
index.hr,2022-03,10300,30,10300,30,30,30,7
index.hr,2022-04,10014,23,10014,23,23,23,6
index.hr,2022-05,9688,34,9688,34,34,34,11
index.hr,2022-06,8905,33,8905,33,33,33,3
index.hr,2022-07,9494,45,9494,45,42,42,12
index.hr,2022-08,9025,17,9025,17,17,17,1
index.hr,2022-09,9823,14,9823,14,13,13,3
index.hr,2022-10,10318,23,10318,23,23,23,7
index.hr,2022-11,10907,26,10907,26,25,25,6
index.hr,2022-12,10166,70,10166,70,70,70,20
index.hr,2023-01,10559,67,10559,67,67,67,7
index.hr,2023-02,9845,26,9845,26,26,26,7
index.hr,2023-03,10589,32,10589,32,32,32,6
index.hr,2023-04,9818,28,9818,28,28,28,4
index.hr,2023-05,10175,25,10175,25,25,25,3
index.hr,2023-06,9463,16,9463,16,16,16,2
index.hr,2023-07,10443,10,10443,10,10,10,2
index.hr,2023-08,10238,16,10238,16,16,16,3
index.hr,2023-09,9545,26,9545,26,26,26,6
index.hr,2023-10,11105,13,11105,13,13,13,4
index.hr,2023-11,10698,17,10698,17,17,17,4
index.hr,2023-12,10058,23,10058,23,23,23,5
index.hr,2024-01,12544,10,12544,10,10,10,2
index.hr,2024-02,11887,10,11887,10,10,10,1
index.hr,2024-03,12965,16,12965,16,16,16,5
index.hr,2024-04,10800,13,10800,13,13,13,1
index.hr,2024-05,9948,11,9948,11,11,11,3
index.hr,2024-06,10152,26,10152,26,26,26,8
index.hr,2024-07,10533,25,10533,25,25,25,5
index.hr,2024-08,9799,2,9799,2,2,2,0
index.hr,2024-09,9358,9,9358,9,9,9,1
index.hr,2024-10,10389,16,10389,16,16,16,5
index.hr,2024-11,9750,14,9750,14,14,14,1
index.hr,2024-12,9999,15,9999,15,15,15,2
index.hr,2025-01,10725,35,10725,35,35,35,4
index.hr,2025-02,10149,31,10149,31,31,31,6
index.hr,2025-03,11634,13,11634,13,13,13,8
index.hr,2025-04,10380,12,10380,12,12,12,3
index.hr,2025-05,10580,9,10580,9,9,9,3
index.hr,2025-06,10970,9,10970,9,9,9,2
index.hr,2025-07,10986,16,10986,16,16,16,1
index.hr,2025-08,10852,7,10852,7,7,7,1
index.hr,2025-09,10747,20,10747,20,20,20,4
index.hr,2025-10,11835,27,11835,27,27,27,5
index.hr,2025-11,10709,12,10709,12,12,12,2
index.hr,2025-12,10831,20,10831,20,20,20,4
index.hr,2026-01,11806,38,11806,38,38,38,4
index.hr,2026-02,10847,11,10847,11,11,11,0
index.hr,2026-03,12488,17,12488,17,17,17,2
index.hr,2026-04,11495,6,11495,6,6,6,0
index.hr,2026-05,11508,34,11508,34,34,34,8
index.hr,2026-06,12225,29,12225,29,29,29,10
index.hr,2026-07,11723,24,11723,24,24,24,10
index.hr,2026-08,9955,4,9955,4,4,4,2
index.hr,2026-09,3536,3,3536,3,3,3,1
indirektno.com,2022-02,1,0,1,0,0,0,0
indirektno.com,2023-07,1,0,1,0,0,0,0
indirektno.com,2024-02,29,0,29,0,0,0,0
indirektno.com,2024-03,190,1,190,1,1,1,0
indirektno.com,2024-04,176,0,176,0,0,0,0
indirektno.com,2024-05,199,0,199,0,0,0,0
indirektno.com,2024-06,183,0,183,0,0,0,0
indirektno.com,2024-07,204,0,204,0,0,0,0
indirektno.com,2024-08,191,0,191,0,0,0,0
indirektno.com,2024-09,189,0,189,0,0,0,0
indirektno.com,2024-10,176,0,176,0,0,0,0
indirektno.com,2024-11,156,0,156,0,0,0,0
indirektno.com,2024-12,160,0,160,0,0,0,0
indirektno.com,2025-01,136,0,136,0,0,0,0
indirektno.com,2025-02,164,0,164,0,0,0,0
indirektno.com,2025-03,146,0,146,0,0,0,0
indirektno.com,2025-04,76,0,76,0,0,0,0
indirektno.com,2025-05,142,0,142,0,0,0,0
indirektno.com,2025-06,204,0,204,0,0,0,0
indirektno.com,2025-07,209,0,209,0,0,0,0
indirektno.com,2025-08,96,0,96,0,0,0,0
indirektno.com,2025-09,145,1,145,1,1,1,0
indirektno.com,2025-10,150,0,150,0,0,0,0
indirektno.com,2025-11,149,0,149,0,0,0,0
indirektno.com,2025-12,106,0,106,0,0,0,0
indirektno.com,2026-01,139,0,139,0,0,0,0
indirektno.com,2026-02,111,0,111,0,0,0,0
indirektno.com,2026-03,194,0,194,0,0,0,0
indirektno.com,2026-04,204,0,204,0,0,0,0
indirektno.com,2026-05,220,0,220,0,0,0,0
indirektno.com,2026-06,207,0,207,0,0,0,0
indirektno.com,2026-07,186,0,186,0,0,0,0
indirektno.com,2026-08,215,0,215,0,0,0,0
indirektno.com,2026-09,98,0,98,0,0,0,0
infovodice.com,2021-01,7,0,7,0,0,0,0
infovodice.com,2021-02,10,0,10,0,0,0,0
infovodice.com,2021-03,12,0,12,0,0,0,0
infovodice.com,2021-04,14,0,14,0,0,0,0
infovodice.com,2021-05,23,0,23,0,0,0,0
infovodice.com,2021-06,15,0,15,0,0,0,0
infovodice.com,2021-07,295,1,295,1,1,1,0
infovodice.com,2024-01,26,0,26,0,0,0,0
infovodice.com,2024-02,27,0,27,0,0,0,0
infovodice.com,2024-03,79,0,79,0,0,0,0
infovodice.com,2024-04,100,0,100,0,0,0,0
infovodice.com,2024-05,240,0,240,0,0,0,0
infovodice.com,2024-06,182,0,182,0,0,0,0
infovodice.com,2024-07,281,0,281,0,0,0,0
infovodice.com,2024-08,214,0,214,0,0,0,0
infovodice.com,2024-09,44,0,44,0,0,0,0
infovodice.com,2024-10,34,0,34,0,0,0,0
infovodice.com,2024-11,117,0,117,0,0,0,0
infovodice.com,2024-12,209,0,209,0,0,0,0
infovodice.com,2025-01,150,0,150,0,0,0,0
infovodice.com,2025-02,201,0,201,0,0,0,0
infovodice.com,2025-03,152,0,152,0,0,0,0
infovodice.com,2025-04,33,0,33,0,0,0,0
infovodice.com,2025-05,179,0,179,0,0,0,0
infovodice.com,2025-06,188,0,188,0,0,0,0
infovodice.com,2025-07,178,0,178,0,0,0,0
infovodice.com,2025-08,8,0,8,0,0,0,0
infovodice.com,2025-09,3,0,3,0,0,0,0
infovodice.com,2025-10,48,0,48,0,0,0,0
infovodice.com,2025-11,51,0,51,0,0,0,0
infovodice.com,2025-12,32,0,32,0,0,0,0
infovodice.com,2026-01,29,0,29,0,0,0,0
infovodice.com,2026-02,12,0,12,0,0,0,0
infovodice.com,2026-03,13,0,13,0,0,0,0
infovodice.com,2026-04,58,0,58,0,0,0,0
infovodice.com,2026-05,61,0,61,0,0,0,0
infovodice.com,2026-06,45,0,45,0,0,0,0
infovodice.com,2026-07,24,0,24,0,0,0,0
infovodice.com,2026-08,152,0,152,0,0,0,0
infozona.hr,2021-01,32,0,32,0,0,0,0
infozona.hr,2021-02,59,0,59,0,0,0,0
infozona.hr,2021-03,51,0,51,0,0,0,0
infozona.hr,2021-04,44,0,44,0,0,0,0
infozona.hr,2021-05,55,0,55,0,0,0,0
infozona.hr,2021-06,36,0,36,0,0,0,0
infozona.hr,2021-07,39,0,39,0,0,0,0
infozona.hr,2021-08,55,0,55,0,0,0,0
infozona.hr,2021-09,60,0,60,0,0,0,0
infozona.hr,2021-10,43,0,43,0,0,0,0
infozona.hr,2021-11,32,0,32,0,0,0,0
infozona.hr,2021-12,21,0,21,0,0,0,0
infozona.hr,2022-01,23,0,23,0,0,0,0
infozona.hr,2022-02,21,0,21,0,0,0,0
infozona.hr,2022-03,25,0,25,0,0,0,0
infozona.hr,2022-04,30,0,30,0,0,0,0
infozona.hr,2022-05,19,0,19,0,0,0,0
infozona.hr,2022-06,20,0,20,0,0,0,0
infozona.hr,2022-07,16,0,16,0,0,0,0
infozona.hr,2022-08,9,0,9,0,0,0,0
infozona.hr,2022-09,13,0,13,0,0,0,0
infozona.hr,2022-10,22,0,22,0,0,0,0
infozona.hr,2022-11,14,0,14,0,0,0,0
infozona.hr,2022-12,10,0,10,0,0,0,0
infozona.hr,2023-01,13,0,13,0,0,0,0
infozona.hr,2023-02,20,0,20,0,0,0,0
infozona.hr,2023-03,13,0,13,0,0,0,0
infozona.hr,2023-04,7,0,7,0,0,0,0
infozona.hr,2023-05,16,0,16,0,0,0,0
infozona.hr,2023-06,14,0,14,0,0,0,0
infozona.hr,2023-07,9,0,9,0,0,0,0
infozona.hr,2023-08,7,0,7,0,0,0,0
infozona.hr,2023-09,8,0,8,0,0,0,0
infozona.hr,2023-10,14,0,14,0,0,0,0
infozona.hr,2023-11,9,0,9,0,0,0,0
infozona.hr,2023-12,10,0,10,0,0,0,0
infozona.hr,2024-01,8,0,8,0,0,0,0
infozona.hr,2024-02,5,0,5,0,0,0,0
infozona.hr,2024-03,7,0,7,0,0,0,0
infozona.hr,2024-04,8,0,8,0,0,0,0
infozona.hr,2024-05,15,0,15,0,0,0,0
infozona.hr,2024-06,17,0,17,0,0,0,0
infozona.hr,2024-07,17,0,17,0,0,0,0
infozona.hr,2024-08,4,0,4,0,0,0,0
infozona.hr,2024-09,13,0,13,0,0,0,0
infozona.hr,2024-10,18,0,18,0,0,0,0
infozona.hr,2024-11,14,0,14,0,0,0,0
infozona.hr,2024-12,13,0,13,0,0,0,0
infozona.hr,2025-01,6,0,6,0,0,0,0
infozona.hr,2025-02,8,0,8,0,0,0,0
infozona.hr,2025-03,7,0,7,0,0,0,0
infozona.hr,2025-04,13,0,13,0,0,0,0
infozona.hr,2025-05,11,0,11,0,0,0,0
infozona.hr,2025-06,5,0,5,0,0,0,0
infozona.hr,2025-07,10,0,10,0,0,0,0
infozona.hr,2025-08,4,0,4,0,0,0,0
infozona.hr,2025-09,13,0,13,0,0,0,0
infozona.hr,2025-10,15,0,15,0,0,0,0
infozona.hr,2025-11,12,0,12,0,0,0,0
infozona.hr,2025-12,24,0,24,0,0,0,0
infozona.hr,2026-01,7,0,7,0,0,0,0
infozona.hr,2026-02,5,0,5,0,0,0,0
infozona.hr,2026-03,17,0,17,0,0,0,0
infozona.hr,2026-04,13,0,13,0,0,0,0
infozona.hr,2026-05,19,0,19,0,0,0,0
infozona.hr,2026-06,18,0,18,0,0,0,0
infozona.hr,2026-07,16,0,16,0,0,0,0
infozona.hr,2026-08,11,0,11,0,0,0,0
infozona.hr,2026-09,11,0,11,0,0,0,0
inverzija.net,2021-01,24,0,24,0,0,0,0
inverzija.net,2021-02,38,0,38,0,0,0,0
inverzija.net,2021-03,39,0,39,0,0,0,0
inverzija.net,2021-04,35,0,35,0,0,0,0
inverzija.net,2021-05,32,0,32,0,0,0,0
inverzija.net,2021-06,35,0,35,0,0,0,0
inverzija.net,2021-07,32,0,32,0,0,0,0
inverzija.net,2021-08,31,0,31,0,0,0,0
inverzija.net,2021-09,32,0,32,0,0,0,0
inverzija.net,2021-10,33,0,33,0,0,0,0
inverzija.net,2021-11,29,0,29,0,0,0,0
inverzija.net,2021-12,30,0,30,0,0,0,0
inverzija.net,2022-01,31,0,31,0,0,0,0
inverzija.net,2022-02,29,0,29,0,0,0,0
inverzija.net,2022-03,32,0,32,0,0,0,0
inverzija.net,2022-04,27,0,27,0,0,0,0
inverzija.net,2022-05,29,0,29,0,0,0,0
inverzija.net,2022-06,33,0,33,0,0,0,0
inverzija.net,2022-07,34,0,34,0,0,0,0
inverzija.net,2022-08,32,0,32,0,0,0,0
inverzija.net,2022-09,32,0,32,0,0,0,0
inverzija.net,2022-10,33,0,33,0,0,0,0
inverzija.net,2022-11,29,0,29,0,0,0,0
inverzija.net,2022-12,30,0,30,0,0,0,0
inverzija.net,2023-01,29,0,29,0,0,0,0
inverzija.net,2023-02,29,0,29,0,0,0,0
inverzija.net,2023-03,29,0,29,0,0,0,0
inverzija.net,2023-04,29,0,29,0,0,0,0
inverzija.net,2023-05,26,0,26,0,0,0,0
inverzija.net,2023-06,25,0,25,0,0,0,0
inverzija.net,2023-07,26,0,26,0,0,0,0
inverzija.net,2023-08,29,0,29,0,0,0,0
inverzija.net,2023-09,22,0,22,0,0,0,0
inverzija.net,2023-10,21,0,21,0,0,0,0
inverzija.net,2023-11,19,0,19,0,0,0,0
inverzija.net,2023-12,24,0,24,0,0,0,0
inverzija.net,2024-01,28,0,28,0,0,0,0
inverzija.net,2024-02,24,0,24,0,0,0,0
inverzija.net,2024-03,26,0,26,0,0,0,0
inverzija.net,2024-04,27,0,27,0,0,0,0
inverzija.net,2024-05,24,0,24,0,0,0,0
inverzija.net,2024-06,22,0,22,0,0,0,0
inverzija.net,2024-07,30,0,30,0,0,0,0
inverzija.net,2024-08,24,0,24,0,0,0,0
inverzija.net,2024-09,29,0,29,0,0,0,0
inverzija.net,2024-10,26,0,26,0,0,0,0
inverzija.net,2024-11,22,0,22,0,0,0,0
inverzija.net,2024-12,24,0,24,0,0,0,0
inverzija.net,2025-01,27,0,27,0,0,0,0
inverzija.net,2025-02,21,0,21,0,0,0,0
inverzija.net,2025-03,26,0,26,0,0,0,0
inverzija.net,2025-04,25,0,25,0,0,0,0
inverzija.net,2025-05,25,0,25,0,0,0,0
inverzija.net,2025-06,23,0,23,0,0,0,0
inverzija.net,2025-07,27,0,27,0,0,0,0
inverzija.net,2025-08,27,0,27,0,0,0,0
inverzija.net,2025-09,24,0,24,0,0,0,0
inverzija.net,2025-10,24,0,24,0,0,0,0
inverzija.net,2025-11,22,0,22,0,0,0,0
inverzija.net,2025-12,28,0,28,0,0,0,0
inverzija.net,2026-01,24,0,24,0,0,0,0
inverzija.net,2026-02,17,0,17,0,0,0,0
inverzija.net,2026-03,29,0,29,0,0,0,0
inverzija.net,2026-04,6,0,6,0,0,0,0
inverzija.net,2026-05,1,0,1,0,0,0,0
inverzija.net,2026-06,4,0,4,0,0,0,0
inverzija.net,2026-07,5,0,5,0,0,0,0
inverzija.net,2026-08,22,0,22,0,0,0,0
inverzija.net,2026-09,8,0,8,0,0,0,0
ipress.hr,2021-01,323,1,323,1,1,1,1
ipress.hr,2021-02,331,0,331,0,0,0,0
ipress.hr,2021-03,417,0,417,0,0,0,0
ipress.hr,2021-04,363,0,363,0,0,0,0
ipress.hr,2021-05,354,0,354,0,0,0,0
ipress.hr,2021-06,376,1,376,1,1,1,0
ipress.hr,2021-07,495,3,495,3,3,3,1
ipress.hr,2021-08,443,3,443,3,3,3,1
ipress.hr,2021-09,399,0,399,0,0,0,0
ipress.hr,2021-10,406,3,406,3,3,3,1
ipress.hr,2021-11,402,1,402,1,1,1,0
ipress.hr,2021-12,418,1,418,1,1,1,0
ipress.hr,2022-01,389,0,389,0,0,0,0
ipress.hr,2022-02,447,4,447,4,4,4,1
ipress.hr,2022-03,515,2,515,2,2,2,0
ipress.hr,2022-04,402,4,402,4,4,4,0
ipress.hr,2022-05,433,2,433,2,2,2,1
ipress.hr,2022-06,413,5,413,5,5,5,0
ipress.hr,2022-07,476,6,476,6,6,6,2
ipress.hr,2022-08,428,2,428,2,2,2,0
ipress.hr,2022-09,446,1,446,1,1,1,0
ipress.hr,2022-10,425,4,425,4,4,4,0
ipress.hr,2022-11,429,0,429,0,0,0,0
ipress.hr,2022-12,453,7,453,7,7,7,2
ipress.hr,2023-01,384,3,384,3,3,3,0
ipress.hr,2023-02,403,3,403,3,3,3,0
ipress.hr,2023-03,421,0,421,0,0,0,0
ipress.hr,2023-04,379,1,379,1,1,1,0
ipress.hr,2023-05,465,0,465,0,0,0,0
ipress.hr,2023-06,458,1,458,1,1,1,1
ipress.hr,2023-07,430,1,430,1,1,1,0
ipress.hr,2023-08,441,2,441,2,2,2,1
ipress.hr,2023-09,394,1,394,1,1,1,0
ipress.hr,2023-10,403,1,403,1,1,1,0
ipress.hr,2023-11,436,2,436,2,2,2,0
ipress.hr,2023-12,378,3,378,3,3,3,1
ipress.hr,2024-01,337,1,337,1,1,1,0
ipress.hr,2024-02,319,0,319,0,0,0,0
ipress.hr,2024-03,416,0,416,0,0,0,0
ipress.hr,2024-04,412,0,412,0,0,0,0
ipress.hr,2024-05,406,0,406,0,0,0,0
ipress.hr,2024-06,362,4,362,4,4,4,0
ipress.hr,2024-07,405,1,405,1,1,1,0
ipress.hr,2024-08,338,1,338,1,1,1,0
ipress.hr,2024-09,332,3,332,3,3,3,0
ipress.hr,2024-10,350,0,350,0,0,0,0
ipress.hr,2024-11,400,1,400,1,1,1,0
ipress.hr,2024-12,399,2,399,2,2,2,0
ipress.hr,2025-01,368,2,368,2,2,2,0
ipress.hr,2025-02,359,1,359,1,1,1,1
ipress.hr,2025-03,379,1,379,1,1,1,0
ipress.hr,2025-04,358,1,358,1,1,1,0
ipress.hr,2025-05,359,1,359,1,1,1,0
ipress.hr,2025-06,363,1,363,1,1,1,0
ipress.hr,2025-07,398,1,398,1,1,1,0
ipress.hr,2025-08,318,0,318,0,0,0,0
ipress.hr,2025-09,366,0,366,0,0,0,0
ipress.hr,2025-10,368,3,368,3,3,3,0
ipress.hr,2025-11,326,3,326,3,3,3,0
ipress.hr,2025-12,372,4,372,4,4,4,0
ipress.hr,2026-01,306,6,306,6,6,6,0
ipress.hr,2026-02,316,0,316,0,0,0,0
ipress.hr,2026-03,392,2,392,2,2,2,1
ipress.hr,2026-04,344,0,344,0,0,0,0
ipress.hr,2026-05,355,1,355,1,1,1,0
ipress.hr,2026-06,394,1,394,1,1,1,0
ipress.hr,2026-07,417,5,417,5,5,5,1
ipress.hr,2026-08,369,0,369,0,0,0,0
ipress.hr,2026-09,140,0,140,0,0,0,0
istarski.hr,2021-01,348,0,348,0,0,0,0
istarski.hr,2021-02,554,0,554,0,0,0,0
istarski.hr,2021-03,712,1,712,1,1,1,0
istarski.hr,2021-04,689,0,689,0,0,0,0
istarski.hr,2021-05,719,0,719,0,0,0,0
istarski.hr,2021-06,589,2,589,2,2,2,0
istarski.hr,2021-07,588,1,588,1,1,1,0
istarski.hr,2021-08,529,0,529,0,0,0,0
istarski.hr,2021-09,556,2,556,2,2,2,0
istarski.hr,2021-10,597,1,597,1,1,1,0
istarski.hr,2021-11,575,2,575,2,2,2,0
istarski.hr,2021-12,724,1,724,1,1,1,0
istarski.hr,2022-01,597,0,597,0,0,0,0
istarski.hr,2022-02,571,4,571,4,4,4,0
istarski.hr,2022-03,647,2,647,2,2,2,0
istarski.hr,2022-04,611,2,611,2,2,2,0
istarski.hr,2022-05,626,0,626,0,0,0,0
istarski.hr,2022-06,243,0,243,0,0,0,0
istarski.hr,2023-10,1,0,1,0,0,0,0
istarski.hr,2024-02,220,0,220,0,0,0,0
istarski.hr,2024-03,1068,3,1068,3,3,3,0
istarski.hr,2024-04,986,0,986,0,0,0,0
istarski.hr,2024-05,884,1,884,1,1,1,0
istarski.hr,2024-06,823,6,823,6,6,6,0
istarski.hr,2024-07,939,4,939,4,4,4,0
istarski.hr,2024-08,877,3,877,3,3,3,1
istarski.hr,2024-09,938,6,938,6,6,6,1
istarski.hr,2024-10,1021,2,1021,2,2,2,1
istarski.hr,2024-11,991,9,991,9,9,9,0
istarski.hr,2024-12,1063,5,1063,5,5,5,0
istarski.hr,2025-01,999,10,999,10,10,10,1
istarski.hr,2025-02,996,5,996,5,5,5,0
istarski.hr,2025-03,1007,1,1007,1,1,1,0
istarski.hr,2025-04,1115,1,1115,1,1,1,0
istarski.hr,2025-05,1054,2,1054,2,2,2,0
istarski.hr,2025-06,1015,2,1015,2,2,2,0
istarski.hr,2025-07,1176,0,1176,0,0,0,0
istarski.hr,2025-08,1017,0,1017,0,0,0,0
istarski.hr,2025-09,1154,4,1154,4,4,4,0
istarski.hr,2025-10,1087,5,1087,5,5,5,0
istarski.hr,2025-11,1002,3,1002,3,3,3,0
istarski.hr,2025-12,974,0,974,0,0,0,0
istarski.hr,2026-01,895,0,895,0,0,0,0
istarski.hr,2026-02,922,1,922,1,1,1,0
istarski.hr,2026-03,1012,3,1012,3,3,3,0
istarski.hr,2026-04,1007,2,1007,2,2,2,0
istarski.hr,2026-05,721,2,721,2,2,2,0
istarski.hr,2026-06,129,0,129,0,0,0,0
istarski.hr,2026-07,718,2,718,2,2,2,0
istarski.hr,2026-08,1067,1,1067,1,1,1,0
istarski.hr,2026-09,344,0,344,0,0,0,0
istra24.hr,2021-01,1,0,1,0,0,0,0
istra24.hr,2021-02,1,0,1,0,0,0,0
istra24.hr,2021-06,1,0,1,0,0,0,0
istra24.hr,2021-09,1,0,1,0,0,0,0
istra24.hr,2021-10,2,0,2,0,0,0,0
istra24.hr,2021-11,1,0,1,0,0,0,0
istra24.hr,2022-01,18,0,18,0,0,0,0
istra24.hr,2022-02,1,0,1,0,0,0,0
istra24.hr,2022-03,1,0,1,0,0,0,0
istra24.hr,2022-04,1,0,1,0,0,0,0
istra24.hr,2022-05,1233,4,1233,4,4,4,3
istra24.hr,2022-06,1354,3,1354,3,3,3,1
istra24.hr,2022-07,1288,5,1288,5,5,5,0
istra24.hr,2022-08,1098,7,1098,7,7,7,1
istra24.hr,2022-09,1292,3,1292,3,3,3,0
istra24.hr,2022-10,1355,4,1355,4,4,4,0
istra24.hr,2022-11,1192,2,1192,2,2,2,0
istra24.hr,2022-12,1598,20,1598,20,20,20,1
istra24.hr,2023-01,1065,2,1065,2,2,2,0
istra24.hr,2023-02,1268,4,1268,4,4,4,0
istra24.hr,2023-03,1570,4,1570,4,4,4,1
istra24.hr,2023-04,1321,1,1321,1,1,1,0
istra24.hr,2023-05,1818,9,1818,9,9,9,1
istra24.hr,2023-06,963,4,963,4,4,4,0
istra24.hr,2023-07,1408,2,1408,2,2,2,1
istra24.hr,2023-08,1285,3,1285,3,3,3,1
istra24.hr,2023-09,1105,5,1105,5,5,5,1
istra24.hr,2023-10,1279,2,1279,2,2,2,1
istra24.hr,2023-11,1207,4,1207,4,4,4,2
istra24.hr,2023-12,1396,4,1396,4,4,4,0
istra24.hr,2024-01,1208,2,1208,2,2,2,1
istra24.hr,2024-02,1215,4,1215,4,4,4,0
istra24.hr,2024-03,1347,1,1347,1,1,1,0
istra24.hr,2024-04,1268,1,1268,1,1,1,0
istra24.hr,2024-05,1245,2,1245,2,2,2,0
istra24.hr,2024-06,1215,6,1215,6,6,6,2
istra24.hr,2024-07,1185,0,1185,0,0,0,0
istra24.hr,2024-08,1170,1,1170,1,1,1,0
istra24.hr,2024-09,1067,1,1067,1,1,1,0
istra24.hr,2024-10,1239,2,1239,2,2,2,0
istra24.hr,2024-11,889,6,889,6,6,6,0
istra24.hr,2024-12,235,2,235,2,2,2,0
istra24.hr,2025-01,1127,5,1127,5,5,5,0
istra24.hr,2025-02,1121,8,1121,8,8,8,3
istra24.hr,2025-03,1233,5,1233,5,5,5,1
istra24.hr,2025-04,1181,0,1181,0,0,0,0
istra24.hr,2025-05,1194,3,1194,3,3,3,1
istra24.hr,2025-06,1202,2,1202,2,2,2,0
istra24.hr,2025-07,1254,1,1254,1,1,1,0
istra24.hr,2025-08,1214,1,1214,1,1,1,1
istra24.hr,2025-09,1234,5,1234,5,5,5,1
istra24.hr,2025-10,1298,7,1298,7,7,7,0
istra24.hr,2025-11,1161,2,1161,2,2,2,0
istra24.hr,2025-12,1184,6,1184,6,6,6,0
istra24.hr,2026-01,1147,8,1147,8,8,8,1
istra24.hr,2026-02,1047,1,1047,1,1,1,0
istra24.hr,2026-03,1163,3,1163,3,3,3,0
istra24.hr,2026-04,1134,0,1134,0,0,0,0
istra24.hr,2026-05,1131,9,1131,9,9,9,4
istra24.hr,2026-06,1076,3,1076,3,3,3,0
istra24.hr,2026-07,1054,4,1054,4,4,4,0
istra24.hr,2026-08,1077,0,1077,0,0,0,0
istra24.hr,2026-09,343,0,343,0,0,0,0
istrage.hr,2021-01,1,0,1,0,0,0,0
istrage.hr,2021-02,3,1,3,1,1,1,0
istrage.hr,2021-03,3,0,3,0,0,0,0
istrage.hr,2021-04,2,0,2,0,0,0,0
istrage.hr,2021-05,1,0,1,0,0,0,0
istrage.hr,2021-11,3,0,3,0,0,0,0
istrage.hr,2021-12,3,1,3,1,1,1,0
istrage.hr,2022-01,3,3,3,3,3,3,3
istrage.hr,2022-02,2,2,2,2,2,2,2
istrage.hr,2022-03,1,1,1,1,1,1,1
istrage.hr,2022-04,3,0,3,0,0,0,0
istrage.hr,2022-06,2,2,2,2,2,2,0
istrage.hr,2022-07,1,0,1,0,0,0,0
istrage.hr,2022-08,2,0,2,0,0,0,0
istrage.hr,2022-09,1,0,1,0,0,0,0
istrage.hr,2022-10,1,0,1,0,0,0,0
istrage.hr,2022-11,4,3,4,3,3,3,1
istrage.hr,2022-12,11,4,11,4,4,4,1
istrage.hr,2023-01,2,0,2,0,0,0,0
istrage.hr,2023-02,1,1,1,1,1,1,0
istrage.hr,2023-03,9,5,9,5,5,5,0
istrage.hr,2023-04,2,0,2,0,0,0,0
istrage.hr,2023-05,1,1,1,1,1,1,0
istrage.hr,2023-06,1,0,1,0,0,0,0
istrage.hr,2023-08,1,0,1,0,0,0,0
istrage.hr,2023-09,4,0,4,0,0,0,0
istrage.hr,2023-10,2,0,2,0,0,0,0
istrage.hr,2023-11,2,0,2,0,0,0,0
istrage.hr,2023-12,1,0,1,0,0,0,0
istrage.hr,2024-01,1,1,1,1,1,1,0
istrage.hr,2024-02,2,0,2,0,0,0,0
istrage.hr,2024-03,1,0,1,0,0,0,0
istrage.hr,2024-04,1,1,1,1,1,1,0
istrage.hr,2024-06,5,1,5,1,1,1,1
istrage.hr,2024-09,5,0,5,0,0,0,0
istrage.hr,2024-10,1,0,1,0,0,0,0
istrage.hr,2024-11,3,0,3,0,0,0,0
istrage.hr,2024-12,2,0,2,0,0,0,0
istrage.hr,2025-01,2,0,2,0,0,0,0
istrage.hr,2025-02,3,0,3,0,0,0,0
istrage.hr,2025-03,7,0,7,0,0,0,0
istrage.hr,2025-04,4,0,4,0,0,0,0
istrage.hr,2025-05,2,0,2,0,0,0,0
istrage.hr,2025-06,2,0,2,0,0,0,0
istrage.hr,2025-07,5,0,5,0,0,0,0
istrage.hr,2025-08,4,0,4,0,0,0,0
istrage.hr,2025-09,1,0,1,0,0,0,0
istrage.hr,2025-10,7,0,7,0,0,0,0
istrage.hr,2025-11,1,0,1,0,0,0,0
istrage.hr,2025-12,2,0,2,0,0,0,0
istrage.hr,2026-01,1,0,1,0,0,0,0
istrage.hr,2026-02,2,0,2,0,0,0,0
istrage.hr,2026-03,8,0,8,0,0,0,0
istrage.hr,2026-04,9,0,9,0,0,0,0
istrage.hr,2026-05,5,0,5,0,0,0,0
istrage.hr,2026-06,1,0,1,0,0,0,0
istrage.hr,2026-08,2,0,2,0,0,0,0
istrage.hr,2026-09,1,0,1,0,0,0,0
istrain.hr,2021-01,3,0,3,0,0,0,0
istrain.hr,2021-02,401,1,401,1,1,1,0
istrain.hr,2021-03,1158,1,1158,1,1,1,0
istrain.hr,2021-04,1068,3,1068,3,3,3,0
istrain.hr,2021-05,1081,1,1081,1,1,1,0
istrain.hr,2021-06,998,0,998,0,0,0,0
istrain.hr,2021-07,1012,3,1012,3,3,3,1
istrain.hr,2021-08,1039,2,1039,2,2,2,1
istrain.hr,2021-09,1064,3,1064,3,3,3,1
istrain.hr,2021-10,1039,2,1039,2,2,2,1
istrain.hr,2021-11,961,1,961,1,1,1,1
istrain.hr,2021-12,950,5,950,5,5,5,1
istrain.hr,2022-01,896,4,896,4,4,4,0
istrain.hr,2022-02,845,8,845,8,8,8,2
istrain.hr,2022-03,1009,5,1009,5,5,5,2
istrain.hr,2022-04,918,1,918,1,1,1,0
istrain.hr,2022-05,897,6,897,6,5,5,1
istrain.hr,2022-06,859,2,859,2,2,2,0
istrain.hr,2022-07,906,5,906,5,5,5,1
istrain.hr,2022-08,796,5,796,5,5,5,0
istrain.hr,2022-09,743,3,743,3,3,3,2
istrain.hr,2022-10,783,3,783,3,3,3,0
istrain.hr,2022-11,717,2,717,2,2,2,0
istrain.hr,2022-12,748,6,748,6,6,6,1
istrain.hr,2023-01,752,7,752,7,7,7,1
istrain.hr,2023-02,689,2,689,2,2,2,0
istrain.hr,2023-03,750,0,750,0,0,0,0
istrain.hr,2023-04,724,1,724,1,1,1,0
istrain.hr,2023-05,749,0,749,0,0,0,0
istrain.hr,2023-06,661,2,661,2,2,2,0
istrain.hr,2023-07,776,1,776,1,1,1,0
istrain.hr,2023-08,722,1,722,1,1,1,0
istrain.hr,2023-09,798,2,798,2,2,2,0
istrain.hr,2023-10,839,1,839,1,1,1,1
istrain.hr,2023-11,955,7,955,7,7,7,0
istrain.hr,2023-12,893,4,893,4,4,4,0
istrain.hr,2024-01,827,4,827,4,4,4,3
istrain.hr,2024-02,781,2,781,2,2,2,0
istrain.hr,2024-03,917,1,917,1,1,1,0
istrain.hr,2024-04,884,1,884,1,1,1,1
istrain.hr,2024-05,900,0,900,0,0,0,0
istrain.hr,2024-06,885,4,885,4,4,4,1
istrain.hr,2024-07,894,2,894,2,2,2,1
istrain.hr,2024-08,819,1,819,1,1,1,1
istrain.hr,2024-09,854,2,854,2,2,2,0
istrain.hr,2024-10,834,0,834,0,0,0,0
istrain.hr,2024-11,446,2,446,2,2,2,1
istrain.hr,2024-12,677,3,677,3,3,3,1
istrain.hr,2025-01,898,14,898,14,14,14,1
istrain.hr,2025-02,883,10,883,10,10,10,1
istrain.hr,2025-03,936,4,936,4,4,4,1
istrain.hr,2025-04,1012,1,1012,1,1,1,0
istrain.hr,2025-05,1074,1,1074,1,1,1,0
istrain.hr,2025-06,952,3,952,3,3,3,1
istrain.hr,2025-07,993,2,993,2,2,2,1
istrain.hr,2025-08,892,7,892,7,7,7,0
istrain.hr,2025-09,973,6,973,6,6,6,1
istrain.hr,2025-10,977,10,977,10,10,10,2
istrain.hr,2025-11,900,3,900,3,3,3,2
istrain.hr,2025-12,978,8,978,8,8,8,1
istrain.hr,2026-01,926,4,926,4,4,4,0
istrain.hr,2026-02,645,1,645,1,1,1,0
istrain.hr,2026-03,875,2,875,2,2,2,0
istrain.hr,2026-04,825,0,825,0,0,0,0
istrain.hr,2026-05,831,4,831,4,4,4,0
istrain.hr,2026-06,838,1,838,1,1,1,0
istrain.hr,2026-07,919,1,919,1,1,1,1
istrain.hr,2026-08,930,2,930,2,2,2,1
istrain.hr,2026-09,319,0,319,0,0,0,0
istriaterramagica.eu,2021-01,4,0,4,0,0,0,0
istriaterramagica.eu,2021-02,3,0,3,0,0,0,0
istriaterramagica.eu,2021-03,3,0,3,0,0,0,0
istriaterramagica.eu,2021-04,7,0,7,0,0,0,0
istriaterramagica.eu,2021-05,2,0,2,0,0,0,0
istriaterramagica.eu,2021-06,2,0,2,0,0,0,0
istriaterramagica.eu,2021-07,1,0,1,0,0,0,0
istriaterramagica.eu,2021-10,2,0,2,0,0,0,0
istriaterramagica.eu,2021-11,3,0,3,0,0,0,0
istriaterramagica.eu,2021-12,1,0,1,0,0,0,0
istriaterramagica.eu,2022-02,1,0,1,0,0,0,0
istriaterramagica.eu,2022-03,2,0,2,0,0,0,0
istriaterramagica.eu,2022-04,2,0,2,0,0,0,0
istriaterramagica.eu,2022-05,1,0,1,0,0,0,0
istriaterramagica.eu,2022-07,2,0,2,0,0,0,0
istriaterramagica.eu,2022-08,2,0,2,0,0,0,0
istriaterramagica.eu,2022-11,3,0,3,0,0,0,0
istriaterramagica.eu,2022-12,2,0,2,0,0,0,0
istriaterramagica.eu,2023-01,1,0,1,0,0,0,0
istriaterramagica.eu,2023-05,1,0,1,0,0,0,0
istriaterramagica.eu,2023-07,2,0,2,0,0,0,0
istriaterramagica.eu,2023-09,1,0,1,0,0,0,0
istriaterramagica.eu,2023-11,1,0,1,0,0,0,0
istriaterramagica.eu,2024-02,1,0,1,0,0,0,0
istriaterramagica.eu,2024-05,2,0,2,0,0,0,0
istriaterramagica.eu,2024-09,1,0,1,0,0,0,0
istriaterramagica.eu,2024-10,14,0,14,0,0,0,0
istriaterramagica.eu,2024-11,384,1,384,1,1,1,0
istriaterramagica.eu,2024-12,394,0,394,0,0,0,0
istriaterramagica.eu,2025-01,316,4,316,4,4,4,0
istriaterramagica.eu,2025-02,379,0,379,0,0,0,0
istriaterramagica.eu,2025-03,439,0,439,0,0,0,0
istriaterramagica.eu,2025-04,422,0,422,0,0,0,0
istriaterramagica.eu,2025-05,412,1,412,1,1,1,0
istriaterramagica.eu,2025-06,418,0,418,0,0,0,0
istriaterramagica.eu,2025-07,384,0,384,0,0,0,0
istriaterramagica.eu,2025-08,322,0,322,0,0,0,0
istriaterramagica.eu,2025-09,378,0,378,0,0,0,0
istriaterramagica.eu,2025-10,449,1,449,1,1,1,0
istriaterramagica.eu,2025-11,364,0,364,0,0,0,0
istriaterramagica.eu,2025-12,376,0,376,0,0,0,0
istriaterramagica.eu,2026-01,309,0,309,0,0,0,0
istriaterramagica.eu,2026-02,230,0,230,0,0,0,0
istriaterramagica.eu,2026-03,420,0,420,0,0,0,0
istriaterramagica.eu,2026-04,360,0,360,0,0,0,0
istriaterramagica.eu,2026-05,400,1,400,1,1,1,0
istriaterramagica.eu,2026-06,389,0,389,0,0,0,0
istriaterramagica.eu,2026-07,370,0,370,0,0,0,0
istriaterramagica.eu,2026-08,351,0,351,0,0,0,0
istriaterramagica.eu,2026-09,133,0,133,0,0,0,0
jaskadanas.hr,2021-01,105,0,105,0,0,0,0
jaskadanas.hr,2021-02,95,0,95,0,0,0,0
jaskadanas.hr,2021-03,101,0,101,0,0,0,0
jaskadanas.hr,2021-04,95,0,95,0,0,0,0
jaskadanas.hr,2021-05,88,0,88,0,0,0,0
jaskadanas.hr,2021-06,46,0,46,0,0,0,0
jaskadanas.hr,2021-07,49,0,49,0,0,0,0
jaskadanas.hr,2021-08,51,0,51,0,0,0,0
jaskadanas.hr,2021-09,48,0,48,0,0,0,0
jaskadanas.hr,2021-10,34,0,34,0,0,0,0
jaskadanas.hr,2021-11,49,0,49,0,0,0,0
jaskadanas.hr,2021-12,29,0,29,0,0,0,0
jaskadanas.hr,2022-01,26,0,26,0,0,0,0
jaskadanas.hr,2022-02,45,0,45,0,0,0,0
jaskadanas.hr,2022-03,35,0,35,0,0,0,0
jaskadanas.hr,2022-04,18,0,18,0,0,0,0
jaskadanas.hr,2022-05,27,0,27,0,0,0,0
jaskadanas.hr,2022-06,34,0,34,0,0,0,0
jaskadanas.hr,2022-07,28,0,28,0,0,0,0
jaskadanas.hr,2022-08,22,0,22,0,0,0,0
jaskadanas.hr,2022-09,14,0,14,0,0,0,0
jaskadanas.hr,2022-10,12,0,12,0,0,0,0
jaskadanas.hr,2022-11,7,0,7,0,0,0,0
jaskadanas.hr,2022-12,24,0,24,0,0,0,0
jaskadanas.hr,2023-01,35,1,35,1,1,1,0
jaskadanas.hr,2023-02,38,0,38,0,0,0,0
jaskadanas.hr,2023-03,49,0,49,0,0,0,0
jaskadanas.hr,2023-04,57,0,57,0,0,0,0
jaskadanas.hr,2023-05,56,0,56,0,0,0,0
jaskadanas.hr,2023-06,34,0,34,0,0,0,0
jaskadanas.hr,2023-07,38,0,38,0,0,0,0
jaskadanas.hr,2023-08,28,0,28,0,0,0,0
jaskadanas.hr,2023-09,24,0,24,0,0,0,0
jaskadanas.hr,2023-10,33,0,33,0,0,0,0
jaskadanas.hr,2023-11,32,0,32,0,0,0,0
jaskadanas.hr,2023-12,16,0,16,0,0,0,0
jaskadanas.hr,2024-01,7,0,7,0,0,0,0
jaskadanas.hr,2024-02,29,0,29,0,0,0,0
jaskadanas.hr,2024-03,50,0,50,0,0,0,0
jaskadanas.hr,2024-04,36,0,36,0,0,0,0
jaskadanas.hr,2024-05,18,0,18,0,0,0,0
jaskadanas.hr,2024-06,24,0,24,0,0,0,0
jaskadanas.hr,2024-07,27,0,27,0,0,0,0
jaskadanas.hr,2024-08,16,0,16,0,0,0,0
jaskadanas.hr,2024-09,19,0,19,0,0,0,0
jaskadanas.hr,2024-10,19,0,19,0,0,0,0
jaskadanas.hr,2024-11,34,0,34,0,0,0,0
jaskadanas.hr,2024-12,8,0,8,0,0,0,0
jaskadanas.hr,2025-01,16,0,16,0,0,0,0
jaskadanas.hr,2025-02,31,0,31,0,0,0,0
jaskadanas.hr,2025-03,34,0,34,0,0,0,0
jaskadanas.hr,2025-04,14,0,14,0,0,0,0
jaskadanas.hr,2025-05,29,0,29,0,0,0,0
jaskadanas.hr,2025-06,25,0,25,0,0,0,0
jaskadanas.hr,2025-07,18,0,18,0,0,0,0
jaskadanas.hr,2025-08,6,0,6,0,0,0,0
jaskadanas.hr,2025-09,18,0,18,0,0,0,0
jaskadanas.hr,2025-10,16,0,16,0,0,0,0
jaskadanas.hr,2025-11,17,0,17,0,0,0,0
jaskadanas.hr,2025-12,7,0,7,0,0,0,0
jaskadanas.hr,2026-01,9,0,9,0,0,0,0
jaskadanas.hr,2026-02,36,0,36,0,0,0,0
jaskadanas.hr,2026-03,86,0,86,0,0,0,0
jaskadanas.hr,2026-04,58,0,58,0,0,0,0
jaskadanas.hr,2026-05,44,0,44,0,0,0,0
jaskadanas.hr,2026-06,23,0,23,0,0,0,0
jaskadanas.hr,2026-07,22,0,22,0,0,0,0
jaskadanas.hr,2026-08,3,0,3,0,0,0,0
jaskadanas.hr,2026-09,1,0,1,0,0,0,0
journal.hr,2021-01,415,0,415,0,0,0,0
journal.hr,2021-02,421,0,421,0,0,0,0
journal.hr,2021-03,482,0,482,0,0,0,0
journal.hr,2021-04,452,1,452,1,1,1,0
journal.hr,2021-05,476,2,476,2,2,2,0
journal.hr,2021-06,489,0,489,0,0,0,0
journal.hr,2021-07,466,0,466,0,0,0,0
journal.hr,2021-08,419,0,419,0,0,0,0
journal.hr,2021-09,419,1,419,1,1,1,0
journal.hr,2021-10,434,0,434,0,0,0,0
journal.hr,2021-11,484,1,484,1,1,1,0
journal.hr,2021-12,491,0,491,0,0,0,0
journal.hr,2022-01,406,0,406,0,0,0,0
journal.hr,2022-02,445,0,445,0,0,0,0
journal.hr,2022-03,587,0,587,0,0,0,0
journal.hr,2022-04,516,0,516,0,0,0,0
journal.hr,2022-05,570,0,570,0,0,0,0
journal.hr,2022-06,322,0,322,0,0,0,0
journal.hr,2022-07,271,0,271,0,0,0,0
journal.hr,2022-08,315,0,315,0,0,0,0
journal.hr,2022-09,431,0,431,0,0,0,0
journal.hr,2022-10,467,0,467,0,0,0,0
journal.hr,2022-11,482,0,482,0,0,0,0
journal.hr,2022-12,519,0,519,0,0,0,0
journal.hr,2023-01,426,0,426,0,0,0,0
journal.hr,2023-02,426,0,426,0,0,0,0
journal.hr,2023-03,452,0,452,0,0,0,0
journal.hr,2023-04,456,0,456,0,0,0,0
journal.hr,2023-05,458,0,458,0,0,0,0
journal.hr,2023-06,446,0,446,0,0,0,0
journal.hr,2023-07,403,0,403,0,0,0,0
journal.hr,2023-08,414,0,414,0,0,0,0
journal.hr,2023-09,450,1,450,1,1,1,0
journal.hr,2023-10,485,0,485,0,0,0,0
journal.hr,2023-11,462,0,462,0,0,0,0
journal.hr,2023-12,462,0,462,0,0,0,0
journal.hr,2024-01,418,2,418,2,2,2,0
journal.hr,2024-02,413,0,413,0,0,0,0
journal.hr,2024-03,443,1,443,1,1,1,0
journal.hr,2024-04,452,1,452,1,1,1,0
journal.hr,2024-05,461,0,461,0,0,0,0
journal.hr,2024-06,423,1,423,1,1,1,0
journal.hr,2024-07,429,2,429,2,2,2,0
journal.hr,2024-08,366,1,366,1,1,1,0
journal.hr,2024-09,460,1,460,1,1,1,0
journal.hr,2024-10,482,1,482,1,1,1,0
journal.hr,2024-11,451,0,451,0,0,0,0
journal.hr,2024-12,413,0,413,0,0,0,0
journal.hr,2025-01,422,0,422,0,0,0,0
journal.hr,2025-02,515,0,515,0,0,0,0
journal.hr,2025-03,532,0,532,0,0,0,0
journal.hr,2025-04,504,0,504,0,0,0,0
journal.hr,2025-05,483,0,483,0,0,0,0
journal.hr,2025-06,502,0,502,0,0,0,0
journal.hr,2025-07,467,0,467,0,0,0,0
journal.hr,2025-08,390,0,390,0,0,0,0
journal.hr,2025-09,534,0,534,0,0,0,0
journal.hr,2025-10,586,0,586,0,0,0,0
journal.hr,2025-11,502,0,502,0,0,0,0
journal.hr,2025-12,448,0,448,0,0,0,0
journal.hr,2026-01,430,1,430,1,1,1,0
journal.hr,2026-02,461,0,461,0,0,0,0
journal.hr,2026-03,470,4,470,4,4,4,0
journal.hr,2026-04,445,0,445,0,0,0,0
journal.hr,2026-05,378,0,378,0,0,0,0
journal.hr,2026-06,366,0,366,0,0,0,0
journal.hr,2026-07,355,0,355,0,0,0,0
journal.hr,2026-08,302,0,302,0,0,0,0
journal.hr,2026-09,122,0,122,0,0,0,0
jutarnji.hr,2021-01,6170,23,6170,23,23,23,4
jutarnji.hr,2021-02,6065,10,6065,10,10,10,1
jutarnji.hr,2021-03,6954,19,6954,19,19,19,3
jutarnji.hr,2021-04,6173,18,6173,18,18,18,4
jutarnji.hr,2021-05,7132,9,7132,9,9,9,1
jutarnji.hr,2021-06,6780,17,6780,17,17,17,2
jutarnji.hr,2021-07,6711,28,6711,28,28,28,4
jutarnji.hr,2021-08,6118,23,6118,23,23,23,4
jutarnji.hr,2021-09,6974,73,6974,73,72,72,10
jutarnji.hr,2021-10,7475,36,7475,36,36,36,5
jutarnji.hr,2021-11,7659,28,7659,28,28,28,4
jutarnji.hr,2021-12,7669,28,7669,28,27,27,2
jutarnji.hr,2022-01,7145,67,7145,67,67,67,20
jutarnji.hr,2022-02,6799,61,6799,61,61,61,16
jutarnji.hr,2022-03,7685,30,7685,30,30,30,2
jutarnji.hr,2022-04,7175,25,7175,25,25,25,1
jutarnji.hr,2022-05,7774,32,7774,32,32,32,5
jutarnji.hr,2022-06,6915,33,6915,33,33,33,2
jutarnji.hr,2022-07,6960,50,6960,50,47,46,10
jutarnji.hr,2022-08,6570,21,6570,21,20,20,2
jutarnji.hr,2022-09,7613,19,7613,19,17,17,8
jutarnji.hr,2022-10,7796,21,7796,21,21,21,3
jutarnji.hr,2022-11,7535,12,7535,12,12,12,0
jutarnji.hr,2022-12,6701,38,6701,38,38,38,6
jutarnji.hr,2023-01,6977,38,6977,38,38,38,7
jutarnji.hr,2023-02,6801,20,6801,20,20,20,1
jutarnji.hr,2023-03,7573,16,7573,16,16,16,1
jutarnji.hr,2023-04,7250,34,7250,34,34,34,6
jutarnji.hr,2023-05,7640,11,7640,11,11,11,1
jutarnji.hr,2023-06,6886,11,6886,11,11,11,1
jutarnji.hr,2023-07,7509,21,7509,21,21,21,4
jutarnji.hr,2023-08,7200,17,7200,17,17,17,1
jutarnji.hr,2023-09,7069,19,7069,19,19,19,6
jutarnji.hr,2023-10,7723,18,7723,18,18,18,4
jutarnji.hr,2023-11,7591,12,7591,12,12,12,0
jutarnji.hr,2023-12,7477,22,7477,22,22,22,2
jutarnji.hr,2024-01,7395,23,7395,23,23,23,3
jutarnji.hr,2024-02,7448,13,7448,13,13,13,0
jutarnji.hr,2024-03,7764,13,7764,13,13,13,3
jutarnji.hr,2024-04,7543,12,7543,12,12,12,3
jutarnji.hr,2024-05,7672,12,7672,12,12,12,0
jutarnji.hr,2024-06,7394,30,7394,30,30,30,1
jutarnji.hr,2024-07,7648,20,7648,20,20,20,5
jutarnji.hr,2024-08,7177,8,7177,8,8,8,2
jutarnji.hr,2024-09,6931,9,6931,9,9,9,1
jutarnji.hr,2024-10,7388,21,7388,21,21,21,0
jutarnji.hr,2024-11,7146,8,7146,8,8,8,2
jutarnji.hr,2024-12,7246,18,7246,18,18,18,3
jutarnji.hr,2025-01,7550,37,7550,37,37,37,7
jutarnji.hr,2025-02,6806,25,6806,25,25,25,11
jutarnji.hr,2025-03,7328,17,7328,17,17,17,5
jutarnji.hr,2025-04,6433,9,6433,9,9,9,0
jutarnji.hr,2025-05,6560,8,6560,8,8,8,0
jutarnji.hr,2025-06,5677,12,5677,12,12,12,1
jutarnji.hr,2025-07,6042,21,6042,21,21,21,2
jutarnji.hr,2025-08,5453,8,5453,8,8,8,2
jutarnji.hr,2025-09,6268,16,6268,16,16,16,1
jutarnji.hr,2025-10,6746,13,6746,13,13,13,0
jutarnji.hr,2025-11,6785,13,6785,13,13,13,0
jutarnji.hr,2025-12,6663,16,6663,16,16,16,2
jutarnji.hr,2026-01,6822,42,6822,42,42,42,5
jutarnji.hr,2026-02,6522,17,6522,17,17,17,1
jutarnji.hr,2026-03,7117,22,7117,22,22,22,1
jutarnji.hr,2026-04,6532,11,6532,11,11,11,1
jutarnji.hr,2026-05,6785,31,6785,31,31,31,5
jutarnji.hr,2026-06,6859,18,6859,18,18,18,7
jutarnji.hr,2026-07,5571,17,5571,17,17,17,4
jutarnji.hr,2026-08,4942,8,4942,8,8,8,1
jutarnji.hr,2026-09,1835,0,1835,0,0,0,0
juzni.hr,2022-04,1,0,1,0,0,0,0
juzni.hr,2022-05,1,0,1,0,0,0,0
juzni.hr,2022-12,1,0,1,0,0,0,0
juzni.hr,2023-01,1,0,1,0,0,0,0
juzni.hr,2023-02,1,0,1,0,0,0,0
juzni.hr,2023-05,1,0,1,0,0,0,0
juzni.hr,2023-06,1,0,1,0,0,0,0
juzni.hr,2023-08,1,0,1,0,0,0,0
juzni.hr,2024-02,1,0,1,0,0,0,0
juzni.hr,2024-04,1,0,1,0,0,0,0
juzni.hr,2024-07,1,0,1,0,0,0,0
juzni.hr,2025-11,1,0,1,0,0,0,0
juzni.hr,2025-12,4,0,4,0,0,0,0
juzni.hr,2026-01,39,3,39,3,3,3,0
juzni.hr,2026-02,17,0,17,0,0,0,0
kalelargainfo.hr,2021-01,57,0,57,0,0,0,0
kalelargainfo.hr,2021-02,59,1,59,1,1,1,0
kalelargainfo.hr,2021-03,58,0,58,0,0,0,0
kalelargainfo.hr,2021-04,80,0,80,0,0,0,0
kalelargainfo.hr,2021-05,114,0,114,0,0,0,0
kalelargainfo.hr,2021-06,84,0,84,0,0,0,0
kalelargainfo.hr,2021-07,68,0,68,0,0,0,0
kalelargainfo.hr,2024-12,4,0,4,0,0,0,0
kalelargainfo.hr,2025-01,22,0,22,0,0,0,0
kalelargainfo.hr,2025-02,25,0,25,0,0,0,0
kalelargainfo.hr,2025-03,23,0,23,0,0,0,0
kalelargainfo.hr,2025-04,36,0,36,0,0,0,0
kalelargainfo.hr,2025-05,44,0,44,0,0,0,0
kalelargainfo.hr,2025-06,37,0,37,0,0,0,0
kalelargainfo.hr,2025-07,25,0,25,0,0,0,0
kalelargainfo.hr,2025-08,22,0,22,0,0,0,0
kalelargainfo.hr,2025-09,22,0,22,0,0,0,0
kalelargainfo.hr,2025-10,36,0,36,0,0,0,0
kalelargainfo.hr,2025-11,22,0,22,0,0,0,0
kalelargainfo.hr,2025-12,24,0,24,0,0,0,0
kalelargainfo.hr,2026-01,27,0,27,0,0,0,0
kalelargainfo.hr,2026-02,20,0,20,0,0,0,0
kalelargainfo.hr,2026-03,37,0,37,0,0,0,0
kalelargainfo.hr,2026-04,38,0,38,0,0,0,0
kalelargainfo.hr,2026-05,43,0,43,0,0,0,0
kalelargainfo.hr,2026-06,38,0,38,0,0,0,0
kalelargainfo.hr,2026-07,71,0,71,0,0,0,0
kalelargainfo.hr,2026-08,115,0,115,0,0,0,0
kalelargainfo.hr,2026-09,25,0,25,0,0,0,0
kampanja.net,2026-06,7,0,7,0,0,0,0
kampanja.net,2026-07,189,0,189,0,0,0,0
kampanja.net,2026-08,206,0,206,0,0,0,0
kampanja.net,2026-09,52,0,52,0,0,0,0
kanal5.hr,2022-02,1,0,1,0,0,0,0
karlobag.eu,2023-12,1,0,1,0,0,0,0
karlobag.eu,2024-10,1,0,1,0,0,0,0
karlovacki.hr,2021-01,259,0,259,0,0,0,0
karlovacki.hr,2021-02,300,1,300,1,1,1,0
karlovacki.hr,2021-03,362,0,362,0,0,0,0
karlovacki.hr,2021-04,314,0,314,0,0,0,0
karlovacki.hr,2021-05,425,0,425,0,0,0,0
karlovacki.hr,2021-06,304,0,304,0,0,0,0
karlovacki.hr,2021-07,293,0,293,0,0,0,0
karlovacki.hr,2021-08,256,0,256,0,0,0,0
karlovacki.hr,2021-09,364,0,364,0,0,0,0
karlovacki.hr,2021-10,378,0,378,0,0,0,0
karlovacki.hr,2021-11,363,0,363,0,0,0,0
karlovacki.hr,2021-12,334,0,334,0,0,0,0
karlovacki.hr,2022-01,260,0,260,0,0,0,0
karlovacki.hr,2022-02,302,1,302,1,1,1,1
karlovacki.hr,2022-03,364,0,364,0,0,0,0
karlovacki.hr,2022-04,350,1,350,1,1,1,0
karlovacki.hr,2022-05,405,0,405,0,0,0,0
karlovacki.hr,2022-06,353,0,353,0,0,0,0
karlovacki.hr,2022-07,320,0,320,0,0,0,0
karlovacki.hr,2022-08,276,0,276,0,0,0,0
karlovacki.hr,2022-09,347,0,347,0,0,0,0
karlovacki.hr,2022-10,369,0,369,0,0,0,0
karlovacki.hr,2022-11,319,3,319,3,3,3,0
karlovacki.hr,2022-12,252,0,252,0,0,0,0
karlovacki.hr,2023-01,273,1,273,1,1,1,0
karlovacki.hr,2023-02,281,0,281,0,0,0,0
karlovacki.hr,2023-03,301,0,301,0,0,0,0
karlovacki.hr,2023-04,311,0,311,0,0,0,0
karlovacki.hr,2023-05,332,0,332,0,0,0,0
karlovacki.hr,2023-06,292,0,292,0,0,0,0
karlovacki.hr,2023-07,275,0,275,0,0,0,0
karlovacki.hr,2023-08,249,0,249,0,0,0,0
karlovacki.hr,2023-09,265,0,265,0,0,0,0
karlovacki.hr,2023-10,334,0,334,0,0,0,0
karlovacki.hr,2023-11,310,0,310,0,0,0,0
karlovacki.hr,2023-12,285,0,285,0,0,0,0
karlovacki.hr,2024-01,259,0,259,0,0,0,0
karlovacki.hr,2024-02,275,0,275,0,0,0,0
karlovacki.hr,2024-03,314,0,314,0,0,0,0
karlovacki.hr,2024-04,327,0,327,0,0,0,0
karlovacki.hr,2024-05,336,0,336,0,0,0,0
karlovacki.hr,2024-06,324,0,324,0,0,0,0
karlovacki.hr,2024-07,291,0,291,0,0,0,0
karlovacki.hr,2024-08,255,0,255,0,0,0,0
karlovacki.hr,2024-09,295,0,295,0,0,0,0
karlovacki.hr,2024-10,361,0,361,0,0,0,0
karlovacki.hr,2024-11,338,0,338,0,0,0,0
karlovacki.hr,2024-12,321,0,321,0,0,0,0
karlovacki.hr,2025-01,302,0,302,0,0,0,0
karlovacki.hr,2025-02,272,0,272,0,0,0,0
karlovacki.hr,2025-03,348,2,348,2,2,2,0
karlovacki.hr,2025-04,341,0,341,0,0,0,0
karlovacki.hr,2025-05,346,0,346,0,0,0,0
karlovacki.hr,2025-06,274,0,274,0,0,0,0
karlovacki.hr,2025-07,274,0,274,0,0,0,0
karlovacki.hr,2025-08,235,0,235,0,0,0,0
karlovacki.hr,2025-09,325,0,325,0,0,0,0
karlovacki.hr,2025-10,368,0,368,0,0,0,0
karlovacki.hr,2025-11,339,0,339,0,0,0,0
karlovacki.hr,2025-12,273,0,273,0,0,0,0
karlovacki.hr,2026-01,285,0,285,0,0,0,0
karlovacki.hr,2026-02,251,0,251,0,0,0,0
karlovacki.hr,2026-03,368,0,368,0,0,0,0
karlovacki.hr,2026-04,317,0,317,0,0,0,0
karlovacki.hr,2026-05,304,0,304,0,0,0,0
karlovacki.hr,2026-06,308,0,308,0,0,0,0
karlovacki.hr,2026-07,277,0,277,0,0,0,0
karlovacki.hr,2026-08,270,0,270,0,0,0,0
karlovacki.hr,2026-09,100,0,100,0,0,0,0
kepesujsag.com,2021-03,7,0,7,0,0,0,0
kepesujsag.com,2021-04,20,0,20,0,0,0,0
kepesujsag.com,2021-05,11,0,11,0,0,0,0
kepesujsag.com,2021-06,16,0,16,0,0,0,0
kepesujsag.com,2021-07,12,0,12,0,0,0,0
kepesujsag.com,2021-08,15,0,15,0,0,0,0
kepesujsag.com,2021-09,16,0,16,0,0,0,0
kepesujsag.com,2021-10,15,0,15,0,0,0,0
kepesujsag.com,2021-11,16,0,16,0,0,0,0
kepesujsag.com,2021-12,11,0,11,0,0,0,0
kepesujsag.com,2022-01,15,0,15,0,0,0,0
kepesujsag.com,2022-02,17,0,17,0,0,0,0
kepesujsag.com,2022-03,19,0,19,0,0,0,0
kepesujsag.com,2022-04,15,0,15,0,0,0,0
kepesujsag.com,2022-05,16,0,16,0,0,0,0
kepesujsag.com,2022-06,20,0,20,0,0,0,0
kepesujsag.com,2022-07,8,0,8,0,0,0,0
kepesujsag.com,2022-08,16,0,16,0,0,0,0
kepesujsag.com,2022-09,20,0,20,0,0,0,0
kepesujsag.com,2022-10,16,0,16,0,0,0,0
kepesujsag.com,2022-11,16,0,16,0,0,0,0
kepesujsag.com,2022-12,12,0,12,0,0,0,0
kepesujsag.com,2023-01,11,0,11,0,0,0,0
kepesujsag.com,2023-02,11,0,11,0,0,0,0
kepesujsag.com,2023-03,13,0,13,0,0,0,0
kepesujsag.com,2023-04,14,0,14,0,0,0,0
kepesujsag.com,2023-05,15,0,15,0,0,0,0
kepesujsag.com,2023-06,14,0,14,0,0,0,0
kepesujsag.com,2023-07,5,0,5,0,0,0,0
kepesujsag.com,2023-08,12,0,12,0,0,0,0
kepesujsag.com,2023-09,18,0,18,0,0,0,0
kepesujsag.com,2023-10,13,0,13,0,0,0,0
kepesujsag.com,2023-11,15,0,15,0,0,0,0
kepesujsag.com,2023-12,8,0,8,0,0,0,0
kepesujsag.com,2024-01,13,0,13,0,0,0,0
kepesujsag.com,2024-02,20,0,20,0,0,0,0
kepesujsag.com,2024-03,15,0,15,0,0,0,0
kepesujsag.com,2024-04,15,0,15,0,0,0,0
kepesujsag.com,2024-05,17,0,17,0,0,0,0
kepesujsag.com,2024-06,16,0,16,0,0,0,0
kepesujsag.com,2024-07,15,0,15,0,0,0,0
kepesujsag.com,2024-08,3,0,3,0,0,0,0
kepesujsag.com,2024-09,14,0,14,0,0,0,0
kepesujsag.com,2024-10,15,0,15,0,0,0,0
kepesujsag.com,2025-01,16,0,16,0,0,0,0
kepesujsag.com,2025-02,14,0,14,0,0,0,0
kepesujsag.com,2025-03,7,0,7,0,0,0,0
kepesujsag.com,2025-04,10,0,10,0,0,0,0
kepesujsag.com,2025-05,18,0,18,0,0,0,0
kepesujsag.com,2025-06,14,0,14,0,0,0,0
kepesujsag.com,2025-07,16,0,16,0,0,0,0
kepesujsag.com,2025-08,9,0,9,0,0,0,0
kepesujsag.com,2025-09,12,0,12,0,0,0,0
kepesujsag.com,2025-10,16,0,16,0,0,0,0
kepesujsag.com,2025-11,12,0,12,0,0,0,0
kepesujsag.com,2025-12,11,0,11,0,0,0,0
kepesujsag.com,2026-01,13,0,13,0,0,0,0
kepesujsag.com,2026-02,13,0,13,0,0,0,0
kepesujsag.com,2026-03,8,0,8,0,0,0,0
kigo.hr,2024-02,44,1,44,1,1,1,0
kigo.hr,2024-03,209,0,209,0,0,0,0
kigo.hr,2024-04,194,0,194,0,0,0,0
kigo.hr,2024-05,194,2,194,2,2,2,0
kigo.hr,2024-06,199,0,199,0,0,0,0
kigo.hr,2024-07,174,1,174,1,1,1,0
kigo.hr,2024-08,178,0,178,0,0,0,0
kigo.hr,2024-09,184,2,184,2,2,2,1
kigo.hr,2024-10,176,0,176,0,0,0,0
kigo.hr,2024-11,137,1,137,1,1,1,0
kigo.hr,2024-12,70,0,70,0,0,0,0
kigo.hr,2025-01,142,1,142,1,1,1,0
kigo.hr,2025-02,151,2,151,2,2,2,0
kigo.hr,2025-03,153,0,153,0,0,0,0
kigo.hr,2025-04,147,1,147,1,1,1,0
kigo.hr,2025-05,126,2,126,2,2,2,0
kigo.hr,2025-06,105,1,105,1,1,1,0
kigo.hr,2025-07,172,0,172,0,0,0,0
kigo.hr,2025-08,140,1,140,1,1,1,0
kigo.hr,2025-09,152,0,152,0,0,0,0
kigo.hr,2025-10,175,1,175,1,1,1,0
kigo.hr,2025-11,173,1,173,1,1,1,0
kigo.hr,2025-12,186,1,186,1,1,1,0
kigo.hr,2026-01,176,2,176,2,2,2,0
kigo.hr,2026-02,120,1,120,1,1,1,0
kigo.hr,2026-03,183,4,183,4,4,4,0
kigo.hr,2026-04,175,0,175,0,0,0,0
kigo.hr,2026-05,166,1,166,1,1,1,0
kigo.hr,2026-06,174,1,174,1,1,1,0
kigo.hr,2026-07,138,1,138,1,1,1,0
kigo.hr,2026-08,148,0,148,0,0,0,0
kigo.hr,2026-09,52,0,52,0,0,0,0
klikaj.hr,2021-01,608,0,608,0,0,0,0
klikaj.hr,2021-02,616,0,616,0,0,0,0
klikaj.hr,2021-03,696,0,696,0,0,0,0
klikaj.hr,2021-04,460,1,460,1,1,1,0
klikaj.hr,2021-05,677,0,677,0,0,0,0
klikaj.hr,2021-06,807,1,807,1,1,1,0
klikaj.hr,2021-07,816,1,816,1,1,1,0
klikaj.hr,2021-08,720,0,720,0,0,0,0
klikaj.hr,2021-09,785,0,785,0,0,0,0
klikaj.hr,2021-10,923,1,923,1,1,1,0
klikaj.hr,2021-11,898,0,898,0,0,0,0
klikaj.hr,2021-12,864,0,864,0,0,0,0
klikaj.hr,2022-01,860,3,860,3,3,3,0
klikaj.hr,2022-02,811,4,811,4,4,4,1
klikaj.hr,2022-03,955,1,955,1,1,1,0
klikaj.hr,2022-04,785,1,785,1,1,1,0
klikaj.hr,2022-05,761,3,761,3,3,3,2
klikaj.hr,2022-06,724,0,724,0,0,0,0
klikaj.hr,2022-07,679,2,679,2,2,2,1
klikaj.hr,2022-08,629,1,629,1,1,1,0
klikaj.hr,2022-09,739,0,739,0,0,0,0
klikaj.hr,2022-10,817,0,817,0,0,0,0
klikaj.hr,2022-11,743,2,743,2,2,2,0
klikaj.hr,2022-12,725,2,725,2,2,2,0
klikaj.hr,2023-01,737,3,737,3,3,3,0
klikaj.hr,2023-02,550,0,550,0,0,0,0
klikaj.hr,2023-03,864,0,864,0,0,0,0
klikaj.hr,2023-04,708,0,708,0,0,0,0
klikaj.hr,2023-05,638,0,638,0,0,0,0
klikaj.hr,2023-06,481,0,481,0,0,0,0
klikaj.hr,2023-07,552,0,552,0,0,0,0
klikaj.hr,2023-08,489,0,489,0,0,0,0
klikaj.hr,2023-09,560,1,560,1,1,1,0
klikaj.hr,2023-10,698,1,698,1,1,1,0
klikaj.hr,2023-11,651,1,651,1,1,1,0
klikaj.hr,2023-12,609,0,609,0,0,0,0
klikaj.hr,2024-01,555,1,555,1,1,1,0
klikaj.hr,2024-02,568,0,568,0,0,0,0
klikaj.hr,2024-03,751,0,751,0,0,0,0
klikaj.hr,2024-04,587,0,587,0,0,0,0
klikaj.hr,2024-05,600,0,600,0,0,0,0
klikaj.hr,2024-06,550,0,550,0,0,0,0
klikaj.hr,2024-07,624,0,624,0,0,0,0
klikaj.hr,2024-08,560,0,560,0,0,0,0
klikaj.hr,2024-09,594,0,594,0,0,0,0
klikaj.hr,2024-10,661,0,661,0,0,0,0
klikaj.hr,2024-11,598,0,598,0,0,0,0
klikaj.hr,2024-12,607,0,607,0,0,0,0
klikaj.hr,2025-01,582,3,582,3,3,3,0
klikaj.hr,2025-02,582,0,582,0,0,0,0
klikaj.hr,2025-03,679,0,679,0,0,0,0
klikaj.hr,2025-04,649,0,649,0,0,0,0
klikaj.hr,2025-05,639,0,639,0,0,0,0
klikaj.hr,2025-06,591,1,591,1,1,1,0
klikaj.hr,2025-07,527,1,527,1,1,1,1
klikaj.hr,2025-08,505,0,505,0,0,0,0
klikaj.hr,2025-09,584,1,584,1,1,1,0
klikaj.hr,2025-10,618,0,618,0,0,0,0
klikaj.hr,2025-11,605,0,605,0,0,0,0
klikaj.hr,2025-12,588,1,588,1,1,1,0
klikaj.hr,2026-01,556,0,556,0,0,0,0
klikaj.hr,2026-02,521,0,521,0,0,0,0
klikaj.hr,2026-03,673,0,673,0,0,0,0
klikaj.hr,2026-04,616,0,616,0,0,0,0
klikaj.hr,2026-05,628,1,628,1,1,1,0
klikaj.hr,2026-06,573,0,573,0,0,0,0
klikaj.hr,2026-07,487,0,487,0,0,0,0
klikaj.hr,2026-08,468,0,468,0,0,0,0
klikaj.hr,2026-09,176,0,176,0,0,0,0
klikni.hr,2021-04,1,0,1,0,0,0,0
klikni.hr,2021-09,1,0,1,0,0,0,0
klikni.hr,2021-10,2,0,2,0,0,0,0
klikni.hr,2022-01,1,0,1,0,0,0,0
klikni.hr,2022-04,1,0,1,0,0,0,0
klikni.hr,2022-07,1,0,1,0,0,0,0
klikni.hr,2022-08,2,0,2,0,0,0,0
klikni.hr,2022-09,13,0,13,0,0,0,0
klikni.hr,2022-10,204,0,204,0,0,0,0
klikni.hr,2022-11,205,1,205,1,1,1,0
klikni.hr,2022-12,247,0,247,0,0,0,0
klikni.hr,2023-01,333,4,333,4,4,4,0
klikni.hr,2023-02,315,0,315,0,0,0,0
klikni.hr,2023-03,349,1,349,1,1,1,0
klikni.hr,2023-04,368,1,368,1,1,1,0
klikni.hr,2023-05,390,1,390,1,1,1,0
klikni.hr,2023-06,381,1,381,1,1,1,0
klikni.hr,2023-07,367,1,367,1,1,1,0
klikni.hr,2023-08,342,1,342,1,1,1,0
klikni.hr,2023-09,358,0,358,0,0,0,0
klikni.hr,2023-10,369,0,369,0,0,0,0
klikni.hr,2023-11,384,0,384,0,0,0,0
klikni.hr,2023-12,405,0,405,0,0,0,0
klikni.hr,2024-01,296,0,296,0,0,0,0
klikni.hr,2024-02,268,0,268,0,0,0,0
klikni.hr,2024-03,306,0,306,0,0,0,0
klikni.hr,2024-04,258,0,258,0,0,0,0
klikni.hr,2024-05,258,0,258,0,0,0,0
klikni.hr,2024-06,241,0,241,0,0,0,0
klikni.hr,2024-07,222,0,222,0,0,0,0
klikni.hr,2024-08,223,0,223,0,0,0,0
klikni.hr,2024-09,289,0,289,0,0,0,0
klikni.hr,2024-10,397,0,397,0,0,0,0
klikni.hr,2024-11,461,0,461,0,0,0,0
klikni.hr,2024-12,447,0,447,0,0,0,0
klikni.hr,2025-01,503,1,503,1,1,1,1
klikni.hr,2025-02,409,1,409,1,1,1,0
klikni.hr,2025-03,453,1,453,1,1,1,0
klikni.hr,2025-04,455,2,455,2,2,2,0
klikni.hr,2025-05,460,0,460,0,0,0,0
klikni.hr,2025-06,437,1,437,1,1,1,0
klikni.hr,2025-07,413,3,413,3,3,3,0
klikni.hr,2025-08,388,2,388,2,2,2,0
klikni.hr,2025-09,415,0,415,0,0,0,0
klikni.hr,2025-10,188,1,188,1,1,1,0
klikni.hr,2025-11,493,1,493,1,1,1,0
klikni.hr,2025-12,138,1,138,1,1,1,0
klikni.hr,2026-01,328,2,328,2,2,2,0
klikni.hr,2026-02,509,0,509,0,0,0,0
klikni.hr,2026-03,582,1,582,1,1,1,0
klikni.hr,2026-04,538,0,538,0,0,0,0
klikni.hr,2026-05,590,1,590,1,1,1,0
klikni.hr,2026-06,493,0,493,0,0,0,0
klikni.hr,2026-07,478,0,478,0,0,0,0
klikni.hr,2026-08,524,1,524,1,1,1,0
klikni.hr,2026-09,161,0,161,0,0,0,0
klikni.news,2022-03,4,0,4,0,0,0,0
klikni.news,2022-05,1,0,1,0,0,0,0
klikni.news,2022-07,6,0,6,0,0,0,0
klikni.news,2022-08,11,0,11,0,0,0,0
klikni.news,2022-09,83,0,83,0,0,0,0
klikni.news,2022-10,415,2,415,2,2,2,0
klikni.news,2022-11,371,6,371,6,6,6,0
klikni.news,2022-12,365,8,365,8,8,8,0
klikni.news,2023-01,256,8,256,8,8,8,0
klikni.news,2023-02,264,3,264,3,3,3,1
klikni.news,2023-03,194,2,194,2,2,2,0
klikni.news,2023-04,163,2,163,2,2,2,0
klikni.news,2023-05,149,1,149,1,1,1,0
klikni.news,2023-06,148,1,148,1,1,1,0
klikni.news,2023-07,124,0,124,0,0,0,0
klikni.news,2023-08,101,1,101,1,1,1,0
klikni.news,2023-09,91,0,91,0,0,0,0
klikni.news,2023-10,71,0,71,0,0,0,0
klikni.news,2023-11,154,0,154,0,0,0,0
klikni.news,2023-12,207,0,207,0,0,0,0
klikni.news,2024-01,98,0,98,0,0,0,0
klikni.news,2024-02,142,0,142,0,0,0,0
klikni.news,2024-03,174,0,174,0,0,0,0
klikni.news,2024-04,95,0,95,0,0,0,0
klikni.news,2024-05,338,0,338,0,0,0,0
klikni.news,2024-06,515,0,515,0,0,0,0
klikni.news,2024-07,620,0,620,0,0,0,0
klikni.news,2024-08,113,0,113,0,0,0,0
klikni.news,2025-01,1,0,1,0,0,0,0
klikni.news,2025-02,1,0,1,0,0,0,0
klikni.news,2026-02,5,0,5,0,0,0,0
klikni.news,2026-08,9,0,9,0,0,0,0
klikni.news,2026-09,9,0,9,0,0,0,0
klikploce.com.hr,2023-04,1,0,1,0,0,0,0
klikploce.com.hr,2023-05,1,0,1,0,0,0,0
klikploce.com.hr,2023-10,1,0,1,0,0,0,0
klikploce.com.hr,2023-11,1,0,1,0,0,0,0
klikploce.com.hr,2024-04,1,0,1,0,0,0,0
klikploce.com.hr,2025-06,1,0,1,0,0,0,0
klikploce.com.hr,2026-08,1,0,1,0,0,0,0
kodex.hr,2025-01,1,0,1,0,0,0,0
komarilos.com,2024-04,1,0,1,0,0,0,0
komarilos.com,2024-06,1,0,1,0,0,0,0
komarilos.com,2024-10,1,0,1,0,0,0,0
komarilos.com,2024-11,2,0,2,0,0,0,0
komarilos.com,2024-12,2,0,2,0,0,0,0
komarilos.com,2025-01,65,0,65,0,0,0,0
komarilos.com,2025-02,127,0,127,0,0,0,0
komarilos.com,2025-03,144,0,144,0,0,0,0
komarilos.com,2025-04,133,4,133,4,4,4,0
komarilos.com,2025-05,156,0,156,0,0,0,0
komarilos.com,2025-06,141,0,141,0,0,0,0
komarilos.com,2025-07,124,0,124,0,0,0,0
komarilos.com,2025-08,128,0,128,0,0,0,0
komarilos.com,2025-09,170,0,170,0,0,0,0
komarilos.com,2025-10,204,0,204,0,0,0,0
komarilos.com,2025-11,157,0,157,0,0,0,0
komarilos.com,2025-12,145,0,145,0,0,0,0
komarilos.com,2026-01,148,0,148,0,0,0,0
komarilos.com,2026-02,108,0,108,0,0,0,0
komarilos.com,2026-03,143,0,143,0,0,0,0
komarilos.com,2026-04,146,4,146,4,4,4,0
komarilos.com,2026-05,143,0,143,0,0,0,0
komarilos.com,2026-06,129,0,129,0,0,0,0
komarilos.com,2026-07,116,0,116,0,0,0,0
komarilos.com,2026-08,153,0,153,0,0,0,0
komarilos.com,2026-09,52,0,52,0,0,0,0
kritika-hdp.hr,2021-01,5,0,5,0,0,0,0
kritika-hdp.hr,2021-02,3,0,3,0,0,0,0
kritika-hdp.hr,2021-03,2,0,2,0,0,0,0
kritika-hdp.hr,2021-04,7,0,7,0,0,0,0
kritika-hdp.hr,2021-09,1,0,1,0,0,0,0
kritika-hdp.hr,2021-10,1,0,1,0,0,0,0
kritika-hdp.hr,2021-11,1,0,1,0,0,0,0
kritika-hdp.hr,2022-02,1,0,1,0,0,0,0
kritika-hdp.hr,2022-03,2,0,2,0,0,0,0
kritika-hdp.hr,2022-04,1,0,1,0,0,0,0
kritika-hdp.hr,2022-05,1,0,1,0,0,0,0
krizevci.info,2021-01,79,0,79,0,0,0,0
krizevci.info,2021-02,87,0,87,0,0,0,0
krizevci.info,2021-03,119,0,119,0,0,0,0
krizevci.info,2021-04,108,0,108,0,0,0,0
krizevci.info,2021-05,101,0,101,0,0,0,0
krizevci.info,2021-06,99,0,99,0,0,0,0
krizevci.info,2021-07,78,0,78,0,0,0,0
krizevci.info,2021-08,82,0,82,0,0,0,0
krizevci.info,2021-09,102,0,102,0,0,0,0
krizevci.info,2021-10,100,0,100,0,0,0,0
krizevci.info,2021-11,92,0,92,0,0,0,0
krizevci.info,2021-12,96,0,96,0,0,0,0
krizevci.info,2022-01,90,0,90,0,0,0,0
krizevci.info,2022-02,89,0,89,0,0,0,0
krizevci.info,2022-03,107,0,107,0,0,0,0
krizevci.info,2022-04,91,0,91,0,0,0,0
krizevci.info,2022-05,89,0,89,0,0,0,0
krizevci.info,2022-06,107,0,107,0,0,0,0
krizevci.info,2022-07,88,0,88,0,0,0,0
krizevci.info,2022-08,90,0,90,0,0,0,0
krizevci.info,2022-09,123,0,123,0,0,0,0
krizevci.info,2022-10,129,0,129,0,0,0,0
krizevci.info,2022-11,104,0,104,0,0,0,0
krizevci.info,2022-12,121,0,121,0,0,0,0
krizevci.info,2023-01,90,0,90,0,0,0,0
krizevci.info,2023-02,110,0,110,0,0,0,0
krizevci.info,2023-03,132,0,132,0,0,0,0
krizevci.info,2023-04,116,0,116,0,0,0,0
krizevci.info,2023-05,132,0,132,0,0,0,0
krizevci.info,2023-06,104,0,104,0,0,0,0
krizevci.info,2023-07,94,0,94,0,0,0,0
krizevci.info,2023-08,91,0,91,0,0,0,0
krizevci.info,2023-09,124,0,124,0,0,0,0
krizevci.info,2023-10,132,0,132,0,0,0,0
krizevci.info,2023-11,107,0,107,0,0,0,0
krizevci.info,2023-12,94,0,94,0,0,0,0
krizevci.info,2024-01,102,0,102,0,0,0,0
krizevci.info,2024-02,124,0,124,0,0,0,0
krizevci.info,2024-03,146,0,146,0,0,0,0
krizevci.info,2024-04,133,0,133,0,0,0,0
krizevci.info,2024-05,139,0,139,0,0,0,0
krizevci.info,2024-06,132,0,132,0,0,0,0
krizevci.info,2024-07,110,0,110,0,0,0,0
krizevci.info,2024-08,96,0,96,0,0,0,0
krizevci.info,2024-09,133,0,133,0,0,0,0
krizevci.info,2024-10,145,0,145,0,0,0,0
krizevci.info,2024-11,139,0,139,0,0,0,0
krizevci.info,2024-12,133,0,133,0,0,0,0
krizevci.info,2025-01,114,0,114,0,0,0,0
krizevci.info,2025-02,115,0,115,0,0,0,0
krizevci.info,2025-03,134,0,134,0,0,0,0
krizevci.info,2025-04,142,0,142,0,0,0,0
krizevci.info,2025-05,134,0,134,0,0,0,0
krizevci.info,2025-06,135,0,135,0,0,0,0
krizevci.info,2025-07,114,0,114,0,0,0,0
krizevci.info,2025-08,106,0,106,0,0,0,0
krizevci.info,2025-09,120,0,120,0,0,0,0
krizevci.info,2025-10,114,0,114,0,0,0,0
krizevci.info,2025-11,110,0,110,0,0,0,0
krizevci.info,2025-12,117,0,117,0,0,0,0
krizevci.info,2026-01,108,0,108,0,0,0,0
krizevci.info,2026-02,86,0,86,0,0,0,0
krizevci.info,2026-03,100,0,100,0,0,0,0
krizevci.info,2026-04,97,0,97,0,0,0,0
krizevci.info,2026-05,100,0,100,0,0,0,0
krizevci.info,2026-06,87,0,87,0,0,0,0
krizevci.info,2026-07,80,0,80,0,0,0,0
krizevci.info,2026-08,81,0,81,0,0,0,0
krizevci.info,2026-09,36,0,36,0,0,0,0
krizevci.tv,2025-09,1,0,1,0,0,0,0
krizevci.tv,2026-01,1,0,1,0,0,0,0
krizevci.tv,2026-05,2,0,2,0,0,0,0
krizevci.tv,2026-06,83,0,83,0,0,0,0
krizevci.tv,2026-07,153,0,153,0,0,0,0
krizevci.tv,2026-08,144,0,144,0,0,0,0
krizevci.tv,2026-09,58,0,58,0,0,0,0
kronikevg.com,2021-01,209,0,209,0,0,0,0
kronikevg.com,2021-02,272,0,272,0,0,0,0
kronikevg.com,2021-03,327,0,327,0,0,0,0
kronikevg.com,2021-04,293,0,293,0,0,0,0
kronikevg.com,2021-05,292,0,292,0,0,0,0
kronikevg.com,2021-06,249,0,249,0,0,0,0
kronikevg.com,2021-07,228,0,228,0,0,0,0
kronikevg.com,2021-08,225,0,225,0,0,0,0
kronikevg.com,2021-09,254,0,254,0,0,0,0
kronikevg.com,2021-10,259,0,259,0,0,0,0
kronikevg.com,2021-11,270,0,270,0,0,0,0
kronikevg.com,2021-12,262,0,262,0,0,0,0
kronikevg.com,2022-01,225,0,225,0,0,0,0
kronikevg.com,2022-02,211,0,211,0,0,0,0
kronikevg.com,2022-03,293,0,293,0,0,0,0
kronikevg.com,2022-04,273,0,273,0,0,0,0
kronikevg.com,2022-05,297,0,297,0,0,0,0
kronikevg.com,2022-06,268,0,268,0,0,0,0
kronikevg.com,2022-07,186,1,186,1,1,1,0
kronikevg.com,2022-08,161,0,161,0,0,0,0
kronikevg.com,2022-09,202,0,202,0,0,0,0
kronikevg.com,2022-10,296,0,296,0,0,0,0
kronikevg.com,2022-11,225,0,225,0,0,0,0
kronikevg.com,2022-12,243,0,243,0,0,0,0
kronikevg.com,2023-01,155,1,155,1,1,1,0
kronikevg.com,2023-02,187,0,187,0,0,0,0
kronikevg.com,2023-03,177,0,177,0,0,0,0
kronikevg.com,2023-04,185,0,185,0,0,0,0
kronikevg.com,2023-05,205,0,205,0,0,0,0
kronikevg.com,2023-06,226,0,226,0,0,0,0
kronikevg.com,2023-07,202,0,202,0,0,0,0
kronikevg.com,2023-08,252,0,252,0,0,0,0
kronikevg.com,2023-09,324,0,324,0,0,0,0
kronikevg.com,2023-10,346,0,346,0,0,0,0
kronikevg.com,2023-11,272,0,272,0,0,0,0
kronikevg.com,2023-12,301,0,301,0,0,0,0
kronikevg.com,2024-01,229,1,229,1,1,1,0
kronikevg.com,2024-02,260,0,260,0,0,0,0
kronikevg.com,2024-03,256,0,256,0,0,0,0
kronikevg.com,2024-04,206,0,206,0,0,0,0
kronikevg.com,2024-05,263,0,263,0,0,0,0
kronikevg.com,2024-06,190,0,190,0,0,0,0
kronikevg.com,2024-07,204,0,204,0,0,0,0
kronikevg.com,2024-08,152,0,152,0,0,0,0
kronikevg.com,2024-09,214,0,214,0,0,0,0
kronikevg.com,2024-10,252,0,252,0,0,0,0
kronikevg.com,2024-11,238,0,238,0,0,0,0
kronikevg.com,2024-12,210,0,210,0,0,0,0
kronikevg.com,2025-01,169,0,169,0,0,0,0
kronikevg.com,2025-02,192,1,192,1,1,1,0
kronikevg.com,2025-03,209,0,209,0,0,0,0
kronikevg.com,2025-04,236,0,236,0,0,0,0
kronikevg.com,2025-05,239,0,239,0,0,0,0
kronikevg.com,2025-06,191,0,191,0,0,0,0
kronikevg.com,2025-07,176,0,176,0,0,0,0
kronikevg.com,2025-08,120,0,120,0,0,0,0
kronikevg.com,2025-09,216,0,216,0,0,0,0
kronikevg.com,2025-10,255,1,255,1,1,1,0
kronikevg.com,2025-11,186,0,186,0,0,0,0
kronikevg.com,2025-12,186,1,186,1,1,1,0
kronikevg.com,2026-01,149,0,149,0,0,0,0
kronikevg.com,2026-02,147,0,147,0,0,0,0
kronikevg.com,2026-03,226,0,226,0,0,0,0
kronikevg.com,2026-04,216,0,216,0,0,0,0
kronikevg.com,2026-05,221,0,221,0,0,0,0
kronikevg.com,2026-06,200,0,200,0,0,0,0
kronikevg.com,2026-07,138,0,138,0,0,0,0
kronikevg.com,2026-08,163,0,163,0,0,0,0
kronikevg.com,2026-09,72,0,72,0,0,0,0
krugaresnica.info,2025-09,3,0,3,0,0,0,0
krugaresnica.info,2025-10,64,0,64,0,0,0,0
krugaresnica.info,2025-11,67,0,67,0,0,0,0
krugaresnica.info,2025-12,77,0,77,0,0,0,0
krugaresnica.info,2026-01,69,0,69,0,0,0,0
krugaresnica.info,2026-02,49,0,49,0,0,0,0
krugaresnica.info,2026-03,81,0,81,0,0,0,0
krugaresnica.info,2026-04,71,0,71,0,0,0,0
krugaresnica.info,2026-05,78,0,78,0,0,0,0
krugaresnica.info,2026-06,96,0,96,0,0,0,0
krugaresnica.info,2026-07,85,0,85,0,0,0,0
krugaresnica.info,2026-08,67,0,67,0,0,0,0
krugaresnica.info,2026-09,24,0,24,0,0,0,0
kulturistra.hr,2024-02,10,0,10,0,0,0,0
kulturistra.hr,2024-03,85,0,85,0,0,0,0
kulturistra.hr,2024-04,70,0,70,0,0,0,0
kulturistra.hr,2024-05,64,0,64,0,0,0,0
kulturistra.hr,2024-06,77,0,77,0,0,0,0
kulturistra.hr,2024-07,79,0,79,0,0,0,0
kulturistra.hr,2024-08,54,0,54,0,0,0,0
kulturistra.hr,2024-09,66,0,66,0,0,0,0
kulturistra.hr,2024-10,76,0,76,0,0,0,0
kulturistra.hr,2024-11,70,0,70,0,0,0,0
kulturistra.hr,2024-12,46,0,46,0,0,0,0
kulturistra.hr,2025-01,59,0,59,0,0,0,0
kulturistra.hr,2025-02,54,0,54,0,0,0,0
kulturistra.hr,2025-03,64,0,64,0,0,0,0
kulturistra.hr,2025-04,34,0,34,0,0,0,0
kulturistra.hr,2025-05,35,0,35,0,0,0,0
kulturistra.hr,2025-06,49,0,49,0,0,0,0
kulturistra.hr,2025-07,68,0,68,0,0,0,0
kulturistra.hr,2025-08,36,0,36,0,0,0,0
kulturistra.hr,2025-09,79,0,79,0,0,0,0
kulturistra.hr,2025-10,65,0,65,0,0,0,0
kulturistra.hr,2025-11,43,0,43,0,0,0,0
kulturistra.hr,2025-12,48,0,48,0,0,0,0
kulturistra.hr,2026-01,40,0,40,0,0,0,0
kulturistra.hr,2026-02,32,0,32,0,0,0,0
kulturistra.hr,2026-03,37,0,37,0,0,0,0
kulturistra.hr,2026-04,30,0,30,0,0,0,0
kulturistra.hr,2026-05,48,0,48,0,0,0,0
kulturistra.hr,2026-06,38,0,38,0,0,0,0
kulturistra.hr,2026-07,45,0,45,0,0,0,0
kulturistra.hr,2026-08,30,0,30,0,0,0,0
kulturistra.hr,2026-09,16,0,16,0,0,0,0
kulturpunkt.hr,2021-01,39,0,39,0,0,0,0
kulturpunkt.hr,2021-02,66,0,66,0,0,0,0
kulturpunkt.hr,2021-03,64,0,64,0,0,0,0
kulturpunkt.hr,2021-04,43,0,43,0,0,0,0
kulturpunkt.hr,2021-05,63,0,63,0,0,0,0
kulturpunkt.hr,2021-06,59,0,59,0,0,0,0
kulturpunkt.hr,2021-07,42,0,42,0,0,0,0
kulturpunkt.hr,2021-08,39,0,39,0,0,0,0
kulturpunkt.hr,2021-09,67,0,67,0,0,0,0
kulturpunkt.hr,2021-10,63,0,63,0,0,0,0
kulturpunkt.hr,2021-11,54,0,54,0,0,0,0
kulturpunkt.hr,2021-12,42,0,42,0,0,0,0
kulturpunkt.hr,2022-01,48,0,48,0,0,0,0
kulturpunkt.hr,2022-02,41,0,41,0,0,0,0
kulturpunkt.hr,2022-03,61,0,61,0,0,0,0
kulturpunkt.hr,2022-04,50,0,50,0,0,0,0
kulturpunkt.hr,2022-05,57,0,57,0,0,0,0
kulturpunkt.hr,2022-06,40,0,40,0,0,0,0
kulturpunkt.hr,2022-07,46,0,46,0,0,0,0
kulturpunkt.hr,2022-08,32,0,32,0,0,0,0
kulturpunkt.hr,2022-09,41,0,41,0,0,0,0
kulturpunkt.hr,2022-10,47,0,47,0,0,0,0
kulturpunkt.hr,2022-11,55,0,55,0,0,0,0
kulturpunkt.hr,2022-12,47,0,47,0,0,0,0
kulturpunkt.hr,2023-01,38,0,38,0,0,0,0
kulturpunkt.hr,2023-02,28,0,28,0,0,0,0
kulturpunkt.hr,2023-03,3,0,3,0,0,0,0
kulturpunkt.hr,2023-04,5,0,5,0,0,0,0
kulturpunkt.hr,2023-05,2,0,2,0,0,0,0
kulturpunkt.hr,2023-06,24,0,24,0,0,0,0
kulturpunkt.hr,2023-07,28,0,28,0,0,0,0
kulturpunkt.hr,2023-08,45,0,45,0,0,0,0
kulturpunkt.hr,2023-09,77,0,77,0,0,0,0
kulturpunkt.hr,2023-10,75,0,75,0,0,0,0
kulturpunkt.hr,2023-11,69,0,69,0,0,0,0
kulturpunkt.hr,2023-12,67,0,67,0,0,0,0
kulturpunkt.hr,2024-01,63,0,63,0,0,0,0
kulturpunkt.hr,2024-02,92,0,92,0,0,0,0
kulturpunkt.hr,2024-03,91,0,91,0,0,0,0
kulturpunkt.hr,2024-04,62,0,62,0,0,0,0
kulturpunkt.hr,2024-05,65,0,65,0,0,0,0
kulturpunkt.hr,2024-06,79,0,79,0,0,0,0
kulturpunkt.hr,2024-07,57,0,57,0,0,0,0
kulturpunkt.hr,2024-08,38,0,38,0,0,0,0
kulturpunkt.hr,2024-09,75,0,75,0,0,0,0
kulturpunkt.hr,2024-10,70,0,70,0,0,0,0
kulturpunkt.hr,2024-11,55,0,55,0,0,0,0
kulturpunkt.hr,2024-12,76,0,76,0,0,0,0
kulturpunkt.hr,2025-01,53,0,53,0,0,0,0
kulturpunkt.hr,2025-02,65,0,65,0,0,0,0
kulturpunkt.hr,2025-03,69,0,69,0,0,0,0
kulturpunkt.hr,2025-04,48,0,48,0,0,0,0
kulturpunkt.hr,2025-05,51,0,51,0,0,0,0
kulturpunkt.hr,2025-06,76,1,76,1,1,1,0
kulturpunkt.hr,2025-07,60,0,60,0,0,0,0
kulturpunkt.hr,2025-08,43,0,43,0,0,0,0
kulturpunkt.hr,2025-09,42,0,42,0,0,0,0
kulturpunkt.hr,2025-10,52,0,52,0,0,0,0
kulturpunkt.hr,2025-11,57,0,57,0,0,0,0
kulturpunkt.hr,2025-12,49,0,49,0,0,0,0
kulturpunkt.hr,2026-01,61,0,61,0,0,0,0
kulturpunkt.hr,2026-02,48,0,48,0,0,0,0
kulturpunkt.hr,2026-03,44,0,44,0,0,0,0
kulturpunkt.hr,2026-04,47,0,47,0,0,0,0
kulturpunkt.hr,2026-05,46,0,46,0,0,0,0
kulturpunkt.hr,2026-06,20,0,20,0,0,0,0
kulturpunkt.hr,2026-07,53,0,53,0,0,0,0
kulturpunkt.hr,2026-08,36,0,36,0,0,0,0
kulturpunkt.hr,2026-09,16,0,16,0,0,0,0
labinskakomuna.eu,2024-01,6,0,6,0,0,0,0
labinskakomuna.eu,2024-02,5,0,5,0,0,0,0
labinskakomuna.eu,2024-03,8,0,8,0,0,0,0
labinskakomuna.eu,2024-04,3,0,3,0,0,0,0
labinskakomuna.eu,2024-05,4,0,4,0,0,0,0
labinskakomuna.eu,2024-06,9,0,9,0,0,0,0
labinskakomuna.eu,2024-07,8,0,8,0,0,0,0
labinskakomuna.eu,2024-08,12,0,12,0,0,0,0
labinskakomuna.eu,2024-09,16,0,16,0,0,0,0
labinskakomuna.eu,2024-10,16,0,16,0,0,0,0
labinskakomuna.eu,2024-11,25,0,25,0,0,0,0
labinskakomuna.eu,2024-12,56,0,56,0,0,0,0
labinskakomuna.eu,2025-01,154,0,154,0,0,0,0
labinskakomuna.eu,2025-02,172,0,172,0,0,0,0
labinskakomuna.eu,2025-03,185,0,185,0,0,0,0
labinskakomuna.eu,2025-04,178,0,178,0,0,0,0
labinskakomuna.eu,2025-05,207,1,207,1,1,1,0
labinskakomuna.eu,2025-06,175,0,175,0,0,0,0
labinskakomuna.eu,2025-07,178,0,178,0,0,0,0
labinskakomuna.eu,2025-08,142,0,142,0,0,0,0
labinskakomuna.eu,2025-09,166,0,166,0,0,0,0
labinskakomuna.eu,2025-10,187,1,187,1,1,1,0
labinskakomuna.eu,2025-11,143,0,143,0,0,0,0
labinskakomuna.eu,2025-12,160,0,160,0,0,0,0
labinskakomuna.eu,2026-01,149,0,149,0,0,0,0
labinskakomuna.eu,2026-02,173,0,173,0,0,0,0
labinskakomuna.eu,2026-03,225,1,225,1,1,1,0
labinskakomuna.eu,2026-04,200,0,200,0,0,0,0
labinskakomuna.eu,2026-05,191,0,191,0,0,0,0
labinskakomuna.eu,2026-06,176,0,176,0,0,0,0
labinskakomuna.eu,2026-07,199,0,199,0,0,0,0
labinskakomuna.eu,2026-08,201,0,201,0,0,0,0
labinskakomuna.eu,2026-09,73,0,73,0,0,0,0
labinstina.info,2021-01,8,0,8,0,0,0,0
labinstina.info,2021-02,8,0,8,0,0,0,0
labinstina.info,2021-03,16,0,16,0,0,0,0
labinstina.info,2021-04,27,0,27,0,0,0,0
labinstina.info,2021-05,29,0,29,0,0,0,0
labinstina.info,2021-06,14,0,14,0,0,0,0
labinstina.info,2021-07,6,0,6,0,0,0,0
labinstina.info,2021-08,10,0,10,0,0,0,0
labinstina.info,2021-09,7,0,7,0,0,0,0
labinstina.info,2021-10,5,0,5,0,0,0,0
labinstina.info,2021-11,6,0,6,0,0,0,0
labinstina.info,2021-12,4,0,4,0,0,0,0
labinstina.info,2022-01,7,0,7,0,0,0,0
labinstina.info,2022-02,9,0,9,0,0,0,0
labinstina.info,2022-03,17,0,17,0,0,0,0
labinstina.info,2022-04,10,0,10,0,0,0,0
labinstina.info,2022-05,176,1,176,1,1,1,0
labinstina.info,2022-06,76,0,76,0,0,0,0
labinstina.info,2024-02,55,0,55,0,0,0,0
labinstina.info,2024-03,234,0,234,0,0,0,0
labinstina.info,2024-04,242,0,242,0,0,0,0
labinstina.info,2024-05,260,0,260,0,0,0,0
labinstina.info,2024-06,208,0,208,0,0,0,0
labinstina.info,2024-07,226,0,226,0,0,0,0
labinstina.info,2024-08,174,0,174,0,0,0,0
labinstina.info,2024-09,222,0,222,0,0,0,0
labinstina.info,2024-10,267,0,267,0,0,0,0
labinstina.info,2024-11,238,0,238,0,0,0,0
labinstina.info,2024-12,203,0,203,0,0,0,0
labinstina.info,2025-01,212,0,212,0,0,0,0
labinstina.info,2025-02,209,0,209,0,0,0,0
labinstina.info,2025-03,245,0,245,0,0,0,0
labinstina.info,2025-04,277,0,277,0,0,0,0
labinstina.info,2025-05,276,0,276,0,0,0,0
labinstina.info,2025-06,200,0,200,0,0,0,0
labinstina.info,2025-07,206,0,206,0,0,0,0
labinstina.info,2025-08,180,0,180,0,0,0,0
labinstina.info,2025-09,206,0,206,0,0,0,0
labinstina.info,2025-10,286,0,286,0,0,0,0
labinstina.info,2025-11,226,0,226,0,0,0,0
labinstina.info,2025-12,233,0,233,0,0,0,0
labinstina.info,2026-01,234,0,234,0,0,0,0
labinstina.info,2026-02,229,0,229,0,0,0,0
labinstina.info,2026-03,286,0,286,0,0,0,0
labinstina.info,2026-04,257,0,257,0,0,0,0
labinstina.info,2026-05,182,0,182,0,0,0,0
labinstina.info,2026-08,22,0,22,0,0,0,0
labinstina.info,2026-09,63,0,63,0,0,0,0
laudato.hr,2021-01,377,0,377,0,0,0,0
laudato.hr,2021-02,511,0,511,0,0,0,0
laudato.hr,2021-03,538,0,538,0,0,0,0
laudato.hr,2021-04,449,0,449,0,0,0,0
laudato.hr,2021-05,536,0,536,0,0,0,0
laudato.hr,2021-06,462,0,462,0,0,0,0
laudato.hr,2021-07,377,0,377,0,0,0,0
laudato.hr,2021-08,322,0,322,0,0,0,0
laudato.hr,2021-09,430,0,430,0,0,0,0
laudato.hr,2021-10,424,0,424,0,0,0,0
laudato.hr,2021-11,413,0,413,0,0,0,0
laudato.hr,2021-12,435,0,435,0,0,0,0
laudato.hr,2022-01,385,0,385,0,0,0,0
laudato.hr,2022-02,327,0,327,0,0,0,0
laudato.hr,2022-03,388,0,388,0,0,0,0
laudato.hr,2022-04,338,0,338,0,0,0,0
laudato.hr,2022-05,359,0,359,0,0,0,0
laudato.hr,2022-06,287,0,287,0,0,0,0
laudato.hr,2022-07,233,0,233,0,0,0,0
laudato.hr,2022-08,240,0,240,0,0,0,0
laudato.hr,2022-09,279,0,279,0,0,0,0
laudato.hr,2022-10,329,0,329,0,0,0,0
laudato.hr,2022-11,293,0,293,0,0,0,0
laudato.hr,2022-12,287,0,287,0,0,0,0
laudato.hr,2023-01,284,0,284,0,0,0,0
laudato.hr,2023-02,277,0,277,0,0,0,0
laudato.hr,2023-03,297,0,297,0,0,0,0
laudato.hr,2023-04,285,0,285,0,0,0,0
laudato.hr,2023-05,318,0,318,0,0,0,0
laudato.hr,2023-06,311,0,311,0,0,0,0
laudato.hr,2023-07,244,0,244,0,0,0,0
laudato.hr,2023-08,238,0,238,0,0,0,0
laudato.hr,2023-09,291,0,291,0,0,0,0
laudato.hr,2023-10,310,0,310,0,0,0,0
laudato.hr,2023-11,284,0,284,0,0,0,0
laudato.hr,2023-12,275,0,275,0,0,0,0
laudato.hr,2024-01,238,0,238,0,0,0,0
laudato.hr,2024-02,257,0,257,0,0,0,0
laudato.hr,2024-03,292,0,292,0,0,0,0
laudato.hr,2024-04,244,0,244,0,0,0,0
laudato.hr,2024-05,239,0,239,0,0,0,0
laudato.hr,2024-06,235,0,235,0,0,0,0
laudato.hr,2024-07,215,0,215,0,0,0,0
laudato.hr,2024-08,179,0,179,0,0,0,0
laudato.hr,2024-09,312,0,312,0,0,0,0
laudato.hr,2024-10,318,0,318,0,0,0,0
laudato.hr,2024-11,253,0,253,0,0,0,0
laudato.hr,2024-12,253,0,253,0,0,0,0
laudato.hr,2025-01,251,0,251,0,0,0,0
laudato.hr,2025-02,230,1,230,1,1,1,0
laudato.hr,2025-03,224,0,224,0,0,0,0
laudato.hr,2025-04,275,0,275,0,0,0,0
laudato.hr,2025-05,281,0,281,0,0,0,0
laudato.hr,2025-06,234,0,234,0,0,0,0
laudato.hr,2025-07,238,1,238,1,1,1,0
laudato.hr,2025-08,269,0,269,0,0,0,0
laudato.hr,2025-09,281,0,281,0,0,0,0
laudato.hr,2025-10,305,0,305,0,0,0,0
laudato.hr,2025-11,304,0,304,0,0,0,0
laudato.hr,2025-12,278,0,278,0,0,0,0
laudato.hr,2026-01,297,0,297,0,0,0,0
laudato.hr,2026-02,278,0,278,0,0,0,0
laudato.hr,2026-03,343,0,343,0,0,0,0
laudato.hr,2026-04,287,0,287,0,0,0,0
laudato.hr,2026-05,288,0,288,0,0,0,0
laudato.hr,2026-06,286,0,286,0,0,0,0
laudato.hr,2026-07,238,0,238,0,0,0,0
laudato.hr,2026-08,223,0,223,0,0,0,0
laudato.hr,2026-09,108,0,108,0,0,0,0
lavoce.hr,2024-01,643,2,643,2,2,2,0
lavoce.hr,2024-02,624,0,624,0,0,0,0
lavoce.hr,2024-03,684,2,684,2,2,2,0
lavoce.hr,2024-04,606,1,606,1,1,1,1
lavoce.hr,2024-05,656,0,656,0,0,0,0
lavoce.hr,2024-06,674,1,674,1,1,1,0
lavoce.hr,2024-07,586,1,586,1,1,1,0
lavoce.hr,2024-08,552,1,552,1,1,1,0
lavoce.hr,2024-09,611,1,611,1,1,1,0
lavoce.hr,2024-10,362,0,362,0,0,0,0
lavoce.hr,2024-11,134,0,134,0,0,0,0
lavoce.hr,2024-12,157,4,157,4,4,4,0
lavoce.hr,2025-01,299,3,299,3,3,3,0
lavoce.hr,2025-02,382,1,382,1,1,1,0
lavoce.hr,2025-03,250,0,250,0,0,0,0
lavoce.hr,2025-04,73,1,73,1,1,1,0
lavoce.hr,2025-05,238,0,238,0,0,0,0
lavoce.hr,2025-06,312,2,312,2,2,2,0
lavoce.hr,2025-07,331,1,331,1,1,1,0
lavoce.hr,2025-08,114,0,114,0,0,0,0
lavoce.hr,2025-09,243,1,243,1,1,1,0
lavoce.hr,2025-10,218,1,218,1,1,1,0
lavoce.hr,2025-11,179,0,179,0,0,0,0
lavoce.hr,2025-12,262,2,262,2,2,2,0
lavoce.hr,2026-01,271,2,271,2,2,2,0
lavoce.hr,2026-02,194,0,194,0,0,0,0
lavoce.hr,2026-03,255,0,255,0,0,0,0
lavoce.hr,2026-04,384,1,384,1,1,1,0
lavoce.hr,2026-05,412,1,412,1,1,1,0
lavoce.hr,2026-06,362,0,362,0,0,0,0
lavoce.hr,2026-07,266,1,266,1,1,1,0
lavoce.hr,2026-08,295,1,295,1,1,1,0
lavoce.hr,2026-09,109,0,109,0,0,0,0
libar.media,2021-03,1,0,1,0,0,0,0
libela.org,2024-02,1,0,1,0,0,0,0
libela.org,2024-03,18,0,18,0,0,0,0
libela.org,2024-04,19,0,19,0,0,0,0
libela.org,2024-05,15,0,15,0,0,0,0
libela.org,2024-06,12,0,12,0,0,0,0
libela.org,2024-07,9,0,9,0,0,0,0
libela.org,2024-08,11,0,11,0,0,0,0
libela.org,2024-09,13,1,13,1,1,1,0
libela.org,2024-10,11,0,11,0,0,0,0
libela.org,2024-11,15,0,15,0,0,0,0
libela.org,2024-12,17,0,17,0,0,0,0
libela.org,2025-01,12,0,12,0,0,0,0
libela.org,2025-02,12,0,12,0,0,0,0
libela.org,2025-03,17,0,17,0,0,0,0
libela.org,2025-04,16,0,16,0,0,0,0
libela.org,2025-05,16,0,16,0,0,0,0
libela.org,2025-06,10,0,10,0,0,0,0
libela.org,2025-07,12,0,12,0,0,0,0
libela.org,2025-08,12,0,12,0,0,0,0
libela.org,2025-09,14,0,14,0,0,0,0
libela.org,2025-10,19,0,19,0,0,0,0
libela.org,2025-11,21,0,21,0,0,0,0
libela.org,2025-12,12,0,12,0,0,0,0
libela.org,2026-01,13,0,13,0,0,0,0
libela.org,2026-02,14,0,14,0,0,0,0
libela.org,2026-03,13,0,13,0,0,0,0
libela.org,2026-04,12,0,12,0,0,0,0
libela.org,2026-05,15,0,15,0,0,0,0
libela.org,2026-06,14,0,14,0,0,0,0
libela.org,2026-07,11,0,11,0,0,0,0
libela.org,2026-08,14,0,14,0,0,0,0
libela.org,2026-09,4,0,4,0,0,0,0
liberal.hr,2021-02,1,0,1,0,0,0,0
liberal.hr,2021-05,6,0,6,0,0,0,0
liberal.hr,2022-07,1,0,1,0,0,0,0
liberal.hr,2023-01,5,0,5,0,0,0,0
liberal.hr,2023-02,8,0,8,0,0,0,0
liberal.hr,2023-03,18,0,18,0,0,0,0
liberal.hr,2023-04,6,0,6,0,0,0,0
liberal.hr,2023-05,2,0,2,0,0,0,0
liberal.hr,2023-06,5,0,5,0,0,0,0
liberal.hr,2023-07,4,0,4,0,0,0,0
liberal.hr,2023-08,4,0,4,0,0,0,0
liberal.hr,2023-09,2,0,2,0,0,0,0
liberal.hr,2023-10,6,0,6,0,0,0,0
liberal.hr,2023-11,5,0,5,0,0,0,0
liberal.hr,2023-12,3,0,3,0,0,0,0
liberal.hr,2024-02,10,0,10,0,0,0,0
liberal.hr,2024-03,12,0,12,0,0,0,0
liberal.hr,2024-04,23,0,23,0,0,0,0
liberal.hr,2024-05,36,1,36,1,1,1,0
liberal.hr,2024-06,5,0,5,0,0,0,0
liberal.hr,2024-07,2,0,2,0,0,0,0
liberal.hr,2024-08,4,0,4,0,0,0,0
liberal.hr,2024-09,16,0,16,0,0,0,0
liberal.hr,2024-10,6,0,6,0,0,0,0
liberal.hr,2024-11,27,1,27,1,1,1,0
liberal.hr,2024-12,23,0,23,0,0,0,0
liberal.hr,2025-01,53,3,53,3,3,3,1
liberal.hr,2025-02,46,1,46,1,1,1,0
liberal.hr,2025-03,63,0,63,0,0,0,0
liberal.hr,2025-04,34,0,34,0,0,0,0
liberal.hr,2025-05,25,0,25,0,0,0,0
liberal.hr,2025-06,19,0,19,0,0,0,0
liberal.hr,2025-07,29,0,29,0,0,0,0
liberal.hr,2025-08,47,0,47,0,0,0,0
liberal.hr,2025-09,49,1,49,1,1,1,0
liberal.hr,2025-10,60,0,60,0,0,0,0
liberal.hr,2025-11,41,1,41,1,1,1,0
liberal.hr,2025-12,43,0,43,0,0,0,0
liberal.hr,2026-01,37,0,37,0,0,0,0
liberal.hr,2026-02,24,0,24,0,0,0,0
liberal.hr,2026-03,45,0,45,0,0,0,0
liberal.hr,2026-04,14,0,14,0,0,0,0
liberal.hr,2026-05,42,0,42,0,0,0,0
liberal.hr,2026-06,29,0,29,0,0,0,0
liberal.hr,2026-07,38,1,38,1,1,1,0
liberal.hr,2026-08,32,0,32,0,0,0,0
liberal.hr,2026-09,12,0,12,0,0,0,0
liberoportal.hr,2021-01,2,0,2,0,0,0,0
liberoportal.hr,2021-02,192,0,192,0,0,0,0
liberoportal.hr,2021-03,3,0,3,0,0,0,0
liberoportal.hr,2021-04,1,0,1,0,0,0,0
liberoportal.hr,2021-05,4,0,4,0,0,0,0
liberoportal.hr,2021-06,1,0,1,0,0,0,0
liberoportal.hr,2021-07,3,0,3,0,0,0,0
liberoportal.hr,2021-09,1,0,1,0,0,0,0
liberoportal.hr,2021-10,2,0,2,0,0,0,0
liberoportal.hr,2021-11,1,0,1,0,0,0,0
liberoportal.hr,2021-12,1,0,1,0,0,0,0
liberoportal.hr,2022-01,351,0,351,0,0,0,0
liberoportal.hr,2022-02,599,0,599,0,0,0,0
liberoportal.hr,2022-03,735,1,735,1,1,1,0
liberoportal.hr,2022-04,645,1,645,1,1,1,0
liberoportal.hr,2022-05,679,0,679,0,0,0,0
liberoportal.hr,2022-06,598,0,598,0,0,0,0
liberoportal.hr,2022-07,624,0,624,0,0,0,0
liberoportal.hr,2022-08,455,0,455,0,0,0,0
liberoportal.hr,2022-09,574,0,574,0,0,0,0
liberoportal.hr,2022-10,531,0,531,0,0,0,0
liberoportal.hr,2022-11,525,0,525,0,0,0,0
liberoportal.hr,2022-12,528,1,528,1,1,1,0
liberoportal.hr,2023-01,565,4,565,4,4,4,1
liberoportal.hr,2023-02,517,1,517,1,1,1,0
liberoportal.hr,2023-03,505,0,505,0,0,0,0
liberoportal.hr,2023-04,424,1,424,1,1,1,0
liberoportal.hr,2023-05,399,2,399,2,2,2,1
liberoportal.hr,2023-06,195,0,195,0,0,0,0
liberoportal.hr,2023-07,443,0,443,0,0,0,0
liberoportal.hr,2023-08,468,0,468,0,0,0,0
liberoportal.hr,2023-09,337,1,337,1,1,1,0
liberoportal.hr,2023-10,507,0,507,0,0,0,0
liberoportal.hr,2023-11,501,0,501,0,0,0,0
liberoportal.hr,2023-12,510,1,510,1,1,1,0
liberoportal.hr,2024-01,351,0,351,0,0,0,0
liberoportal.hr,2024-02,387,0,387,0,0,0,0
liberoportal.hr,2024-03,414,0,414,0,0,0,0
liberoportal.hr,2024-04,381,0,381,0,0,0,0
liberoportal.hr,2024-05,381,0,381,0,0,0,0
liberoportal.hr,2024-06,357,1,357,1,1,1,0
liberoportal.hr,2024-07,373,0,373,0,0,0,0
liberoportal.hr,2024-08,172,0,172,0,0,0,0
liberoportal.hr,2024-09,323,0,323,0,0,0,0
liberoportal.hr,2024-10,352,0,352,0,0,0,0
liberoportal.hr,2025-04,7,0,7,0,0,0,0
liberoportal.hr,2025-05,56,0,56,0,0,0,0
liberoportal.hr,2025-06,71,0,71,0,0,0,0
liberoportal.hr,2025-07,110,0,110,0,0,0,0
liberoportal.hr,2025-09,1,0,1,0,0,0,0
liberoportal.hr,2025-11,3,0,3,0,0,0,0
liberoportal.hr,2025-12,2,0,2,0,0,0,0
liberoportal.hr,2026-01,21,0,21,0,0,0,0
liberoportal.hr,2026-02,36,0,36,0,0,0,0
liberoportal.hr,2026-03,45,0,45,0,0,0,0
liberoportal.hr,2026-05,4,0,4,0,0,0,0
liberoportal.hr,2026-06,3,0,3,0,0,0,0
liberoportal.hr,2026-07,6,0,6,0,0,0,0
liberoportal.hr,2026-08,7,0,7,0,0,0,0
liberoportal.hr,2026-09,63,0,63,0,0,0,0
licegrada.hr,2024-01,1,0,1,0,0,0,0
licegrada.hr,2024-02,5,0,5,0,0,0,0
licegrada.hr,2024-03,14,0,14,0,0,0,0
licegrada.hr,2024-04,8,0,8,0,0,0,0
licegrada.hr,2024-05,18,0,18,0,0,0,0
licegrada.hr,2024-06,22,0,22,0,0,0,0
licegrada.hr,2024-07,22,0,22,0,0,0,0
licegrada.hr,2024-08,20,0,20,0,0,0,0
licegrada.hr,2024-09,17,0,17,0,0,0,0
licegrada.hr,2024-10,15,0,15,0,0,0,0
licegrada.hr,2024-11,15,0,15,0,0,0,0
licegrada.hr,2024-12,9,0,9,0,0,0,0
licegrada.hr,2025-01,7,0,7,0,0,0,0
licegrada.hr,2025-02,8,0,8,0,0,0,0
licegrada.hr,2025-03,10,0,10,0,0,0,0
licegrada.hr,2025-04,4,0,4,0,0,0,0
licegrada.hr,2025-05,6,0,6,0,0,0,0
licegrada.hr,2025-06,6,0,6,0,0,0,0
licegrada.hr,2025-07,3,0,3,0,0,0,0
licegrada.hr,2025-08,3,0,3,0,0,0,0
licegrada.hr,2025-09,5,0,5,0,0,0,0
licegrada.hr,2025-10,8,0,8,0,0,0,0
licegrada.hr,2025-11,6,0,6,0,0,0,0
licegrada.hr,2025-12,4,0,4,0,0,0,0
licegrada.hr,2026-01,4,0,4,0,0,0,0
licegrada.hr,2026-02,3,0,3,0,0,0,0
licegrada.hr,2026-03,4,0,4,0,0,0,0
licegrada.hr,2026-04,4,0,4,0,0,0,0
licegrada.hr,2026-05,52,0,52,0,0,0,0
licegrada.hr,2026-06,14,0,14,0,0,0,0
licegrada.hr,2026-07,10,0,10,0,0,0,0
licegrada.hr,2026-08,6,0,6,0,0,0,0
licegrada.hr,2026-09,1,0,1,0,0,0,0
lider.media,2021-01,425,18,425,18,18,18,0
lider.media,2021-02,402,7,402,7,7,7,1
lider.media,2021-03,462,13,462,13,13,13,0
lider.media,2021-04,467,14,467,14,14,14,1
lider.media,2021-05,501,8,501,8,8,8,0
lider.media,2021-06,454,12,454,12,12,12,2
lider.media,2021-07,494,19,494,19,19,19,6
lider.media,2021-08,386,11,386,11,11,11,1
lider.media,2021-09,514,11,514,11,11,11,1
lider.media,2021-10,481,16,481,16,16,16,3
lider.media,2021-11,489,4,489,4,4,4,0
lider.media,2021-12,456,9,456,9,9,9,3
lider.media,2022-01,410,17,410,17,17,17,3
lider.media,2022-02,437,15,437,15,15,15,3
lider.media,2022-03,96,4,96,4,4,4,0
lider.media,2025-01,1,0,1,0,0,0,0
lifebuzz.hr,2024-06,1,0,1,0,0,0,0
lifebuzz.hr,2024-07,47,1,47,1,1,1,0
lifebuzz.hr,2024-08,6,0,6,0,0,0,0
lifebuzz.hr,2024-09,4,0,4,0,0,0,0
lifebuzz.hr,2024-10,8,0,8,0,0,0,0
lifebuzz.hr,2024-11,6,0,6,0,0,0,0
lifebuzz.hr,2024-12,11,0,11,0,0,0,0
lifebuzz.hr,2025-01,33,0,33,0,0,0,0
lifebuzz.hr,2025-02,27,0,27,0,0,0,0
lifebuzz.hr,2025-03,15,0,15,0,0,0,0
lifebuzz.hr,2025-04,8,0,8,0,0,0,0
lifebuzz.hr,2025-05,8,0,8,0,0,0,0
lifebuzz.hr,2025-06,9,0,9,0,0,0,0
lifebuzz.hr,2025-07,11,0,11,0,0,0,0
lifebuzz.hr,2025-08,3,0,3,0,0,0,0
lifebuzz.hr,2025-10,3,0,3,0,0,0,0
lifebuzz.hr,2025-11,4,0,4,0,0,0,0
lifebuzz.hr,2025-12,1,0,1,0,0,0,0
lifebuzz.hr,2026-01,16,0,16,0,0,0,0
lifebuzz.hr,2026-02,12,0,12,0,0,0,0
lifebuzz.hr,2026-03,47,0,47,0,0,0,0
lifebuzz.hr,2026-04,56,0,56,0,0,0,0
lifebuzz.hr,2026-05,64,0,64,0,0,0,0
lifebuzz.hr,2026-06,44,0,44,0,0,0,0
lifebuzz.hr,2026-07,28,0,28,0,0,0,0
lifebuzz.hr,2026-08,28,0,28,0,0,0,0
lika-express.hr,2021-01,68,0,68,0,0,0,0
lika-express.hr,2021-02,77,0,77,0,0,0,0
lika-express.hr,2021-03,96,0,96,0,0,0,0
lika-express.hr,2021-04,81,0,81,0,0,0,0
lika-express.hr,2021-05,85,0,85,0,0,0,0
lika-express.hr,2021-06,80,0,80,0,0,0,0
lika-express.hr,2021-07,85,0,85,0,0,0,0
lika-express.hr,2021-08,69,0,69,0,0,0,0
lika-express.hr,2021-09,81,0,81,0,0,0,0
lika-express.hr,2021-10,82,0,82,0,0,0,0
lika-express.hr,2021-11,76,0,76,0,0,0,0
lika-express.hr,2021-12,92,0,92,0,0,0,0
lika-express.hr,2022-01,68,0,68,0,0,0,0
lika-express.hr,2022-02,71,0,71,0,0,0,0
lika-express.hr,2022-03,101,0,101,0,0,0,0
lika-express.hr,2022-04,87,0,87,0,0,0,0
lika-express.hr,2022-05,95,0,95,0,0,0,0
lika-express.hr,2022-06,83,0,83,0,0,0,0
lika-express.hr,2022-07,95,0,95,0,0,0,0
lika-express.hr,2022-08,81,0,81,0,0,0,0
lika-express.hr,2022-09,97,0,97,0,0,0,0
lika-express.hr,2022-10,111,0,111,0,0,0,0
lika-express.hr,2022-11,85,0,85,0,0,0,0
lika-express.hr,2022-12,100,0,100,0,0,0,0
lika-express.hr,2023-01,65,0,65,0,0,0,0
lika-express.hr,2023-02,85,0,85,0,0,0,0
lika-express.hr,2023-03,81,0,81,0,0,0,0
lika-express.hr,2023-04,75,0,75,0,0,0,0
lika-express.hr,2023-05,88,0,88,0,0,0,0
lika-express.hr,2023-06,65,0,65,0,0,0,0
lika-express.hr,2023-07,71,0,71,0,0,0,0
lika-express.hr,2023-08,56,0,56,0,0,0,0
lika-express.hr,2023-09,79,0,79,0,0,0,0
lika-express.hr,2023-10,59,0,59,0,0,0,0
lika-express.hr,2023-11,77,0,77,0,0,0,0
lika-express.hr,2023-12,86,0,86,0,0,0,0
lika-express.hr,2024-01,38,0,38,0,0,0,0
lika-express.hr,2024-02,54,0,54,0,0,0,0
lika-express.hr,2024-03,51,0,51,0,0,0,0
lika-express.hr,2024-04,58,0,58,0,0,0,0
lika-express.hr,2024-05,66,0,66,0,0,0,0
lika-express.hr,2024-06,60,0,60,0,0,0,0
lika-express.hr,2024-07,71,0,71,0,0,0,0
lika-express.hr,2024-08,44,0,44,0,0,0,0
lika-express.hr,2024-09,61,0,61,0,0,0,0
lika-express.hr,2024-10,57,0,57,0,0,0,0
lika-express.hr,2024-11,58,0,58,0,0,0,0
lika-express.hr,2024-12,67,0,67,0,0,0,0
lika-express.hr,2025-01,51,0,51,0,0,0,0
lika-express.hr,2025-02,62,0,62,0,0,0,0
lika-express.hr,2025-03,55,0,55,0,0,0,0
lika-express.hr,2025-04,56,0,56,0,0,0,0
lika-express.hr,2025-05,64,0,64,0,0,0,0
lika-express.hr,2025-06,61,0,61,0,0,0,0
lika-express.hr,2025-07,78,0,78,0,0,0,0
lika-express.hr,2025-08,56,0,56,0,0,0,0
lika-express.hr,2025-09,80,0,80,0,0,0,0
lika-express.hr,2025-10,103,0,103,0,0,0,0
lika-express.hr,2025-11,59,0,59,0,0,0,0
lika-express.hr,2025-12,58,0,58,0,0,0,0
lika-express.hr,2026-01,59,0,59,0,0,0,0
lika-express.hr,2026-02,57,0,57,0,0,0,0
lika-express.hr,2026-03,123,0,123,0,0,0,0
lika-express.hr,2026-04,100,0,100,0,0,0,0
lika-express.hr,2026-05,85,0,85,0,0,0,0
lika-express.hr,2026-06,109,0,109,0,0,0,0
lika-express.hr,2026-07,99,0,99,0,0,0,0
lika-express.hr,2026-08,310,0,310,0,0,0,0
lika-express.hr,2026-09,168,1,168,1,1,1,0
lika-online.com,2021-01,155,0,155,0,0,0,0
lika-online.com,2021-02,185,0,185,0,0,0,0
lika-online.com,2021-03,264,0,264,0,0,0,0
lika-online.com,2021-04,278,0,278,0,0,0,0
lika-online.com,2021-05,307,1,307,1,1,1,0
lika-online.com,2021-06,207,0,207,0,0,0,0
lika-online.com,2021-07,173,0,173,0,0,0,0
lika-online.com,2021-08,149,0,149,0,0,0,0
lika-online.com,2021-09,189,0,189,0,0,0,0
lika-online.com,2021-10,206,0,206,0,0,0,0
lika-online.com,2021-11,188,0,188,0,0,0,0
lika-online.com,2021-12,208,0,208,0,0,0,0
lika-online.com,2022-01,159,0,159,0,0,0,0
lika-online.com,2022-02,160,0,160,0,0,0,0
lika-online.com,2022-03,190,0,190,0,0,0,0
lika-online.com,2022-04,164,0,164,0,0,0,0
lika-online.com,2022-05,163,0,163,0,0,0,0
lika-online.com,2022-06,162,0,162,0,0,0,0
lika-online.com,2022-07,180,0,180,0,0,0,0
lika-online.com,2022-08,165,0,165,0,0,0,0
lika-online.com,2022-09,152,0,152,0,0,0,0
lika-online.com,2022-10,183,0,183,0,0,0,0
lika-online.com,2022-11,118,0,118,0,0,0,0
lika-online.com,2023-06,7,0,7,0,0,0,0
lika-online.com,2025-05,1,0,1,0,0,0,0
lika-online.com,2025-11,1,0,1,0,0,0,0
likaclub.eu,2021-01,265,3,265,3,3,3,1
likaclub.eu,2021-02,259,3,259,3,3,3,0
likaclub.eu,2021-03,271,0,271,0,0,0,0
likaclub.eu,2021-04,268,0,268,0,0,0,0
likaclub.eu,2021-05,316,0,316,0,0,0,0
likaclub.eu,2021-06,243,0,243,0,0,0,0
likaclub.eu,2021-07,248,1,248,1,1,1,0
likaclub.eu,2021-08,224,0,224,0,0,0,0
likaclub.eu,2021-09,220,0,220,0,0,0,0
likaclub.eu,2021-10,214,1,214,1,1,1,0
likaclub.eu,2021-11,209,0,209,0,0,0,0
likaclub.eu,2021-12,164,0,164,0,0,0,0
likaclub.eu,2022-01,112,0,112,0,0,0,0
likaclub.eu,2022-02,115,1,115,1,1,1,0
likaclub.eu,2022-03,144,0,144,0,0,0,0
likaclub.eu,2022-04,127,1,127,1,1,1,0
likaclub.eu,2022-05,158,1,158,1,1,1,0
likaclub.eu,2022-06,163,1,163,1,1,1,0
likaclub.eu,2022-07,155,1,155,1,1,1,0
likaclub.eu,2022-08,113,0,113,0,0,0,0
likaclub.eu,2022-09,131,0,131,0,0,0,0
likaclub.eu,2022-10,129,0,129,0,0,0,0
likaclub.eu,2022-11,197,0,197,0,0,0,0
likaclub.eu,2022-12,178,1,178,1,1,1,0
likaclub.eu,2023-01,194,4,194,4,4,4,0
likaclub.eu,2023-02,178,0,178,0,0,0,0
likaclub.eu,2023-03,193,0,193,0,0,0,0
likaclub.eu,2023-04,237,0,237,0,0,0,0
likaclub.eu,2023-05,290,0,290,0,0,0,0
likaclub.eu,2023-06,316,6,316,6,6,6,1
likaclub.eu,2023-07,384,1,384,1,1,1,0
likaclub.eu,2023-08,377,1,377,1,1,1,0
likaclub.eu,2023-09,450,1,450,1,1,1,0
likaclub.eu,2023-10,515,1,515,1,1,1,0
likaclub.eu,2023-11,623,4,623,4,4,4,0
likaclub.eu,2023-12,540,17,540,17,17,17,4
likaclub.eu,2024-01,344,1,344,1,1,1,0
likaclub.eu,2024-02,285,0,285,0,0,0,0
likaclub.eu,2024-03,256,0,256,0,0,0,0
likaclub.eu,2024-04,222,0,222,0,0,0,0
likaclub.eu,2024-05,227,0,227,0,0,0,0
likaclub.eu,2024-06,193,1,193,1,1,1,0
likaclub.eu,2024-07,177,0,177,0,0,0,0
likaclub.eu,2024-08,156,0,156,0,0,0,0
likaclub.eu,2024-09,164,2,164,2,2,2,0
likaclub.eu,2024-10,164,1,164,1,1,1,0
likaclub.eu,2024-11,150,0,150,0,0,0,0
likaclub.eu,2024-12,190,2,190,2,2,2,1
likaclub.eu,2025-01,158,0,158,0,0,0,0
likaclub.eu,2025-02,182,3,182,3,3,3,0
likaclub.eu,2025-03,218,1,218,1,1,1,0
likaclub.eu,2025-04,233,1,233,1,1,1,0
likaclub.eu,2025-05,280,1,280,1,1,1,0
likaclub.eu,2025-06,234,0,234,0,0,0,0
likaclub.eu,2025-07,184,1,184,1,1,1,0
likaclub.eu,2025-08,159,0,159,0,0,0,0
likaclub.eu,2025-09,149,0,149,0,0,0,0
likaclub.eu,2025-10,163,1,163,1,1,1,0
likaclub.eu,2025-11,146,0,146,0,0,0,0
likaclub.eu,2025-12,133,1,133,1,1,1,1
likaclub.eu,2026-01,77,2,77,2,2,2,1
likaportal.com,2026-04,10,0,10,0,0,0,0
likaportal.com,2026-05,36,0,36,0,0,0,0
likaportal.com,2026-06,14,0,14,0,0,0,0
likaportal.com,2026-07,8,0,8,0,0,0,0
likaportal.com,2026-08,12,0,12,0,0,0,0
likaportal.com,2026-09,11,0,11,0,0,0,0
likemetkovic.hr,2021-01,196,0,196,0,0,0,0
likemetkovic.hr,2021-02,223,0,223,0,0,0,0
likemetkovic.hr,2021-03,242,2,242,2,2,2,0
likemetkovic.hr,2021-04,267,0,267,0,0,0,0
likemetkovic.hr,2021-05,267,1,267,1,1,1,0
likemetkovic.hr,2021-06,249,0,249,0,0,0,0
likemetkovic.hr,2021-07,268,1,268,1,1,1,0
likemetkovic.hr,2021-08,242,1,242,1,1,1,1
likemetkovic.hr,2021-09,241,1,241,1,1,1,0
likemetkovic.hr,2021-10,228,0,228,0,0,0,0
likemetkovic.hr,2021-11,207,2,207,2,2,2,0
likemetkovic.hr,2021-12,204,1,204,1,1,1,0
likemetkovic.hr,2022-01,177,0,177,0,0,0,0
likemetkovic.hr,2022-02,180,2,180,2,2,2,0
likemetkovic.hr,2022-03,224,0,224,0,0,0,0
likemetkovic.hr,2022-04,203,1,203,1,1,1,0
likemetkovic.hr,2022-05,230,0,230,0,0,0,0
likemetkovic.hr,2022-06,212,0,212,0,0,0,0
likemetkovic.hr,2022-07,204,2,204,2,2,2,0
likemetkovic.hr,2022-08,195,2,195,2,2,2,0
likemetkovic.hr,2022-09,172,0,172,0,0,0,0
likemetkovic.hr,2022-10,177,0,177,0,0,0,0
likemetkovic.hr,2022-11,174,1,174,1,1,1,0
likemetkovic.hr,2022-12,154,1,154,1,1,1,0
likemetkovic.hr,2023-01,159,4,159,4,4,4,1
likemetkovic.hr,2023-02,140,0,140,0,0,0,0
likemetkovic.hr,2023-03,180,0,180,0,0,0,0
likemetkovic.hr,2023-04,168,0,168,0,0,0,0
likemetkovic.hr,2023-05,190,0,190,0,0,0,0
likemetkovic.hr,2023-06,175,0,175,0,0,0,0
likemetkovic.hr,2023-07,169,0,169,0,0,0,0
likemetkovic.hr,2023-08,170,2,170,2,2,2,1
likemetkovic.hr,2023-09,169,0,169,0,0,0,0
likemetkovic.hr,2023-10,151,0,151,0,0,0,0
likemetkovic.hr,2023-11,165,0,165,0,0,0,0
likemetkovic.hr,2023-12,157,1,157,1,1,1,0
likemetkovic.hr,2024-01,144,0,144,0,0,0,0
likemetkovic.hr,2024-02,135,0,135,0,0,0,0
likemetkovic.hr,2024-03,146,1,146,1,1,1,0
likemetkovic.hr,2024-04,148,0,148,0,0,0,0
likemetkovic.hr,2024-05,160,0,160,0,0,0,0
likemetkovic.hr,2024-06,140,0,140,0,0,0,0
likemetkovic.hr,2024-07,174,0,174,0,0,0,0
likemetkovic.hr,2024-08,157,0,157,0,0,0,0
likemetkovic.hr,2024-09,148,0,148,0,0,0,0
likemetkovic.hr,2024-10,157,0,157,0,0,0,0
likemetkovic.hr,2024-11,135,0,135,0,0,0,0
likemetkovic.hr,2024-12,129,1,129,1,1,1,0
likemetkovic.hr,2025-01,113,0,113,0,0,0,0
likemetkovic.hr,2025-02,115,1,115,1,1,1,0
likemetkovic.hr,2025-03,139,0,139,0,0,0,0
likemetkovic.hr,2025-04,137,0,137,0,0,0,0
likemetkovic.hr,2025-05,147,0,147,0,0,0,0
likemetkovic.hr,2025-06,132,0,132,0,0,0,0
likemetkovic.hr,2025-07,139,0,139,0,0,0,0
likemetkovic.hr,2025-08,125,0,125,0,0,0,0
likemetkovic.hr,2025-09,122,0,122,0,0,0,0
likemetkovic.hr,2025-10,146,1,146,1,1,1,0
likemetkovic.hr,2025-11,129,0,129,0,0,0,0
likemetkovic.hr,2025-12,158,1,158,1,1,1,0
likemetkovic.hr,2026-01,124,1,124,1,1,1,0
likemetkovic.hr,2026-02,106,0,106,0,0,0,0
likemetkovic.hr,2026-03,167,0,167,0,0,0,0
likemetkovic.hr,2026-04,149,0,149,0,0,0,0
likemetkovic.hr,2026-05,166,0,166,0,0,0,0
likemetkovic.hr,2026-06,155,0,155,0,0,0,0
likemetkovic.hr,2026-07,193,1,193,1,1,1,0
likemetkovic.hr,2026-08,190,0,190,0,0,0,0
likemetkovic.hr,2026-09,62,0,62,0,0,0,0
lipadona.com,2021-01,113,1,113,1,1,1,0
lipadona.com,2021-02,128,0,128,0,0,0,0
lipadona.com,2021-03,140,0,140,0,0,0,0
lipadona.com,2021-04,106,0,106,0,0,0,0
lipadona.com,2021-05,100,0,100,0,0,0,0
lipadona.com,2021-06,132,0,132,0,0,0,0
lipadona.com,2021-07,531,0,531,0,0,0,0
lipadona.com,2021-08,72,0,72,0,0,0,0
lipadona.com,2021-09,105,0,105,0,0,0,0
lipadona.com,2021-10,100,0,100,0,0,0,0
lipadona.com,2021-11,113,0,113,0,0,0,0
lipadona.com,2021-12,124,0,124,0,0,0,0
lipadona.com,2022-01,86,0,86,0,0,0,0
lipadona.com,2022-02,104,0,104,0,0,0,0
lipadona.com,2022-03,107,0,107,0,0,0,0
lipadona.com,2022-04,119,0,119,0,0,0,0
lipadona.com,2022-05,101,0,101,0,0,0,0
lipadona.com,2022-06,103,0,103,0,0,0,0
lipadona.com,2022-07,129,0,129,0,0,0,0
lipadona.com,2022-08,101,0,101,0,0,0,0
lipadona.com,2022-09,129,0,129,0,0,0,0
lipadona.com,2022-10,115,0,115,0,0,0,0
lipadona.com,2022-11,132,0,132,0,0,0,0
lipadona.com,2022-12,130,0,130,0,0,0,0
lipadona.com,2023-01,107,0,107,0,0,0,0
lipadona.com,2023-02,115,0,115,0,0,0,0
lipadona.com,2023-03,134,0,134,0,0,0,0
lipadona.com,2023-04,98,0,98,0,0,0,0
lipadona.com,2023-05,116,0,116,0,0,0,0
lipadona.com,2023-06,95,0,95,0,0,0,0
lipadona.com,2023-07,117,0,117,0,0,0,0
lipadona.com,2023-08,129,0,129,0,0,0,0
lipadona.com,2023-09,122,0,122,0,0,0,0
lipadona.com,2023-10,129,0,129,0,0,0,0
lipadona.com,2023-11,134,0,134,0,0,0,0
lipadona.com,2023-12,129,0,129,0,0,0,0
lipadona.com,2024-01,118,0,118,0,0,0,0
lipadona.com,2024-02,122,0,122,0,0,0,0
lipadona.com,2024-03,124,0,124,0,0,0,0
lipadona.com,2024-04,104,0,104,0,0,0,0
lipadona.com,2024-05,113,0,113,0,0,0,0
lipadona.com,2024-06,92,0,92,0,0,0,0
lipadona.com,2024-07,133,0,133,0,0,0,0
lipadona.com,2024-08,93,1,93,1,1,1,0
lipadona.com,2024-09,104,0,104,0,0,0,0
lipadona.com,2024-10,102,0,102,0,0,0,0
lipadona.com,2024-11,87,0,87,0,0,0,0
lipadona.com,2024-12,83,0,83,0,0,0,0
lipadona.com,2025-01,76,0,76,0,0,0,0
lipadona.com,2025-02,64,0,64,0,0,0,0
lipadona.com,2025-03,88,0,88,0,0,0,0
lipadona.com,2025-04,79,0,79,0,0,0,0
lipadona.com,2025-05,63,0,63,0,0,0,0
lipadona.com,2025-06,59,0,59,0,0,0,0
lipadona.com,2025-07,57,0,57,0,0,0,0
lipadona.com,2025-08,46,0,46,0,0,0,0
lipadona.com,2025-09,47,0,47,0,0,0,0
lipadona.com,2025-10,55,0,55,0,0,0,0
lipadona.com,2025-11,80,0,80,0,0,0,0
lipadona.com,2025-12,51,0,51,0,0,0,0
lipadona.com,2026-01,54,0,54,0,0,0,0
lipadona.com,2026-02,43,0,43,0,0,0,0
lipadona.com,2026-03,44,0,44,0,0,0,0
lipadona.com,2026-04,30,0,30,0,0,0,0
lipadona.com,2026-05,45,0,45,0,0,0,0
lipadona.com,2026-06,42,0,42,0,0,0,0
lipadona.com,2026-07,50,0,50,0,0,0,0
lipadona.com,2026-08,24,0,24,0,0,0,0
lipadona.com,2026-09,9,0,9,0,0,0,0
lokalnevijesti.hr,2023-09,1,0,1,0,0,0,0
lupiga.com,2021-01,39,0,39,0,0,0,0
lupiga.com,2021-02,45,1,45,1,1,1,0
lupiga.com,2021-03,34,1,34,1,1,1,0
lupiga.com,2021-04,50,0,50,0,0,0,0
lupiga.com,2021-05,61,0,61,0,0,0,0
lupiga.com,2021-06,37,0,37,0,0,0,0
lupiga.com,2021-07,32,0,32,0,0,0,0
lupiga.com,2021-08,18,0,18,0,0,0,0
lupiga.com,2021-09,25,0,25,0,0,0,0
lupiga.com,2021-10,34,0,34,0,0,0,0
lupiga.com,2021-11,37,0,37,0,0,0,0
lupiga.com,2021-12,44,1,44,1,1,1,0
lupiga.com,2022-01,26,0,26,0,0,0,0
lupiga.com,2022-02,29,0,29,0,0,0,0
lupiga.com,2022-03,36,0,36,0,0,0,0
lupiga.com,2022-04,27,0,27,0,0,0,0
lupiga.com,2022-05,31,0,31,0,0,0,0
lupiga.com,2022-06,44,0,44,0,0,0,0
lupiga.com,2022-07,37,0,37,0,0,0,0
lupiga.com,2022-08,45,2,45,2,2,2,0
lupiga.com,2022-09,31,0,31,0,0,0,0
lupiga.com,2022-10,31,0,31,0,0,0,0
lupiga.com,2022-11,29,0,29,0,0,0,0
lupiga.com,2022-12,36,0,36,0,0,0,0
lupiga.com,2023-01,17,1,17,1,1,1,0
lupiga.com,2023-02,40,0,40,0,0,0,0
lupiga.com,2023-03,30,0,30,0,0,0,0
lupiga.com,2023-04,11,0,11,0,0,0,0
lupiga.com,2023-05,42,0,42,0,0,0,0
lupiga.com,2023-06,27,0,27,0,0,0,0
lupiga.com,2023-07,23,0,23,0,0,0,0
lupiga.com,2023-08,17,0,17,0,0,0,0
lupiga.com,2023-09,28,0,28,0,0,0,0
lupiga.com,2023-10,59,0,59,0,0,0,0
lupiga.com,2023-11,47,0,47,0,0,0,0
lupiga.com,2023-12,74,0,74,0,0,0,0
lupiga.com,2024-01,34,0,34,0,0,0,0
lupiga.com,2024-02,42,0,42,0,0,0,0
lupiga.com,2024-03,52,0,52,0,0,0,0
lupiga.com,2024-04,41,1,41,1,1,1,0
lupiga.com,2024-05,42,0,42,0,0,0,0
lupiga.com,2024-06,27,2,27,2,2,2,0
lupiga.com,2024-07,31,0,31,0,0,0,0
lupiga.com,2024-08,32,0,32,0,0,0,0
lupiga.com,2024-09,31,0,31,0,0,0,0
lupiga.com,2024-10,29,0,29,0,0,0,0
lupiga.com,2024-11,44,0,44,0,0,0,0
lupiga.com,2024-12,41,0,41,0,0,0,0
lupiga.com,2025-01,46,1,46,1,1,1,0
lupiga.com,2025-02,34,0,34,0,0,0,0
lupiga.com,2025-03,30,0,30,0,0,0,0
lupiga.com,2025-04,27,0,27,0,0,0,0
lupiga.com,2025-05,34,0,34,0,0,0,0
lupiga.com,2025-06,22,0,22,0,0,0,0
lupiga.com,2025-07,18,0,18,0,0,0,0
lupiga.com,2025-08,29,0,29,0,0,0,0
lupiga.com,2025-09,23,0,23,0,0,0,0
lupiga.com,2025-10,33,0,33,0,0,0,0
lupiga.com,2025-11,18,0,18,0,0,0,0
lupiga.com,2025-12,22,0,22,0,0,0,0
lupiga.com,2026-01,21,0,21,0,0,0,0
lupiga.com,2026-02,18,0,18,0,0,0,0
lupiga.com,2026-03,20,0,20,0,0,0,0
lupiga.com,2026-04,29,0,29,0,0,0,0
lupiga.com,2026-05,24,0,24,0,0,0,0
lupiga.com,2026-06,35,0,35,0,0,0,0
lupiga.com,2026-07,10,0,10,0,0,0,0
lupiga.com,2026-08,25,0,25,0,0,0,0
lupiga.com,2026-09,13,0,13,0,0,0,0
makarska-danas.com,2021-01,333,1,333,1,1,1,1
makarska-danas.com,2021-02,421,0,421,0,0,0,0
makarska-danas.com,2021-03,405,1,405,1,1,1,0
makarska-danas.com,2021-04,359,0,358,0,0,0,0
makarska-danas.com,2021-05,386,1,386,1,1,1,0
makarska-danas.com,2021-06,369,1,369,1,1,1,0
makarska-danas.com,2021-07,442,0,442,0,0,0,0
makarska-danas.com,2021-08,394,4,394,4,4,4,2
makarska-danas.com,2021-09,415,1,415,1,1,1,0
makarska-danas.com,2021-10,399,1,399,1,1,1,0
makarska-danas.com,2021-11,394,1,394,1,1,1,1
makarska-danas.com,2021-12,406,1,406,1,1,1,0
makarska-danas.com,2022-01,326,0,326,0,0,0,0
makarska-danas.com,2022-02,284,1,284,1,1,1,0
makarska-danas.com,2022-03,323,2,323,2,2,2,0
makarska-danas.com,2022-04,311,0,311,0,0,0,0
makarska-danas.com,2022-05,298,0,298,0,0,0,0
makarska-danas.com,2022-06,233,1,233,1,1,1,0
makarska-danas.com,2022-07,229,0,229,0,0,0,0
makarska-danas.com,2022-08,211,2,211,2,2,2,0
makarska-danas.com,2022-09,192,0,192,0,0,0,0
makarska-danas.com,2022-10,210,0,210,0,0,0,0
makarska-danas.com,2022-11,188,0,188,0,0,0,0
makarska-danas.com,2022-12,193,1,193,1,1,1,0
makarska-danas.com,2023-01,174,1,174,1,1,1,0
makarska-danas.com,2023-02,201,0,201,0,0,0,0
makarska-danas.com,2023-03,201,0,201,0,0,0,0
makarska-danas.com,2023-04,183,0,183,0,0,0,0
makarska-danas.com,2023-05,176,0,176,0,0,0,0
makarska-danas.com,2023-06,181,0,181,0,0,0,0
makarska-danas.com,2023-07,214,0,214,0,0,0,0
makarska-danas.com,2023-08,226,0,226,0,0,0,0
makarska-danas.com,2023-09,196,0,196,0,0,0,0
makarska-danas.com,2023-10,207,1,207,1,1,1,0
makarska-danas.com,2023-11,139,0,139,0,0,0,0
matica.hr,2021-01,29,0,29,0,0,0,0
matica.hr,2021-02,21,0,21,0,0,0,0
matica.hr,2021-03,25,0,25,0,0,0,0
matica.hr,2021-04,32,0,32,0,0,0,0
matica.hr,2021-05,34,0,34,0,0,0,0
matica.hr,2021-06,37,0,37,0,0,0,0
matica.hr,2021-07,40,0,40,0,0,0,0
matica.hr,2021-08,20,0,20,0,0,0,0
matica.hr,2021-09,59,0,59,0,0,0,0
matica.hr,2021-10,50,0,50,0,0,0,0
matica.hr,2021-11,47,0,47,0,0,0,0
matica.hr,2021-12,29,0,29,0,0,0,0
matica.hr,2022-01,39,0,39,0,0,0,0
matica.hr,2022-02,46,0,46,0,0,0,0
matica.hr,2022-03,82,0,82,0,0,0,0
matica.hr,2022-04,77,0,77,0,0,0,0
matica.hr,2022-05,74,0,74,0,0,0,0
matica.hr,2022-06,91,0,91,0,0,0,0
matica.hr,2022-07,75,0,75,0,0,0,0
matica.hr,2022-08,7,0,7,0,0,0,0
matica.hr,2022-09,61,0,61,0,0,0,0
matica.hr,2022-10,81,0,81,0,0,0,0
matica.hr,2022-11,114,0,114,0,0,0,0
matica.hr,2022-12,96,0,96,0,0,0,0
matica.hr,2023-01,64,0,64,0,0,0,0
matica.hr,2023-02,104,0,104,0,0,0,0
matica.hr,2023-03,113,1,113,1,1,1,0
matica.hr,2023-04,115,0,115,0,0,0,0
matica.hr,2023-05,118,0,118,0,0,0,0
matica.hr,2023-06,325,0,325,0,0,0,0
matica.hr,2023-07,21,0,21,0,0,0,0
matica.hr,2023-09,1,0,1,0,0,0,0
matica.hr,2024-01,1,0,1,0,0,0,0
matica.hr,2024-02,2,0,2,0,0,0,0
matica.hr,2024-04,2,0,2,0,0,0,0
matica.hr,2024-05,1,0,1,0,0,0,0
matica.hr,2024-07,1,0,1,0,0,0,0
matica.hr,2024-11,1,0,1,0,0,0,0
matica.hr,2025-02,4,0,4,0,0,0,0
matica.hr,2025-07,1,0,1,0,0,0,0
matica.hr,2026-07,1,0,1,0,0,0,0
mediadaily.biz,2021-01,165,0,165,0,0,0,0
mediadaily.biz,2021-02,156,0,156,0,0,0,0
mediadaily.biz,2021-03,165,0,165,0,0,0,0
mediadaily.biz,2021-04,194,0,194,0,0,0,0
mediadaily.biz,2021-05,227,0,227,0,0,0,0
mediadaily.biz,2021-06,218,0,218,0,0,0,0
mediadaily.biz,2021-07,206,0,206,0,0,0,0
mediadaily.biz,2021-08,205,0,205,0,0,0,0
mediadaily.biz,2021-09,235,1,235,1,1,1,0
mediadaily.biz,2021-10,236,0,236,0,0,0,0
mediadaily.biz,2021-11,241,0,241,0,0,0,0
mediadaily.biz,2021-12,211,0,211,0,0,0,0
mediadaily.biz,2022-01,222,0,222,0,0,0,0
mediadaily.biz,2022-02,201,0,201,0,0,0,0
mediadaily.biz,2022-03,227,0,227,0,0,0,0
mediadaily.biz,2022-04,215,0,215,0,0,0,0
mediadaily.biz,2022-05,225,0,225,0,0,0,0
mediadaily.biz,2022-06,228,0,228,0,0,0,0
mediadaily.biz,2022-07,198,0,198,0,0,0,0
mediadaily.biz,2022-08,201,0,201,0,0,0,0
mediadaily.biz,2022-09,212,0,212,0,0,0,0
mediadaily.biz,2022-10,214,0,214,0,0,0,0
mediadaily.biz,2022-11,209,0,209,0,0,0,0
mediadaily.biz,2022-12,218,0,218,0,0,0,0
mediadaily.biz,2023-01,227,0,227,0,0,0,0
mediadaily.biz,2023-02,205,0,205,0,0,0,0
mediadaily.biz,2023-03,212,0,212,0,0,0,0
mediadaily.biz,2023-04,201,0,201,0,0,0,0
mediadaily.biz,2023-05,215,1,215,1,1,1,0
mediadaily.biz,2023-06,199,0,199,0,0,0,0
mediadaily.biz,2023-07,160,0,160,0,0,0,0
mediadaily.biz,2023-08,142,0,142,0,0,0,0
mediadaily.biz,2023-09,134,0,134,0,0,0,0
mediadaily.biz,2023-10,135,0,135,0,0,0,0
mediadaily.biz,2023-11,134,0,134,0,0,0,0
mediadaily.biz,2023-12,136,0,136,0,0,0,0
mediadaily.biz,2024-01,136,0,136,0,0,0,0
mediadaily.biz,2024-02,133,0,133,0,0,0,0
mediadaily.biz,2024-03,119,0,119,0,0,0,0
mediadaily.biz,2024-04,70,0,70,0,0,0,0
mediadaily.biz,2024-05,135,0,135,0,0,0,0
mediadaily.biz,2024-06,126,0,126,0,0,0,0
mediadaily.biz,2024-07,125,0,125,0,0,0,0
mediadaily.biz,2024-08,123,0,123,0,0,0,0
mediadaily.biz,2024-09,117,0,117,0,0,0,0
mediadaily.biz,2024-10,133,0,133,0,0,0,0
mediadaily.biz,2024-11,124,0,124,0,0,0,0
mediadaily.biz,2024-12,121,0,121,0,0,0,0
mediadaily.biz,2025-01,121,0,121,0,0,0,0
mediadaily.biz,2025-02,111,0,111,0,0,0,0
mediadaily.biz,2025-03,119,0,119,0,0,0,0
mediadaily.biz,2025-04,105,1,105,1,1,1,0
mediadaily.biz,2025-05,124,0,124,0,0,0,0
mediadaily.biz,2025-06,66,0,66,0,0,0,0
mediadaily.biz,2025-07,100,0,100,0,0,0,0
mediadaily.biz,2025-08,63,0,63,0,0,0,0
mediadaily.biz,2025-09,94,0,94,0,0,0,0
mediadaily.biz,2025-10,56,0,56,0,0,0,0
mediadaily.biz,2025-11,58,0,58,0,0,0,0
mediadaily.biz,2025-12,112,0,112,0,0,0,0
mediadaily.biz,2026-01,114,0,114,0,0,0,0
mediadaily.biz,2026-02,105,0,105,0,0,0,0
mediadaily.biz,2026-03,113,0,113,0,0,0,0
mediadaily.biz,2026-04,110,0,110,0,0,0,0
mediadaily.biz,2026-05,109,0,109,0,0,0,0
mediadaily.biz,2026-06,97,0,97,0,0,0,0
medjimurjepress.net,2021-01,398,0,398,0,0,0,0
medjimurjepress.net,2021-02,409,2,409,2,2,2,0
medjimurjepress.net,2021-03,496,2,496,2,2,2,0
medjimurjepress.net,2021-04,439,1,439,1,1,1,0
medjimurjepress.net,2021-05,455,1,455,1,1,1,0
medjimurjepress.net,2021-06,460,1,460,1,1,1,0
medjimurjepress.net,2021-07,424,0,424,0,0,0,0
medjimurjepress.net,2021-08,352,0,352,0,0,0,0
medjimurjepress.net,2021-09,873,0,873,0,0,0,0
medjimurjepress.net,2021-10,891,2,891,2,2,2,0
medjimurjepress.net,2021-11,846,2,846,2,2,2,0
medjimurjepress.net,2021-12,859,2,859,2,2,2,0
medjimurjepress.net,2022-01,665,1,665,1,1,1,0
medjimurjepress.net,2022-02,774,3,774,3,3,3,0
medjimurjepress.net,2022-03,1071,2,1071,2,2,2,0
medjimurjepress.net,2022-04,1036,0,1036,0,0,0,0
medjimurjepress.net,2022-05,1081,0,1081,0,0,0,0
medjimurjepress.net,2022-06,1020,1,1020,1,1,1,0
medjimurjepress.net,2022-07,815,3,815,3,3,3,0
medjimurjepress.net,2022-08,677,2,677,2,2,2,0
medjimurjepress.net,2022-09,1033,0,1033,0,0,0,0
medjimurjepress.net,2022-10,1033,0,1033,0,0,0,0
medjimurjepress.net,2022-11,933,2,933,2,2,2,0
medjimurjepress.net,2022-12,1009,2,1009,2,2,2,0
medjimurjepress.net,2023-01,619,0,619,0,0,0,0
medjimurjepress.net,2023-02,626,0,626,0,0,0,0
medjimurjepress.net,2023-03,888,1,888,1,1,1,0
medjimurjepress.net,2023-04,799,0,799,0,0,0,0
medjimurjepress.net,2023-05,971,0,971,0,0,0,0
medjimurjepress.net,2023-06,859,0,859,0,0,0,0
medjimurjepress.net,2023-07,707,0,707,0,0,0,0
medjimurjepress.net,2023-08,520,0,520,0,0,0,0
medjimurjepress.net,2023-09,800,0,800,0,0,0,0
medjimurjepress.net,2023-10,793,1,793,1,1,1,1
medjimurjepress.net,2023-11,709,0,709,0,0,0,0
medjimurjepress.net,2023-12,731,0,731,0,0,0,0
medjimurjepress.net,2024-01,589,1,589,1,1,1,0
medjimurjepress.net,2024-02,671,0,671,0,0,0,0
medjimurjepress.net,2024-03,784,2,784,2,2,2,0
medjimurjepress.net,2024-04,831,1,831,1,1,1,0
medjimurjepress.net,2024-05,840,0,840,0,0,0,0
medjimurjepress.net,2024-06,621,2,621,2,2,1,0
medjimurjepress.net,2024-07,529,1,529,1,1,1,1
medjimurjepress.net,2024-08,494,0,494,0,0,0,0
medjimurjepress.net,2024-09,666,0,666,0,0,0,0
medjimurjepress.net,2024-10,594,0,594,0,0,0,0
medjimurjepress.net,2024-11,518,0,518,0,0,0,0
medjimurjepress.net,2024-12,462,0,462,0,0,0,0
medjimurjepress.net,2025-01,383,1,383,1,1,1,0
medjimurjepress.net,2025-02,438,0,438,0,0,0,0
medjimurjepress.net,2025-03,477,1,477,1,1,1,0
medjimurjepress.net,2025-04,509,0,509,0,0,0,0
medjimurjepress.net,2025-05,437,0,437,0,0,0,0
medjimurjepress.net,2025-06,448,1,448,1,1,1,1
medjimurjepress.net,2025-07,331,1,331,1,1,1,0
medjimurjepress.net,2025-08,355,0,355,0,0,0,0
medjimurjepress.net,2025-09,501,0,501,0,0,0,0
medjimurjepress.net,2025-10,568,1,568,1,1,1,0
medjimurjepress.net,2025-11,447,1,447,1,1,1,0
medjimurjepress.net,2025-12,434,1,434,1,1,1,0
medjimurjepress.net,2026-01,332,0,332,0,0,0,0
medjimurjepress.net,2026-02,339,0,339,0,0,0,0
medjimurjepress.net,2026-03,441,0,441,0,0,0,0
medjimurjepress.net,2026-04,400,0,400,0,0,0,0
medjimurjepress.net,2026-05,339,0,339,0,0,0,0
medjimurjepress.net,2026-06,302,0,302,0,0,0,0
medjimurjepress.net,2026-07,233,0,233,0,0,0,0
medjimurjepress.net,2026-08,205,0,205,0,0,0,0
medjimurjepress.net,2026-09,62,0,62,0,0,0,0
medjimurski.hr,2021-01,1,0,1,0,0,0,0
medjimurski.hr,2021-02,4,0,4,0,0,0,0
medjimurski.hr,2021-09,4,0,4,0,0,0,0
medjimurski.hr,2021-11,3,0,3,0,0,0,0
medjimurski.hr,2021-12,2,0,2,0,0,0,0
medjimurski.hr,2022-01,288,0,288,0,0,0,0
medjimurski.hr,2022-02,652,4,652,4,4,4,0
medjimurski.hr,2022-03,897,1,897,1,1,1,0
medjimurski.hr,2022-04,864,0,864,0,0,0,0
medjimurski.hr,2022-05,929,1,929,1,1,1,0
medjimurski.hr,2022-06,875,2,875,2,2,2,0
medjimurski.hr,2022-07,844,4,844,4,4,4,0
medjimurski.hr,2022-08,794,1,794,1,1,1,0
medjimurski.hr,2022-09,853,2,853,2,2,2,0
medjimurski.hr,2022-10,905,6,905,6,6,6,1
medjimurski.hr,2022-11,844,2,844,2,2,2,0
medjimurski.hr,2022-12,902,7,902,7,7,7,0
medjimurski.hr,2023-01,743,10,743,10,10,10,1
medjimurski.hr,2023-02,681,3,681,3,3,3,0
medjimurski.hr,2023-03,777,2,777,2,2,2,0
medjimurski.hr,2023-04,761,0,761,0,0,0,0
medjimurski.hr,2023-05,751,0,751,0,0,0,0
medjimurski.hr,2023-06,772,1,772,1,1,1,0
medjimurski.hr,2023-07,663,2,663,2,2,2,0
medjimurski.hr,2023-08,652,1,652,1,1,1,0
medjimurski.hr,2023-09,671,2,671,2,2,2,0
medjimurski.hr,2023-10,709,4,709,4,4,4,1
medjimurski.hr,2023-11,692,2,692,2,2,2,0
medjimurski.hr,2023-12,757,1,757,1,1,1,0
medjimurski.hr,2024-01,611,1,611,1,1,1,1
medjimurski.hr,2024-02,645,0,645,0,0,0,0
medjimurski.hr,2024-03,771,1,771,1,1,1,0
medjimurski.hr,2024-04,726,1,726,1,1,1,0
medjimurski.hr,2024-05,762,1,762,1,1,1,0
medjimurski.hr,2024-06,718,3,718,3,3,3,0
medjimurski.hr,2024-07,664,0,664,0,0,0,0
medjimurski.hr,2024-08,653,1,653,1,1,1,0
medjimurski.hr,2024-09,651,2,651,2,2,2,0
medjimurski.hr,2024-10,721,0,721,0,0,0,0
medjimurski.hr,2024-11,808,0,808,0,0,0,0
medjimurski.hr,2024-12,874,1,874,1,1,1,0
medjimurski.hr,2025-01,713,3,713,3,3,3,0
medjimurski.hr,2025-02,659,1,659,1,1,1,0
medjimurski.hr,2025-03,838,1,838,1,1,1,1
medjimurski.hr,2025-04,895,1,895,1,1,1,1
medjimurski.hr,2025-05,967,1,967,1,1,1,0
medjimurski.hr,2025-06,822,1,822,1,1,1,0
medjimurski.hr,2025-07,815,0,815,0,0,0,0
medjimurski.hr,2025-08,795,0,795,0,0,0,0
medjimurski.hr,2025-09,839,0,839,0,0,0,0
medjimurski.hr,2025-10,923,0,923,0,0,0,0
medjimurski.hr,2025-11,915,0,915,0,0,0,0
medjimurski.hr,2025-12,1069,2,1069,2,2,2,0
medjimurski.hr,2026-01,839,4,839,4,4,4,0
medjimurski.hr,2026-02,842,0,842,0,0,0,0
medjimurski.hr,2026-03,1028,0,1028,0,0,0,0
medjimurski.hr,2026-04,1065,1,1065,1,1,1,0
medjimurski.hr,2026-05,1130,0,1130,0,0,0,0
medjimurski.hr,2026-06,1074,0,1074,0,0,0,0
medjimurski.hr,2026-07,1074,0,1074,0,0,0,0
medjimurski.hr,2026-08,960,1,960,1,1,1,0
medjimurski.hr,2026-09,340,0,340,0,0,0,0
mega-media.hr,2021-01,71,0,71,0,0,0,0
mega-media.hr,2021-02,55,0,55,0,0,0,0
mega-media.hr,2021-03,26,0,26,0,0,0,0
mega-media.hr,2021-04,16,0,16,0,0,0,0
mega-media.hr,2021-05,15,0,15,0,0,0,0
mega-media.hr,2021-06,7,0,7,0,0,0,0
mega-media.hr,2021-07,41,0,41,0,0,0,0
mega-media.hr,2021-08,33,0,33,0,0,0,0
mega-media.hr,2021-09,76,0,76,0,0,0,0
mega-media.hr,2021-10,62,0,62,0,0,0,0
mega-media.hr,2021-11,6,0,6,0,0,0,0
mega-media.hr,2021-12,8,0,8,0,0,0,0
mega-media.hr,2022-02,67,0,67,0,0,0,0
mega-media.hr,2022-03,108,1,108,1,1,1,0
mega-media.hr,2022-04,97,0,97,0,0,0,0
mega-media.hr,2022-05,84,0,84,0,0,0,0
mega-media.hr,2022-06,107,0,107,0,0,0,0
mega-media.hr,2022-07,119,0,119,0,0,0,0
mega-media.hr,2022-08,111,1,111,1,1,1,0
mega-media.hr,2022-09,108,1,108,1,1,1,0
mega-media.hr,2022-10,123,1,123,1,1,1,0
mega-media.hr,2022-11,123,0,123,0,0,0,0
mega-media.hr,2022-12,125,2,125,2,2,2,1
mega-media.hr,2023-01,99,0,99,0,0,0,0
mega-media.hr,2023-02,120,0,120,0,0,0,0
mega-media.hr,2023-03,152,0,152,0,0,0,0
mega-media.hr,2023-04,111,0,111,0,0,0,0
mega-media.hr,2023-05,80,0,80,0,0,0,0
mega-media.hr,2023-06,93,0,93,0,0,0,0
mega-media.hr,2023-07,129,1,129,1,1,1,0
mega-media.hr,2023-08,93,0,93,0,0,0,0
mega-media.hr,2023-09,129,0,129,0,0,0,0
mega-media.hr,2023-10,122,1,122,1,1,1,1
mega-media.hr,2023-11,184,0,184,0,0,0,0
mega-media.hr,2023-12,170,0,170,0,0,0,0
mega-media.hr,2024-01,122,1,122,1,1,1,0
mega-media.hr,2024-02,115,0,115,0,0,0,0
mega-media.hr,2024-03,103,0,103,0,0,0,0
mega-media.hr,2024-04,128,0,128,0,0,0,0
mega-media.hr,2024-05,93,1,93,1,1,1,0
mega-media.hr,2024-06,91,0,91,0,0,0,0
mega-media.hr,2024-07,93,0,93,0,0,0,0
mega-media.hr,2024-08,99,0,99,0,0,0,0
mega-media.hr,2024-09,87,0,87,0,0,0,0
mega-media.hr,2024-10,121,0,121,0,0,0,0
mega-media.hr,2024-11,89,0,89,0,0,0,0
mega-media.hr,2024-12,92,0,92,0,0,0,0
mega-media.hr,2025-01,80,1,80,1,1,1,0
mega-media.hr,2025-02,76,1,76,1,1,1,0
mega-media.hr,2025-03,96,0,96,0,0,0,0
mega-media.hr,2025-04,127,0,127,0,0,0,0
mega-media.hr,2025-05,117,0,117,0,0,0,0
mega-media.hr,2025-06,57,0,57,0,0,0,0
mega-media.hr,2025-07,93,0,93,0,0,0,0
mega-media.hr,2025-08,65,0,65,0,0,0,0
mega-media.hr,2025-09,62,0,62,0,0,0,0
mega-media.hr,2025-10,90,1,90,1,1,1,1
mega-media.hr,2025-11,117,0,117,0,0,0,0
mega-media.hr,2025-12,86,0,86,0,0,0,0
mega-media.hr,2026-01,73,0,73,0,0,0,0
mega-media.hr,2026-02,55,0,55,0,0,0,0
mega-media.hr,2026-03,77,0,77,0,0,0,0
mega-media.hr,2026-04,95,0,95,0,0,0,0
mega-media.hr,2026-05,111,0,111,0,0,0,0
mega-media.hr,2026-06,103,1,103,1,1,1,0
mega-media.hr,2026-07,136,0,136,0,0,0,0
mega-media.hr,2026-08,93,1,93,1,1,1,0
mega-media.hr,2026-09,27,0,27,0,0,0,0
metkovic-news.com,2021-01,144,0,144,0,0,0,0
metkovic-news.com,2021-02,192,0,192,0,0,0,0
metkovic-news.com,2021-03,215,0,215,0,0,0,0
metkovic-news.com,2021-04,194,0,194,0,0,0,0
metkovic-news.com,2021-05,256,0,256,0,0,0,0
metkovic-news.com,2021-06,206,0,206,0,0,0,0
metkovic-news.com,2021-07,209,0,209,0,0,0,0
metkovic-news.com,2021-08,172,0,172,0,0,0,0
metkovic-news.com,2021-09,202,0,202,0,0,0,0
metkovic-news.com,2021-10,222,0,222,0,0,0,0
metkovic-news.com,2021-11,211,0,211,0,0,0,0
metkovic-news.com,2021-12,172,0,172,0,0,0,0
metkovic-news.com,2022-01,162,0,162,0,0,0,0
metkovic-news.com,2022-02,155,0,155,0,0,0,0
metkovic-news.com,2022-03,237,0,237,0,0,0,0
metkovic-news.com,2022-04,195,0,195,0,0,0,0
metkovic-news.com,2022-05,195,0,195,0,0,0,0
metkovic-news.com,2022-06,200,0,200,0,0,0,0
metkovic-news.com,2022-07,191,0,191,0,0,0,0
metkovic-news.com,2022-08,166,0,166,0,0,0,0
metkovic-news.com,2022-09,146,0,146,0,0,0,0
metkovic-news.com,2022-10,180,0,180,0,0,0,0
metkovic-news.com,2022-11,144,0,144,0,0,0,0
metkovic-news.com,2022-12,196,0,196,0,0,0,0
metkovic-news.com,2023-01,135,2,135,2,2,2,0
metkovic-news.com,2023-02,167,0,167,0,0,0,0
metkovic-news.com,2023-03,241,0,241,0,0,0,0
metkovic-news.com,2023-04,157,0,157,0,0,0,0
metkovic-news.com,2023-05,182,0,182,0,0,0,0
metkovic-news.com,2023-06,162,0,162,0,0,0,0
metkovic-news.com,2023-07,168,0,168,0,0,0,0
metkovic-news.com,2023-08,147,0,147,0,0,0,0
metkovic-news.com,2023-09,154,0,154,0,0,0,0
metkovic-news.com,2023-10,150,0,150,0,0,0,0
metkovic-news.com,2023-11,199,0,199,0,0,0,0
metkovic-news.com,2023-12,181,0,181,0,0,0,0
metkovic-news.com,2024-01,124,0,124,0,0,0,0
metkovic-news.com,2024-02,149,0,149,0,0,0,0
metkovic-news.com,2024-03,170,2,170,2,2,2,1
metkovic-news.com,2024-04,186,0,186,0,0,0,0
metkovic-news.com,2024-05,212,0,212,0,0,0,0
metkovic-news.com,2024-06,171,0,171,0,0,0,0
metkovic-news.com,2024-07,199,0,199,0,0,0,0
metkovic-news.com,2024-08,150,0,150,0,0,0,0
metkovic-news.com,2024-09,131,0,131,0,0,0,0
metkovic-news.com,2024-10,139,0,139,0,0,0,0
metkovic-news.com,2024-11,89,0,89,0,0,0,0
metkovic-news.com,2024-12,83,0,83,0,0,0,0
metkovic-news.com,2025-01,111,0,111,0,0,0,0
metkovic-news.com,2025-02,150,0,150,0,0,0,0
metkovic-news.com,2025-03,173,0,173,0,0,0,0
metkovic-news.com,2025-04,121,0,121,0,0,0,0
metkovic-news.com,2025-05,177,0,177,0,0,0,0
metkovic-news.com,2025-06,149,0,149,0,0,0,0
metkovic-news.com,2025-07,156,0,156,0,0,0,0
metkovic-news.com,2025-08,116,0,116,0,0,0,0
metkovic-news.com,2025-09,135,0,135,0,0,0,0
metkovic-news.com,2025-10,130,0,130,0,0,0,0
metkovic-news.com,2025-11,121,0,121,0,0,0,0
metkovic-news.com,2025-12,156,0,156,0,0,0,0
metkovic-news.com,2026-01,107,0,107,0,0,0,0
metkovic-news.com,2026-02,99,0,99,0,0,0,0
metkovic-news.com,2026-03,152,0,152,0,0,0,0
metkovic-news.com,2026-04,153,0,153,0,0,0,0
metkovic-news.com,2026-05,183,0,183,0,0,0,0
metkovic-news.com,2026-06,185,0,185,0,0,0,0
metkovic-news.com,2026-07,170,0,170,0,0,0,0
metkovic-news.com,2026-08,139,0,139,0,0,0,0
metkovic-news.com,2026-09,51,0,51,0,0,0,0
metkovicnet.com,2022-02,1,0,1,0,0,0,0
metkovicnet.com,2022-06,1,0,1,0,0,0,0
metkovicnet.com,2023-10,1,0,1,0,0,0,0
metropolitan.hr,2021-01,2,0,2,0,0,0,0
metropolitan.hr,2021-03,1,0,1,0,0,0,0
mimladi.hr,2021-06,2,0,2,0,0,0,0
mimladi.hr,2021-08,1,0,1,0,0,0,0
mimladi.hr,2021-09,2,0,2,0,0,0,0
mimladi.hr,2021-10,1,0,1,0,0,0,0
mimladi.hr,2021-11,1,0,1,0,0,0,0
mimladi.hr,2021-12,1,0,1,0,0,0,0
mimladi.hr,2022-05,1,0,1,0,0,0,0
mimladi.hr,2022-07,2,0,2,0,0,0,0
mimladi.hr,2024-03,1,0,1,0,0,0,0
mirovina.hr,2021-01,134,0,134,0,0,0,0
mirovina.hr,2021-02,162,0,162,0,0,0,0
mirovina.hr,2021-03,180,1,180,1,1,1,0
mirovina.hr,2021-04,138,1,138,1,1,1,0
mirovina.hr,2021-05,169,0,169,0,0,0,0
mirovina.hr,2021-06,142,0,142,0,0,0,0
mirovina.hr,2021-07,142,4,142,4,4,4,0
mirovina.hr,2021-08,125,1,125,1,1,1,0
mirovina.hr,2021-09,147,2,147,2,2,2,0
mirovina.hr,2021-10,148,1,148,1,1,1,0
mirovina.hr,2021-11,137,1,137,1,1,1,0
mirovina.hr,2021-12,133,0,133,0,0,0,0
mirovina.hr,2022-01,158,2,158,2,2,2,1
mirovina.hr,2022-02,168,1,168,1,1,1,0
mirovina.hr,2022-03,175,2,175,2,2,2,0
mirovina.hr,2022-04,167,0,167,0,0,0,0
mirovina.hr,2022-05,179,0,179,0,0,0,0
mirovina.hr,2022-06,142,0,142,0,0,0,0
mirovina.hr,2022-07,166,9,166,9,9,9,1
mirovina.hr,2022-08,228,0,228,0,0,0,0
mirovina.hr,2022-09,276,2,276,2,2,2,0
mirovina.hr,2022-10,257,5,257,5,5,5,1
mirovina.hr,2022-11,231,5,231,5,5,5,0
mirovina.hr,2022-12,252,11,252,11,11,11,0
mirovina.hr,2023-01,245,8,245,8,8,8,0
mirovina.hr,2023-02,228,0,228,0,0,0,0
mirovina.hr,2023-03,262,2,262,2,2,2,0
mirovina.hr,2023-04,218,2,218,2,2,2,0
mirovina.hr,2023-05,249,1,249,1,1,1,0
mirovina.hr,2023-06,226,2,226,2,2,2,1
mirovina.hr,2023-07,232,0,232,0,0,0,0
mirovina.hr,2023-08,233,1,233,1,1,1,0
mirovina.hr,2023-09,261,2,261,2,2,2,0
mirovina.hr,2023-10,242,3,242,3,3,3,0
mirovina.hr,2023-11,231,2,231,2,2,2,1
mirovina.hr,2023-12,228,3,228,3,3,3,2
mirovina.hr,2024-01,240,2,240,2,2,2,0
mirovina.hr,2024-02,224,1,224,1,1,1,0
mirovina.hr,2024-03,220,3,220,3,3,3,0
mirovina.hr,2024-04,212,3,212,3,3,3,1
mirovina.hr,2024-05,220,3,220,3,3,3,0
mirovina.hr,2024-06,236,3,236,3,3,3,0
mirovina.hr,2024-07,246,0,246,0,0,0,0
mirovina.hr,2024-08,216,0,216,0,0,0,0
mirovina.hr,2024-09,225,0,225,0,0,0,0
mirovina.hr,2024-10,254,0,254,0,0,0,0
mirovina.hr,2024-11,236,1,236,1,1,1,0
mirovina.hr,2024-12,218,1,218,1,1,1,0
mirovina.hr,2025-01,236,1,236,1,1,1,0
mirovina.hr,2025-02,225,11,225,11,11,11,2
mirovina.hr,2025-03,250,5,250,5,5,5,0
mirovina.hr,2025-04,234,2,234,2,2,2,0
mirovina.hr,2025-05,211,0,211,0,0,0,0
mirovina.hr,2025-06,222,1,222,1,1,1,0
mirovina.hr,2025-07,245,0,245,0,0,0,0
mirovina.hr,2025-08,220,1,220,1,1,1,1
mirovina.hr,2025-09,240,5,240,5,5,5,1
mirovina.hr,2025-10,250,6,250,6,6,6,2
mirovina.hr,2025-11,231,2,231,2,2,2,1
mirovina.hr,2025-12,212,2,212,2,2,2,0
mirovina.hr,2026-01,216,4,216,4,4,4,0
mirovina.hr,2026-02,415,4,415,4,4,4,0
mirovina.hr,2026-03,248,2,248,2,2,2,0
mirovina.hr,2026-04,224,0,224,0,0,0,0
mirovina.hr,2026-05,231,2,231,2,2,2,1
mirovina.hr,2026-06,225,8,225,8,8,8,2
mirovina.hr,2026-07,232,1,232,1,1,1,0
mirovina.hr,2026-08,213,2,213,2,2,2,0
mirovina.hr,2026-09,81,0,81,0,0,0,0
mixmagadria.com,2021-01,1,0,1,0,0,0,0
mixmagadria.com,2021-02,5,0,5,0,0,0,0
mixmagadria.com,2021-03,4,0,4,0,0,0,0
mixmagadria.com,2021-04,1,0,1,0,0,0,0
mixmagadria.com,2021-05,4,0,4,0,0,0,0
mixmagadria.com,2021-06,3,0,3,0,0,0,0
mixmagadria.com,2021-07,2,0,2,0,0,0,0
mixmagadria.com,2021-09,1,0,1,0,0,0,0
mixmagadria.com,2021-11,2,0,2,0,0,0,0
mixmagadria.com,2021-12,2,0,2,0,0,0,0
mixmagadria.com,2022-01,1,0,1,0,0,0,0
mixmagadria.com,2022-02,2,0,2,0,0,0,0
mixmagadria.com,2022-03,2,0,2,0,0,0,0
mixmagadria.com,2022-06,1,0,1,0,0,0,0
mixmagadria.com,2022-07,2,0,2,0,0,0,0
mixmagadria.com,2022-08,2,0,2,0,0,0,0
mixmagadria.com,2023-03,1,0,1,0,0,0,0
mixmagadria.com,2023-06,2,0,2,0,0,0,0
mixmagadria.com,2023-09,1,0,1,0,0,0,0
mixmagadria.com,2025-07,1,0,1,0,0,0,0
mnovine.hr,2021-01,403,2,403,2,2,2,1
mnovine.hr,2021-02,555,0,555,0,0,0,0
mnovine.hr,2021-03,707,1,707,1,1,1,0
mnovine.hr,2021-04,689,1,689,1,1,1,0
mnovine.hr,2021-05,782,2,782,2,2,2,0
mnovine.hr,2021-06,720,2,720,2,2,2,1
mnovine.hr,2021-07,724,2,724,2,2,2,1
mnovine.hr,2021-08,671,3,671,3,3,3,0
mnovine.hr,2021-09,701,1,701,1,1,1,1
mnovine.hr,2021-10,771,3,771,3,3,3,0
mnovine.hr,2021-11,735,0,735,0,0,0,0
mnovine.hr,2021-12,816,0,816,0,0,0,0
mnovine.hr,2022-01,660,1,660,1,1,1,0
mnovine.hr,2022-02,653,5,653,5,5,5,2
mnovine.hr,2022-03,812,4,812,4,4,4,0
mnovine.hr,2022-04,794,1,794,1,1,1,0
mnovine.hr,2022-05,868,2,868,2,2,2,1
mnovine.hr,2022-06,698,0,698,0,0,0,0
mnovine.hr,2022-07,757,2,757,2,2,2,1
mnovine.hr,2022-08,664,2,664,2,2,2,0
mnovine.hr,2022-09,720,1,720,1,1,1,0
mnovine.hr,2022-10,799,3,799,3,3,3,0
mnovine.hr,2022-11,806,2,806,2,2,2,0
mnovine.hr,2022-12,875,6,875,6,6,6,1
mnovine.hr,2023-01,761,6,761,6,6,6,0
mnovine.hr,2023-02,40,0,40,0,0,0,0
mnovine.hr,2023-04,3,0,3,0,0,0,0
mnovine.hr,2023-05,2,0,2,0,0,0,0
mnovine.hr,2023-06,11,0,11,0,0,0,0
mnovine.hr,2023-07,202,0,202,0,0,0,0
mnovine.hr,2023-08,441,0,441,0,0,0,0
mnovine.hr,2023-09,428,1,428,1,1,1,1
mnovine.hr,2023-10,466,0,466,0,0,0,0
mnovine.hr,2023-11,466,0,466,0,0,0,0
mnovine.hr,2023-12,412,1,412,1,1,1,0
mnovine.hr,2024-01,374,0,374,0,0,0,0
mnovine.hr,2024-02,285,0,285,0,0,0,0
mnovine.hr,2024-03,10,0,10,0,0,0,0
mnovine.hr,2024-04,104,0,104,0,0,0,0
mnovine.hr,2024-05,1173,0,1173,0,0,0,0
mnovine.hr,2024-06,987,0,987,0,0,0,0
mnovine.hr,2024-07,865,1,865,1,1,1,0
mnovine.hr,2024-08,720,0,720,0,0,0,0
mnovine.hr,2024-09,805,0,805,0,0,0,0
mnovine.hr,2024-10,1006,0,1006,0,0,0,0
mnovine.hr,2024-11,1004,0,1004,0,0,0,0
mnovine.hr,2024-12,980,0,980,0,0,0,0
mnovine.hr,2025-01,1169,2,1169,2,2,2,0
mnovine.hr,2025-02,1464,2,1464,2,2,2,1
mnovine.hr,2025-03,1701,3,1701,3,3,3,2
mnovine.hr,2025-04,1673,2,1673,2,2,2,0
mnovine.hr,2025-05,1633,5,1633,5,5,5,1
mnovine.hr,2025-06,1414,1,1414,1,1,1,1
mnovine.hr,2025-07,1451,3,1451,3,3,3,0
mnovine.hr,2025-08,1226,1,1226,1,1,1,0
mnovine.hr,2025-09,1452,0,1452,0,0,0,0
mnovine.hr,2025-10,1646,4,1646,4,4,4,0
mnovine.hr,2025-11,1578,2,1578,2,2,2,1
mnovine.hr,2025-12,1404,3,1404,3,3,3,0
mnovine.hr,2026-01,1265,3,1265,3,3,3,0
mnovine.hr,2026-02,1027,1,1027,1,1,1,0
mnovine.hr,2026-03,1458,0,1458,0,0,0,0
mnovine.hr,2026-04,1370,1,1370,1,1,1,0
mnovine.hr,2026-05,1489,2,1489,2,2,2,0
mnovine.hr,2026-06,1307,0,1307,0,0,0,0
mnovine.hr,2026-07,1348,0,1348,0,0,0,0
mnovine.hr,2026-08,1195,0,1195,0,0,0,0
mnovine.hr,2026-09,385,0,385,0,0,0,0
moja-domovina.net,2021-01,2,0,2,0,0,0,0
moja-domovina.net,2021-02,2,0,2,0,0,0,0
moja-domovina.net,2021-03,1,0,1,0,0,0,0
moja-domovina.net,2021-11,2,0,2,0,0,0,0
moja-domovina.net,2025-10,1,0,1,0,0,0,0
mojadalmacija.com,2025-10,13,0,13,0,0,0,0
mojadalmacija.com,2025-11,101,0,101,0,0,0,0
mojadalmacija.com,2025-12,104,0,104,0,0,0,0
mojadalmacija.com,2026-01,98,0,98,0,0,0,0
mojadalmacija.com,2026-02,94,0,94,0,0,0,0
mojadalmacija.com,2026-03,118,0,118,0,0,0,0
mojadalmacija.com,2026-04,109,0,109,0,0,0,0
mojadalmacija.com,2026-05,121,0,121,0,0,0,0
mojadalmacija.com,2026-06,100,0,100,0,0,0,0
mojadalmacija.com,2026-07,86,0,86,0,0,0,0
mojadalmacija.com,2026-08,100,0,100,0,0,0,0
mojadalmacija.com,2026-09,31,0,31,0,0,0,0
moje-djakovo.com,2021-01,30,0,30,0,0,0,0
moje-djakovo.com,2021-02,55,0,55,0,0,0,0
moje-djakovo.com,2021-03,103,0,103,0,0,0,0
moje-djakovo.com,2021-04,73,0,73,0,0,0,0
moje-djakovo.com,2021-05,87,0,87,0,0,0,0
moje-djakovo.com,2021-06,112,0,112,0,0,0,0
moje-djakovo.com,2021-07,165,0,165,0,0,0,0
moje-djakovo.com,2021-08,118,0,118,0,0,0,0
moje-djakovo.com,2021-09,168,0,168,0,0,0,0
moje-djakovo.com,2021-10,158,0,158,0,0,0,0
moje-djakovo.com,2021-11,161,0,161,0,0,0,0
moje-djakovo.com,2021-12,154,0,154,0,0,0,0
moje-djakovo.com,2022-01,107,0,107,0,0,0,0
moje-djakovo.com,2022-02,122,0,122,0,0,0,0
moje-djakovo.com,2022-03,150,0,150,0,0,0,0
moje-djakovo.com,2022-04,133,0,133,0,0,0,0
moje-djakovo.com,2022-05,130,0,130,0,0,0,0
moje-djakovo.com,2022-06,164,0,164,0,0,0,0
moje-djakovo.com,2022-07,113,0,113,0,0,0,0
moje-djakovo.com,2022-08,111,0,111,0,0,0,0
moje-djakovo.com,2022-09,134,0,134,0,0,0,0
moje-djakovo.com,2022-10,152,0,152,0,0,0,0
moje-djakovo.com,2022-11,138,0,138,0,0,0,0
moje-djakovo.com,2022-12,138,0,138,0,0,0,0
moje-djakovo.com,2023-01,92,0,92,0,0,0,0
moje-djakovo.com,2023-02,113,0,113,0,0,0,0
moje-djakovo.com,2023-03,138,0,138,0,0,0,0
moje-djakovo.com,2023-04,110,0,110,0,0,0,0
moje-djakovo.com,2023-05,159,0,159,0,0,0,0
moje-djakovo.com,2023-06,128,0,128,0,0,0,0
moje-djakovo.com,2023-07,68,0,68,0,0,0,0
moje-djakovo.com,2023-08,124,0,124,0,0,0,0
moje-djakovo.com,2023-09,117,0,117,0,0,0,0
moje-djakovo.com,2023-10,125,0,125,0,0,0,0
moje-djakovo.com,2023-11,137,1,137,1,1,1,0
moje-djakovo.com,2023-12,122,0,122,0,0,0,0
moje-djakovo.com,2024-01,83,0,83,0,0,0,0
moje-djakovo.com,2024-02,80,0,80,0,0,0,0
moje-djakovo.com,2024-03,104,0,104,0,0,0,0
moje-djakovo.com,2024-04,83,0,83,0,0,0,0
moje-djakovo.com,2024-05,75,0,75,0,0,0,0
moje-djakovo.com,2024-06,109,0,109,0,0,0,0
moje-djakovo.com,2024-07,90,0,90,0,0,0,0
moje-djakovo.com,2024-08,82,0,82,0,0,0,0
moje-djakovo.com,2024-09,99,0,99,0,0,0,0
moje-djakovo.com,2024-10,109,1,109,1,1,1,0
moje-djakovo.com,2024-11,111,0,111,0,0,0,0
moje-djakovo.com,2024-12,124,0,124,0,0,0,0
moje-djakovo.com,2025-01,85,1,85,1,1,1,0
moje-djakovo.com,2025-02,104,0,104,0,0,0,0
moje-djakovo.com,2025-03,119,0,119,0,0,0,0
moje-djakovo.com,2025-04,133,0,133,0,0,0,0
moje-djakovo.com,2025-05,133,0,133,0,0,0,0
moje-djakovo.com,2025-06,121,0,121,0,0,0,0
moje-djakovo.com,2025-07,120,0,120,0,0,0,0
moje-djakovo.com,2025-08,78,0,78,0,0,0,0
moje-djakovo.com,2025-09,129,0,129,0,0,0,0
moje-djakovo.com,2025-10,145,0,145,0,0,0,0
moje-djakovo.com,2025-11,107,0,107,0,0,0,0
moje-djakovo.com,2025-12,120,0,120,0,0,0,0
moje-djakovo.com,2026-01,96,0,96,0,0,0,0
moje-djakovo.com,2026-02,76,0,76,0,0,0,0
moje-djakovo.com,2026-03,99,0,99,0,0,0,0
moje-djakovo.com,2026-04,77,0,77,0,0,0,0
moje-djakovo.com,2026-05,99,1,99,1,1,1,0
moje-djakovo.com,2026-06,111,0,111,0,0,0,0
moje-djakovo.com,2026-07,94,0,94,0,0,0,0
moje-djakovo.com,2026-08,66,0,66,0,0,0,0
moje-djakovo.com,2026-09,44,0,44,0,0,0,0
mojevrijeme.hr,2021-01,50,0,50,0,0,0,0
mojevrijeme.hr,2021-02,77,0,77,0,0,0,0
mojevrijeme.hr,2021-03,101,1,101,1,1,1,0
mojevrijeme.hr,2021-04,83,0,83,0,0,0,0
mojevrijeme.hr,2021-05,80,0,80,0,0,0,0
mojevrijeme.hr,2021-06,73,0,73,0,0,0,0
mojevrijeme.hr,2021-07,65,1,65,1,1,1,0
mojevrijeme.hr,2021-08,58,0,58,0,0,0,0
mojevrijeme.hr,2021-09,68,1,68,1,1,1,0
mojevrijeme.hr,2021-10,73,1,73,1,1,1,0
mojevrijeme.hr,2021-11,60,1,60,1,1,1,0
mojevrijeme.hr,2021-12,67,0,67,0,0,0,0
mojevrijeme.hr,2022-01,60,1,60,1,1,1,0
mojevrijeme.hr,2022-02,52,2,52,2,2,2,0
mojevrijeme.hr,2022-03,49,0,49,0,0,0,0
mojevrijeme.hr,2022-04,61,0,61,0,0,0,0
mojevrijeme.hr,2022-05,47,0,47,0,0,0,0
mojevrijeme.hr,2022-06,43,0,43,0,0,0,0
mojevrijeme.hr,2022-07,50,2,50,2,2,2,0
mojevrijeme.hr,2022-08,59,1,59,1,1,1,0
mojevrijeme.hr,2022-09,34,0,34,0,0,0,0
mojevrijeme.hr,2022-10,70,0,70,0,0,0,0
mojevrijeme.hr,2022-11,46,0,46,0,0,0,0
mojevrijeme.hr,2022-12,68,0,68,0,0,0,0
mojevrijeme.hr,2023-01,32,0,32,0,0,0,0
mojevrijeme.hr,2023-02,27,0,27,0,0,0,0
mojevrijeme.hr,2023-03,77,0,77,0,0,0,0
mojevrijeme.hr,2023-04,194,1,194,1,1,1,0
mojevrijeme.hr,2023-05,185,0,185,0,0,0,0
mojevrijeme.hr,2023-06,177,1,177,1,1,1,0
mojevrijeme.hr,2023-07,173,0,173,0,0,0,0
mojevrijeme.hr,2023-08,174,0,174,0,0,0,0
mojevrijeme.hr,2023-09,171,2,171,2,2,2,0
mojevrijeme.hr,2023-10,194,0,194,0,0,0,0
mojevrijeme.hr,2023-11,206,0,206,0,0,0,0
mojevrijeme.hr,2023-12,167,0,167,0,0,0,0
mojevrijeme.hr,2024-01,166,0,166,0,0,0,0
mojevrijeme.hr,2024-02,176,0,176,0,0,0,0
mojevrijeme.hr,2024-03,179,0,179,0,0,0,0
mojevrijeme.hr,2024-04,196,1,196,1,1,1,0
mojevrijeme.hr,2024-05,190,1,190,1,1,1,0
mojevrijeme.hr,2024-06,145,1,145,1,1,1,0
mojevrijeme.hr,2024-07,196,0,196,0,0,0,0
mojevrijeme.hr,2024-08,184,0,184,0,0,0,0
mojevrijeme.hr,2024-09,191,0,191,0,0,0,0
mojevrijeme.hr,2024-10,179,1,179,1,1,1,0
mojevrijeme.hr,2024-11,182,0,182,0,0,0,0
mojevrijeme.hr,2024-12,182,1,182,1,1,1,0
mojevrijeme.hr,2025-01,176,0,176,0,0,0,0
mojevrijeme.hr,2025-02,166,1,166,1,1,1,0
mojevrijeme.hr,2025-03,183,1,183,1,1,1,0
mojevrijeme.hr,2025-04,167,0,167,0,0,0,0
mojevrijeme.hr,2025-05,157,0,157,0,0,0,0
mojevrijeme.hr,2025-06,117,1,117,1,1,1,0
mojevrijeme.hr,2025-07,146,0,146,0,0,0,0
mojevrijeme.hr,2025-08,136,0,136,0,0,0,0
mojevrijeme.hr,2025-09,168,0,168,0,0,0,0
mojevrijeme.hr,2025-10,191,2,191,2,2,2,0
mojevrijeme.hr,2025-11,153,0,153,0,0,0,0
mojevrijeme.hr,2025-12,117,0,117,0,0,0,0
mojevrijeme.hr,2026-01,119,1,119,1,1,1,0
mojevrijeme.hr,2026-02,135,1,135,1,1,1,0
mojevrijeme.hr,2026-03,143,0,143,0,0,0,0
mojevrijeme.hr,2026-04,124,0,124,0,0,0,0
mojevrijeme.hr,2026-05,143,0,143,0,0,0,0
mojevrijeme.hr,2026-06,119,0,119,0,0,0,0
mojevrijeme.hr,2026-07,155,1,155,1,1,1,0
mojevrijeme.hr,2026-08,167,1,167,1,1,1,0
mojevrijeme.hr,2026-09,58,0,58,0,0,0,0
mojportal.hr,2021-01,5,0,5,0,0,0,0
mojportal.hr,2021-02,3,0,3,0,0,0,0
mojportal.hr,2021-03,4,0,4,0,0,0,0
mojportal.hr,2021-04,1,0,1,0,0,0,0
mojportal.hr,2021-05,2,0,2,0,0,0,0
mojportal.hr,2021-06,1,0,1,0,0,0,0
mojportal.hr,2021-07,1,0,1,0,0,0,0
mojportal.hr,2021-09,2,0,2,0,0,0,0
mojportal.hr,2021-10,2,0,2,0,0,0,0
mojportal.hr,2021-11,1,0,1,0,0,0,0
mojportal.hr,2021-12,5,0,5,0,0,0,0
mojportal.hr,2022-01,235,2,235,2,2,2,0
mojportal.hr,2022-02,290,3,290,3,3,3,0
mojportal.hr,2022-03,342,0,342,0,0,0,0
mojportal.hr,2022-04,297,0,297,0,0,0,0
mojportal.hr,2022-05,281,1,281,1,1,1,0
mojportal.hr,2022-06,296,0,296,0,0,0,0
mojportal.hr,2022-07,236,0,236,0,0,0,0
mojportal.hr,2022-08,248,0,248,0,0,0,0
mojportal.hr,2022-09,278,0,278,0,0,0,0
mojportal.hr,2022-10,310,0,310,0,0,0,0
mojportal.hr,2022-11,283,1,283,1,1,1,0
mojportal.hr,2022-12,284,1,284,1,1,1,0
mojportal.hr,2023-01,290,5,290,5,5,5,0
mojportal.hr,2023-02,274,0,274,0,0,0,0
mojportal.hr,2023-03,300,0,300,0,0,0,0
mojportal.hr,2023-04,263,0,263,0,0,0,0
mojportal.hr,2023-05,296,0,296,0,0,0,0
mojportal.hr,2023-06,283,0,283,0,0,0,0
mojportal.hr,2023-07,225,0,225,0,0,0,0
mojportal.hr,2023-08,223,0,223,0,0,0,0
mojportal.hr,2023-09,245,0,245,0,0,0,0
mojportal.hr,2023-10,262,0,262,0,0,0,0
mojportal.hr,2023-11,307,1,307,1,1,1,0
mojportal.hr,2023-12,291,0,291,0,0,0,0
mojportal.hr,2024-01,312,0,312,0,0,0,0
mojportal.hr,2024-02,308,0,308,0,0,0,0
mojportal.hr,2024-03,319,1,319,1,1,1,0
mojportal.hr,2024-04,312,0,312,0,0,0,0
mojportal.hr,2024-05,314,0,314,0,0,0,0
mojportal.hr,2024-06,310,2,310,2,2,2,0
mojportal.hr,2024-07,274,0,274,0,0,0,0
mojportal.hr,2024-08,262,0,262,0,0,0,0
mojportal.hr,2024-09,285,0,285,0,0,0,0
mojportal.hr,2024-10,312,0,312,0,0,0,0
mojportal.hr,2024-11,294,0,294,0,0,0,0
mojportal.hr,2024-12,290,0,290,0,0,0,0
mojportal.hr,2025-01,282,1,282,1,1,1,1
mojportal.hr,2025-02,269,0,269,0,0,0,0
mojportal.hr,2025-03,311,0,311,0,0,0,0
mojportal.hr,2025-04,315,0,315,0,0,0,0
mojportal.hr,2025-05,363,0,363,0,0,0,0
mojportal.hr,2025-06,293,0,293,0,0,0,0
mojportal.hr,2025-07,304,0,304,0,0,0,0
mojportal.hr,2025-08,258,1,258,1,1,1,0
mojportal.hr,2025-09,305,0,305,0,0,0,0
mojportal.hr,2025-10,339,0,339,0,0,0,0
mojportal.hr,2025-11,297,1,297,1,1,1,0
mojportal.hr,2025-12,296,0,296,0,0,0,0
mojportal.hr,2026-01,286,1,286,1,1,1,0
mojportal.hr,2026-02,288,0,288,0,0,0,0
mojportal.hr,2026-03,344,1,344,1,1,1,0
mojportal.hr,2026-04,324,1,324,1,1,1,1
mojportal.hr,2026-05,316,0,316,0,0,0,0
mojportal.hr,2026-06,324,0,324,0,0,0,0
mojportal.hr,2026-07,305,0,305,0,0,0,0
mojportal.hr,2026-08,297,0,297,0,0,0,0
mojportal.hr,2026-09,107,0,107,0,0,0,0
mojzagreb.info,2021-01,291,0,291,0,0,0,0
mojzagreb.info,2021-02,480,1,480,1,1,1,0
mojzagreb.info,2021-03,486,3,486,3,3,3,0
mojzagreb.info,2021-04,484,1,484,1,1,1,0
mojzagreb.info,2021-05,469,4,469,4,4,4,0
mojzagreb.info,2021-06,392,1,392,1,1,1,0
mojzagreb.info,2021-07,242,0,242,0,0,0,0
mojzagreb.info,2025-03,1,0,1,0,0,0,0
mojzagreb.info,2025-04,26,0,26,0,0,0,0
mojzagreb.info,2025-05,2,0,2,0,0,0,0
mojzagreb.info,2025-06,25,0,25,0,0,0,0
mojzagreb.info,2025-07,25,0,25,0,0,0,0
mojzagreb.info,2025-08,16,0,16,0,0,0,0
mojzagreb.info,2025-09,25,0,25,0,0,0,0
mojzagreb.info,2025-10,5,0,5,0,0,0,0
mojzagreb.info,2026-01,1,0,1,0,0,0,0
mojzagreb.info,2026-02,7,0,7,0,0,0,0
mojzagreb.info,2026-03,107,0,107,0,0,0,0
mojzagreb.info,2026-04,167,1,167,1,1,1,0
mojzagreb.info,2026-05,114,1,114,1,1,1,0
mojzagreb.info,2026-06,87,1,87,1,1,1,0
mojzagreb.info,2026-07,126,1,126,1,1,1,1
mojzagreb.info,2026-08,109,3,109,3,3,3,0
mojzagreb.info,2026-09,11,0,11,0,0,0,0
mok.hr,2021-01,171,0,171,0,0,0,0
mok.hr,2021-02,134,0,134,0,0,0,0
mok.hr,2021-03,163,1,163,1,1,1,0
mok.hr,2021-04,216,0,216,0,0,0,0
mok.hr,2021-05,215,1,215,1,1,1,0
mok.hr,2021-06,178,0,178,0,0,0,0
mok.hr,2021-07,193,0,193,0,0,0,0
mok.hr,2021-08,177,0,177,0,0,0,0
mok.hr,2021-09,180,0,180,0,0,0,0
mok.hr,2021-10,208,0,208,0,0,0,0
mok.hr,2021-11,206,0,206,0,0,0,0
mok.hr,2021-12,207,0,207,0,0,0,0
mok.hr,2022-01,195,1,195,1,1,1,0
mok.hr,2022-02,179,4,179,4,4,4,1
mok.hr,2022-03,177,0,177,0,0,0,0
mok.hr,2022-04,176,0,176,0,0,0,0
mok.hr,2022-05,195,1,195,1,1,1,0
mok.hr,2022-06,215,0,215,0,0,0,0
mok.hr,2022-07,196,0,196,0,0,0,0
mok.hr,2022-08,188,0,188,0,0,0,0
mok.hr,2022-09,216,0,216,0,0,0,0
mok.hr,2022-10,227,0,227,0,0,0,0
mok.hr,2022-11,230,1,230,1,1,1,0
mok.hr,2022-12,211,1,211,1,1,1,0
mok.hr,2023-01,168,0,168,0,0,0,0
mok.hr,2023-02,203,2,203,2,2,2,0
mok.hr,2023-03,221,0,221,0,0,0,0
mok.hr,2023-04,199,1,199,1,1,1,0
mok.hr,2023-05,209,0,209,0,0,0,0
mok.hr,2023-06,197,0,197,0,0,0,0
mok.hr,2023-07,211,0,211,0,0,0,0
mok.hr,2023-08,234,0,234,0,0,0,0
mok.hr,2023-09,183,0,183,0,0,0,0
mok.hr,2023-10,167,0,167,0,0,0,0
mok.hr,2023-11,195,0,195,0,0,0,0
mok.hr,2023-12,188,0,188,0,0,0,0
mok.hr,2024-01,158,0,158,0,0,0,0
mok.hr,2024-02,161,0,161,0,0,0,0
mok.hr,2024-03,158,0,158,0,0,0,0
mok.hr,2024-04,185,0,185,0,0,0,0
mok.hr,2024-05,94,0,94,0,0,0,0
mok.hr,2024-10,8,0,8,0,0,0,0
mok.hr,2024-11,83,0,83,0,0,0,0
mok.hr,2024-12,53,0,53,0,0,0,0
mok.hr,2025-01,122,0,122,0,0,0,0
mok.hr,2025-02,118,1,118,1,1,1,0
mok.hr,2025-03,78,0,78,0,0,0,0
mok.hr,2025-04,36,0,36,0,0,0,0
mok.hr,2025-05,75,0,75,0,0,0,0
mok.hr,2025-06,86,0,86,0,0,0,0
mok.hr,2025-07,100,0,100,0,0,0,0
mok.hr,2025-08,86,0,86,0,0,0,0
mok.hr,2025-09,88,0,88,0,0,0,0
mok.hr,2025-10,63,0,63,0,0,0,0
mok.hr,2025-11,58,0,58,0,0,0,0
mok.hr,2025-12,50,1,50,1,1,1,0
mok.hr,2026-01,28,0,28,0,0,0,0
mok.hr,2026-02,58,0,58,0,0,0,0
mok.hr,2026-03,74,0,74,0,0,0,0
mok.hr,2026-04,82,0,82,0,0,0,0
mok.hr,2026-05,110,0,110,0,0,0,0
mok.hr,2026-06,115,0,115,0,0,0,0
mok.hr,2026-07,119,1,119,1,1,1,0
mok.hr,2026-08,117,0,117,0,0,0,0
mok.hr,2026-09,45,0,45,0,0,0,0
morski.hr,2021-01,408,0,408,0,0,0,0
morski.hr,2021-02,436,0,436,0,0,0,0
morski.hr,2021-03,492,0,492,0,0,0,0
morski.hr,2021-04,467,0,467,0,0,0,0
morski.hr,2021-05,536,1,536,1,1,1,0
morski.hr,2021-06,596,0,596,0,0,0,0
morski.hr,2021-07,641,1,641,1,1,1,0
morski.hr,2021-08,694,0,694,0,0,0,0
morski.hr,2021-09,585,0,585,0,0,0,0
morski.hr,2021-10,559,0,559,0,0,0,0
morski.hr,2021-11,509,0,509,0,0,0,0
morski.hr,2021-12,551,0,551,0,0,0,0
morski.hr,2022-01,536,0,536,0,0,0,0
morski.hr,2022-02,525,4,525,4,4,4,1
morski.hr,2022-03,701,0,701,0,0,0,0
morski.hr,2022-04,725,0,725,0,0,0,0
morski.hr,2022-05,698,3,698,3,3,3,0
morski.hr,2022-06,724,1,724,1,1,1,0
morski.hr,2022-07,810,2,810,2,2,2,0
morski.hr,2022-08,770,5,770,5,4,4,1
morski.hr,2022-09,1,0,1,0,0,0,0
morski.hr,2022-11,1,0,1,0,0,0,0
morski.hr,2022-12,1,0,1,0,0,0,0
morski.hr,2023-01,4,0,4,0,0,0,0
morski.hr,2023-02,2,0,2,0,0,0,0
morski.hr,2023-03,3,0,3,0,0,0,0
morski.hr,2023-04,2,0,2,0,0,0,0
morski.hr,2023-05,1,0,1,0,0,0,0
morski.hr,2023-06,85,0,85,0,0,0,0
morski.hr,2023-07,471,0,471,0,0,0,0
morski.hr,2023-08,774,1,774,1,1,1,0
morski.hr,2023-09,734,3,734,3,3,3,0
morski.hr,2023-10,659,1,659,1,1,1,0
morski.hr,2023-11,683,0,683,0,0,0,0
morski.hr,2023-12,685,0,685,0,0,0,0
morski.hr,2024-01,658,1,658,1,1,1,0
morski.hr,2024-02,608,0,608,0,0,0,0
morski.hr,2024-03,736,0,736,0,0,0,0
morski.hr,2024-04,648,0,648,0,0,0,0
morski.hr,2024-05,624,2,624,2,2,2,0
morski.hr,2024-06,607,0,607,0,0,0,0
morski.hr,2024-07,690,2,690,2,2,2,0
morski.hr,2024-08,699,0,699,0,0,0,0
morski.hr,2024-09,651,1,651,1,1,1,0
morski.hr,2024-10,643,1,643,1,1,1,0
morski.hr,2024-11,629,0,629,0,0,0,0
morski.hr,2024-12,600,1,600,1,1,1,0
morski.hr,2025-01,610,1,610,1,1,1,0
morski.hr,2025-02,586,1,586,1,1,1,0
morski.hr,2025-03,649,0,649,0,0,0,0
morski.hr,2025-04,644,0,644,0,0,0,0
morski.hr,2025-05,640,0,640,0,0,0,0
morski.hr,2025-06,665,3,665,3,3,3,0
morski.hr,2025-07,746,0,746,0,0,0,0
morski.hr,2025-08,698,0,698,0,0,0,0
morski.hr,2025-09,619,1,619,1,1,1,0
morski.hr,2025-10,643,0,643,0,0,0,0
morski.hr,2025-11,606,1,606,1,1,1,0
morski.hr,2025-12,612,0,612,0,0,0,0
morski.hr,2026-01,629,3,629,3,3,3,0
morski.hr,2026-02,588,0,588,0,0,0,0
morski.hr,2026-03,688,0,688,0,0,0,0
morski.hr,2026-04,722,2,722,2,2,2,0
morski.hr,2026-05,768,0,768,0,0,0,0
morski.hr,2026-06,724,1,724,1,1,1,0
morski.hr,2026-07,803,3,803,3,3,3,1
morski.hr,2026-08,811,0,811,0,0,0,0
morski.hr,2026-09,232,0,232,0,0,0,0
motorevija.com.hr,2021-01,8,0,8,0,0,0,0
motorevija.com.hr,2021-02,13,0,13,0,0,0,0
motorevija.com.hr,2021-03,21,0,21,0,0,0,0
motorevija.com.hr,2021-04,18,0,18,0,0,0,0
motorevija.com.hr,2021-05,10,0,10,0,0,0,0
motorevija.com.hr,2021-06,11,0,11,0,0,0,0
motorevija.com.hr,2021-07,7,0,7,0,0,0,0
motorevija.com.hr,2021-08,14,0,14,0,0,0,0
motorevija.com.hr,2021-09,24,0,24,0,0,0,0
motorevija.com.hr,2021-10,8,0,8,0,0,0,0
motorevija.com.hr,2021-11,6,0,6,0,0,0,0
motorevija.com.hr,2021-12,9,0,9,0,0,0,0
motorevija.com.hr,2022-01,11,0,11,0,0,0,0
motorevija.com.hr,2022-02,14,0,14,0,0,0,0
motorevija.com.hr,2022-03,13,0,13,0,0,0,0
motorevija.com.hr,2022-04,7,0,7,0,0,0,0
motorevija.com.hr,2022-05,10,0,10,0,0,0,0
motorevija.com.hr,2022-06,9,0,9,0,0,0,0
motorevija.com.hr,2022-07,7,0,7,0,0,0,0
motorevija.com.hr,2022-08,10,0,10,0,0,0,0
motorevija.com.hr,2022-09,8,0,8,0,0,0,0
motorevija.com.hr,2022-10,12,0,12,0,0,0,0
motorevija.com.hr,2022-11,7,0,7,0,0,0,0
motorevija.com.hr,2022-12,3,0,3,0,0,0,0
motorevija.com.hr,2023-01,10,0,10,0,0,0,0
motorevija.com.hr,2023-02,10,0,10,0,0,0,0
motorevija.com.hr,2023-03,9,0,9,0,0,0,0
motorevija.com.hr,2023-04,4,0,4,0,0,0,0
motorevija.com.hr,2023-05,16,0,16,0,0,0,0
motorevija.com.hr,2023-06,12,0,12,0,0,0,0
motorevija.com.hr,2023-07,11,0,11,0,0,0,0
motorevija.com.hr,2023-08,5,0,5,0,0,0,0
motorevija.com.hr,2023-09,11,0,11,0,0,0,0
motorevija.com.hr,2023-10,13,0,13,0,0,0,0
motorevija.com.hr,2023-11,14,0,14,0,0,0,0
motorevija.com.hr,2023-12,5,0,5,0,0,0,0
motorevija.com.hr,2024-01,6,0,6,0,0,0,0
motorevija.com.hr,2024-02,5,0,5,0,0,0,0
motorevija.com.hr,2024-03,7,0,7,0,0,0,0
motorevija.com.hr,2024-04,7,0,7,0,0,0,0
motorevija.com.hr,2024-05,5,0,5,0,0,0,0
motorevija.com.hr,2024-06,7,0,7,0,0,0,0
motorevija.com.hr,2024-07,8,0,8,0,0,0,0
motorevija.com.hr,2024-08,4,0,4,0,0,0,0
motorevija.com.hr,2024-09,3,0,3,0,0,0,0
motorevija.com.hr,2024-10,11,0,11,0,0,0,0
motorevija.com.hr,2024-11,9,0,9,0,0,0,0
motorevija.com.hr,2024-12,7,0,7,0,0,0,0
motorevija.com.hr,2025-01,8,0,8,0,0,0,0
motorevija.com.hr,2025-02,6,0,6,0,0,0,0
motorevija.com.hr,2025-03,5,0,5,0,0,0,0
motorevija.com.hr,2025-04,10,0,10,0,0,0,0
motorevija.com.hr,2025-05,7,0,7,0,0,0,0
motorevija.com.hr,2025-06,4,0,4,0,0,0,0
motorevija.com.hr,2025-07,7,0,7,0,0,0,0
motorevija.com.hr,2025-08,2,0,2,0,0,0,0
motorevija.com.hr,2025-09,5,0,5,0,0,0,0
motorevija.com.hr,2025-10,9,0,9,0,0,0,0
motorevija.com.hr,2025-11,2,0,2,0,0,0,0
motorevija.com.hr,2025-12,4,0,4,0,0,0,0
motorevija.com.hr,2026-01,5,0,5,0,0,0,0
motorevija.com.hr,2026-02,2,0,2,0,0,0,0
motorevija.com.hr,2026-03,3,0,3,0,0,0,0
motorevija.com.hr,2026-04,5,0,5,0,0,0,0
motorevija.com.hr,2026-05,2,0,2,0,0,0,0
motorevija.com.hr,2026-06,2,0,2,0,0,0,0
motorevija.com.hr,2026-07,10,0,10,0,0,0,0
motorevija.com.hr,2026-08,3,0,3,0,0,0,0
msm.hr,2023-05,1,0,1,0,0,0,0
msm.hr,2023-10,1,0,1,0,0,0,0
msm.hr,2024-10,1,0,1,0,0,0,0
msm.hr,2026-01,5,0,5,0,0,0,0
msm.hr,2026-02,6,0,6,0,0,0,0
msm.hr,2026-03,3,0,3,0,0,0,0
msm.hr,2026-04,1,0,1,0,0,0,0
msm.hr,2026-05,1,0,1,0,0,0,0
msm.hr,2026-06,1,0,1,0,0,0,0
msm.hr,2026-07,3,0,3,0,0,0,0
msm.hr,2026-08,1,0,1,0,0,0,0
muralist.hr,2021-01,231,0,231,0,0,0,0
muralist.hr,2021-02,260,1,260,1,1,1,0
muralist.hr,2021-03,299,0,299,0,0,0,0
muralist.hr,2021-04,301,1,301,1,1,1,0
muralist.hr,2021-05,313,1,313,1,1,1,0
muralist.hr,2021-06,274,0,274,0,0,0,0
muralist.hr,2021-07,291,2,291,2,2,2,0
muralist.hr,2021-08,280,2,280,2,2,2,0
muralist.hr,2021-09,328,0,328,0,0,0,0
muralist.hr,2021-10,357,1,357,1,1,1,1
muralist.hr,2021-11,331,0,331,0,0,0,0
muralist.hr,2021-12,347,1,347,1,1,1,0
muralist.hr,2022-01,268,3,268,3,3,3,0
muralist.hr,2022-02,260,1,260,1,1,1,1
muralist.hr,2022-03,326,0,326,0,0,0,0
muralist.hr,2022-04,285,0,285,0,0,0,0
muralist.hr,2022-05,376,0,376,0,0,0,0
muralist.hr,2022-06,352,0,352,0,0,0,0
muralist.hr,2022-07,350,1,350,1,1,1,0
muralist.hr,2022-08,332,0,332,0,0,0,0
muralist.hr,2022-09,346,0,346,0,0,0,0
muralist.hr,2022-10,358,0,358,0,0,0,0
muralist.hr,2022-11,338,0,338,0,0,0,0
muralist.hr,2022-12,333,1,333,1,1,1,0
muralist.hr,2023-01,253,3,253,3,3,3,0
muralist.hr,2023-02,277,0,277,0,0,0,0
muralist.hr,2023-03,329,0,329,0,0,0,0
muralist.hr,2023-04,295,0,295,0,0,0,0
muralist.hr,2023-05,372,0,372,0,0,0,0
muralist.hr,2023-06,339,0,339,0,0,0,0
muralist.hr,2023-07,254,1,254,1,1,1,0
muralist.hr,2023-08,315,0,315,0,0,0,0
muralist.hr,2023-09,284,1,284,1,1,1,0
muralist.hr,2023-10,301,0,301,0,0,0,0
muralist.hr,2023-11,285,0,285,0,0,0,0
muralist.hr,2023-12,306,0,306,0,0,0,0
muralist.hr,2024-01,234,1,234,1,1,1,0
muralist.hr,2024-02,289,0,289,0,0,0,0
muralist.hr,2024-03,334,1,334,1,1,1,0
muralist.hr,2024-04,326,1,326,1,1,1,0
muralist.hr,2024-05,339,1,339,1,1,1,0
muralist.hr,2024-06,261,1,261,1,1,1,0
muralist.hr,2024-07,256,1,256,1,1,1,1
muralist.hr,2024-08,208,0,208,0,0,0,0
muralist.hr,2024-09,255,0,255,0,0,0,0
muralist.hr,2024-10,300,0,300,0,0,0,0
muralist.hr,2024-11,252,0,252,0,0,0,0
muralist.hr,2024-12,254,0,254,0,0,0,0
muralist.hr,2025-01,234,1,234,1,1,1,0
muralist.hr,2025-02,220,0,220,0,0,0,0
muralist.hr,2025-03,269,1,269,1,1,1,0
muralist.hr,2025-04,308,0,308,0,0,0,0
muralist.hr,2025-05,302,1,302,1,1,1,0
muralist.hr,2025-06,287,0,287,0,0,0,0
muralist.hr,2025-07,222,0,222,0,0,0,0
muralist.hr,2025-08,202,0,202,0,0,0,0
muralist.hr,2025-09,295,0,295,0,0,0,0
muralist.hr,2025-10,335,1,335,1,1,1,0
muralist.hr,2025-11,238,0,238,0,0,0,0
muralist.hr,2025-12,251,2,251,2,2,2,0
muralist.hr,2026-01,201,0,201,0,0,0,0
muralist.hr,2026-02,166,0,166,0,0,0,0
muralist.hr,2026-03,241,0,241,0,0,0,0
muralist.hr,2026-04,253,0,253,0,0,0,0
muralist.hr,2026-05,206,1,206,1,1,1,0
muralist.hr,2026-06,1,0,1,0,0,0,0
muralist.hr,2026-07,132,0,132,0,0,0,0
muralist.hr,2026-08,150,0,150,0,0,0,0
muralist.hr,2026-09,68,0,68,0,0,0,0
music-box.hr,2021-01,6,0,6,0,0,0,0
music-box.hr,2021-02,32,0,32,0,0,0,0
music-box.hr,2021-03,5,0,5,0,0,0,0
music-box.hr,2021-04,7,0,7,0,0,0,0
music-box.hr,2021-05,2,0,2,0,0,0,0
music-box.hr,2021-06,3,0,3,0,0,0,0
music-box.hr,2021-07,2,0,2,0,0,0,0
music-box.hr,2021-08,12,0,12,0,0,0,0
music-box.hr,2021-10,2,0,2,0,0,0,0
music-box.hr,2021-12,2,0,2,0,0,0,0
music-box.hr,2022-01,1,0,1,0,0,0,0
music-box.hr,2022-05,1,0,1,0,0,0,0
music-box.hr,2022-06,1,0,1,0,0,0,0
music-box.hr,2022-07,1,0,1,0,0,0,0
music-box.hr,2023-01,4,0,4,0,0,0,0
music-box.hr,2023-02,2,0,2,0,0,0,0
music-box.hr,2023-03,1,0,1,0,0,0,0
music-box.hr,2023-04,1,0,1,0,0,0,0
music-box.hr,2023-05,2,0,2,0,0,0,0
music-box.hr,2023-06,37,0,37,0,0,0,0
music-box.hr,2023-07,79,0,79,0,0,0,0
music-box.hr,2023-08,19,0,19,0,0,0,0
music-box.hr,2023-09,62,0,62,0,0,0,0
music-box.hr,2023-10,98,0,98,0,0,0,0
music-box.hr,2023-11,99,0,99,0,0,0,0
music-box.hr,2023-12,65,0,65,0,0,0,0
music-box.hr,2024-01,69,0,69,0,0,0,0
music-box.hr,2024-02,70,0,70,0,0,0,0
music-box.hr,2024-03,66,0,66,0,0,0,0
music-box.hr,2024-04,77,0,77,0,0,0,0
music-box.hr,2024-05,80,0,80,0,0,0,0
music-box.hr,2024-06,64,0,64,0,0,0,0
music-box.hr,2024-07,51,0,51,0,0,0,0
music-box.hr,2024-08,45,0,45,0,0,0,0
music-box.hr,2024-09,52,0,52,0,0,0,0
music-box.hr,2024-10,123,0,123,0,0,0,0
music-box.hr,2024-11,133,0,133,0,0,0,0
music-box.hr,2024-12,71,0,71,0,0,0,0
music-box.hr,2025-01,6,0,6,0,0,0,0
music-box.hr,2025-02,36,0,36,0,0,0,0
music-box.hr,2025-03,80,0,80,0,0,0,0
music-box.hr,2025-07,36,0,36,0,0,0,0
music-box.hr,2025-09,4,0,4,0,0,0,0
music-box.hr,2025-10,4,0,4,0,0,0,0
music-box.hr,2025-11,20,0,20,0,0,0,0
music-box.hr,2025-12,81,0,81,0,0,0,0
music-box.hr,2026-01,80,0,80,0,0,0,0
music-box.hr,2026-02,53,0,53,0,0,0,0
music-box.hr,2026-03,53,0,53,0,0,0,0
music-box.hr,2026-04,58,0,58,0,0,0,0
music-box.hr,2026-05,54,0,54,0,0,0,0
music-box.hr,2026-06,71,0,71,0,0,0,0
music-box.hr,2026-07,72,0,72,0,0,0,0
music-box.hr,2026-08,43,0,43,0,0,0,0
music-box.hr,2026-09,25,0,25,0,0,0,0
mvinfo.hr,2021-01,19,0,19,0,0,0,0
mvinfo.hr,2021-02,53,1,53,1,1,1,0
mvinfo.hr,2021-03,66,0,66,0,0,0,0
mvinfo.hr,2021-04,54,0,54,0,0,0,0
mvinfo.hr,2021-05,87,0,87,0,0,0,0
mvinfo.hr,2021-06,107,0,107,0,0,0,0
mvinfo.hr,2021-07,47,0,47,0,0,0,0
mvinfo.hr,2021-08,26,0,26,0,0,0,0
mvinfo.hr,2021-09,81,0,81,0,0,0,0
mvinfo.hr,2021-10,83,0,83,0,0,0,0
mvinfo.hr,2021-11,95,0,95,0,0,0,0
mvinfo.hr,2021-12,84,0,84,0,0,0,0
mvinfo.hr,2022-01,74,0,74,0,0,0,0
mvinfo.hr,2022-02,70,0,70,0,0,0,0
mvinfo.hr,2022-03,94,0,94,0,0,0,0
mvinfo.hr,2022-04,62,0,62,0,0,0,0
mvinfo.hr,2022-05,102,0,102,0,0,0,0
mvinfo.hr,2022-06,142,0,142,0,0,0,0
mvinfo.hr,2022-07,46,0,46,0,0,0,0
mvinfo.hr,2022-08,41,0,41,0,0,0,0
mvinfo.hr,2022-09,126,0,126,0,0,0,0
mvinfo.hr,2022-10,114,0,114,0,0,0,0
mvinfo.hr,2022-11,146,0,146,0,0,0,0
mvinfo.hr,2022-12,94,0,94,0,0,0,0
mvinfo.hr,2023-01,71,0,71,0,0,0,0
mvinfo.hr,2023-02,79,0,79,0,0,0,0
mvinfo.hr,2023-03,86,0,86,0,0,0,0
mvinfo.hr,2023-04,64,0,64,0,0,0,0
mvinfo.hr,2023-05,93,0,93,0,0,0,0
mvinfo.hr,2023-06,89,0,89,0,0,0,0
mvinfo.hr,2023-07,54,0,54,0,0,0,0
mvinfo.hr,2023-08,52,0,52,0,0,0,0
mvinfo.hr,2023-09,69,0,69,0,0,0,0
mvinfo.hr,2023-10,108,0,108,0,0,0,0
mvinfo.hr,2023-11,129,0,129,0,0,0,0
mvinfo.hr,2023-12,85,0,85,0,0,0,0
mvinfo.hr,2024-01,60,0,60,0,0,0,0
mvinfo.hr,2024-02,80,0,80,0,0,0,0
mvinfo.hr,2024-03,101,0,101,0,0,0,0
mvinfo.hr,2024-04,58,0,58,0,0,0,0
mvinfo.hr,2024-05,90,0,90,0,0,0,0
mvinfo.hr,2024-06,71,0,71,0,0,0,0
mvinfo.hr,2024-07,57,0,57,0,0,0,0
mvinfo.hr,2024-08,48,0,48,0,0,0,0
mvinfo.hr,2024-09,59,0,59,0,0,0,0
mvinfo.hr,2024-10,80,0,80,0,0,0,0
mvinfo.hr,2024-11,96,0,96,0,0,0,0
mvinfo.hr,2024-12,88,0,88,0,0,0,0
mvinfo.hr,2025-01,68,0,68,0,0,0,0
mvinfo.hr,2025-02,58,0,58,0,0,0,0
mvinfo.hr,2025-03,59,0,59,0,0,0,0
mvinfo.hr,2025-04,55,0,55,0,0,0,0
mvinfo.hr,2025-05,97,0,97,0,0,0,0
mvinfo.hr,2025-06,63,0,63,0,0,0,0
mvinfo.hr,2025-07,46,0,46,0,0,0,0
mvinfo.hr,2025-08,57,0,57,0,0,0,0
mvinfo.hr,2025-09,53,0,53,0,0,0,0
mvinfo.hr,2025-10,99,0,99,0,0,0,0
mvinfo.hr,2025-11,98,0,98,0,0,0,0
mvinfo.hr,2025-12,65,0,65,0,0,0,0
mvinfo.hr,2026-01,36,0,36,0,0,0,0
mvinfo.hr,2026-02,35,0,35,0,0,0,0
mvinfo.hr,2026-03,60,0,60,0,0,0,0
mvinfo.hr,2026-04,46,0,46,0,0,0,0
mvinfo.hr,2026-05,59,0,59,0,0,0,0
mvinfo.hr,2026-06,29,0,29,0,0,0,0
mvinfo.hr,2026-07,41,0,41,0,0,0,0
mvinfo.hr,2026-08,71,0,71,0,0,0,0
mvinfo.hr,2026-09,24,0,24,0,0,0,0
nacional.hr,2021-01,3160,26,3160,26,26,26,4
nacional.hr,2021-02,3145,8,3145,8,8,8,1
nacional.hr,2021-03,3354,9,3354,9,9,9,2
nacional.hr,2021-04,2969,13,2969,13,13,13,4
nacional.hr,2021-05,3084,5,3084,5,4,4,3
nacional.hr,2021-06,2931,5,2931,5,5,5,2
nacional.hr,2021-07,2944,11,2944,11,11,11,0
nacional.hr,2021-08,2873,11,2873,11,11,11,2
nacional.hr,2021-09,3068,41,3068,41,41,41,7
nacional.hr,2021-10,3164,43,3164,43,43,43,6
nacional.hr,2021-11,3083,18,3083,18,18,18,2
nacional.hr,2021-12,3069,14,3069,14,14,14,5
nacional.hr,2022-01,2961,56,2961,56,56,56,17
nacional.hr,2022-02,3038,57,3038,57,57,57,20
nacional.hr,2022-03,3280,18,3280,18,18,18,1
nacional.hr,2022-04,2851,21,2851,21,21,21,5
nacional.hr,2022-05,2876,23,2876,23,23,23,3
nacional.hr,2022-06,2880,15,2880,15,15,15,0
nacional.hr,2022-07,3143,26,3143,26,24,24,5
nacional.hr,2022-08,2873,13,2873,13,13,13,0
nacional.hr,2022-09,3309,20,3309,20,19,19,1
nacional.hr,2022-10,3300,35,3300,35,35,35,4
nacional.hr,2022-11,3032,20,3032,20,19,19,2
nacional.hr,2022-12,2868,32,2868,32,32,32,4
nacional.hr,2023-01,3107,34,3107,34,34,34,4
nacional.hr,2023-02,3060,20,3060,20,20,20,3
nacional.hr,2023-03,3664,17,3664,17,17,17,3
nacional.hr,2023-04,3219,20,3219,20,20,20,5
nacional.hr,2023-05,3079,16,3079,16,16,16,3
nacional.hr,2023-06,2883,13,2883,13,13,13,3
nacional.hr,2023-07,2866,8,2866,8,8,8,0
nacional.hr,2023-08,2769,11,2769,11,11,11,3
nacional.hr,2023-09,3205,31,3205,31,31,31,5
nacional.hr,2023-10,3122,7,3122,7,7,7,2
nacional.hr,2023-11,1430,6,1430,6,6,6,1
nacional.hr,2023-12,656,1,656,1,1,1,1
nacional.hr,2024-01,628,2,628,2,2,2,2
nacional.hr,2024-02,587,0,587,0,0,0,0
nacional.hr,2024-03,731,0,731,0,0,0,0
nacional.hr,2024-04,809,1,809,1,1,1,0
nacional.hr,2024-05,1085,1,1085,1,1,1,1
nacional.hr,2024-06,2640,25,2640,25,25,25,3
nacional.hr,2024-07,2678,24,2678,24,24,24,7
nacional.hr,2024-08,2586,7,2586,7,7,7,1
nacional.hr,2024-09,2567,10,2567,10,10,10,0
nacional.hr,2024-10,2499,13,2499,13,13,13,0
nacional.hr,2024-11,2434,5,2434,5,5,5,1
nacional.hr,2024-12,2325,17,2325,17,17,17,5
nacional.hr,2025-01,2190,23,2190,23,23,23,1
nacional.hr,2025-02,2031,31,2031,31,31,31,6
nacional.hr,2025-03,2193,17,2193,17,17,17,8
nacional.hr,2025-04,2098,9,2098,9,9,9,2
nacional.hr,2025-05,2020,9,2020,9,9,9,1
nacional.hr,2025-06,1879,7,1879,7,7,7,1
nacional.hr,2025-07,1948,9,1948,9,9,9,2
nacional.hr,2025-08,1666,3,1666,3,3,3,0
nacional.hr,2025-09,1817,12,1817,12,12,12,1
nacional.hr,2025-10,1939,17,1939,17,17,17,3
nacional.hr,2025-11,1877,4,1877,4,4,4,1
nacional.hr,2025-12,1872,16,1872,16,16,16,1
nacional.hr,2026-01,1921,31,1921,31,31,31,5
nacional.hr,2026-02,1619,12,1619,12,12,12,0
nacional.hr,2026-03,1380,7,1380,7,7,7,1
nacional.hr,2026-04,1457,5,1457,5,5,5,1
nacional.hr,2026-05,1481,18,1481,18,18,18,2
nacional.hr,2026-06,1199,12,1199,12,12,12,5
nacional.hr,2026-07,1208,9,1208,9,9,9,3
nacional.hr,2026-08,1098,2,1098,2,2,2,0
nacional.hr,2026-09,322,0,322,0,0,0,0
nacionalno.hr,2021-01,275,1,275,1,1,1,0
nacionalno.hr,2021-02,367,1,367,1,1,1,0
nacionalno.hr,2021-03,717,2,717,2,2,2,0
nacionalno.hr,2021-04,411,1,411,1,1,1,0
nacionalno.hr,2021-05,257,0,257,0,0,0,0
nacionalno.hr,2021-06,426,4,426,4,4,4,0
nacionalno.hr,2021-07,424,5,424,5,5,5,0
nacionalno.hr,2021-08,323,1,323,1,1,1,0
nacionalno.hr,2021-09,108,1,108,1,1,1,0
nacionalno.hr,2021-10,141,4,141,4,4,4,0
nacionalno.hr,2021-11,327,5,327,5,5,5,1
nacionalno.hr,2021-12,101,2,101,2,2,2,1
nacionalno.hr,2022-01,275,17,275,17,17,17,5
nacionalno.hr,2022-02,208,6,208,6,6,6,3
nacionalno.hr,2022-03,206,1,206,1,1,1,0
nacionalno.hr,2022-04,416,6,416,6,6,6,1
nacionalno.hr,2022-05,166,3,166,3,3,3,0
nacionalno.hr,2022-06,132,1,132,1,1,1,0
nacionalno.hr,2022-07,40,0,40,0,0,0,0
nacionalno.hr,2022-08,81,1,81,1,1,1,0
nacionalno.hr,2022-09,235,2,235,2,2,2,0
nacionalno.hr,2022-10,341,2,341,2,2,2,0
nacionalno.hr,2022-11,213,1,213,1,1,1,0
nacionalno.hr,2022-12,273,6,273,6,6,6,0
nacionalno.hr,2023-01,203,7,203,7,7,7,0
nacionalno.hr,2023-02,241,3,241,3,3,3,1
nacionalno.hr,2023-03,146,1,146,1,1,1,0
nacionalno.hr,2023-04,149,2,149,2,2,2,0
nacionalno.hr,2023-05,210,3,210,3,3,3,1
nacionalno.hr,2023-06,165,3,165,3,3,3,0
nacionalno.hr,2023-07,180,1,180,1,1,1,0
nacionalno.hr,2023-08,193,3,193,3,3,3,0
nacionalno.hr,2023-09,107,1,107,1,1,1,0
nacionalno.hr,2023-10,218,0,218,0,0,0,0
nacionalno.hr,2023-11,32,1,32,1,1,1,0
nacionalno.hr,2023-12,28,0,28,0,0,0,0
nacionalno.hr,2024-01,22,0,22,0,0,0,0
nacionalno.hr,2024-06,14,0,14,0,0,0,0
nacionalno.hr,2024-07,12,0,12,0,0,0,0
nacionalno.hr,2024-09,5,0,5,0,0,0,0
nacionalno.hr,2024-10,5,0,5,0,0,0,0
nacionalno.hr,2026-03,29,0,29,0,0,0,0
nacionalno.hr,2026-04,132,0,132,0,0,0,0
nacionalno.hr,2026-05,53,1,53,1,1,1,0
najboljeknjige.com,2021-01,5,0,5,0,0,0,0
najboljeknjige.com,2021-02,4,0,4,0,0,0,0
najboljeknjige.com,2021-03,8,0,8,0,0,0,0
najboljeknjige.com,2021-04,11,0,11,0,0,0,0
najboljeknjige.com,2021-05,9,0,9,0,0,0,0
najboljeknjige.com,2021-06,8,0,8,0,0,0,0
najboljeknjige.com,2021-07,8,0,8,0,0,0,0
najboljeknjige.com,2021-08,15,0,15,0,0,0,0
najboljeknjige.com,2021-09,12,0,12,0,0,0,0
najboljeknjige.com,2021-10,7,0,7,0,0,0,0
najboljeknjige.com,2021-11,32,0,32,0,0,0,0
najboljeknjige.com,2021-12,5,0,5,0,0,0,0
najboljeknjige.com,2022-01,14,0,14,0,0,0,0
najboljeknjige.com,2022-02,13,0,13,0,0,0,0
najboljeknjige.com,2022-03,7,0,7,0,0,0,0
najboljeknjige.com,2022-04,8,0,8,0,0,0,0
najboljeknjige.com,2022-05,6,0,6,0,0,0,0
najboljeknjige.com,2022-06,9,0,9,0,0,0,0
najboljeknjige.com,2022-07,4,0,4,0,0,0,0
najboljeknjige.com,2022-08,7,0,7,0,0,0,0
najboljeknjige.com,2022-09,6,0,6,0,0,0,0
najboljeknjige.com,2022-10,6,0,6,0,0,0,0
najboljeknjige.com,2022-11,11,0,11,0,0,0,0
najboljeknjige.com,2022-12,5,0,5,0,0,0,0
najboljeknjige.com,2023-01,6,0,6,0,0,0,0
najboljeknjige.com,2023-02,8,0,8,0,0,0,0
najboljeknjige.com,2023-03,12,0,12,0,0,0,0
najboljeknjige.com,2023-04,6,0,6,0,0,0,0
najboljeknjige.com,2023-05,4,0,4,0,0,0,0
najboljeknjige.com,2023-06,10,0,10,0,0,0,0
najboljeknjige.com,2023-07,8,0,8,0,0,0,0
najboljeknjige.com,2023-08,6,0,6,0,0,0,0
najboljeknjige.com,2023-09,8,0,8,0,0,0,0
najboljeknjige.com,2023-10,8,0,8,0,0,0,0
najboljeknjige.com,2023-11,14,0,14,0,0,0,0
najboljeknjige.com,2023-12,8,0,8,0,0,0,0
najboljeknjige.com,2024-01,8,0,8,0,0,0,0
najboljeknjige.com,2024-02,6,0,6,0,0,0,0
najboljeknjige.com,2024-03,8,0,8,0,0,0,0
najboljeknjige.com,2024-04,18,0,18,0,0,0,0
najboljeknjige.com,2024-05,9,0,9,0,0,0,0
najboljeknjige.com,2024-06,9,0,9,0,0,0,0
najboljeknjige.com,2024-07,9,0,9,0,0,0,0
najboljeknjige.com,2024-08,9,0,9,0,0,0,0
najboljeknjige.com,2024-09,10,0,10,0,0,0,0
najboljeknjige.com,2024-10,7,0,7,0,0,0,0
najboljeknjige.com,2024-11,16,0,16,0,0,0,0
najboljeknjige.com,2024-12,6,0,6,0,0,0,0
najboljeknjige.com,2025-01,6,0,6,0,0,0,0
najboljeknjige.com,2025-02,7,0,7,0,0,0,0
najboljeknjige.com,2025-03,9,0,9,0,0,0,0
najboljeknjige.com,2025-04,13,0,13,0,0,0,0
najboljeknjige.com,2025-05,7,0,7,0,0,0,0
najboljeknjige.com,2025-06,15,0,15,0,0,0,0
najboljeknjige.com,2025-07,11,0,11,0,0,0,0
najboljeknjige.com,2025-08,12,0,12,0,0,0,0
najboljeknjige.com,2025-09,12,0,12,0,0,0,0
najboljeknjige.com,2025-10,13,0,13,0,0,0,0
najboljeknjige.com,2025-11,25,0,25,0,0,0,0
najboljeknjige.com,2025-12,11,0,11,0,0,0,0
najboljeknjige.com,2026-01,7,0,7,0,0,0,0
najboljeknjige.com,2026-02,14,0,14,0,0,0,0
najboljeknjige.com,2026-03,14,0,14,0,0,0,0
najboljeknjige.com,2026-04,9,0,9,0,0,0,0
najboljeknjige.com,2026-05,11,0,11,0,0,0,0
najboljeknjige.com,2026-06,12,0,12,0,0,0,0
najboljeknjige.com,2026-07,9,0,9,0,0,0,0
najboljeknjige.com,2026-08,10,0,10,0,0,0,0
najboljeknjige.com,2026-09,5,0,5,0,0,0,0
narod.hr,2021-01,1295,2,1295,2,2,2,0
narod.hr,2021-02,1472,1,1472,1,1,1,0
narod.hr,2021-03,1676,0,1676,0,0,0,0
narod.hr,2021-04,1680,2,1680,2,2,2,1
narod.hr,2021-05,1642,3,1642,3,3,3,0
narod.hr,2021-06,1531,1,1531,1,1,1,0
narod.hr,2021-07,1525,5,1525,5,5,5,2
narod.hr,2021-08,1415,3,1415,3,3,3,1
narod.hr,2021-09,1303,13,1303,13,13,13,1
narod.hr,2021-10,1426,14,1426,14,14,14,0
narod.hr,2021-11,1297,6,1296,6,6,6,0
narod.hr,2021-12,1290,9,1290,9,9,9,1
narod.hr,2022-01,1353,25,1353,25,25,25,10
narod.hr,2022-02,1109,25,1109,25,25,25,6
narod.hr,2022-03,981,5,981,5,5,5,0
narod.hr,2022-04,549,3,549,3,3,3,0
narod.hr,2022-05,98,1,98,1,1,1,1
narod.hr,2022-06,3,0,3,0,0,0,0
narod.hr,2022-07,280,4,280,4,3,3,3
narod.hr,2022-08,768,3,768,3,3,3,0
narod.hr,2022-09,340,0,340,0,0,0,0
narod.hr,2022-11,386,0,386,0,0,0,0
narod.hr,2022-12,694,8,694,8,8,8,1
narod.hr,2023-01,1033,27,1033,27,27,27,2
narod.hr,2023-02,871,2,871,2,2,2,0
narod.hr,2023-03,977,0,977,0,0,0,0
narod.hr,2023-04,797,3,797,3,3,3,0
narod.hr,2023-05,806,0,806,0,0,0,0
narod.hr,2023-06,753,1,753,1,1,1,0
narod.hr,2023-07,780,2,780,2,2,2,0
narod.hr,2023-08,786,2,786,2,2,2,0
narod.hr,2023-09,710,2,710,2,2,2,0
narod.hr,2023-10,800,0,800,0,0,0,0
narod.hr,2023-11,706,1,706,1,1,1,0
narod.hr,2024-01,170,1,170,1,1,1,0
narod.hr,2024-02,109,0,109,0,0,0,0
narod.hr,2024-03,98,0,98,0,0,0,0
narod.hr,2024-04,39,0,39,0,0,0,0
narod.hr,2024-05,30,1,30,1,1,1,0
narod.hr,2024-06,29,0,29,0,0,0,0
narod.hr,2024-07,48,1,48,1,1,1,0
narod.hr,2024-08,68,0,68,0,0,0,0
narod.hr,2024-09,110,1,110,1,1,1,0
narod.hr,2024-10,243,0,243,0,0,0,0
narod.hr,2024-11,1035,0,1035,0,0,0,0
narod.hr,2024-12,1109,5,1109,5,5,5,0
narod.hr,2025-01,1125,0,1125,0,0,0,0
narod.hr,2025-02,978,3,978,3,3,3,0
narod.hr,2025-03,1016,4,1016,4,4,4,1
narod.hr,2025-04,952,1,952,1,1,1,0
narod.hr,2025-05,990,2,990,2,2,2,0
narod.hr,2025-06,859,3,859,3,3,3,1
narod.hr,2025-07,1007,2,1007,2,2,2,1
narod.hr,2025-08,1001,1,1001,1,1,1,1
narod.hr,2025-09,978,3,978,3,3,3,0
narod.hr,2025-10,984,2,984,2,2,2,1
narod.hr,2025-11,982,3,982,3,3,3,0
narod.hr,2025-12,941,8,941,8,8,8,4
narod.hr,2026-01,1005,14,1005,14,14,14,3
narod.hr,2026-02,919,4,919,4,4,4,0
narod.hr,2026-03,1018,1,1018,1,1,1,0
narod.hr,2026-04,932,2,932,2,2,2,0
narod.hr,2026-05,950,2,950,2,2,2,2
narod.hr,2026-06,1001,3,1001,3,3,3,1
narod.hr,2026-07,972,2,972,2,2,2,0
narod.hr,2026-08,986,0,986,0,0,0,0
narod.hr,2026-09,261,0,261,0,0,0,0
nasabujstina.com,2021-01,7,0,7,0,0,0,0
nasabujstina.com,2021-03,3,0,3,0,0,0,0
nasabujstina.com,2021-04,1,0,1,0,0,0,0
nasabujstina.com,2021-05,3,0,3,0,0,0,0
nasabujstina.com,2021-06,6,0,6,0,0,0,0
nasabujstina.com,2021-07,8,0,8,0,0,0,0
nasabujstina.com,2021-08,12,0,12,0,0,0,0
nasabujstina.com,2021-09,18,0,18,0,0,0,0
nasabujstina.com,2021-10,26,0,26,0,0,0,0
nasabujstina.com,2021-11,30,0,30,0,0,0,0
nasabujstina.com,2021-12,155,1,155,1,1,1,0
nasabujstina.com,2022-01,141,0,141,0,0,0,0
nasabujstina.com,2022-02,152,0,152,0,0,0,0
nasabujstina.com,2022-03,192,1,192,1,1,1,0
nasabujstina.com,2022-04,141,1,141,1,1,1,0
nasabujstina.com,2022-05,156,0,156,0,0,0,0
nasabujstina.com,2022-06,150,0,150,0,0,0,0
nasabujstina.com,2022-07,181,1,181,1,1,1,0
nasabujstina.com,2022-08,167,2,167,2,2,2,0
nasabujstina.com,2022-09,178,2,178,2,2,2,0
nasabujstina.com,2022-10,175,2,175,2,2,2,0
nasabujstina.com,2022-11,176,1,176,1,1,1,0
nasabujstina.com,2022-12,187,4,187,4,4,4,0
nasabujstina.com,2023-01,151,4,151,4,4,4,0
nasabujstina.com,2023-02,161,1,161,1,1,1,0
nasabujstina.com,2023-03,164,0,164,0,0,0,0
nasabujstina.com,2023-04,153,0,153,0,0,0,0
nasabujstina.com,2023-05,171,0,171,0,0,0,0
nasabujstina.com,2023-06,155,0,155,0,0,0,0
nasabujstina.com,2023-07,178,0,178,0,0,0,0
nasabujstina.com,2023-08,184,1,184,1,1,1,0
nasabujstina.com,2023-09,162,1,162,1,1,1,0
nasabujstina.com,2023-10,198,0,198,0,0,0,0
nasabujstina.com,2023-11,196,0,196,0,0,0,0
nasabujstina.com,2023-12,193,0,193,0,0,0,0
nasabujstina.com,2024-01,158,1,158,1,1,1,0
nasabujstina.com,2024-02,184,1,184,1,1,1,0
nasabujstina.com,2024-03,180,0,180,0,0,0,0
nasabujstina.com,2024-04,172,0,172,0,0,0,0
nasabujstina.com,2024-05,184,1,184,1,1,1,0
nasabujstina.com,2024-06,205,2,205,2,2,2,0
nasabujstina.com,2024-07,214,0,214,0,0,0,0
nasabujstina.com,2024-08,30,0,30,0,0,0,0
nasabujstina.com,2026-07,1,0,1,0,0,0,0
nasabujstina.com,2026-08,1,0,1,0,0,0,0
nasice.com,2021-04,1,0,1,0,0,0,0
nasice.com,2021-05,16,0,16,0,0,0,0
nasice.com,2021-06,9,0,9,0,0,0,0
nasice.com,2021-08,17,0,17,0,0,0,0
nasice.com,2021-09,23,0,23,0,0,0,0
nasice.com,2021-10,1,0,1,0,0,0,0
nasice.com,2021-12,11,0,11,0,0,0,0
nasice.com,2022-02,9,0,9,0,0,0,0
nasice.com,2022-05,11,0,11,0,0,0,0
nasice.com,2022-07,29,0,29,0,0,0,0
nasice.com,2022-08,10,0,10,0,0,0,0
nasice.com,2022-09,26,0,26,0,0,0,0
nasice.com,2022-11,1,0,1,0,0,0,0
nasice.com,2023-03,21,0,21,0,0,0,0
nasice.com,2024-01,1,0,1,0,0,0,0
nasice.com,2024-02,91,0,91,0,0,0,0
nasice.com,2024-03,371,0,371,0,0,0,0
nasice.com,2024-04,207,0,207,0,0,0,0
nasice.com,2024-05,420,0,420,0,0,0,0
nasice.com,2024-06,371,0,371,0,0,0,0
nasice.com,2024-07,364,0,364,0,0,0,0
nasice.com,2024-08,336,0,336,0,0,0,0
nasice.com,2024-09,421,0,421,0,0,0,0
nasice.com,2024-10,447,2,447,2,2,2,0
nasice.com,2024-11,418,0,418,0,0,0,0
nasice.com,2024-12,444,1,444,1,1,1,0
nasice.com,2025-01,380,3,380,3,3,3,0
nasice.com,2025-02,394,0,394,0,0,0,0
nasice.com,2025-03,489,0,489,0,0,0,0
nasice.com,2025-04,486,0,486,0,0,0,0
nasice.com,2025-05,446,0,446,0,0,0,0
nasice.com,2025-06,407,0,407,0,0,0,0
nasice.com,2025-07,393,0,393,0,0,0,0
nasice.com,2025-08,353,0,353,0,0,0,0
nasice.com,2025-09,451,0,451,0,0,0,0
nasice.com,2025-10,417,0,417,0,0,0,0
nasice.com,2025-11,373,0,373,0,0,0,0
nasice.com,2025-12,432,0,432,0,0,0,0
nasice.com,2026-01,338,1,338,1,1,1,0
nasice.com,2026-02,291,0,291,0,0,0,0
nasice.com,2026-03,442,0,442,0,0,0,0
nasice.com,2026-04,393,1,393,1,1,1,0
nasice.com,2026-05,443,1,443,1,1,1,0
nasice.com,2026-06,375,0,375,0,0,0,0
nasice.com,2026-07,321,0,321,0,0,0,0
nasice.com,2026-08,352,0,352,0,0,0,0
nasice.com,2026-09,116,0,116,0,0,0,0
nasiskolji.hr,2021-01,18,0,18,0,0,0,0
nasiskolji.hr,2021-02,27,0,27,0,0,0,0
nasiskolji.hr,2021-03,23,0,23,0,0,0,0
nasiskolji.hr,2021-04,26,0,26,0,0,0,0
nasiskolji.hr,2021-05,26,0,26,0,0,0,0
nasiskolji.hr,2021-06,35,0,35,0,0,0,0
nasiskolji.hr,2021-07,46,0,46,0,0,0,0
nasiskolji.hr,2021-08,53,0,53,0,0,0,0
nasiskolji.hr,2021-09,36,0,36,0,0,0,0
nasiskolji.hr,2021-10,24,0,24,0,0,0,0
nasiskolji.hr,2021-11,27,0,27,0,0,0,0
nasiskolji.hr,2021-12,29,0,29,0,0,0,0
nasiskolji.hr,2022-01,21,0,21,0,0,0,0
nasiskolji.hr,2022-02,19,0,19,0,0,0,0
nasiskolji.hr,2022-03,36,0,36,0,0,0,0
nasiskolji.hr,2022-04,26,0,26,0,0,0,0
nasiskolji.hr,2022-05,22,0,22,0,0,0,0
nasiskolji.hr,2022-06,39,0,39,0,0,0,0
nasiskolji.hr,2022-07,55,0,55,0,0,0,0
nasiskolji.hr,2022-08,43,0,43,0,0,0,0
nasiskolji.hr,2022-09,36,0,36,0,0,0,0
nasiskolji.hr,2022-10,23,0,23,0,0,0,0
nasiskolji.hr,2022-11,20,0,20,0,0,0,0
nasiskolji.hr,2022-12,23,0,23,0,0,0,0
nasiskolji.hr,2023-01,23,0,23,0,0,0,0
nasiskolji.hr,2023-02,25,0,25,0,0,0,0
nasiskolji.hr,2023-03,34,0,34,0,0,0,0
nasiskolji.hr,2023-04,22,0,22,0,0,0,0
nasiskolji.hr,2023-05,27,0,27,0,0,0,0
nasiskolji.hr,2023-06,31,0,31,0,0,0,0
nasiskolji.hr,2023-07,43,0,43,0,0,0,0
nasiskolji.hr,2023-08,44,0,44,0,0,0,0
nasiskolji.hr,2023-09,28,0,28,0,0,0,0
nasiskolji.hr,2023-10,20,0,20,0,0,0,0
nasiskolji.hr,2023-11,18,0,18,0,0,0,0
nasiskolji.hr,2023-12,22,0,22,0,0,0,0
nasiskolji.hr,2024-01,20,0,20,0,0,0,0
nasiskolji.hr,2024-02,26,0,26,0,0,0,0
nasiskolji.hr,2024-03,22,0,22,0,0,0,0
nasiskolji.hr,2024-04,22,0,22,0,0,0,0
nasiskolji.hr,2024-05,38,0,38,0,0,0,0
nasiskolji.hr,2024-06,33,0,33,0,0,0,0
nasiskolji.hr,2024-07,40,0,40,0,0,0,0
nasiskolji.hr,2024-08,38,0,38,0,0,0,0
nasiskolji.hr,2024-09,25,0,25,0,0,0,0
nasiskolji.hr,2024-10,22,0,22,0,0,0,0
nasiskolji.hr,2024-11,17,0,17,0,0,0,0
nasiskolji.hr,2024-12,17,0,17,0,0,0,0
nasiskolji.hr,2025-01,14,0,14,0,0,0,0
nasiskolji.hr,2025-02,18,0,18,0,0,0,0
nasiskolji.hr,2025-03,22,0,22,0,0,0,0
nasiskolji.hr,2025-04,25,0,25,0,0,0,0
nasiskolji.hr,2025-05,22,0,22,0,0,0,0
nasiskolji.hr,2025-06,27,0,27,0,0,0,0
nasiskolji.hr,2025-07,30,0,30,0,0,0,0
nasiskolji.hr,2025-08,31,0,31,0,0,0,0
nasiskolji.hr,2025-09,26,0,26,0,0,0,0
nasiskolji.hr,2025-10,19,0,19,0,0,0,0
nasiskolji.hr,2025-11,20,0,20,0,0,0,0
nasiskolji.hr,2025-12,22,0,22,0,0,0,0
nasiskolji.hr,2026-01,14,0,14,0,0,0,0
nasiskolji.hr,2026-02,16,0,16,0,0,0,0
nasiskolji.hr,2026-03,20,0,20,0,0,0,0
nasiskolji.hr,2026-04,20,0,20,0,0,0,0
nasiskolji.hr,2026-05,28,0,28,0,0,0,0
nasiskolji.hr,2026-06,45,0,45,0,0,0,0
nasiskolji.hr,2026-07,45,0,45,0,0,0,0
nasiskolji.hr,2026-08,33,0,33,0,0,0,0
nasiskolji.hr,2026-09,9,0,9,0,0,0,0
naturala.hr,2021-01,49,0,49,0,0,0,0
naturala.hr,2021-02,108,0,108,0,0,0,0
naturala.hr,2021-03,101,1,101,1,1,1,0
naturala.hr,2021-04,100,0,100,0,0,0,0
naturala.hr,2021-05,9,0,9,0,0,0,0
naturala.hr,2021-06,10,0,10,0,0,0,0
naturala.hr,2021-07,56,0,56,0,0,0,0
naturala.hr,2021-09,1,0,1,0,0,0,0
naturala.hr,2021-12,1,0,1,0,0,0,0
naturala.hr,2022-03,2,0,2,0,0,0,0
naturala.hr,2022-04,1,0,1,0,0,0,0
naturala.hr,2023-05,7,0,7,0,0,0,0
naturala.hr,2023-06,46,0,46,0,0,0,0
naturala.hr,2023-07,40,0,40,0,0,0,0
naturala.hr,2023-08,52,0,52,0,0,0,0
naturala.hr,2023-09,62,0,62,0,0,0,0
naturala.hr,2023-10,80,0,80,0,0,0,0
naturala.hr,2023-11,76,0,76,0,0,0,0
naturala.hr,2023-12,71,0,71,0,0,0,0
naturala.hr,2024-01,89,0,89,0,0,0,0
naturala.hr,2024-02,97,0,97,0,0,0,0
naturala.hr,2024-03,105,0,105,0,0,0,0
naturala.hr,2024-04,106,0,106,0,0,0,0
naturala.hr,2024-05,101,0,101,0,0,0,0
naturala.hr,2024-06,98,0,98,0,0,0,0
naturala.hr,2024-07,109,0,109,0,0,0,0
naturala.hr,2024-08,85,1,85,1,1,1,0
naturala.hr,2024-09,116,1,116,1,1,1,0
naturala.hr,2024-10,98,0,98,0,0,0,0
naturala.hr,2024-11,59,0,59,0,0,0,0
naturala.hr,2024-12,105,0,105,0,0,0,0
naturala.hr,2025-01,111,0,111,0,0,0,0
naturala.hr,2025-02,91,0,91,0,0,0,0
naturala.hr,2025-03,90,0,90,0,0,0,0
naturala.hr,2025-04,68,0,68,0,0,0,0
naturala.hr,2025-05,60,0,60,0,0,0,0
naturala.hr,2025-06,95,0,95,0,0,0,0
naturala.hr,2025-07,100,0,100,0,0,0,0
naturala.hr,2025-08,50,0,50,0,0,0,0
naturala.hr,2025-09,46,0,46,0,0,0,0
naturala.hr,2025-10,57,0,57,0,0,0,0
naturala.hr,2025-11,75,0,75,0,0,0,0
naturala.hr,2025-12,68,0,68,0,0,0,0
naturala.hr,2026-01,63,0,63,0,0,0,0
naturala.hr,2026-02,31,0,31,0,0,0,0
naturala.hr,2026-03,58,0,58,0,0,0,0
naturala.hr,2026-04,82,0,82,0,0,0,0
naturala.hr,2026-05,53,0,53,0,0,0,0
naturala.hr,2026-06,45,0,45,0,0,0,0
naturala.hr,2026-07,43,0,43,0,0,0,0
naturala.hr,2026-08,60,0,60,0,0,0,0
naturala.hr,2026-09,24,0,24,0,0,0,0
nemo-casopis.com,2026-01,1,0,1,0,0,0,0
net.hr,2021-01,4728,8,4728,8,8,8,1
net.hr,2021-02,4261,17,4261,17,17,17,2
net.hr,2021-03,4739,12,4739,12,12,12,3
net.hr,2021-04,4389,9,4389,9,9,9,3
net.hr,2021-05,4092,6,4092,6,6,6,1
net.hr,2021-06,775,2,775,2,1,1,1
net.hr,2021-07,846,7,846,7,7,7,3
net.hr,2021-08,790,2,790,2,2,2,1
net.hr,2021-09,923,1,923,1,1,1,1
net.hr,2021-10,817,3,817,3,3,3,1
net.hr,2021-11,713,0,713,0,0,0,0
net.hr,2021-12,646,0,646,0,0,0,0
net.hr,2022-01,569,1,569,1,1,1,0
net.hr,2022-02,609,5,609,5,5,5,3
net.hr,2022-03,797,1,797,1,1,1,1
net.hr,2022-04,1491,0,1491,0,0,0,0
net.hr,2022-05,1611,0,1611,0,0,0,0
net.hr,2022-06,1401,1,1401,1,1,1,0
net.hr,2022-07,1508,1,1508,1,1,1,0
net.hr,2022-08,1428,0,1428,0,0,0,0
net.hr,2022-09,1734,0,1734,0,0,0,0
net.hr,2022-10,1623,3,1623,3,3,3,0
net.hr,2022-11,1604,2,1604,2,2,2,1
net.hr,2022-12,1748,0,1748,0,0,0,0
net.hr,2023-01,1522,3,1522,3,3,3,3
net.hr,2023-02,1497,0,1497,0,0,0,0
net.hr,2023-03,1728,3,1728,3,3,3,0
net.hr,2023-04,1789,3,1789,3,3,3,2
net.hr,2023-05,2199,0,2199,0,0,0,0
net.hr,2023-06,3516,6,3516,6,6,6,0
net.hr,2023-07,3261,7,3261,7,7,7,0
net.hr,2023-08,4526,7,4526,7,7,7,0
net.hr,2023-09,4852,13,4852,13,13,13,2
net.hr,2023-10,4863,4,4863,4,4,4,1
net.hr,2023-11,4896,9,4896,9,9,9,1
net.hr,2023-12,5115,17,5115,17,17,17,3
net.hr,2024-01,5032,15,5032,15,15,15,4
net.hr,2024-02,5309,1,5309,1,1,1,0
net.hr,2024-03,7076,17,7076,17,17,17,0
net.hr,2024-04,6553,6,6553,6,6,6,1
net.hr,2024-05,6867,4,6867,4,4,4,1
net.hr,2024-06,7294,22,7294,22,22,22,3
net.hr,2024-07,7230,13,7230,13,13,13,3
net.hr,2024-08,7081,5,7081,5,5,5,1
net.hr,2024-09,7245,11,7245,11,11,11,1
net.hr,2024-10,8066,19,8066,19,19,19,1
net.hr,2024-11,8678,11,8678,11,11,11,2
net.hr,2024-12,8687,22,8687,22,22,22,4
net.hr,2025-01,9003,27,9003,27,27,27,0
net.hr,2025-02,8264,62,8264,62,62,62,7
net.hr,2025-03,9493,25,9493,25,25,25,3
net.hr,2025-04,9267,9,9267,9,9,9,1
net.hr,2025-05,9765,17,9765,17,17,17,1
net.hr,2025-06,8686,11,8686,11,11,11,3
net.hr,2025-07,9130,18,9130,18,18,18,4
net.hr,2025-08,8083,12,8083,12,12,12,0
net.hr,2025-09,8887,12,8887,12,12,12,0
net.hr,2025-10,9275,11,9275,11,11,11,1
net.hr,2025-11,7954,6,7954,6,6,6,3
net.hr,2025-12,8098,23,8098,23,23,23,4
net.hr,2026-01,8024,50,8024,50,50,50,5
net.hr,2026-02,7374,6,7374,6,6,6,0
net.hr,2026-03,8424,13,8424,13,13,13,0
net.hr,2026-04,8232,8,8232,8,8,8,0
net.hr,2026-05,10759,27,10759,27,27,27,7
net.hr,2026-06,10503,17,10503,17,17,17,4
net.hr,2026-07,10529,14,10529,14,14,14,3
net.hr,2026-08,10108,9,10108,9,9,9,3
net.hr,2026-09,3534,3,3534,3,3,3,0
netokracija.com,2021-01,55,0,55,0,0,0,0
netokracija.com,2021-02,68,3,68,3,3,3,0
netokracija.com,2021-03,65,1,65,1,1,1,0
netokracija.com,2021-04,58,1,58,1,1,1,0
netokracija.com,2021-05,62,1,62,1,1,1,0
netokracija.com,2021-06,64,0,64,0,0,0,0
netokracija.com,2021-07,65,0,65,0,0,0,0
netokracija.com,2021-08,56,0,56,0,0,0,0
netokracija.com,2021-09,70,0,70,0,0,0,0
netokracija.com,2021-10,82,0,82,0,0,0,0
netokracija.com,2021-11,65,0,65,0,0,0,0
netokracija.com,2021-12,71,0,71,0,0,0,0
netokracija.com,2022-01,72,0,72,0,0,0,0
netokracija.com,2022-02,75,0,75,0,0,0,0
netokracija.com,2022-03,76,1,76,1,1,1,0
netokracija.com,2022-04,75,0,75,0,0,0,0
netokracija.com,2022-05,84,0,84,0,0,0,0
netokracija.com,2022-06,77,1,77,1,1,1,0
netokracija.com,2022-07,51,1,51,1,1,1,0
netokracija.com,2022-08,39,0,39,0,0,0,0
netokracija.com,2022-09,73,0,73,0,0,0,0
netokracija.com,2022-10,72,0,72,0,0,0,0
netokracija.com,2022-11,74,1,74,1,1,1,0
netokracija.com,2022-12,56,0,56,0,0,0,0
netokracija.com,2023-01,50,1,50,1,1,1,0
netokracija.com,2023-02,85,0,85,0,0,0,0
netokracija.com,2023-03,85,1,85,1,1,1,0
netokracija.com,2023-04,80,0,80,0,0,0,0
netokracija.com,2023-05,71,0,71,0,0,0,0
netokracija.com,2023-06,58,0,58,0,0,0,0
netokracija.com,2023-07,37,0,37,0,0,0,0
netokracija.com,2023-08,37,1,37,1,1,1,0
netokracija.com,2023-09,24,0,24,0,0,0,0
netokracija.com,2023-10,40,0,40,0,0,0,0
netokracija.com,2023-11,64,0,64,0,0,0,0
netokracija.com,2023-12,47,0,47,0,0,0,0
netokracija.com,2024-01,48,0,48,0,0,0,0
netokracija.com,2024-02,62,1,62,1,1,1,0
netokracija.com,2024-03,72,1,72,1,1,1,0
netokracija.com,2024-04,28,0,28,0,0,0,0
netokracija.com,2024-05,10,0,10,0,0,0,0
netokracija.com,2024-06,8,0,8,0,0,0,0
netokracija.com,2024-07,10,0,10,0,0,0,0
netokracija.com,2024-08,10,0,10,0,0,0,0
netokracija.com,2024-09,10,1,10,1,1,1,0
netokracija.com,2024-10,6,0,6,0,0,0,0
netokracija.com,2024-11,3,0,3,0,0,0,0
netokracija.com,2024-12,13,0,13,0,0,0,0
netokracija.com,2025-01,10,0,10,0,0,0,0
netokracija.com,2025-02,26,0,26,0,0,0,0
netokracija.com,2025-03,56,0,56,0,0,0,0
netokracija.com,2025-04,56,2,56,2,2,2,0
netokracija.com,2025-05,44,0,44,0,0,0,0
netokracija.com,2025-06,41,0,41,0,0,0,0
netokracija.com,2025-07,36,0,36,0,0,0,0
netokracija.com,2025-08,20,0,20,0,0,0,0
netokracija.com,2025-09,38,0,38,0,0,0,0
netokracija.com,2025-10,38,0,38,0,0,0,0
netokracija.com,2025-11,33,0,33,0,0,0,0
netokracija.com,2025-12,26,0,26,0,0,0,0
netokracija.com,2026-01,37,0,37,0,0,0,0
netokracija.com,2026-02,29,0,29,0,0,0,0
netokracija.com,2026-03,32,0,32,0,0,0,0
netokracija.com,2026-04,29,0,29,0,0,0,0
netokracija.com,2026-05,33,0,33,0,0,0,0
netokracija.com,2026-06,25,0,25,0,0,0,0
netokracija.com,2026-07,34,0,34,0,0,0,0
netokracija.com,2026-08,23,0,23,0,0,0,0
netokracija.com,2026-09,10,0,10,0,0,0,0
nismosame.com,2021-01,1,0,1,0,0,0,0
nismosame.com,2021-08,1,0,1,0,0,0,0
nismosame.com,2021-10,1,0,1,0,0,0,0
nismosame.com,2021-12,2,0,2,0,0,0,0
nismosame.com,2022-06,1,0,1,0,0,0,0
nismosame.com,2022-10,1,0,1,0,0,0,0
nismosame.com,2022-12,1,0,1,0,0,0,0
nizagorjemalo.hr,2021-01,1,0,1,0,0,0,0
nizagorjemalo.hr,2021-02,1,0,1,0,0,0,0
nizagorjemalo.hr,2021-03,2,0,2,0,0,0,0
nizagorjemalo.hr,2021-04,2,0,2,0,0,0,0
nizagorjemalo.hr,2021-06,1,0,1,0,0,0,0
nizagorjemalo.hr,2021-10,1,0,1,0,0,0,0
nizagorjemalo.hr,2021-11,1,0,1,0,0,0,0
nizagorjemalo.hr,2021-12,1,0,1,0,0,0,0
nizagorjemalo.hr,2022-06,1,0,1,0,0,0,0
nizagorjemalo.hr,2022-09,1,0,1,0,0,0,0
nizagorjemalo.hr,2023-01,1,0,1,0,0,0,0
nizagorjemalo.hr,2024-06,1,0,1,0,0,0,0
nizagorjemalo.hr,2025-01,1,0,1,0,0,0,0
nizagorjemalo.hr,2025-06,1,0,1,0,0,0,0
nogometplus.net,2021-01,108,0,108,0,0,0,0
nogometplus.net,2021-02,135,0,135,0,0,0,0
nogometplus.net,2021-03,138,0,138,0,0,0,0
nogometplus.net,2021-04,107,0,107,0,0,0,0
nogometplus.net,2021-05,128,0,128,0,0,0,0
nogometplus.net,2021-06,192,0,192,0,0,0,0
nogometplus.net,2021-07,140,0,140,0,0,0,0
nogometplus.net,2021-08,126,0,126,0,0,0,0
nogometplus.net,2021-09,80,0,80,0,0,0,0
nogometplus.net,2021-10,96,0,96,0,0,0,0
nogometplus.net,2021-11,69,0,69,0,0,0,0
nogometplus.net,2021-12,79,0,79,0,0,0,0
nogometplus.net,2022-01,93,0,93,0,0,0,0
nogometplus.net,2022-02,115,0,115,0,0,0,0
nogometplus.net,2022-03,105,0,105,0,0,0,0
nogometplus.net,2022-04,95,0,95,0,0,0,0
nogometplus.net,2022-05,103,0,103,0,0,0,0
nogometplus.net,2022-06,111,0,111,0,0,0,0
nogometplus.net,2022-07,118,0,118,0,0,0,0
nogometplus.net,2022-08,115,0,115,0,0,0,0
nogometplus.net,2022-09,90,0,90,0,0,0,0
nogometplus.net,2022-10,96,0,96,0,0,0,0
nogometplus.net,2022-11,91,0,91,0,0,0,0
nogometplus.net,2022-12,47,0,47,0,0,0,0
nogometplus.net,2023-01,100,0,100,0,0,0,0
nogometplus.net,2023-02,89,0,89,0,0,0,0
nogometplus.net,2023-03,112,0,112,0,0,0,0
nogometplus.net,2023-04,123,0,123,0,0,0,0
nogometplus.net,2023-05,96,0,96,0,0,0,0
nogometplus.net,2023-06,87,0,87,0,0,0,0
nogometplus.net,2023-07,99,0,99,0,0,0,0
nogometplus.net,2023-08,112,0,112,0,0,0,0
nogometplus.net,2023-09,90,0,90,0,0,0,0
nogometplus.net,2023-10,92,0,92,0,0,0,0
nogometplus.net,2023-11,59,0,59,0,0,0,0
nogometplus.net,2023-12,67,0,67,0,0,0,0
nogometplus.net,2024-01,80,0,80,0,0,0,0
nogometplus.net,2024-02,100,0,100,0,0,0,0
nogometplus.net,2024-03,107,0,107,0,0,0,0
nogometplus.net,2024-04,95,0,95,0,0,0,0
nogometplus.net,2024-05,94,0,94,0,0,0,0
nogometplus.net,2024-06,19,0,19,0,0,0,0
nogometplus.net,2024-07,24,0,24,0,0,0,0
nogometplus.net,2024-08,40,0,40,0,0,0,0
nogometplus.net,2024-09,23,0,23,0,0,0,0
nogometplus.net,2024-10,17,0,17,0,0,0,0
nogometplus.net,2024-11,9,0,9,0,0,0,0
nogometplus.net,2024-12,23,0,23,0,0,0,0
nogometplus.net,2025-01,19,0,19,0,0,0,0
nogometplus.net,2025-02,30,0,30,0,0,0,0
nogometplus.net,2025-03,15,0,15,0,0,0,0
nogometplus.net,2025-04,16,0,16,0,0,0,0
nogometplus.net,2025-05,26,0,26,0,0,0,0
nogometplus.net,2025-06,16,0,16,0,0,0,0
nogometplus.net,2025-07,20,0,20,0,0,0,0
nogometplus.net,2025-08,44,0,44,0,0,0,0
nogometplus.net,2025-09,19,0,19,0,0,0,0
nogometplus.net,2025-10,13,0,13,0,0,0,0
nogometplus.net,2025-11,23,0,23,0,0,0,0
nogometplus.net,2025-12,19,0,19,0,0,0,0
nogometplus.net,2026-01,12,0,12,0,0,0,0
nogometplus.net,2026-02,22,0,22,0,0,0,0
nogometplus.net,2026-03,27,0,27,0,0,0,0
nogometplus.net,2026-04,27,0,27,0,0,0,0
nogometplus.net,2026-05,22,0,22,0,0,0,0
novagra.hr,2021-01,158,0,158,0,0,0,0
novagra.hr,2021-02,126,0,126,0,0,0,0
novagra.hr,2021-03,168,0,168,0,0,0,0
novagra.hr,2021-04,142,0,142,0,0,0,0
novagra.hr,2021-05,169,0,169,0,0,0,0
novagra.hr,2021-06,141,0,141,0,0,0,0
novagra.hr,2021-07,170,0,170,0,0,0,0
novagra.hr,2021-08,153,0,153,0,0,0,0
novagra.hr,2021-09,189,0,189,0,0,0,0
novagra.hr,2021-10,169,1,169,1,1,1,0
novagra.hr,2021-11,121,1,121,1,1,1,0
novagra.hr,2021-12,137,0,137,0,0,0,0
novagra.hr,2022-01,118,0,118,0,0,0,0
novagra.hr,2022-02,96,0,96,0,0,0,0
novagra.hr,2022-03,160,0,160,0,0,0,0
novagra.hr,2022-04,95,0,95,0,0,0,0
novagra.hr,2022-05,132,0,132,0,0,0,0
novagra.hr,2022-06,119,0,119,0,0,0,0
novagra.hr,2022-07,141,0,141,0,0,0,0
novagra.hr,2022-08,129,0,129,0,0,0,0
novagra.hr,2022-09,149,0,149,0,0,0,0
novagra.hr,2022-10,135,1,135,1,1,1,0
novagra.hr,2022-11,123,2,123,2,2,2,0
novagra.hr,2022-12,114,0,114,0,0,0,0
novagra.hr,2023-01,136,2,136,2,2,2,0
novagra.hr,2023-02,118,3,118,3,3,3,0
novagra.hr,2023-03,170,1,170,1,1,1,0
novagra.hr,2023-04,127,0,127,0,0,0,0
novagra.hr,2023-05,162,0,162,0,0,0,0
novagra.hr,2023-06,126,0,126,0,0,0,0
novagra.hr,2023-07,136,0,136,0,0,0,0
novagra.hr,2023-08,95,0,95,0,0,0,0
novagra.hr,2023-09,150,0,150,0,0,0,0
novagra.hr,2023-10,141,1,141,1,1,1,0
novagra.hr,2023-11,118,0,118,0,0,0,0
novagra.hr,2023-12,122,0,122,0,0,0,0
novagra.hr,2024-01,106,1,106,1,1,1,0
novagra.hr,2024-02,132,1,132,1,1,1,0
novagra.hr,2024-03,153,4,153,4,4,4,0
novagra.hr,2024-04,139,0,139,0,0,0,0
novagra.hr,2024-05,133,0,133,0,0,0,0
novagra.hr,2024-06,138,0,138,0,0,0,0
novagra.hr,2024-07,129,0,129,0,0,0,0
novagra.hr,2024-08,18,0,18,0,0,0,0
novagra.hr,2024-10,1,0,1,0,0,0,0
novagra.hr,2024-11,27,0,27,0,0,0,0
novagra.hr,2024-12,26,0,26,0,0,0,0
novagra.hr,2025-01,52,1,52,1,1,1,0
novagra.hr,2025-02,104,0,104,0,0,0,0
novagra.hr,2025-03,21,0,21,0,0,0,0
novagra.hr,2025-04,24,0,24,0,0,0,0
novagra.hr,2025-05,78,0,78,0,0,0,0
novagra.hr,2025-06,13,0,13,0,0,0,0
novagra.hr,2025-07,108,0,108,0,0,0,0
novagra.hr,2025-08,26,0,26,0,0,0,0
novagra.hr,2025-09,39,0,39,0,0,0,0
novagra.hr,2025-10,2,0,2,0,0,0,0
novagra.hr,2025-11,11,0,11,0,0,0,0
novagra.hr,2025-12,78,1,78,1,1,1,0
novagra.hr,2026-01,17,0,17,0,0,0,0
novagra.hr,2026-02,70,0,70,0,0,0,0
novagra.hr,2026-03,85,3,85,3,3,3,0
novagra.hr,2026-04,85,0,85,0,0,0,0
novagra.hr,2026-05,113,0,113,0,0,0,0
novagra.hr,2026-06,144,0,144,0,0,0,0
novagra.hr,2026-07,174,0,174,0,0,0,0
novagra.hr,2026-08,145,0,145,0,0,0,0
novagra.hr,2026-09,68,0,68,0,0,0,0
novagradiska.eu,2021-01,20,0,20,0,0,0,0
novagradiska.eu,2021-02,13,0,13,0,0,0,0
novagradiska.eu,2021-03,17,0,17,0,0,0,0
novagradiska.eu,2021-04,26,0,26,0,0,0,0
novagradiska.eu,2021-05,26,0,26,0,0,0,0
novagradiska.eu,2021-06,44,0,44,0,0,0,0
novagradiska.eu,2021-07,84,0,84,0,0,0,0
novagradiska.eu,2021-08,46,0,46,0,0,0,0
novagradiska.eu,2021-09,55,0,55,0,0,0,0
novagradiska.eu,2021-10,8,0,8,0,0,0,0
novagradiska.eu,2021-11,1,0,1,0,0,0,0
novagradiska.eu,2021-12,5,0,5,0,0,0,0
novagradiska.eu,2022-01,11,0,11,0,0,0,0
novagradiska.eu,2022-02,19,0,19,0,0,0,0
novagradiska.eu,2022-03,31,0,31,0,0,0,0
novagradiska.eu,2022-04,6,0,6,0,0,0,0
novagradiska.eu,2022-05,5,0,5,0,0,0,0
novagradiska.eu,2022-06,15,0,15,0,0,0,0
novagradiska.eu,2022-07,30,0,30,0,0,0,0
novagradiska.eu,2022-08,20,0,20,0,0,0,0
novagradiska.eu,2022-09,10,0,10,0,0,0,0
novagradiska.eu,2022-10,12,0,12,0,0,0,0
novagradiska.eu,2022-11,2,0,2,0,0,0,0
novagradiska.eu,2022-12,15,0,15,0,0,0,0
novagradiska.eu,2023-01,4,0,4,0,0,0,0
novagradiska.eu,2023-02,1,0,1,0,0,0,0
novagradiska.eu,2023-03,43,0,43,0,0,0,0
novagradiska.eu,2023-04,48,0,48,0,0,0,0
novagradiska.eu,2023-05,41,0,41,0,0,0,0
novagradiska.eu,2023-06,54,0,54,0,0,0,0
novagradiska.eu,2023-07,38,0,38,0,0,0,0
novagradiska.eu,2023-08,57,0,57,0,0,0,0
novagradiska.eu,2023-09,22,0,22,0,0,0,0
novagradiska.eu,2023-10,37,0,37,0,0,0,0
novagradiska.eu,2023-11,39,0,39,0,0,0,0
novagradiska.eu,2023-12,39,0,39,0,0,0,0
novagradiska.eu,2024-01,22,0,22,0,0,0,0
novagradiska.eu,2024-02,49,0,49,0,0,0,0
novagradiska.eu,2024-03,60,0,60,0,0,0,0
novagradiska.eu,2024-04,57,0,57,0,0,0,0
novagradiska.eu,2024-05,48,0,48,0,0,0,0
novagradiska.eu,2024-06,44,0,44,0,0,0,0
novagradiska.eu,2024-07,50,0,50,0,0,0,0
novagradiska.eu,2024-08,29,0,29,0,0,0,0
novagradiska.eu,2024-09,31,0,31,0,0,0,0
novagradiska.eu,2024-11,37,0,37,0,0,0,0
novagradiska.eu,2024-12,46,0,46,0,0,0,0
novagradiska.eu,2025-01,15,0,15,0,0,0,0
novagradiska.eu,2025-02,54,0,54,0,0,0,0
novagradiska.eu,2025-03,83,1,83,1,1,1,0
novagradiska.eu,2025-04,68,0,68,0,0,0,0
novagradiska.eu,2025-05,64,0,64,0,0,0,0
novagradiska.eu,2025-06,55,0,55,0,0,0,0
novagradiska.eu,2025-07,49,0,49,0,0,0,0
novagradiska.eu,2025-08,35,0,35,0,0,0,0
novagradiska.eu,2025-09,66,0,66,0,0,0,0
novagradiska.eu,2025-10,45,0,45,0,0,0,0
novagradiska.eu,2025-11,47,0,47,0,0,0,0
novagradiska.eu,2025-12,45,0,45,0,0,0,0
novagradiska.eu,2026-01,20,0,20,0,0,0,0
novagradiska.eu,2026-02,29,0,29,0,0,0,0
novagradiska.eu,2026-03,30,0,30,0,0,0,0
novagradiska.eu,2026-04,35,0,35,0,0,0,0
novagradiska.eu,2026-05,50,0,50,0,0,0,0
novagradiska.eu,2026-06,37,0,37,0,0,0,0
novagradiska.eu,2026-07,30,0,30,0,0,0,0
novagradiska.eu,2026-08,40,0,40,0,0,0,0
novagradiska.eu,2026-09,19,0,19,0,0,0,0
novilist.hr,2021-01,2878,14,2878,14,14,14,4
novilist.hr,2021-02,3315,11,3315,11,11,11,2
novilist.hr,2021-03,3607,12,3607,12,12,12,1
novilist.hr,2021-04,3412,12,3412,12,12,12,2
novilist.hr,2021-05,3740,10,3740,10,10,10,0
novilist.hr,2021-06,3380,13,3380,13,13,13,4
novilist.hr,2021-07,3772,17,3772,17,17,17,5
novilist.hr,2021-08,3436,17,3436,17,17,17,5
novilist.hr,2021-09,3652,28,3652,28,28,28,4
novilist.hr,2021-10,3769,25,3769,25,25,25,3
novilist.hr,2021-11,3773,17,3773,17,17,16,2
novilist.hr,2021-12,3918,24,3918,24,24,24,3
novilist.hr,2022-01,3790,45,3790,45,45,45,10
novilist.hr,2022-02,3644,49,3644,49,49,49,16
novilist.hr,2022-03,4355,18,4355,18,18,18,1
novilist.hr,2022-04,3860,12,3860,12,12,12,3
novilist.hr,2022-05,4298,24,4298,24,24,24,7
novilist.hr,2022-06,3851,28,3851,28,28,28,1
novilist.hr,2022-07,3691,26,3691,26,25,25,6
novilist.hr,2022-08,3887,18,3887,18,17,17,1
novilist.hr,2022-09,4122,11,4122,11,11,11,1
novilist.hr,2022-10,4317,21,4317,21,21,21,1
novilist.hr,2022-11,4165,12,4165,12,12,12,0
novilist.hr,2022-12,3836,38,3836,38,38,38,3
novilist.hr,2023-01,3996,41,3996,41,41,41,3
novilist.hr,2023-02,3784,11,3784,11,11,11,2
novilist.hr,2023-03,4480,16,4480,16,16,16,0
novilist.hr,2023-04,5353,25,5353,25,25,25,2
novilist.hr,2023-05,5505,25,5505,25,25,25,3
novilist.hr,2023-06,5392,28,5392,28,28,28,3
novilist.hr,2023-07,5110,22,5110,22,22,22,1
novilist.hr,2023-08,5424,24,5424,24,24,24,3
novilist.hr,2023-09,5322,19,5322,19,19,19,4
novilist.hr,2023-10,5558,11,5558,11,11,11,1
novilist.hr,2023-11,5612,17,5612,17,17,17,0
novilist.hr,2023-12,5226,26,5226,26,26,26,1
novilist.hr,2024-01,5228,26,5228,26,26,26,2
novilist.hr,2024-02,5222,14,5222,14,14,14,2
novilist.hr,2024-03,5600,21,5600,21,21,21,7
novilist.hr,2024-04,5116,12,5116,12,12,12,2
novilist.hr,2024-05,5249,12,5249,12,12,12,3
novilist.hr,2024-06,5118,38,5118,38,38,38,1
novilist.hr,2024-07,5149,32,5149,32,32,32,7
novilist.hr,2024-08,5123,14,5123,14,14,14,2
novilist.hr,2024-09,5122,12,5122,12,12,12,3
novilist.hr,2024-10,5646,28,5646,28,28,28,5
novilist.hr,2024-11,5216,19,5216,19,19,19,1
novilist.hr,2024-12,5325,23,5325,23,23,23,1
novilist.hr,2025-01,5324,40,5324,40,40,40,3
novilist.hr,2025-02,5029,35,5029,35,35,35,12
novilist.hr,2025-03,5636,30,5636,30,30,30,9
novilist.hr,2025-04,5526,19,5526,19,19,19,0
novilist.hr,2025-05,5481,21,5481,21,21,21,0
novilist.hr,2025-06,5557,25,5557,25,25,25,2
novilist.hr,2025-07,5224,15,5224,15,15,15,5
novilist.hr,2025-08,5013,11,5013,11,11,11,1
novilist.hr,2025-09,5138,16,5138,16,16,16,2
novilist.hr,2025-10,5316,17,5316,17,17,17,0
novilist.hr,2025-11,5165,10,5165,10,10,10,1
novilist.hr,2025-12,4865,25,4865,25,25,25,2
novilist.hr,2026-01,4914,57,4914,57,57,57,4
novilist.hr,2026-02,4660,14,4660,14,14,14,0
novilist.hr,2026-03,5504,37,5504,37,37,37,4
novilist.hr,2026-04,5217,8,5217,8,8,8,1
novilist.hr,2026-05,4917,22,4917,22,22,22,4
novilist.hr,2026-06,5296,40,5296,40,40,40,7
novilist.hr,2026-07,5135,34,5135,34,34,34,5
novilist.hr,2026-08,4846,12,4846,12,12,12,1
novilist.hr,2026-09,1669,7,1669,7,7,7,2
noviradio.hr,2021-01,5,0,5,0,0,0,0
noviradio.hr,2021-02,5,0,5,0,0,0,0
noviradio.hr,2021-03,67,0,67,0,0,0,0
noviradio.hr,2021-04,325,0,325,0,0,0,0
noviradio.hr,2021-05,349,0,349,0,0,0,0
noviradio.hr,2021-06,341,0,341,0,0,0,0
noviradio.hr,2021-07,404,2,404,2,2,2,0
noviradio.hr,2021-08,346,0,346,0,0,0,0
noviradio.hr,2021-09,376,0,376,0,0,0,0
noviradio.hr,2021-10,342,0,342,0,0,0,0
noviradio.hr,2021-11,356,0,356,0,0,0,0
noviradio.hr,2021-12,351,0,351,0,0,0,0
noviradio.hr,2022-01,237,0,237,0,0,0,0
noviradio.hr,2022-02,284,3,284,3,3,3,2
noviradio.hr,2022-03,328,2,328,2,2,2,0
noviradio.hr,2022-04,301,0,301,0,0,0,0
noviradio.hr,2022-05,358,0,358,0,0,0,0
noviradio.hr,2022-06,285,0,285,0,0,0,0
noviradio.hr,2022-07,297,0,297,0,0,0,0
noviradio.hr,2022-08,239,0,239,0,0,0,0
noviradio.hr,2022-09,230,1,230,1,1,1,0
noviradio.hr,2022-10,304,1,304,1,1,1,0
noviradio.hr,2022-11,305,0,305,0,0,0,0
noviradio.hr,2022-12,277,2,277,2,2,2,0
noviradio.hr,2023-01,303,2,303,2,2,2,0
noviradio.hr,2023-02,331,1,331,1,1,1,1
noviradio.hr,2023-03,357,0,357,0,0,0,0
noviradio.hr,2023-04,281,0,281,0,0,0,0
noviradio.hr,2023-05,315,0,315,0,0,0,0
noviradio.hr,2023-06,203,0,203,0,0,0,0
noviradio.hr,2023-07,211,0,211,0,0,0,0
noviradio.hr,2023-08,206,0,206,0,0,0,0
noviradio.hr,2023-09,190,0,190,0,0,0,0
noviradio.hr,2023-10,204,0,204,0,0,0,0
noviradio.hr,2023-11,207,0,207,0,0,0,0
noviradio.hr,2023-12,207,0,207,0,0,0,0
noviradio.hr,2024-01,137,0,137,0,0,0,0
noviradio.hr,2024-02,178,0,178,0,0,0,0
noviradio.hr,2024-03,204,0,204,0,0,0,0
noviradio.hr,2024-04,190,0,190,0,0,0,0
noviradio.hr,2024-05,199,0,199,0,0,0,0
noviradio.hr,2024-06,162,0,162,0,0,0,0
noviradio.hr,2024-07,198,0,198,0,0,0,0
noviradio.hr,2024-08,38,0,38,0,0,0,0
noviradio.hr,2024-09,1,0,1,0,0,0,0
noviradio.hr,2024-12,28,0,28,0,0,0,0
noviradio.hr,2025-01,45,0,45,0,0,0,0
noviradio.hr,2025-02,20,0,20,0,0,0,0
noviradio.hr,2025-03,12,0,12,0,0,0,0
noviradio.hr,2026-03,1,0,1,0,0,0,0
noviradio.hr,2026-05,2,0,2,0,0,0,0
noviradio.hr,2026-06,92,0,92,0,0,0,0
noviradio.hr,2026-07,191,0,191,0,0,0,0
noviradio.hr,2026-08,175,0,175,0,0,0,0
noviradio.hr,2026-09,72,0,72,0,0,0,0
novo.hr,2021-01,322,2,322,2,2,2,2
novo.hr,2021-02,343,1,343,1,1,1,0
novo.hr,2021-03,405,7,405,7,7,7,2
novo.hr,2021-04,373,7,373,7,7,7,3
novo.hr,2021-05,410,3,410,3,2,2,1
novo.hr,2021-06,368,3,368,3,3,3,0
novo.hr,2021-07,359,8,359,8,8,8,3
novo.hr,2021-08,303,7,303,7,7,7,2
novo.hr,2021-09,313,4,313,4,4,4,2
novo.hr,2021-10,304,6,304,6,6,6,2
novo.hr,2021-11,337,2,337,2,2,2,0
novo.hr,2021-12,367,3,367,3,3,3,1
novo.hr,2022-01,374,10,374,10,10,10,3
novo.hr,2022-02,421,11,421,11,11,11,5
novo.hr,2022-03,430,11,430,11,11,11,2
novo.hr,2022-04,410,3,410,3,3,3,0
novo.hr,2022-05,419,4,419,4,4,4,2
novo.hr,2022-06,442,1,442,1,1,1,0
novo.hr,2022-07,460,10,460,10,9,9,4
novo.hr,2022-08,451,6,451,6,6,6,0
novo.hr,2022-09,472,4,472,4,3,3,1
novo.hr,2022-10,445,6,445,6,6,6,0
novo.hr,2022-11,407,5,407,5,5,5,0
novo.hr,2022-12,366,6,366,6,6,6,2
novo.hr,2023-01,365,6,365,6,6,6,1
novo.hr,2023-02,395,4,395,4,4,4,1
novo.hr,2023-03,420,3,420,3,3,3,1
novo.hr,2023-04,422,5,422,5,5,5,1
novo.hr,2023-05,448,3,448,3,3,3,0
novo.hr,2023-06,430,1,430,1,1,1,0
novo.hr,2023-07,515,9,515,9,9,9,1
novo.hr,2023-08,489,1,489,1,1,1,0
novo.hr,2023-09,498,7,498,7,7,7,2
novo.hr,2023-10,555,2,555,2,2,2,0
novo.hr,2023-11,506,3,506,3,3,3,0
novo.hr,2023-12,496,3,496,3,3,3,1
novo.hr,2024-01,449,2,449,2,2,2,0
novo.hr,2024-02,518,5,518,5,5,5,1
novo.hr,2024-03,595,4,595,4,4,4,1
novo.hr,2024-04,581,1,581,1,1,1,0
novo.hr,2024-05,635,7,635,7,7,7,1
novo.hr,2024-06,583,12,583,12,12,12,3
novo.hr,2024-07,620,11,620,11,11,11,3
novo.hr,2024-08,148,0,148,0,0,0,0
novo.hr,2024-09,59,1,59,1,1,1,0
novo.hr,2024-10,148,0,148,0,0,0,0
novo.hr,2024-11,101,1,101,1,1,1,0
novo.hr,2024-12,109,2,109,2,2,2,0
novo.hr,2025-01,131,1,131,1,1,1,0
novo.hr,2025-02,219,0,219,0,0,0,0
novo.hr,2025-03,79,0,79,0,0,0,0
novo.hr,2025-06,1,0,1,0,0,0,0
novo.hr,2025-08,8,0,8,0,0,0,0
novo.hr,2025-09,12,0,12,0,0,0,0
novo.hr,2025-10,15,0,15,0,0,0,0
novo.hr,2025-11,8,0,8,0,0,0,0
novo.hr,2025-12,5,0,5,0,0,0,0
novo.hr,2026-01,6,0,6,0,0,0,0
novo.hr,2026-02,4,0,4,0,0,0,0
novo.hr,2026-03,18,0,18,0,0,0,0
novo.hr,2026-04,19,0,19,0,0,0,0
novo.hr,2026-05,37,0,37,0,0,0,0
novo.hr,2026-06,14,0,14,0,0,0,0
novo.hr,2026-07,31,1,31,1,1,1,0
novo.hr,2026-08,2,0,2,0,0,0,0
novo.hr,2026-09,3,0,3,0,0,0,0
novosti.hr,2021-01,383,1,383,1,1,1,0
novosti.hr,2021-02,435,2,435,2,2,2,0
novosti.hr,2021-03,493,1,493,1,1,1,0
novosti.hr,2021-04,396,0,396,0,0,0,0
novosti.hr,2021-05,518,1,518,1,1,1,0
novosti.hr,2021-06,566,0,566,0,0,0,0
novosti.hr,2021-07,527,4,527,4,4,4,0
novosti.hr,2021-08,367,4,367,4,4,4,0
novosti.hr,2021-09,453,0,453,0,0,0,0
novosti.hr,2021-10,484,2,484,2,2,2,0
novosti.hr,2021-11,451,2,451,2,2,2,0
novosti.hr,2021-12,412,5,412,5,5,5,0
novosti.hr,2022-01,404,15,404,15,15,15,0
novosti.hr,2022-02,75,3,75,3,3,3,0
novosti.hr,2022-03,185,0,185,0,0,0,0
novosti.hr,2022-04,488,0,488,0,0,0,0
novosti.hr,2022-05,512,0,512,0,0,0,0
novosti.hr,2022-06,451,0,451,0,0,0,0
novosti.hr,2022-07,415,9,415,9,9,9,1
novosti.hr,2022-08,429,2,429,2,2,2,0
novosti.hr,2022-09,437,0,437,0,0,0,0
novosti.hr,2022-10,449,1,449,1,1,1,0
novosti.hr,2022-11,434,1,434,1,1,1,0
novosti.hr,2022-12,389,3,389,3,3,3,1
novosti.hr,2023-01,325,7,325,7,7,7,1
novosti.hr,2023-02,316,2,316,2,2,2,0
novosti.hr,2023-03,388,0,388,0,0,0,0
novosti.hr,2023-04,353,0,353,0,0,0,0
novosti.hr,2023-05,355,0,355,0,0,0,0
novosti.hr,2023-06,337,1,337,1,1,1,0
novosti.hr,2023-07,336,0,336,0,0,0,0
novosti.hr,2023-08,306,0,306,0,0,0,0
novosti.hr,2023-09,313,1,313,1,1,1,0
novosti.hr,2023-10,351,0,351,0,0,0,0
novosti.hr,2023-11,361,1,361,1,1,1,0
novosti.hr,2023-12,317,1,317,1,1,1,0
novosti.hr,2024-01,322,0,322,0,0,0,0
novosti.hr,2024-02,353,0,353,0,0,0,0
novosti.hr,2024-03,365,0,365,0,0,0,0
novosti.hr,2024-04,375,0,375,0,0,0,0
novosti.hr,2024-05,336,0,336,0,0,0,0
novosti.hr,2024-06,363,0,363,0,0,0,0
novosti.hr,2024-07,347,4,347,4,4,4,1
novosti.hr,2024-08,319,0,319,0,0,0,0
novosti.hr,2024-09,299,0,299,0,0,0,0
novosti.hr,2024-10,387,0,387,0,0,0,0
novosti.hr,2024-11,287,0,287,0,0,0,0
novosti.hr,2024-12,298,0,298,0,0,0,0
novosti.hr,2025-01,289,2,289,2,2,2,0
novosti.hr,2025-02,272,0,272,0,0,0,0
novosti.hr,2025-03,307,0,307,0,0,0,0
novosti.hr,2025-04,305,0,305,0,0,0,0
novosti.hr,2025-05,336,0,336,0,0,0,0
novosti.hr,2025-06,336,0,336,0,0,0,0
novosti.hr,2025-07,338,2,338,2,2,2,1
novosti.hr,2025-08,268,0,268,0,0,0,0
novosti.hr,2025-09,277,0,277,0,0,0,0
novosti.hr,2025-10,316,0,316,0,0,0,0
novosti.hr,2025-11,292,0,292,0,0,0,0
novosti.hr,2025-12,288,0,288,0,0,0,0
novosti.hr,2026-01,245,0,245,0,0,0,0
novosti.hr,2026-02,283,0,283,0,0,0,0
novosti.hr,2026-03,352,0,352,0,0,0,0
novosti.hr,2026-04,313,0,313,0,0,0,0
novosti.hr,2026-05,320,0,320,0,0,0,0
novosti.hr,2026-06,295,0,295,0,0,0,0
novosti.hr,2026-07,277,0,277,0,0,0,0
novosti.hr,2026-08,283,0,283,0,0,0,0
novosti.hr,2026-09,114,0,114,0,0,0,0
objektivno.hr,2021-01,118,0,118,0,0,0,0
objektivno.hr,2021-02,126,1,126,1,1,1,0
objektivno.hr,2021-03,170,0,170,0,0,0,0
objektivno.hr,2021-04,148,0,148,0,0,0,0
objektivno.hr,2021-05,140,0,140,0,0,0,0
objektivno.hr,2021-06,148,0,148,0,0,0,0
objektivno.hr,2021-07,158,2,158,2,2,2,0
objektivno.hr,2021-08,135,2,135,2,2,2,1
objektivno.hr,2021-09,147,3,147,3,3,3,0
objektivno.hr,2021-10,129,3,129,3,3,3,1
objektivno.hr,2021-11,136,2,136,2,2,2,0
objektivno.hr,2021-12,131,2,131,2,2,2,0
objektivno.hr,2022-01,129,10,129,10,10,10,4
objektivno.hr,2022-02,106,9,106,9,9,9,2
objektivno.hr,2022-03,117,1,117,1,1,1,0
objektivno.hr,2022-04,112,3,112,3,3,3,1
objektivno.hr,2022-05,111,2,111,2,2,2,0
objektivno.hr,2022-06,88,1,88,1,1,1,0
objektivno.hr,2022-07,86,2,86,2,2,2,0
objektivno.hr,2022-08,66,1,66,1,1,1,0
objektivno.hr,2022-09,74,0,74,0,0,0,0
objektivno.hr,2022-10,82,5,82,5,5,5,0
objektivno.hr,2022-11,78,1,78,1,1,1,0
objektivno.hr,2022-12,74,5,74,5,5,5,0
objektivno.hr,2023-01,77,4,77,4,4,4,0
objektivno.hr,2023-02,48,6,48,6,6,6,0
objektivno.hr,2023-03,66,4,66,4,4,4,0
objektivno.hr,2023-04,49,5,49,5,5,5,0
objektivno.hr,2023-05,76,1,76,1,1,1,1
objektivno.hr,2023-06,67,1,67,1,1,1,0
objektivno.hr,2023-07,114,1,114,1,1,1,0
objektivno.hr,2023-08,81,2,81,2,2,2,0
objektivno.hr,2023-09,129,10,129,10,10,10,2
objektivno.hr,2023-10,81,1,81,1,1,1,0
objektivno.hr,2023-11,94,1,94,1,1,1,0
objektivno.hr,2023-12,92,0,92,0,0,0,0
objektivno.hr,2024-01,61,1,61,1,1,1,0
objektivno.hr,2024-02,53,1,53,1,1,1,0
objektivno.hr,2024-03,47,0,47,0,0,0,0
objektivno.hr,2024-04,54,0,54,0,0,0,0
objektivno.hr,2024-05,48,0,48,0,0,0,0
objektivno.hr,2024-06,35,0,35,0,0,0,0
objektivno.hr,2024-07,18,1,18,1,1,1,0
objektivno.hr,2024-08,3,0,3,0,0,0,0
objektivno.hr,2024-10,2,0,2,0,0,0,0
objektivno.hr,2024-11,1,0,1,0,0,0,0
objektivno.hr,2024-12,12,0,12,0,0,0,0
objektivno.hr,2025-01,29,0,29,0,0,0,0
objektivno.hr,2025-02,28,2,28,2,2,2,0
objektivno.hr,2025-03,27,0,27,0,0,0,0
objektivno.hr,2025-04,15,0,15,0,0,0,0
objektivno.hr,2025-05,18,1,18,1,1,1,0
objektivno.hr,2025-06,11,0,11,0,0,0,0
objektivno.hr,2025-08,1,0,1,0,0,0,0
objektivno.hr,2025-09,1,0,1,0,0,0,0
objektivno.hr,2025-12,1,0,1,0,0,0,0
obris.org,2021-01,17,0,17,0,0,0,0
obris.org,2021-02,20,0,20,0,0,0,0
obris.org,2021-03,23,0,23,0,0,0,0
obris.org,2021-04,27,0,27,0,0,0,0
obris.org,2021-05,24,0,24,0,0,0,0
obris.org,2021-06,22,0,22,0,0,0,0
obris.org,2021-07,38,0,38,0,0,0,0
obris.org,2021-08,29,0,29,0,0,0,0
obris.org,2021-09,19,0,19,0,0,0,0
obris.org,2021-10,19,0,19,0,0,0,0
obris.org,2021-11,26,0,26,0,0,0,0
obris.org,2021-12,22,2,22,2,2,2,1
obris.org,2022-01,19,0,19,0,0,0,0
obris.org,2022-02,25,0,25,0,0,0,0
obris.org,2022-03,46,0,46,0,0,0,0
obris.org,2022-04,24,0,24,0,0,0,0
obris.org,2022-05,20,1,20,1,1,1,0
obris.org,2022-06,22,0,22,0,0,0,0
obris.org,2022-07,18,0,18,0,0,0,0
obris.org,2022-08,21,0,21,0,0,0,0
obris.org,2022-09,23,0,23,0,0,0,0
obris.org,2022-10,20,0,20,0,0,0,0
obris.org,2022-11,18,0,18,0,0,0,0
obris.org,2022-12,25,0,25,0,0,0,0
obris.org,2023-01,18,0,18,0,0,0,0
obris.org,2023-02,17,0,17,0,0,0,0
obris.org,2023-03,21,0,21,0,0,0,0
obris.org,2023-04,13,0,13,0,0,0,0
obris.org,2023-05,20,0,20,0,0,0,0
obris.org,2023-06,23,0,23,0,0,0,0
obris.org,2023-07,20,0,20,0,0,0,0
obris.org,2023-08,21,0,21,0,0,0,0
obris.org,2023-09,17,0,17,0,0,0,0
obris.org,2023-10,16,0,16,0,0,0,0
obris.org,2023-11,21,0,21,0,0,0,0
obris.org,2023-12,17,0,17,0,0,0,0
obris.org,2024-01,15,0,15,0,0,0,0
obris.org,2024-02,26,0,26,0,0,0,0
obris.org,2024-03,32,0,32,0,0,0,0
obris.org,2024-04,24,0,24,0,0,0,0
obris.org,2024-05,29,0,29,0,0,0,0
obris.org,2024-06,22,0,22,0,0,0,0
obris.org,2024-07,28,0,28,0,0,0,0
obris.org,2024-08,20,0,20,0,0,0,0
obris.org,2024-09,21,0,21,0,0,0,0
obris.org,2024-10,31,0,31,0,0,0,0
obris.org,2024-11,31,0,31,0,0,0,0
obris.org,2024-12,17,0,17,0,0,0,0
obris.org,2025-01,23,0,23,0,0,0,0
obris.org,2025-02,25,0,25,0,0,0,0
obris.org,2025-03,35,0,35,0,0,0,0
obris.org,2025-04,28,0,28,0,0,0,0
obris.org,2025-05,27,0,27,0,0,0,0
obris.org,2025-06,20,0,20,0,0,0,0
obris.org,2025-07,29,0,29,0,0,0,0
obris.org,2025-08,21,0,21,0,0,0,0
obris.org,2025-09,26,0,26,0,0,0,0
obris.org,2025-10,30,0,30,0,0,0,0
obris.org,2025-11,24,0,24,0,0,0,0
obris.org,2025-12,23,0,23,0,0,0,0
obris.org,2026-01,23,0,23,0,0,0,0
obris.org,2026-02,21,0,21,0,0,0,0
obris.org,2026-03,39,0,39,0,0,0,0
obris.org,2026-04,28,0,28,0,0,0,0
obris.org,2026-05,26,0,26,0,0,0,0
obris.org,2026-06,26,0,26,0,0,0,0
obris.org,2026-07,24,0,24,0,0,0,0
obris.org,2026-08,19,0,19,0,0,0,0
obris.org,2026-09,7,0,7,0,0,0,0
ogportal.com,2021-01,19,0,19,0,0,0,0
ogportal.com,2021-02,15,0,15,0,0,0,0
ogportal.com,2021-03,12,0,12,0,0,0,0
ogportal.com,2021-04,8,0,8,0,0,0,0
ogportal.com,2021-05,21,0,21,0,0,0,0
ogportal.com,2021-06,26,0,26,0,0,0,0
ogportal.com,2021-07,211,1,211,1,1,1,0
ogportal.com,2021-08,592,5,592,5,5,5,1
ogportal.com,2021-09,604,5,604,5,5,5,0
ogportal.com,2021-10,599,6,599,6,6,6,1
ogportal.com,2021-11,558,0,558,0,0,0,0
ogportal.com,2021-12,555,2,555,2,2,2,1
ogportal.com,2022-01,546,10,546,10,10,10,3
ogportal.com,2022-02,541,13,541,13,13,13,4
ogportal.com,2022-03,619,6,619,6,6,6,1
ogportal.com,2022-04,597,8,597,8,8,8,1
ogportal.com,2022-05,599,8,599,8,8,8,1
ogportal.com,2022-06,558,6,558,6,6,6,0
ogportal.com,2022-07,610,8,610,8,7,7,4
ogportal.com,2022-08,561,5,561,5,5,5,0
ogportal.com,2022-09,621,2,621,2,2,2,0
ogportal.com,2022-10,610,9,610,9,9,9,1
ogportal.com,2022-11,599,4,599,4,4,4,0
ogportal.com,2022-12,575,9,575,9,9,9,3
ogportal.com,2023-01,596,9,596,9,9,9,1
ogportal.com,2023-02,542,1,542,1,1,1,0
ogportal.com,2023-03,654,1,654,1,1,1,0
ogportal.com,2023-04,608,3,608,3,3,3,1
ogportal.com,2023-05,528,4,528,4,4,4,0
ogportal.com,2023-06,439,3,439,3,3,3,0
ogportal.com,2023-07,441,1,441,1,1,1,0
ogportal.com,2023-08,457,4,457,4,4,4,1
ogportal.com,2023-09,496,4,496,4,4,4,3
ogportal.com,2023-10,624,0,624,0,0,0,0
ogportal.com,2023-11,597,5,597,5,5,5,2
ogportal.com,2023-12,611,5,611,5,5,5,1
ogportal.com,2024-01,593,1,593,1,1,1,0
ogportal.com,2024-02,578,1,578,1,1,1,0
ogportal.com,2024-03,630,2,630,2,2,2,0
ogportal.com,2024-04,621,4,621,4,4,4,0
ogportal.com,2024-05,642,4,642,4,4,4,1
ogportal.com,2024-06,300,4,300,4,4,4,0
ogportal.com,2024-07,651,7,651,7,7,7,2
ogportal.com,2024-08,617,0,617,0,0,0,0
ogportal.com,2024-09,612,1,612,1,1,1,0
ogportal.com,2024-10,612,3,612,3,3,3,0
ogportal.com,2024-11,607,0,607,0,0,0,0
ogportal.com,2024-12,615,1,615,1,1,1,1
ogportal.com,2025-01,585,6,585,6,6,6,1
ogportal.com,2025-02,557,7,557,7,7,7,2
ogportal.com,2025-03,600,1,600,1,1,1,0
ogportal.com,2025-04,559,1,559,1,1,1,0
ogportal.com,2025-05,617,2,617,2,2,2,0
ogportal.com,2025-06,576,0,576,0,0,0,0
ogportal.com,2025-07,592,2,592,2,2,2,0
ogportal.com,2025-08,572,2,572,2,2,2,1
ogportal.com,2025-09,572,1,572,1,1,1,1
ogportal.com,2025-10,287,1,287,1,1,1,0
ogportal.com,2025-11,12,0,12,0,0,0,0
ogportal.com,2025-12,544,3,544,3,3,3,1
ogportal.com,2026-01,589,11,589,11,11,11,1
ogportal.com,2026-02,463,4,463,4,4,4,0
ogportal.com,2026-03,677,5,677,5,5,5,2
ogportal.com,2026-04,657,2,657,2,2,2,0
ogportal.com,2026-05,669,9,669,9,9,9,1
ogportal.com,2026-06,658,8,658,8,8,8,4
ogportal.com,2026-07,627,5,627,5,5,5,2
ogportal.com,2026-08,660,1,660,1,1,1,0
ogportal.com,2026-09,228,0,228,0,0,0,0
ogulin.eu,2021-02,1,0,1,0,0,0,0
ogulin.eu,2021-03,41,0,41,0,0,0,0
ogulin.eu,2021-04,79,0,79,0,0,0,0
ogulin.eu,2021-05,54,0,54,0,0,0,0
ogulin.eu,2021-06,49,0,49,0,0,0,0
ogulin.eu,2021-07,63,0,63,0,0,0,0
ogulin.eu,2021-08,43,0,43,0,0,0,0
ogulin.eu,2021-09,46,0,46,0,0,0,0
ogulin.eu,2026-05,85,0,85,0,0,0,0
ogulin.eu,2026-06,77,0,77,0,0,0,0
ogulin.eu,2026-07,66,0,66,0,0,0,0
ogulin.eu,2026-08,68,0,68,0,0,0,0
ogulin.eu,2026-09,24,0,24,0,0,0,0
orioninfovk.com,2021-06,1,0,1,0,0,0,0
orioninfovk.com,2022-08,1,0,1,0,0,0,0
orioninfovk.com,2024-03,1,0,1,0,0,0,0
orioninfovk.com,2026-04,10,0,10,0,0,0,0
orioninfovk.com,2026-05,124,0,124,0,0,0,0
orioninfovk.com,2026-06,122,0,122,0,0,0,0
orioninfovk.com,2026-07,108,0,108,0,0,0,0
orioninfovk.com,2026-08,96,0,96,0,0,0,0
orioninfovk.com,2026-09,39,0,39,0,0,0,0
osijekexpress.com,2021-01,5,0,5,0,0,0,0
osijekexpress.com,2021-02,16,0,16,0,0,0,0
osijekexpress.com,2021-03,289,0,289,0,0,0,0
osijekexpress.com,2021-04,275,1,275,1,1,1,0
osijekexpress.com,2021-05,287,0,287,0,0,0,0
osijekexpress.com,2021-06,253,0,253,0,0,0,0
osijekexpress.com,2021-07,218,1,218,1,1,1,0
osijekexpress.com,2021-08,236,1,236,1,1,1,0
osijekexpress.com,2021-09,297,4,297,4,4,4,0
osijekexpress.com,2021-10,351,3,351,3,3,3,0
osijekexpress.com,2021-11,347,0,347,0,0,0,0
osijekexpress.com,2021-12,363,0,363,0,0,0,0
osijekexpress.com,2022-01,391,2,391,2,2,2,0
osijekexpress.com,2022-02,393,2,393,2,2,2,2
osijekexpress.com,2022-03,466,2,466,2,2,2,0
osijekexpress.com,2022-04,149,0,149,0,0,0,0
osijekexpress.com,2022-11,1,0,1,0,0,0,0
osijekexpress.com,2024-02,117,0,117,0,0,0,0
osijekexpress.com,2024-03,536,2,536,2,2,2,0
osijekexpress.com,2024-04,480,1,480,1,1,1,0
osijekexpress.com,2024-05,512,0,512,0,0,0,0
osijekexpress.com,2024-06,471,0,471,0,0,0,0
osijekexpress.com,2024-07,509,0,509,0,0,0,0
osijekexpress.com,2024-08,469,0,469,0,0,0,0
osijekexpress.com,2024-09,503,0,503,0,0,0,0
osijekexpress.com,2024-10,512,1,512,1,1,1,0
osijekexpress.com,2024-11,435,0,435,0,0,0,0
osijekexpress.com,2024-12,498,0,498,0,0,0,0
osijekexpress.com,2025-01,414,1,414,1,1,1,0
osijekexpress.com,2025-02,487,5,487,5,5,5,2
osijekexpress.com,2025-03,520,0,520,0,0,0,0
osijekexpress.com,2025-04,311,1,311,1,1,1,0
osijekexpress.com,2025-05,455,0,455,0,0,0,0
osijekexpress.com,2025-06,275,0,275,0,0,0,0
osijekexpress.com,2025-07,456,1,456,1,1,1,0
osijekexpress.com,2025-08,330,2,330,2,2,2,2
osijekexpress.com,2025-09,556,0,556,0,0,0,0
osijekexpress.com,2025-10,422,0,422,0,0,0,0
osijekexpress.com,2025-11,391,3,391,3,3,3,0
osijekexpress.com,2025-12,326,3,326,3,3,3,0
osijekexpress.com,2026-01,399,3,399,3,3,3,1
osijekexpress.com,2026-02,227,1,227,1,1,1,0
osijekexpress.com,2026-03,489,0,489,0,0,0,0
osijekexpress.com,2026-04,457,1,457,1,1,1,1
osijekexpress.com,2026-05,457,0,457,0,0,0,0
osijekexpress.com,2026-06,416,1,416,1,1,1,0
osijekexpress.com,2026-07,444,0,444,0,0,0,0
osijekexpress.com,2026-08,458,0,458,0,0,0,0
osijekexpress.com,2026-09,176,0,176,0,0,0,0
osijeknews.hr,2021-01,266,1,266,1,1,1,0
osijeknews.hr,2021-02,245,0,245,0,0,0,0
osijeknews.hr,2021-03,273,2,273,2,2,2,0
osijeknews.hr,2021-04,285,3,285,3,3,3,3
osijeknews.hr,2021-05,276,0,276,0,0,0,0
osijeknews.hr,2021-06,170,0,170,0,0,0,0
osijeknews.hr,2021-07,172,0,172,0,0,0,0
osijeknews.hr,2021-08,164,1,164,1,1,1,0
osijeknews.hr,2021-09,149,0,149,0,0,0,0
osijeknews.hr,2021-10,145,1,145,1,1,1,0
osijeknews.hr,2021-11,139,0,139,0,0,0,0
osijeknews.hr,2021-12,149,0,149,0,0,0,0
osijeknews.hr,2022-01,178,0,178,0,0,0,0
osijeknews.hr,2022-02,155,2,155,2,2,2,1
osijeknews.hr,2022-03,189,1,189,1,1,1,0
osijeknews.hr,2022-04,261,3,261,3,3,3,0
osijeknews.hr,2022-05,269,0,269,0,0,0,0
osijeknews.hr,2022-06,216,0,216,0,0,0,0
osijeknews.hr,2022-07,151,1,151,1,1,1,1
osijeknews.hr,2022-08,171,2,171,2,2,2,0
osijeknews.hr,2022-09,254,0,254,0,0,0,0
osijeknews.hr,2022-10,198,4,198,4,4,4,0
osijeknews.hr,2022-11,221,1,221,1,1,1,0
osijeknews.hr,2022-12,149,1,149,1,1,1,0
osijeknews.hr,2023-01,151,0,151,0,0,0,0
osijeknews.hr,2023-02,111,0,111,0,0,0,0
osijeknews.hr,2023-03,137,0,137,0,0,0,0
osijeknews.hr,2023-04,116,0,116,0,0,0,0
osijeknews.hr,2023-05,167,0,167,0,0,0,0
osijeknews.hr,2023-06,121,0,121,0,0,0,0
osijeknews.hr,2023-07,127,0,127,0,0,0,0
osijeknews.hr,2023-08,102,0,102,0,0,0,0
osijeknews.hr,2023-09,137,0,137,0,0,0,0
osijeknews.hr,2023-10,141,0,141,0,0,0,0
osijeknews.hr,2023-11,110,0,110,0,0,0,0
osijeknews.hr,2023-12,261,1,261,1,1,1,0
osijeknews.hr,2024-01,107,1,107,1,1,1,0
osijeknews.hr,2024-02,114,0,114,0,0,0,0
osijeknews.hr,2024-03,136,0,136,0,0,0,0
osijeknews.hr,2024-04,110,0,110,0,0,0,0
osijeknews.hr,2024-05,177,0,177,0,0,0,0
osijeknews.hr,2024-06,136,0,136,0,0,0,0
osijeknews.hr,2024-07,110,0,110,0,0,0,0
osijeknews.hr,2024-08,106,0,106,0,0,0,0
osijeknews.hr,2024-09,161,0,161,0,0,0,0
osijeknews.hr,2024-10,167,0,167,0,0,0,0
osijeknews.hr,2024-11,172,0,172,0,0,0,0
osijeknews.hr,2024-12,150,0,150,0,0,0,0
osijeknews.hr,2025-01,157,2,157,2,2,2,0
osijeknews.hr,2025-02,159,2,159,2,2,2,0
osijeknews.hr,2025-03,234,1,234,1,1,1,0
osijeknews.hr,2025-04,231,1,231,1,1,1,0
osijeknews.hr,2025-05,192,1,192,1,1,1,0
osijeknews.hr,2025-06,171,2,171,2,2,2,1
osijeknews.hr,2025-07,160,1,160,1,1,1,0
osijeknews.hr,2025-08,106,0,106,0,0,0,0
osijeknews.hr,2025-09,224,2,224,2,2,2,0
osijeknews.hr,2025-10,223,2,223,2,2,2,0
osijeknews.hr,2025-11,188,1,188,1,1,1,0
osijeknews.hr,2025-12,137,0,137,0,0,0,0
osijeknews.hr,2026-01,4,0,4,0,0,0,0
osijeknews.hr,2026-02,64,0,64,0,0,0,0
osijeknews.hr,2026-03,135,1,135,1,1,1,0
osijeknews.hr,2026-04,201,2,201,2,2,2,0
osijeknews.hr,2026-05,179,1,179,1,1,1,0
osijeknews.hr,2026-06,178,1,178,1,1,1,0
osijeknews.hr,2026-07,121,0,121,0,0,0,0
osijeknews.hr,2026-08,92,1,92,1,1,1,0
osijeknews.hr,2026-09,48,0,48,0,0,0,0
otoci.eu,2021-01,3,0,3,0,0,0,0
otoci.eu,2021-02,3,0,3,0,0,0,0
otoci.eu,2021-03,6,0,6,0,0,0,0
otoci.eu,2021-04,8,0,8,0,0,0,0
otoci.eu,2021-05,1,0,1,0,0,0,0
otoci.eu,2021-06,3,0,3,0,0,0,0
otoci.eu,2021-07,5,0,5,0,0,0,0
otoci.eu,2021-08,19,0,19,0,0,0,0
otoci.eu,2021-09,109,0,109,0,0,0,0
otoci.eu,2021-10,85,0,85,0,0,0,0
otoci.eu,2021-11,83,0,83,0,0,0,0
otoci.eu,2021-12,82,0,82,0,0,0,0
otoci.eu,2022-01,81,0,81,0,0,0,0
otoci.eu,2022-02,75,0,75,0,0,0,0
otoci.eu,2022-03,87,0,87,0,0,0,0
otoci.eu,2022-04,81,0,81,0,0,0,0
otoci.eu,2022-05,86,0,86,0,0,0,0
otoci.eu,2022-06,73,0,73,0,0,0,0
otoci.eu,2022-07,93,0,93,0,0,0,0
otoci.eu,2022-08,78,0,78,0,0,0,0
otoci.eu,2022-09,86,0,86,0,0,0,0
otoci.eu,2022-10,78,0,78,0,0,0,0
otoci.eu,2022-11,73,0,73,0,0,0,0
otoci.eu,2022-12,38,0,38,0,0,0,0
otoci.eu,2023-01,23,0,23,0,0,0,0
otoci.eu,2023-02,40,1,40,1,1,1,0
otoci.eu,2023-03,44,0,44,0,0,0,0
otoci.eu,2023-04,33,0,33,0,0,0,0
otoci.eu,2023-05,55,0,55,0,0,0,0
otoci.eu,2023-06,34,0,34,0,0,0,0
otoci.eu,2023-07,38,0,38,0,0,0,0
otoci.eu,2023-08,55,0,55,0,0,0,0
otoci.eu,2023-09,74,0,74,0,0,0,0
otoci.eu,2023-10,60,0,60,0,0,0,0
otoci.eu,2023-11,61,0,61,0,0,0,0
otoci.eu,2023-12,55,0,55,0,0,0,0
otoci.eu,2024-01,64,0,64,0,0,0,0
otoci.eu,2024-02,77,0,77,0,0,0,0
otoci.eu,2024-03,109,0,109,0,0,0,0
otoci.eu,2024-04,102,0,102,0,0,0,0
otoci.eu,2024-05,87,0,87,0,0,0,0
otoci.eu,2024-06,85,0,85,0,0,0,0
otoci.eu,2024-07,100,0,100,0,0,0,0
otoci.eu,2024-08,28,0,28,0,0,0,0
otoci.eu,2024-10,3,0,3,0,0,0,0
otoci.eu,2024-12,1,0,1,0,0,0,0
otoci.eu,2025-01,30,0,30,0,0,0,0
otoci.eu,2025-02,39,0,39,0,0,0,0
otoci.eu,2025-03,24,0,24,0,0,0,0
otoci.eu,2025-04,32,0,32,0,0,0,0
otoci.eu,2025-05,43,0,43,0,0,0,0
otoci.eu,2025-06,60,0,60,0,0,0,0
otoci.eu,2025-07,65,0,65,0,0,0,0
otoci.eu,2025-08,20,0,20,0,0,0,0
otoci.eu,2025-09,38,0,38,0,0,0,0
otoci.eu,2025-10,46,0,46,0,0,0,0
otoci.eu,2025-11,45,0,45,0,0,0,0
otoci.eu,2025-12,27,0,27,0,0,0,0
otoci.eu,2026-01,32,0,32,0,0,0,0
otoci.eu,2026-02,32,0,32,0,0,0,0
otoci.eu,2026-03,46,0,46,0,0,0,0
otoci.eu,2026-04,43,0,43,0,0,0,0
otoci.eu,2026-05,46,0,46,0,0,0,0
otoci.eu,2026-06,47,0,47,0,0,0,0
otoci.eu,2026-07,44,0,44,0,0,0,0
otoci.eu,2026-08,32,0,32,0,0,0,0
otoci.eu,2026-09,15,0,15,0,0,0,0
otoci.net,2021-01,74,0,74,0,0,0,0
otoci.net,2021-02,107,0,107,0,0,0,0
otoci.net,2021-03,132,0,132,0,0,0,0
otoci.net,2021-04,118,0,118,0,0,0,0
otoci.net,2021-05,140,0,140,0,0,0,0
otoci.net,2021-06,129,0,129,0,0,0,0
otoci.net,2021-07,127,0,127,0,0,0,0
otoci.net,2021-08,123,0,123,0,0,0,0
otoci.net,2021-09,126,1,126,1,1,1,0
otoci.net,2021-10,135,0,135,0,0,0,0
otoci.net,2021-11,110,0,110,0,0,0,0
otoci.net,2021-12,135,0,135,0,0,0,0
otoci.net,2022-01,93,0,93,0,0,0,0
otoci.net,2022-02,109,0,109,0,0,0,0
otoci.net,2022-03,144,0,144,0,0,0,0
otoci.net,2022-04,155,0,155,0,0,0,0
otoci.net,2022-05,171,0,171,0,0,0,0
otoci.net,2022-06,142,0,142,0,0,0,0
otoci.net,2022-07,132,0,132,0,0,0,0
otoci.net,2022-08,151,0,151,0,0,0,0
otoci.net,2022-09,168,0,168,0,0,0,0
otoci.net,2022-10,160,0,160,0,0,0,0
otoci.net,2022-11,145,0,145,0,0,0,0
otoci.net,2022-12,140,0,140,0,0,0,0
otoci.net,2023-01,115,0,115,0,0,0,0
otoci.net,2023-02,128,0,128,0,0,0,0
otoci.net,2023-03,155,0,155,0,0,0,0
otoci.net,2023-04,152,0,152,0,0,0,0
otoci.net,2023-05,167,0,167,0,0,0,0
otoci.net,2023-06,141,0,141,0,0,0,0
otoci.net,2023-07,120,0,120,0,0,0,0
otoci.net,2023-08,138,0,138,0,0,0,0
otoci.net,2023-09,145,0,145,0,0,0,0
otoci.net,2023-10,141,0,141,0,0,0,0
otoci.net,2023-11,144,0,144,0,0,0,0
otoci.net,2023-12,164,0,164,0,0,0,0
otoci.net,2024-01,127,0,127,0,0,0,0
otoci.net,2024-02,129,0,129,0,0,0,0
otoci.net,2024-03,148,0,148,0,0,0,0
otoci.net,2024-04,144,0,144,0,0,0,0
otoci.net,2024-05,147,1,147,1,1,1,0
otoci.net,2024-06,151,0,151,0,0,0,0
otoci.net,2024-07,116,0,116,0,0,0,0
otoci.net,2024-08,25,0,25,0,0,0,0
otoci.net,2024-10,15,0,15,0,0,0,0
otoci.net,2024-11,116,0,116,0,0,0,0
otoci.net,2024-12,96,0,96,0,0,0,0
otoci.net,2025-01,120,0,120,0,0,0,0
otoci.net,2025-02,134,0,134,0,0,0,0
otoci.net,2025-03,124,0,124,0,0,0,0
otoci.net,2025-04,136,0,136,0,0,0,0
otoci.net,2025-05,173,1,173,1,1,1,0
otoci.net,2025-06,130,0,130,0,0,0,0
otoci.net,2025-07,142,0,142,0,0,0,0
otoci.net,2025-08,84,0,84,0,0,0,0
otoci.net,2025-09,23,0,23,0,0,0,0
otoci.net,2025-10,33,0,33,0,0,0,0
otoci.net,2025-11,67,0,67,0,0,0,0
otoci.net,2025-12,104,0,104,0,0,0,0
otoci.net,2026-01,122,0,122,0,0,0,0
otoci.net,2026-02,107,0,107,0,0,0,0
otoci.net,2026-03,83,0,83,0,0,0,0
otoci.net,2026-04,110,0,110,0,0,0,0
otoci.net,2026-05,102,0,102,0,0,0,0
otoci.net,2026-06,45,0,45,0,0,0,0
otoci.net,2026-07,117,0,117,0,0,0,0
otoci.net,2026-08,135,0,135,0,0,0,0
otoci.net,2026-09,39,0,39,0,0,0,0
otvoreno.hr,2021-01,2201,5,2201,5,5,5,1
otvoreno.hr,2021-02,1636,8,1636,8,8,8,2
otvoreno.hr,2021-03,1481,5,1481,5,5,5,0
otvoreno.hr,2021-04,1299,6,1299,6,6,6,0
otvoreno.hr,2021-05,1289,4,1289,4,4,4,0
otvoreno.hr,2021-06,1342,3,1342,3,3,3,0
otvoreno.hr,2021-07,1437,15,1437,15,15,15,2
otvoreno.hr,2021-08,1240,18,1240,18,18,18,4
otvoreno.hr,2021-09,973,24,973,24,24,24,4
otvoreno.hr,2021-10,886,6,886,6,6,6,2
otvoreno.hr,2021-11,919,3,919,3,3,3,1
otvoreno.hr,2021-12,881,6,881,6,6,6,1
otvoreno.hr,2022-01,845,20,845,20,20,20,11
otvoreno.hr,2022-02,814,18,814,18,18,18,6
otvoreno.hr,2022-03,910,8,910,8,8,8,0
otvoreno.hr,2022-04,896,7,896,7,7,7,2
otvoreno.hr,2022-05,950,6,950,6,6,6,2
otvoreno.hr,2022-06,868,8,868,8,8,8,1
otvoreno.hr,2022-07,922,12,922,12,11,11,4
otvoreno.hr,2022-08,899,5,899,5,5,5,0
otvoreno.hr,2022-09,847,3,847,3,3,3,0
otvoreno.hr,2022-10,847,7,847,7,7,7,2
otvoreno.hr,2022-11,782,4,782,4,4,4,1
otvoreno.hr,2022-12,824,5,824,5,5,5,0
otvoreno.hr,2023-01,883,12,883,12,12,12,1
otvoreno.hr,2023-02,795,6,795,6,6,6,2
otvoreno.hr,2023-03,871,3,871,3,3,3,2
otvoreno.hr,2023-04,798,9,798,9,9,9,3
otvoreno.hr,2023-05,794,7,794,7,7,7,3
otvoreno.hr,2023-06,809,4,809,4,4,4,0
otvoreno.hr,2023-07,440,3,440,3,3,3,0
p-portal.net,2021-01,1,0,1,0,0,0,0
p-portal.net,2021-02,10,0,10,0,0,0,0
p-portal.net,2021-03,10,0,10,0,0,0,0
p-portal.net,2021-04,25,0,25,0,0,0,0
p-portal.net,2021-05,18,0,18,0,0,0,0
p-portal.net,2021-06,11,0,11,0,0,0,0
p-portal.net,2021-07,7,0,7,0,0,0,0
p-portal.net,2021-08,12,0,12,0,0,0,0
p-portal.net,2021-09,32,0,32,0,0,0,0
p-portal.net,2021-10,11,0,11,0,0,0,0
p-portal.net,2021-11,13,1,13,1,1,1,0
p-portal.net,2021-12,12,0,12,0,0,0,0
p-portal.net,2022-02,3,1,3,1,1,1,0
p-portal.net,2022-03,1,0,1,0,0,0,0
p-portal.net,2022-04,3,0,3,0,0,0,0
p-portal.net,2022-05,1,0,1,0,0,0,0
p-portal.net,2022-06,3,0,3,0,0,0,0
p-portal.net,2022-07,2,0,2,0,0,0,0
p-portal.net,2022-08,6,0,6,0,0,0,0
p-portal.net,2022-09,3,0,3,0,0,0,0
p-portal.net,2022-10,2,0,2,0,0,0,0
p-portal.net,2022-11,2,0,2,0,0,0,0
p-portal.net,2022-12,15,0,15,0,0,0,0
p-portal.net,2023-01,19,0,19,0,0,0,0
p-portal.net,2023-02,33,0,33,0,0,0,0
p-portal.net,2023-03,19,0,19,0,0,0,0
p-portal.net,2023-04,21,0,21,0,0,0,0
p-portal.net,2023-05,18,0,18,0,0,0,0
p-portal.net,2023-06,20,0,20,0,0,0,0
p-portal.net,2023-07,24,0,24,0,0,0,0
p-portal.net,2023-08,28,0,28,0,0,0,0
p-portal.net,2023-09,24,0,24,0,0,0,0
p-portal.net,2023-10,31,0,31,0,0,0,0
p-portal.net,2023-11,39,0,39,0,0,0,0
p-portal.net,2023-12,39,0,39,0,0,0,0
p-portal.net,2024-01,19,0,19,0,0,0,0
p-portal.net,2024-02,22,0,22,0,0,0,0
p-portal.net,2024-03,20,0,20,0,0,0,0
p-portal.net,2024-04,27,0,27,0,0,0,0
p-portal.net,2024-05,27,0,27,0,0,0,0
p-portal.net,2024-06,20,0,20,0,0,0,0
p-portal.net,2024-07,28,0,28,0,0,0,0
p-portal.net,2024-08,26,0,26,0,0,0,0
p-portal.net,2024-09,35,0,35,0,0,0,0
p-portal.net,2024-10,34,0,34,0,0,0,0
p-portal.net,2024-11,34,0,34,0,0,0,0
p-portal.net,2024-12,23,0,23,0,0,0,0
p-portal.net,2025-01,18,0,18,0,0,0,0
p-portal.net,2025-02,22,0,22,0,0,0,0
p-portal.net,2025-03,26,0,26,0,0,0,0
p-portal.net,2025-07,23,0,23,0,0,0,0
p-portal.net,2025-08,11,0,11,0,0,0,0
p-portal.net,2025-09,9,0,9,0,0,0,0
p-portal.net,2025-12,43,0,43,0,0,0,0
p-portal.net,2026-01,22,0,22,0,0,0,0
p-portal.net,2026-02,15,0,15,0,0,0,0
p-portal.net,2026-03,21,0,21,0,0,0,0
p-portal.net,2026-04,25,0,25,0,0,0,0
p-portal.net,2026-05,18,0,18,0,0,0,0
p-portal.net,2026-06,22,0,22,0,0,0,0
p-portal.net,2026-07,20,0,20,0,0,0,0
p-portal.net,2026-08,24,0,24,0,0,0,0
p-portal.net,2026-09,9,1,9,1,1,1,0
pakrackilist.hr,2021-01,40,0,40,0,0,0,0
pakrackilist.hr,2021-02,63,0,63,0,0,0,0
pakrackilist.hr,2021-03,71,0,71,0,0,0,0
pakrackilist.hr,2021-04,67,0,67,0,0,0,0
pakrackilist.hr,2021-05,88,0,88,0,0,0,0
pakrackilist.hr,2021-06,93,0,93,0,0,0,0
pakrackilist.hr,2021-07,68,0,68,0,0,0,0
pakrackilist.hr,2021-08,59,0,59,0,0,0,0
pakrackilist.hr,2021-09,92,0,92,0,0,0,0
pakrackilist.hr,2021-10,88,0,88,0,0,0,0
pakrackilist.hr,2021-11,73,0,73,0,0,0,0
pakrackilist.hr,2021-12,70,0,70,0,0,0,0
pakrackilist.hr,2022-01,54,0,54,0,0,0,0
pakrackilist.hr,2022-02,67,0,67,0,0,0,0
pakrackilist.hr,2022-03,31,0,31,0,0,0,0
pakrackilist.hr,2022-04,75,0,75,0,0,0,0
pakrackilist.hr,2022-05,89,0,89,0,0,0,0
pakrackilist.hr,2022-06,65,0,65,0,0,0,0
pakrackilist.hr,2022-07,25,0,25,0,0,0,0
pakrackilist.hr,2022-08,32,0,32,0,0,0,0
pakrackilist.hr,2022-09,70,0,70,0,0,0,0
pakrackilist.hr,2022-10,65,0,65,0,0,0,0
pakrackilist.hr,2022-11,41,0,41,0,0,0,0
pakrackilist.hr,2022-12,7,0,7,0,0,0,0
pakrackilist.hr,2023-01,26,0,26,0,0,0,0
pakrackilist.hr,2023-02,20,0,20,0,0,0,0
pakrackilist.hr,2023-03,16,0,16,0,0,0,0
pakrackilist.hr,2023-04,54,0,54,0,0,0,0
pakrackilist.hr,2023-05,13,0,13,0,0,0,0
pakrackilist.hr,2023-06,57,0,57,0,0,0,0
pakrackilist.hr,2023-07,32,0,32,0,0,0,0
pakrackilist.hr,2023-08,63,0,63,0,0,0,0
pakrackilist.hr,2023-09,71,0,71,0,0,0,0
pakrackilist.hr,2023-10,80,0,80,0,0,0,0
pakrackilist.hr,2023-11,70,0,70,0,0,0,0
pakrackilist.hr,2023-12,83,0,83,0,0,0,0
pakrackilist.hr,2024-01,62,0,62,0,0,0,0
pakrackilist.hr,2024-02,75,0,75,0,0,0,0
pakrackilist.hr,2024-03,102,0,102,0,0,0,0
pakrackilist.hr,2024-04,86,0,86,0,0,0,0
pakrackilist.hr,2024-05,90,0,90,0,0,0,0
pakrackilist.hr,2024-06,19,0,19,0,0,0,0
pakrackilist.hr,2024-10,4,0,4,0,0,0,0
pakrackilist.hr,2024-11,82,0,82,0,0,0,0
pakrackilist.hr,2024-12,91,0,91,0,0,0,0
pakrackilist.hr,2025-01,72,0,72,0,0,0,0
pakrackilist.hr,2025-02,86,0,86,0,0,0,0
pakrackilist.hr,2025-03,107,0,107,0,0,0,0
pakrackilist.hr,2025-04,82,0,82,0,0,0,0
pakrackilist.hr,2025-05,84,0,84,0,0,0,0
pakrackilist.hr,2025-06,64,0,64,0,0,0,0
pakrackilist.hr,2025-07,72,0,72,0,0,0,0
pakrackilist.hr,2025-08,61,0,61,0,0,0,0
pakrackilist.hr,2025-09,82,0,82,0,0,0,0
pakrackilist.hr,2025-10,106,0,106,0,0,0,0
pakrackilist.hr,2025-11,83,0,83,0,0,0,0
pakrackilist.hr,2025-12,119,0,119,0,0,0,0
pakrackilist.hr,2026-01,68,1,68,1,1,1,0
pakrackilist.hr,2026-02,71,0,71,0,0,0,0
pakrackilist.hr,2026-03,119,0,119,0,0,0,0
pakrackilist.hr,2026-04,111,0,111,0,0,0,0
pakrackilist.hr,2026-05,105,0,105,0,0,0,0
pakrackilist.hr,2026-06,86,0,86,0,0,0,0
pakrackilist.hr,2026-07,77,0,77,0,0,0,0
pakrackilist.hr,2026-08,79,0,79,0,0,0,0
pakrackilist.hr,2026-09,35,0,35,0,0,0,0
panopticum.hr,2021-01,70,0,70,0,0,0,0
panopticum.hr,2021-02,76,1,76,1,1,1,0
panopticum.hr,2021-03,118,2,118,2,2,2,0
panopticum.hr,2021-04,116,3,116,3,3,3,0
panopticum.hr,2021-05,130,1,130,1,1,1,0
panopticum.hr,2021-06,102,0,102,0,0,0,0
panopticum.hr,2021-07,90,1,90,1,1,1,0
panopticum.hr,2021-08,73,1,73,1,1,1,1
panopticum.hr,2021-09,82,1,82,1,1,1,0
panopticum.hr,2021-10,92,1,92,1,1,1,0
panopticum.hr,2021-11,86,0,86,0,0,0,0
panopticum.hr,2021-12,87,0,87,0,0,0,0
panopticum.hr,2022-01,66,2,66,2,2,2,0
panopticum.hr,2022-02,58,2,58,2,2,2,1
panopticum.hr,2022-03,70,0,70,0,0,0,0
panopticum.hr,2022-04,61,0,61,0,0,0,0
panopticum.hr,2022-05,105,0,105,0,0,0,0
panopticum.hr,2022-06,65,0,65,0,0,0,0
panopticum.hr,2022-07,51,0,51,0,0,0,0
panopticum.hr,2022-08,66,1,66,1,1,1,0
panopticum.hr,2022-09,90,1,90,1,0,0,1
panopticum.hr,2022-10,84,2,84,2,2,2,1
panopticum.hr,2022-11,76,0,76,0,0,0,0
panopticum.hr,2022-12,83,2,83,2,2,2,0
panopticum.hr,2023-01,133,1,133,1,1,1,0
panopticum.hr,2023-02,93,2,93,2,2,2,1
panopticum.hr,2023-03,82,0,82,0,0,0,0
panopticum.hr,2023-04,71,0,71,0,0,0,0
panopticum.hr,2023-05,94,0,94,0,0,0,0
panopticum.hr,2023-06,59,0,59,0,0,0,0
panopticum.hr,2023-07,80,0,80,0,0,0,0
panopticum.hr,2023-08,58,1,58,1,1,1,1
panopticum.hr,2023-09,60,0,60,0,0,0,0
panopticum.hr,2023-10,72,0,72,0,0,0,0
panopticum.hr,2023-11,66,0,66,0,0,0,0
panopticum.hr,2023-12,82,1,82,1,1,1,0
panopticum.hr,2024-01,100,3,100,3,3,3,0
panopticum.hr,2024-02,52,1,52,1,1,1,1
panopticum.hr,2024-03,65,1,65,1,1,1,1
panopticum.hr,2024-04,54,0,54,0,0,0,0
panopticum.hr,2024-05,37,0,37,0,0,0,0
panopticum.hr,2024-06,56,1,56,1,1,1,0
panopticum.hr,2024-07,36,1,36,1,1,1,1
panopticum.hr,2024-08,33,0,33,0,0,0,0
panopticum.hr,2024-09,60,1,60,1,1,1,0
panopticum.hr,2024-10,68,0,68,0,0,0,0
panopticum.hr,2024-11,67,0,67,0,0,0,0
panopticum.hr,2024-12,75,0,75,0,0,0,0
panopticum.hr,2025-01,80,3,80,3,3,3,1
panopticum.hr,2025-02,42,3,42,3,3,3,2
panopticum.hr,2025-03,30,0,30,0,0,0,0
panopticum.hr,2025-04,62,0,62,0,0,0,0
panopticum.hr,2025-05,82,0,82,0,0,0,0
panopticum.hr,2025-06,49,2,49,2,2,2,2
panopticum.hr,2025-07,41,0,41,0,0,0,0
panopticum.hr,2025-08,45,0,45,0,0,0,0
panopticum.hr,2025-09,42,0,42,0,0,0,0
panopticum.hr,2025-10,68,3,68,3,3,3,1
panopticum.hr,2025-11,65,0,65,0,0,0,0
panopticum.hr,2025-12,44,1,44,1,1,1,0
panopticum.hr,2026-01,51,0,51,0,0,0,0
panopticum.hr,2026-02,31,0,31,0,0,0,0
panopticum.hr,2026-03,59,0,59,0,0,0,0
panopticum.hr,2026-04,33,1,33,1,1,1,1
panopticum.hr,2026-05,63,0,63,0,0,0,0
panopticum.hr,2026-06,37,0,37,0,0,0,0
panopticum.hr,2026-07,29,0,29,0,0,0,0
panopticum.hr,2026-08,41,0,41,0,0,0,0
panopticum.hr,2026-09,11,0,11,0,0,0,0
paraf.hr,2021-01,97,1,97,1,1,1,0
paraf.hr,2021-02,144,0,144,0,0,0,0
paraf.hr,2021-03,160,2,160,2,2,2,0
paraf.hr,2021-04,127,0,127,0,0,0,0
paraf.hr,2021-05,132,2,132,2,2,2,0
paraf.hr,2021-06,120,0,120,0,0,0,0
paraf.hr,2021-07,133,1,133,1,1,1,0
paraf.hr,2021-08,111,1,111,1,1,1,0
paraf.hr,2021-09,139,2,139,2,2,2,0
paraf.hr,2021-10,150,6,150,6,6,6,1
paraf.hr,2021-11,114,1,114,1,1,1,0
paraf.hr,2021-12,72,0,72,0,0,0,0
paraf.hr,2023-05,1,0,1,0,0,0,0
paraf.hr,2024-02,7,0,7,0,0,0,0
paraf.hr,2024-03,6,0,6,0,0,0,0
paraf.hr,2024-04,20,1,20,1,1,1,0
paraf.hr,2024-05,24,0,24,0,0,0,0
paraf.hr,2024-06,19,0,19,0,0,0,0
paraf.hr,2024-07,3,1,3,1,1,1,0
paraf.hr,2024-09,13,1,13,1,1,1,0
paraf.hr,2025-01,2,1,2,1,1,1,0
paraf.hr,2026-01,3,0,3,0,0,0,0
paraf.hr,2026-02,19,0,19,0,0,0,0
parentium.com,2021-01,259,0,259,0,0,0,0
parentium.com,2021-02,288,0,288,0,0,0,0
parentium.com,2021-03,340,0,340,0,0,0,0
parentium.com,2021-04,267,1,267,1,1,1,0
parentium.com,2021-05,302,0,302,0,0,0,0
parentium.com,2021-06,313,0,313,0,0,0,0
parentium.com,2021-07,294,0,294,0,0,0,0
parentium.com,2021-08,219,2,219,2,2,2,0
parentium.com,2021-09,275,0,275,0,0,0,0
parentium.com,2021-10,308,1,308,1,1,1,0
parentium.com,2021-11,258,0,258,0,0,0,0
parentium.com,2021-12,183,0,183,0,0,0,0
parentium.com,2022-01,142,0,142,0,0,0,0
parentium.com,2022-02,234,1,234,1,1,1,1
parentium.com,2022-03,285,1,285,1,1,1,0
parentium.com,2022-04,226,0,226,0,0,0,0
parentium.com,2022-05,227,0,227,0,0,0,0
parentium.com,2022-06,175,0,175,0,0,0,0
parentium.com,2022-07,124,0,124,0,0,0,0
parentium.com,2022-08,127,2,127,2,2,2,0
parentium.com,2022-09,134,0,134,0,0,0,0
parentium.com,2022-10,155,0,155,0,0,0,0
parentium.com,2022-11,231,1,231,1,1,1,0
parentium.com,2022-12,232,1,232,1,1,1,0
parentium.com,2023-01,214,0,214,0,0,0,0
parentium.com,2023-02,210,1,210,1,1,1,0
parentium.com,2023-03,246,0,246,0,0,0,0
parentium.com,2023-04,244,0,244,0,0,0,0
parentium.com,2023-05,252,0,252,0,0,0,0
parentium.com,2023-06,225,0,225,0,0,0,0
parentium.com,2023-07,224,0,224,0,0,0,0
parentium.com,2023-08,202,0,202,0,0,0,0
parentium.com,2023-09,214,0,214,0,0,0,0
parentium.com,2023-10,259,0,259,0,0,0,0
parentium.com,2023-11,216,0,216,0,0,0,0
parentium.com,2023-12,215,0,215,0,0,0,0
parentium.com,2024-01,179,0,179,0,0,0,0
parentium.com,2024-02,88,0,88,0,0,0,0
parentium.com,2024-03,280,0,280,0,0,0,0
parentium.com,2024-04,257,0,257,0,0,0,0
parentium.com,2024-05,232,0,232,0,0,0,0
parentium.com,2024-06,183,0,183,0,0,0,0
parentium.com,2024-07,183,0,183,0,0,0,0
parentium.com,2024-08,148,0,148,0,0,0,0
parentium.com,2024-09,186,0,186,0,0,0,0
parentium.com,2024-10,208,0,208,0,0,0,0
parentium.com,2024-11,108,0,108,0,0,0,0
parentium.com,2024-12,116,0,116,0,0,0,0
parentium.com,2025-01,105,0,105,0,0,0,0
parentium.com,2025-02,175,0,175,0,0,0,0
parentium.com,2025-03,150,0,150,0,0,0,0
parentium.com,2025-04,106,0,106,0,0,0,0
parentium.com,2025-05,111,0,111,0,0,0,0
parentium.com,2025-06,166,0,166,0,0,0,0
parentium.com,2025-07,166,0,166,0,0,0,0
parentium.com,2025-08,88,0,88,0,0,0,0
parentium.com,2025-09,131,0,131,0,0,0,0
parentium.com,2025-10,114,0,114,0,0,0,0
parentium.com,2025-11,121,1,121,1,1,1,0
parentium.com,2025-12,80,0,80,0,0,0,0
parentium.com,2026-01,102,0,102,0,0,0,0
parentium.com,2026-02,87,0,87,0,0,0,0
parentium.com,2026-03,156,0,156,0,0,0,0
parentium.com,2026-04,158,0,158,0,0,0,0
parentium.com,2026-05,175,0,175,0,0,0,0
parentium.com,2026-06,148,0,148,0,0,0,0
parentium.com,2026-07,110,0,110,0,0,0,0
parentium.com,2026-08,86,0,86,0,0,0,0
parentium.com,2026-09,39,0,39,0,0,0,0
pcchip.hr,2021-01,88,0,88,0,0,0,0
pcchip.hr,2021-02,110,0,110,0,0,0,0
pcchip.hr,2021-03,107,0,107,0,0,0,0
pcchip.hr,2021-04,117,0,117,0,0,0,0
pcchip.hr,2021-05,130,0,130,0,0,0,0
pcchip.hr,2021-06,104,0,104,0,0,0,0
pcchip.hr,2021-07,116,0,116,0,0,0,0
pcchip.hr,2021-08,144,0,144,0,0,0,0
pcchip.hr,2021-09,135,0,135,0,0,0,0
pcchip.hr,2021-10,152,0,152,0,0,0,0
pcchip.hr,2021-11,132,0,132,0,0,0,0
pcchip.hr,2021-12,138,0,138,0,0,0,0
pcchip.hr,2022-01,135,0,135,0,0,0,0
pcchip.hr,2022-02,124,0,124,0,0,0,0
pcchip.hr,2022-03,150,0,150,0,0,0,0
pcchip.hr,2022-04,127,0,127,0,0,0,0
pcchip.hr,2022-05,125,0,125,0,0,0,0
pcchip.hr,2022-06,124,0,124,0,0,0,0
pcchip.hr,2022-07,112,0,112,0,0,0,0
pcchip.hr,2022-08,105,0,105,0,0,0,0
pcchip.hr,2022-09,118,0,118,0,0,0,0
pcchip.hr,2022-10,124,0,124,0,0,0,0
pcchip.hr,2022-11,113,0,113,0,0,0,0
pcchip.hr,2022-12,91,0,91,0,0,0,0
pcchip.hr,2023-01,99,0,99,0,0,0,0
pcchip.hr,2023-02,105,0,105,0,0,0,0
pcchip.hr,2023-03,109,0,109,0,0,0,0
pcchip.hr,2023-04,101,0,101,0,0,0,0
pcchip.hr,2023-05,111,0,111,0,0,0,0
pcchip.hr,2023-06,117,0,117,0,0,0,0
pcchip.hr,2023-07,110,0,110,0,0,0,0
pcchip.hr,2023-08,113,0,113,0,0,0,0
pcchip.hr,2023-09,112,0,112,0,0,0,0
pcchip.hr,2023-10,116,0,116,0,0,0,0
pcchip.hr,2023-11,104,0,104,0,0,0,0
pcchip.hr,2023-12,113,0,113,0,0,0,0
pcchip.hr,2024-01,118,0,118,0,0,0,0
pcchip.hr,2024-02,117,0,117,0,0,0,0
pcchip.hr,2024-03,128,0,128,0,0,0,0
pcchip.hr,2024-04,96,0,96,0,0,0,0
pcchip.hr,2024-05,114,0,114,0,0,0,0
pcchip.hr,2024-06,114,0,114,0,0,0,0
pcchip.hr,2024-07,122,0,122,0,0,0,0
pcchip.hr,2024-08,124,0,124,0,0,0,0
pcchip.hr,2024-09,121,0,121,0,0,0,0
pcchip.hr,2024-10,128,0,128,0,0,0,0
pcchip.hr,2024-11,122,0,122,0,0,0,0
pcchip.hr,2024-12,126,0,126,0,0,0,0
pcchip.hr,2025-01,127,0,127,0,0,0,0
pcchip.hr,2025-02,116,0,116,0,0,0,0
pcchip.hr,2025-03,128,0,128,0,0,0,0
pcchip.hr,2025-04,124,0,124,0,0,0,0
pcchip.hr,2025-05,126,0,126,0,0,0,0
pcchip.hr,2025-06,124,0,124,0,0,0,0
pcchip.hr,2025-07,126,0,126,0,0,0,0
pcchip.hr,2025-08,124,0,124,0,0,0,0
pcchip.hr,2025-09,117,0,117,0,0,0,0
pcchip.hr,2025-10,126,0,126,0,0,0,0
pcchip.hr,2025-11,118,0,118,0,0,0,0
pcchip.hr,2025-12,120,0,120,0,0,0,0
pcchip.hr,2026-01,118,0,118,0,0,0,0
pcchip.hr,2026-02,90,0,90,0,0,0,0
pcchip.hr,2026-03,121,0,121,0,0,0,0
pcchip.hr,2026-04,108,0,108,0,0,0,0
pcchip.hr,2026-05,116,0,116,0,0,0,0
pcchip.hr,2026-06,109,0,109,0,0,0,0
pcchip.hr,2026-07,96,0,96,0,0,0,0
pcchip.hr,2026-08,97,0,97,0,0,0,0
pcchip.hr,2026-09,31,0,31,0,0,0,0
phralipen.hr,2021-01,6,0,6,0,0,0,0
phralipen.hr,2021-02,8,0,8,0,0,0,0
phralipen.hr,2021-03,6,0,6,0,0,0,0
phralipen.hr,2021-04,5,0,5,0,0,0,0
phralipen.hr,2021-05,4,0,4,0,0,0,0
phralipen.hr,2021-06,1,0,1,0,0,0,0
phralipen.hr,2021-07,2,0,2,0,0,0,0
phralipen.hr,2021-08,4,0,4,0,0,0,0
phralipen.hr,2021-09,10,0,10,0,0,0,0
phralipen.hr,2021-10,11,0,11,0,0,0,0
phralipen.hr,2021-11,6,0,6,0,0,0,0
phralipen.hr,2021-12,5,0,5,0,0,0,0
phralipen.hr,2022-01,3,0,3,0,0,0,0
phralipen.hr,2022-02,5,0,5,0,0,0,0
phralipen.hr,2022-03,5,0,5,0,0,0,0
phralipen.hr,2022-04,7,0,7,0,0,0,0
phralipen.hr,2022-05,1,0,1,0,0,0,0
phralipen.hr,2022-06,6,0,6,0,0,0,0
phralipen.hr,2022-07,7,0,7,0,0,0,0
phralipen.hr,2022-08,1,0,1,0,0,0,0
phralipen.hr,2022-09,3,0,3,0,0,0,0
phralipen.hr,2022-10,5,0,5,0,0,0,0
phralipen.hr,2022-11,5,0,5,0,0,0,0
phralipen.hr,2022-12,4,0,4,0,0,0,0
phralipen.hr,2023-01,3,0,3,0,0,0,0
phralipen.hr,2023-02,5,0,5,0,0,0,0
phralipen.hr,2023-03,6,0,6,0,0,0,0
phralipen.hr,2023-04,3,0,3,0,0,0,0
phralipen.hr,2023-05,4,0,4,0,0,0,0
phralipen.hr,2023-07,2,0,2,0,0,0,0
phralipen.hr,2023-08,1,0,1,0,0,0,0
phralipen.hr,2023-09,4,0,4,0,0,0,0
phralipen.hr,2024-03,1,0,1,0,0,0,0
ploce.com.hr,2021-01,169,1,169,1,1,1,0
ploce.com.hr,2021-02,181,1,181,1,1,1,0
ploce.com.hr,2021-03,265,0,265,0,0,0,0
ploce.com.hr,2021-04,245,0,245,0,0,0,0
ploce.com.hr,2021-05,257,1,257,1,1,1,0
ploce.com.hr,2021-06,158,1,158,1,1,1,0
ploce.com.hr,2024-02,33,0,33,0,0,0,0
ploce.com.hr,2024-03,133,0,133,0,0,0,0
ploce.com.hr,2024-04,143,0,143,0,0,0,0
ploce.com.hr,2024-05,127,0,127,0,0,0,0
ploce.com.hr,2024-06,126,0,126,0,0,0,0
ploce.com.hr,2024-07,122,0,122,0,0,0,0
ploce.com.hr,2024-08,63,0,63,0,0,0,0
ploce.com.hr,2024-09,62,0,62,0,0,0,0
ploce.com.hr,2024-10,132,0,132,0,0,0,0
ploce.com.hr,2024-11,79,0,79,0,0,0,0
ploce.com.hr,2024-12,64,1,64,1,1,1,0
ploce.com.hr,2025-01,71,0,71,0,0,0,0
ploce.com.hr,2025-02,74,0,74,0,0,0,0
ploce.com.hr,2025-03,83,0,83,0,0,0,0
ploce.com.hr,2025-04,48,0,48,0,0,0,0
ploce.com.hr,2025-05,106,0,106,0,0,0,0
ploce.com.hr,2025-06,84,0,84,0,0,0,0
ploce.com.hr,2025-07,81,0,81,0,0,0,0
ploce.com.hr,2025-08,81,0,81,0,0,0,0
ploce.com.hr,2025-09,115,0,115,0,0,0,0
ploce.com.hr,2025-10,107,0,107,0,0,0,0
ploce.com.hr,2025-11,113,0,113,0,0,0,0
ploce.com.hr,2025-12,103,0,103,0,0,0,0
ploce.com.hr,2026-01,106,2,106,2,2,2,0
ploce.com.hr,2026-02,106,0,106,0,0,0,0
ploce.com.hr,2026-03,51,0,51,0,0,0,0
ploce.com.hr,2026-04,25,0,25,0,0,0,0
ploce.com.hr,2026-05,70,0,70,0,0,0,0
ploce.com.hr,2026-06,54,1,54,1,1,1,0
ploce.com.hr,2026-07,59,1,59,1,1,1,1
ploce.com.hr,2026-08,60,0,60,0,0,0,0
ploce.com.hr,2026-09,25,0,25,0,0,0,0
plusportal.hr,2021-02,1,0,1,0,0,0,0
plusportal.hr,2021-05,1,0,1,0,0,0,0
plusportal.hr,2021-08,1,0,1,0,0,0,0
plusportal.hr,2021-11,1,0,1,0,0,0,0
plusportal.hr,2021-12,5,0,5,0,0,0,0
plusportal.hr,2022-09,1,0,1,0,0,0,0
plusportal.hr,2022-11,1,0,1,0,0,0,0
plusportal.hr,2022-12,2,0,2,0,0,0,0
plusportal.hr,2023-01,1,0,1,0,0,0,0
plusportal.hr,2023-02,11,0,11,0,0,0,0
plusportal.hr,2023-04,3,0,3,0,0,0,0
plusportal.hr,2023-05,11,0,11,0,0,0,0
plusportal.hr,2023-06,124,0,124,0,0,0,0
plusportal.hr,2023-07,171,0,171,0,0,0,0
plusportal.hr,2023-08,257,1,257,1,1,1,0
plusportal.hr,2023-09,249,1,249,1,1,1,0
plusportal.hr,2023-10,291,1,291,1,1,1,0
plusportal.hr,2023-11,317,1,317,1,1,1,0
plusportal.hr,2023-12,319,2,319,2,2,2,0
plusportal.hr,2024-01,274,3,274,3,3,3,0
plusportal.hr,2024-02,259,0,259,0,0,0,0
plusportal.hr,2024-03,267,1,267,1,1,1,0
plusportal.hr,2024-04,270,1,270,1,1,1,0
plusportal.hr,2024-05,290,1,290,1,1,1,0
plusportal.hr,2024-06,241,0,241,0,0,0,0
plusportal.hr,2024-07,284,1,284,1,1,1,0
plusportal.hr,2024-08,276,0,276,0,0,0,0
plusportal.hr,2024-09,256,1,256,1,1,1,0
plusportal.hr,2024-10,303,1,303,1,1,1,0
plusportal.hr,2024-11,259,2,259,2,2,2,0
plusportal.hr,2024-12,254,1,254,1,1,1,0
plusportal.hr,2025-01,248,0,248,0,0,0,0
plusportal.hr,2025-02,250,0,250,0,0,0,0
plusportal.hr,2025-03,293,2,293,2,2,2,0
plusportal.hr,2025-04,305,2,305,2,2,2,0
plusportal.hr,2025-05,310,2,310,2,2,2,0
plusportal.hr,2025-06,260,0,260,0,0,0,0
plusportal.hr,2025-07,257,2,257,2,2,2,0
plusportal.hr,2025-08,246,0,246,0,0,0,0
plusportal.hr,2025-09,262,1,262,1,1,1,0
plusportal.hr,2025-10,289,1,289,1,1,1,0
plusportal.hr,2025-11,247,3,247,3,3,3,0
plusportal.hr,2025-12,257,0,257,0,0,0,0
plusportal.hr,2026-01,254,1,254,1,1,1,0
plusportal.hr,2026-02,191,2,191,2,2,2,0
plusportal.hr,2026-03,265,0,265,0,0,0,0
plusportal.hr,2026-04,248,0,248,0,0,0,0
plusportal.hr,2026-05,257,0,257,0,0,0,0
plusportal.hr,2026-06,234,1,234,1,1,1,0
plusportal.hr,2026-07,263,0,263,0,0,0,0
plusportal.hr,2026-08,267,1,267,1,1,1,0
plusportal.hr,2026-09,88,0,88,0,0,0,0
podravski.hr,2021-01,602,0,602,0,0,0,0
podravski.hr,2021-02,769,0,769,0,0,0,0
podravski.hr,2021-03,786,0,786,0,0,0,0
podravski.hr,2021-04,748,0,748,0,0,0,0
podravski.hr,2021-05,769,0,769,0,0,0,0
podravski.hr,2021-06,723,0,723,0,0,0,0
podravski.hr,2021-07,766,3,766,3,3,3,0
podravski.hr,2021-08,580,0,580,0,0,0,0
podravski.hr,2021-09,821,4,821,4,4,4,0
podravski.hr,2021-10,860,1,860,1,1,1,0
podravski.hr,2021-11,791,1,791,1,1,1,0
podravski.hr,2021-12,692,0,692,0,0,0,0
podravski.hr,2022-01,641,2,641,2,2,2,0
podravski.hr,2022-02,679,3,679,3,3,3,0
podravski.hr,2022-03,755,1,755,1,1,1,0
podravski.hr,2022-04,653,0,653,0,0,0,0
podravski.hr,2022-05,725,0,725,0,0,0,0
podravski.hr,2022-06,705,0,705,0,0,0,0
podravski.hr,2022-07,651,0,651,0,0,0,0
podravski.hr,2022-08,368,0,368,0,0,0,0
podravski.hr,2022-09,597,0,597,0,0,0,0
podravski.hr,2022-10,566,0,566,0,0,0,0
podravski.hr,2022-11,573,0,573,0,0,0,0
podravski.hr,2022-12,537,1,537,1,1,1,0
podravski.hr,2023-01,542,2,542,2,2,2,0
podravski.hr,2023-02,477,1,477,1,1,1,1
podravski.hr,2023-03,503,1,503,1,1,1,0
podravski.hr,2023-04,401,2,401,2,2,2,1
podravski.hr,2023-05,438,0,438,0,0,0,0
podravski.hr,2023-06,452,0,452,0,0,0,0
podravski.hr,2023-07,455,0,455,0,0,0,0
podravski.hr,2023-08,449,1,449,1,1,1,1
podravski.hr,2023-09,433,0,433,0,0,0,0
podravski.hr,2023-10,540,0,540,0,0,0,0
podravski.hr,2023-11,500,1,500,1,1,1,0
podravski.hr,2023-12,373,0,373,0,0,0,0
podravski.hr,2024-01,358,0,358,0,0,0,0
podravski.hr,2024-02,364,0,364,0,0,0,0
podravski.hr,2024-03,419,0,419,0,0,0,0
podravski.hr,2024-04,381,1,381,1,1,1,0
podravski.hr,2024-05,441,0,441,0,0,0,0
podravski.hr,2024-06,472,2,472,2,2,2,0
podravski.hr,2024-07,407,0,407,0,0,0,0
podravski.hr,2024-08,412,0,412,0,0,0,0
podravski.hr,2024-09,429,1,429,1,1,1,0
podravski.hr,2024-10,637,0,637,0,0,0,0
podravski.hr,2024-11,613,0,613,0,0,0,0
podravski.hr,2024-12,581,0,581,0,0,0,0
podravski.hr,2025-01,493,0,493,0,0,0,0
podravski.hr,2025-02,547,1,547,1,1,1,0
podravski.hr,2025-03,612,2,612,2,2,2,0
podravski.hr,2025-04,518,0,518,0,0,0,0
podravski.hr,2025-05,545,0,545,0,0,0,0
podravski.hr,2025-06,644,0,644,0,0,0,0
podravski.hr,2025-07,560,0,560,0,0,0,0
podravski.hr,2025-08,441,1,441,1,1,1,0
podravski.hr,2025-09,527,1,527,1,1,1,0
podravski.hr,2025-10,515,1,515,1,1,1,0
podravski.hr,2025-11,473,2,473,2,2,2,1
podravski.hr,2025-12,510,2,510,2,2,2,0
podravski.hr,2026-01,486,4,486,4,4,4,1
podravski.hr,2026-02,401,1,401,1,1,1,1
podravski.hr,2026-03,527,2,527,2,2,2,1
podravski.hr,2026-04,493,0,493,0,0,0,0
podravski.hr,2026-05,518,1,518,1,1,1,0
podravski.hr,2026-06,493,0,493,0,0,0,0
podravski.hr,2026-07,529,1,529,1,1,1,0
podravski.hr,2026-08,488,0,488,0,0,0,0
podravski.hr,2026-09,183,0,183,0,0,0,0
poduckun.net,2021-01,195,0,195,0,0,0,0
poduckun.net,2021-02,228,0,228,0,0,0,0
poduckun.net,2021-03,297,0,297,0,0,0,0
poduckun.net,2021-04,289,0,289,0,0,0,0
poduckun.net,2021-05,369,0,369,0,0,0,0
poduckun.net,2021-06,299,2,299,2,2,2,1
poduckun.net,2021-07,319,0,319,0,0,0,0
poduckun.net,2021-08,318,0,318,0,0,0,0
poduckun.net,2021-09,329,1,329,1,1,1,0
poduckun.net,2021-10,285,0,285,0,0,0,0
poduckun.net,2021-11,271,0,271,0,0,0,0
poduckun.net,2021-12,285,0,285,0,0,0,0
poduckun.net,2022-01,224,0,224,0,0,0,0
poduckun.net,2022-02,224,1,224,1,1,1,0
poduckun.net,2022-03,290,0,290,0,0,0,0
poduckun.net,2022-04,309,0,309,0,0,0,0
poduckun.net,2022-05,301,0,301,0,0,0,0
poduckun.net,2022-06,300,0,300,0,0,0,0
poduckun.net,2022-07,325,0,325,0,0,0,0
poduckun.net,2022-08,268,0,268,0,0,0,0
poduckun.net,2022-09,300,0,300,0,0,0,0
poduckun.net,2022-10,292,0,292,0,0,0,0
poduckun.net,2022-11,302,2,302,2,2,2,0
poduckun.net,2022-12,321,0,321,0,0,0,0
poduckun.net,2023-01,250,0,250,0,0,0,0
poduckun.net,2023-02,291,0,291,0,0,0,0
poduckun.net,2023-03,332,0,332,0,0,0,0
poduckun.net,2023-04,346,0,346,0,0,0,0
poduckun.net,2023-05,384,0,384,0,0,0,0
poduckun.net,2023-06,340,1,340,1,1,1,0
poduckun.net,2023-07,327,0,327,0,0,0,0
poduckun.net,2023-08,364,0,364,0,0,0,0
poduckun.net,2023-09,357,0,357,0,0,0,0
poduckun.net,2023-10,364,0,364,0,0,0,0
poduckun.net,2023-11,357,1,357,1,1,1,0
poduckun.net,2023-12,379,0,379,0,0,0,0
poduckun.net,2024-01,322,1,322,1,1,1,0
poduckun.net,2024-02,349,0,349,0,0,0,0
poduckun.net,2024-03,386,0,386,0,0,0,0
poduckun.net,2024-04,404,0,404,0,0,0,0
poduckun.net,2024-05,395,0,395,0,0,0,0
poduckun.net,2024-06,392,0,392,0,0,0,0
poduckun.net,2024-07,385,1,385,1,1,1,0
poduckun.net,2024-08,339,0,339,0,0,0,0
poduckun.net,2024-09,365,0,365,0,0,0,0
poduckun.net,2024-10,392,0,392,0,0,0,0
poduckun.net,2024-11,388,0,388,0,0,0,0
poduckun.net,2024-12,387,0,387,0,0,0,0
poduckun.net,2025-01,283,0,283,0,0,0,0
poduckun.net,2025-02,325,1,325,1,1,1,1
poduckun.net,2025-03,351,0,351,0,0,0,0
poduckun.net,2025-04,407,0,407,0,0,0,0
poduckun.net,2025-05,435,0,435,0,0,0,0
poduckun.net,2025-06,352,0,352,0,0,0,0
poduckun.net,2025-07,399,0,399,0,0,0,0
poduckun.net,2025-08,353,0,353,0,0,0,0
poduckun.net,2025-09,355,0,355,0,0,0,0
poduckun.net,2025-10,379,0,379,0,0,0,0
poduckun.net,2025-11,399,1,399,1,1,1,0
poduckun.net,2025-12,384,0,384,0,0,0,0
poduckun.net,2026-01,296,0,296,0,0,0,0
poduckun.net,2026-02,247,0,247,0,0,0,0
poduckun.net,2026-03,359,1,359,1,1,1,1
poduckun.net,2026-04,373,0,373,0,0,0,0
poduckun.net,2026-05,375,1,375,1,1,1,0
poduckun.net,2026-06,360,1,360,1,1,1,0
poduckun.net,2026-07,380,1,380,1,1,1,0
poduckun.net,2026-08,326,0,326,0,0,0,0
poduckun.net,2026-09,108,0,108,0,0,0,0
pogled.hr,2025-01,1,0,1,0,0,0,0
pogled.hr,2025-02,1,0,1,0,0,0,0
pogled.hr,2025-03,44,3,44,3,3,3,0
pogled.hr,2025-04,80,3,80,3,3,3,0
pogled.hr,2025-05,67,2,67,2,2,2,0
pogled.hr,2025-06,77,1,77,1,1,1,0
pogled.hr,2025-07,64,5,64,5,5,5,0
pogled.hr,2025-08,36,0,36,0,0,0,0
pogled.hr,2025-09,28,0,28,0,0,0,0
pogled.hr,2025-10,20,0,20,0,0,0,0
pogled.hr,2025-11,13,0,13,0,0,0,0
pogled.hr,2025-12,8,0,8,0,0,0,0
pogled.hr,2026-01,8,0,8,0,0,0,0
pogled.hr,2026-02,7,1,7,1,1,1,0
pogled.hr,2026-03,1,0,1,0,0,0,0
pomaknigranice.hr,2025-03,1,0,1,0,0,0,0
porestina.info,2021-01,153,2,153,2,2,2,1
porestina.info,2021-02,188,0,188,0,0,0,0
porestina.info,2021-03,224,0,224,0,0,0,0
porestina.info,2021-04,214,0,214,0,0,0,0
porestina.info,2021-05,252,0,252,0,0,0,0
porestina.info,2021-06,244,0,244,0,0,0,0
porestina.info,2021-07,227,0,227,0,0,0,0
porestina.info,2021-08,219,0,219,0,0,0,0
porestina.info,2021-09,269,0,269,0,0,0,0
porestina.info,2021-10,270,0,270,0,0,0,0
porestina.info,2021-11,211,0,211,0,0,0,0
porestina.info,2021-12,207,0,207,0,0,0,0
porestina.info,2022-01,123,0,123,0,0,0,0
porestina.info,2022-02,175,0,175,0,0,0,0
porestina.info,2022-03,236,0,236,0,0,0,0
porestina.info,2022-04,223,0,223,0,0,0,0
porestina.info,2022-05,225,0,225,0,0,0,0
porestina.info,2022-06,208,0,208,0,0,0,0
porestina.info,2022-07,195,1,195,1,1,1,0
porestina.info,2022-08,175,2,175,2,2,2,0
porestina.info,2022-09,230,0,230,0,0,0,0
porestina.info,2022-10,260,0,260,0,0,0,0
porestina.info,2022-11,203,1,203,1,1,1,0
porestina.info,2022-12,201,0,201,0,0,0,0
porestina.info,2023-01,134,1,134,1,1,1,1
porestina.info,2023-02,196,1,196,1,1,1,0
porestina.info,2023-03,209,0,209,0,0,0,0
porestina.info,2023-04,214,0,214,0,0,0,0
porestina.info,2023-05,189,0,189,0,0,0,0
porestina.info,2023-06,173,0,173,0,0,0,0
porestina.info,2023-07,158,0,158,0,0,0,0
porestina.info,2023-08,125,0,125,0,0,0,0
porestina.info,2023-09,155,0,155,0,0,0,0
porestina.info,2023-10,231,0,231,0,0,0,0
porestina.info,2023-11,210,1,210,1,1,1,0
porestina.info,2023-12,207,0,207,0,0,0,0
porestina.info,2024-01,115,0,115,0,0,0,0
porestina.info,2024-02,185,0,185,0,0,0,0
porestina.info,2024-03,213,0,213,0,0,0,0
porestina.info,2024-04,204,0,204,0,0,0,0
porestina.info,2024-05,216,0,216,0,0,0,0
porestina.info,2024-06,194,0,194,0,0,0,0
porestina.info,2024-07,191,0,191,0,0,0,0
porestina.info,2024-08,137,0,137,0,0,0,0
porestina.info,2024-09,208,0,208,0,0,0,0
porestina.info,2024-10,263,0,263,0,0,0,0
porestina.info,2024-11,249,0,249,0,0,0,0
porestina.info,2024-12,217,0,217,0,0,0,0
porestina.info,2025-01,163,0,163,0,0,0,0
porestina.info,2025-02,211,0,211,0,0,0,0
porestina.info,2025-03,281,0,281,0,0,0,0
porestina.info,2025-04,280,0,280,0,0,0,0
porestina.info,2025-05,245,0,245,0,0,0,0
porestina.info,2025-06,201,0,201,0,0,0,0
porestina.info,2025-07,206,0,206,0,0,0,0
porestina.info,2025-08,138,0,138,0,0,0,0
porestina.info,2025-09,229,0,229,0,0,0,0
porestina.info,2025-10,53,0,53,0,0,0,0
porestina.info,2025-11,35,0,35,0,0,0,0
porestina.info,2025-12,62,0,62,0,0,0,0
porestina.info,2026-01,23,0,23,0,0,0,0
porestina.info,2026-02,33,0,33,0,0,0,0
porestina.info,2026-03,86,0,86,0,0,0,0
porestina.info,2026-04,38,0,38,0,0,0,0
porestina.info,2026-05,140,0,140,0,0,0,0
porestina.info,2026-06,199,0,199,0,0,0,0
porestina.info,2026-07,187,0,187,0,0,0,0
porestina.info,2026-08,154,0,154,0,0,0,0
porestina.info,2026-09,63,0,63,0,0,0,0
portal-ostro.hr,2021-02,1,0,1,0,0,0,0
portal-ostro.hr,2021-09,2,0,2,0,0,0,0
portal-ostro.hr,2021-10,31,0,31,0,0,0,0
portal-ostro.hr,2021-11,17,0,17,0,0,0,0
portal-ostro.hr,2021-12,12,0,12,0,0,0,0
portal-ostro.hr,2022-01,11,0,11,0,0,0,0
portal-ostro.hr,2022-02,9,0,9,0,0,0,0
portal-ostro.hr,2022-03,15,0,15,0,0,0,0
portal-ostro.hr,2022-04,9,0,9,0,0,0,0
portal-ostro.hr,2022-05,5,0,5,0,0,0,0
portal-ostro.hr,2022-06,8,0,8,0,0,0,0
portal-ostro.hr,2022-07,14,0,14,0,0,0,0
portal-ostro.hr,2022-08,4,0,4,0,0,0,0
portal-ostro.hr,2022-09,4,0,4,0,0,0,0
portal-ostro.hr,2022-10,4,0,4,0,0,0,0
portal-ostro.hr,2022-11,9,0,9,0,0,0,0
portal-ostro.hr,2022-12,6,0,6,0,0,0,0
portal-ostro.hr,2023-01,3,0,3,0,0,0,0
portal-ostro.hr,2023-02,3,0,3,0,0,0,0
portal-ostro.hr,2023-03,8,0,8,0,0,0,0
portal-ostro.hr,2023-04,6,0,6,0,0,0,0
portal-ostro.hr,2023-05,4,0,4,0,0,0,0
portal-ostro.hr,2023-06,7,0,7,0,0,0,0
portal-ostro.hr,2023-07,2,0,2,0,0,0,0
portal-ostro.hr,2023-09,4,0,4,0,0,0,0
portal-ostro.hr,2023-10,3,0,3,0,0,0,0
portal-ostro.hr,2023-11,9,0,9,0,0,0,0
portal-ostro.hr,2023-12,5,0,5,0,0,0,0
portal-ostro.hr,2024-01,6,0,6,0,0,0,0
portal-ostro.hr,2024-02,6,0,6,0,0,0,0
portal-ostro.hr,2024-03,9,0,9,0,0,0,0
portal-ostro.hr,2024-04,3,0,3,0,0,0,0
portal-ostro.hr,2024-05,4,0,4,0,0,0,0
portal-ostro.hr,2024-06,5,0,5,0,0,0,0
portal-ostro.hr,2024-07,1,0,1,0,0,0,0
portal-ostro.hr,2024-08,1,0,1,0,0,0,0
portal-ostro.hr,2024-09,9,0,9,0,0,0,0
portal-ostro.hr,2024-10,9,0,9,0,0,0,0
portal-ostro.hr,2024-11,4,0,4,0,0,0,0
portal-ostro.hr,2024-12,11,0,11,0,0,0,0
portal-ostro.hr,2025-01,8,0,8,0,0,0,0
portal-ostro.hr,2025-02,8,0,8,0,0,0,0
portal-ostro.hr,2025-03,12,0,12,0,0,0,0
portal-ostro.hr,2025-04,10,0,10,0,0,0,0
portal-ostro.hr,2025-05,8,0,8,0,0,0,0
portal-ostro.hr,2025-06,4,0,4,0,0,0,0
portal-ostro.hr,2025-07,3,0,3,0,0,0,0
portal-ostro.hr,2025-08,1,0,1,0,0,0,0
portal-ostro.hr,2025-09,3,0,3,0,0,0,0
portal-ostro.hr,2025-10,10,0,10,0,0,0,0
portal-ostro.hr,2025-11,4,0,4,0,0,0,0
portal-ostro.hr,2025-12,2,0,2,0,0,0,0
portal-ostro.hr,2026-01,2,0,2,0,0,0,0
portal-ostro.hr,2026-02,6,0,6,0,0,0,0
portal-ostro.hr,2026-03,2,0,2,0,0,0,0
portal-ostro.hr,2026-04,7,0,7,0,0,0,0
portal-ostro.hr,2026-05,5,0,5,0,0,0,0
portal-ostro.hr,2026-06,8,0,8,0,0,0,0
portal-ostro.hr,2026-07,4,0,4,0,0,0,0
portal-ostro.hr,2026-08,7,0,7,0,0,0,0
portal.hr,2024-01,179,2,179,2,2,2,0
portal.hr,2024-02,171,0,171,0,0,0,0
portal.hr,2024-03,236,1,236,1,1,1,0
portal.hr,2024-04,86,0,86,0,0,0,0
portal.hr,2024-05,1,0,1,0,0,0,0
portal.hr,2024-06,1,0,1,0,0,0,0
portal.hr,2024-07,1,0,1,0,0,0,0
portal.hr,2024-08,1,0,1,0,0,0,0
portal.hr,2024-09,4,0,4,0,0,0,0
portal.hr,2024-10,987,2,987,2,2,2,0
portal.hr,2024-11,803,1,803,1,1,1,0
portal.hr,2024-12,802,2,802,2,2,2,0
portal.hr,2025-01,774,0,774,0,0,0,0
portal.hr,2025-02,937,0,937,0,0,0,0
portal.hr,2025-03,951,1,951,1,1,1,0
portal.hr,2025-04,740,2,740,2,2,2,0
portal.hr,2025-05,1032,1,1032,1,1,1,0
portal.hr,2025-06,978,0,978,0,0,0,0
portal.hr,2025-07,1048,2,1048,2,2,2,0
portal.hr,2025-08,945,4,945,4,4,4,2
portal.hr,2025-09,1073,5,1073,5,5,5,0
portal.hr,2025-10,1183,3,1183,3,3,3,0
portal.hr,2025-11,989,0,989,0,0,0,0
portal.hr,2025-12,1019,8,1019,8,8,8,0
portal.hr,2026-01,1017,12,1017,12,12,12,0
portal.hr,2026-02,692,1,692,1,1,1,0
portal.hr,2026-03,189,0,189,0,0,0,0
portal.hr,2026-04,193,0,193,0,0,0,0
portal.hr,2026-05,267,3,267,3,3,3,0
portal.hr,2026-06,174,0,174,0,0,0,0
portal.hr,2026-07,442,0,442,0,0,0,0
portal.hr,2026-08,1011,0,1011,0,0,0,0
portal.hr,2026-09,400,0,400,0,0,0,0
portal53.hr,2021-01,224,0,224,0,0,0,0
portal53.hr,2021-02,238,0,238,0,0,0,0
portal53.hr,2021-03,268,0,268,0,0,0,0
portal53.hr,2021-04,222,0,222,0,0,0,0
portal53.hr,2021-05,268,0,268,0,0,0,0
portal53.hr,2021-06,211,0,211,0,0,0,0
portal53.hr,2021-07,233,0,233,0,0,0,0
portal53.hr,2021-08,202,0,202,0,0,0,0
portal53.hr,2021-09,233,0,233,0,0,0,0
portal53.hr,2021-10,237,0,237,0,0,0,0
portal53.hr,2021-11,240,0,240,0,0,0,0
portal53.hr,2021-12,244,0,244,0,0,0,0
portal53.hr,2022-01,182,0,182,0,0,0,0
portal53.hr,2022-02,182,0,182,0,0,0,0
portal53.hr,2022-03,203,0,203,0,0,0,0
portal53.hr,2022-04,193,0,193,0,0,0,0
portal53.hr,2022-05,202,0,202,0,0,0,0
portal53.hr,2022-06,203,0,203,0,0,0,0
portal53.hr,2022-07,169,0,169,0,0,0,0
portal53.hr,2022-08,174,0,174,0,0,0,0
portal53.hr,2022-09,211,0,211,0,0,0,0
portal53.hr,2022-10,198,1,198,1,1,1,0
portal53.hr,2022-11,191,0,191,0,0,0,0
portal53.hr,2022-12,228,0,228,0,0,0,0
portal53.hr,2023-01,150,0,150,0,0,0,0
portal53.hr,2023-02,178,0,178,0,0,0,0
portal53.hr,2023-03,190,0,190,0,0,0,0
portal53.hr,2023-04,181,0,181,0,0,0,0
portal53.hr,2023-05,211,0,211,0,0,0,0
portal53.hr,2023-06,181,0,181,0,0,0,0
portal53.hr,2023-07,167,0,167,0,0,0,0
portal53.hr,2023-08,165,0,165,0,0,0,0
portal53.hr,2023-09,165,0,165,0,0,0,0
portal53.hr,2023-10,156,0,156,0,0,0,0
portal53.hr,2023-11,140,0,140,0,0,0,0
portal53.hr,2023-12,142,0,142,0,0,0,0
portal53.hr,2024-01,109,0,109,0,0,0,0
portal53.hr,2024-02,116,0,116,0,0,0,0
portal53.hr,2024-03,160,0,160,0,0,0,0
portal53.hr,2024-04,134,0,134,0,0,0,0
portal53.hr,2024-05,144,0,144,0,0,0,0
portal53.hr,2024-06,155,0,155,0,0,0,0
portal53.hr,2024-07,140,0,140,0,0,0,0
portal53.hr,2024-08,135,0,135,0,0,0,0
portal53.hr,2024-09,19,0,19,0,0,0,0
portal53.hr,2024-10,14,0,14,0,0,0,0
portal53.hr,2024-11,151,0,151,0,0,0,0
portal53.hr,2024-12,182,0,182,0,0,0,0
portal53.hr,2025-01,104,0,104,0,0,0,0
portal53.hr,2025-02,130,0,130,0,0,0,0
portal53.hr,2025-03,157,0,157,0,0,0,0
portal53.hr,2025-04,167,0,167,0,0,0,0
portal53.hr,2025-05,169,0,169,0,0,0,0
portal53.hr,2025-06,156,0,156,0,0,0,0
portal53.hr,2025-07,145,0,145,0,0,0,0
portal53.hr,2025-08,119,0,119,0,0,0,0
portal53.hr,2025-09,159,0,159,0,0,0,0
portal53.hr,2025-10,166,0,166,0,0,0,0
portal53.hr,2025-11,146,0,146,0,0,0,0
portal53.hr,2025-12,183,0,183,0,0,0,0
portal53.hr,2026-01,109,0,109,0,0,0,0
portal53.hr,2026-02,135,0,135,0,0,0,0
portal53.hr,2026-03,148,0,148,0,0,0,0
portal53.hr,2026-04,135,0,135,0,0,0,0
portal53.hr,2026-05,162,0,162,0,0,0,0
portal53.hr,2026-06,158,0,158,0,0,0,0
portal53.hr,2026-07,160,0,160,0,0,0,0
portal53.hr,2026-08,119,0,119,0,0,0,0
portal53.hr,2026-09,46,0,46,0,0,0,0
portalnovosti.com,2021-01,213,0,213,0,0,0,0
portalnovosti.com,2021-02,157,0,157,0,0,0,0
portalnovosti.com,2021-03,191,0,191,0,0,0,0
portalnovosti.com,2021-04,177,0,177,0,0,0,0
portalnovosti.com,2021-05,223,0,223,0,0,0,0
portalnovosti.com,2021-06,200,2,200,2,2,2,0
portalnovosti.com,2021-07,216,3,216,3,3,3,0
portalnovosti.com,2021-08,189,1,189,1,1,1,0
portalnovosti.com,2021-09,219,5,219,5,5,5,0
portalnovosti.com,2021-10,246,1,246,1,1,1,0
portalnovosti.com,2021-11,238,1,238,1,1,1,0
portalnovosti.com,2021-12,223,1,223,1,1,1,0
portalnovosti.com,2022-01,196,2,196,2,2,2,0
portalnovosti.com,2022-02,182,7,182,7,7,7,1
portalnovosti.com,2022-03,230,2,230,2,2,2,0
portalnovosti.com,2022-04,211,1,211,1,1,1,0
portalnovosti.com,2022-05,234,2,234,2,2,2,0
portalnovosti.com,2022-06,189,0,189,0,0,0,0
portalnovosti.com,2022-07,212,1,212,1,1,1,0
portalnovosti.com,2022-08,193,0,193,0,0,0,0
portalnovosti.com,2022-09,207,0,207,0,0,0,0
portalnovosti.com,2022-10,215,0,215,0,0,0,0
portalnovosti.com,2022-11,221,1,221,1,1,1,0
portalnovosti.com,2022-12,228,2,228,2,2,2,0
portalnovosti.com,2023-01,225,3,225,3,3,3,0
portalnovosti.com,2023-02,202,0,202,0,0,0,0
portalnovosti.com,2023-03,234,0,234,0,0,0,0
portalnovosti.com,2023-04,227,4,227,4,4,4,0
portalnovosti.com,2023-05,245,1,245,1,1,1,0
portalnovosti.com,2023-06,226,1,226,1,1,1,0
portalnovosti.com,2023-07,202,0,202,0,0,0,0
portalnovosti.com,2023-08,172,0,172,0,0,0,0
portalnovosti.com,2023-09,170,1,170,1,1,1,0
portalnovosti.com,2023-10,210,1,210,1,1,1,0
portalnovosti.com,2023-11,200,1,200,1,1,1,0
portalnovosti.com,2023-12,185,1,185,1,1,1,0
portalnovosti.com,2024-01,223,0,223,0,0,0,0
portalnovosti.com,2024-02,225,0,225,0,0,0,0
portalnovosti.com,2024-03,258,2,258,2,2,2,0
portalnovosti.com,2024-04,228,1,228,1,1,1,0
portalnovosti.com,2024-05,258,1,258,1,1,1,0
portalnovosti.com,2024-06,208,0,208,0,0,0,0
portalnovosti.com,2024-07,240,2,240,2,2,2,0
portalnovosti.com,2024-08,211,0,211,0,0,0,0
portalnovosti.com,2024-09,245,1,245,1,1,1,0
portalnovosti.com,2024-10,258,0,258,0,0,0,0
portalnovosti.com,2024-11,240,0,240,0,0,0,0
portalnovosti.com,2024-12,248,0,248,0,0,0,0
portalnovosti.com,2025-01,221,1,221,1,1,1,0
portalnovosti.com,2025-02,226,7,226,7,7,7,0
portalnovosti.com,2025-03,270,3,270,3,3,3,0
portalnovosti.com,2025-04,260,0,260,0,0,0,0
portalnovosti.com,2025-05,424,0,424,0,0,0,0
portalnovosti.com,2025-06,309,1,309,1,1,1,0
portalnovosti.com,2025-07,321,0,321,0,0,0,0
portalnovosti.com,2025-08,257,0,257,0,0,0,0
portalnovosti.com,2025-09,314,0,314,0,0,0,0
portalnovosti.com,2025-10,332,0,332,0,0,0,0
portalnovosti.com,2025-11,361,0,361,0,0,0,0
portalnovosti.com,2025-12,332,1,332,1,1,1,0
portalnovosti.com,2026-01,274,0,274,0,0,0,0
portalnovosti.com,2026-02,264,2,264,2,2,2,0
portalnovosti.com,2026-03,304,2,304,2,2,2,0
portalnovosti.com,2026-04,308,0,308,0,0,0,0
portalnovosti.com,2026-05,292,1,292,1,1,1,0
portalnovosti.com,2026-06,273,1,273,1,1,1,0
portalnovosti.com,2026-07,270,1,270,1,1,1,0
portalnovosti.com,2026-08,259,0,259,0,0,0,0
portalnovosti.com,2026-09,92,0,92,0,0,0,0
portalzdravlje.hr,2021-01,24,0,24,0,0,0,0
portalzdravlje.hr,2021-02,4,0,4,0,0,0,0
portalzdravlje.hr,2021-05,6,0,6,0,0,0,0
portalzdravlje.hr,2021-09,14,0,14,0,0,0,0
portalzdravlje.hr,2021-10,77,0,77,0,0,0,0
portalzdravlje.hr,2021-11,164,0,164,0,0,0,0
portalzdravlje.hr,2021-12,185,0,185,0,0,0,0
portalzdravlje.hr,2022-01,220,0,220,0,0,0,0
portalzdravlje.hr,2022-02,172,0,172,0,0,0,0
portalzdravlje.hr,2022-03,170,0,170,0,0,0,0
portalzdravlje.hr,2022-04,149,0,149,0,0,0,0
portalzdravlje.hr,2022-05,45,0,45,0,0,0,0
portalzdravlje.hr,2022-07,1,0,1,0,0,0,0
portalzdravlje.hr,2023-11,1,0,1,0,0,0,0
portalzdravlje.hr,2024-01,2,0,2,0,0,0,0
portalzdravlje.hr,2024-02,13,0,13,0,0,0,0
portalzdravlje.hr,2024-03,64,0,64,0,0,0,0
portalzdravlje.hr,2024-04,46,0,46,0,0,0,0
portalzdravlje.hr,2024-05,46,0,46,0,0,0,0
portalzdravlje.hr,2024-06,68,0,68,0,0,0,0
portalzdravlje.hr,2024-07,63,0,63,0,0,0,0
portalzdravlje.hr,2024-08,44,0,44,0,0,0,0
portalzdravlje.hr,2024-09,50,0,50,0,0,0,0
portalzdravlje.hr,2024-10,59,0,59,0,0,0,0
portalzdravlje.hr,2024-11,32,0,32,0,0,0,0
portalzdravlje.hr,2024-12,42,0,42,0,0,0,0
portalzdravlje.hr,2025-01,38,0,38,0,0,0,0
portalzdravlje.hr,2025-02,35,0,35,0,0,0,0
portalzdravlje.hr,2025-03,29,0,29,0,0,0,0
portalzdravlje.hr,2025-04,39,0,39,0,0,0,0
portalzdravlje.hr,2025-05,49,0,49,0,0,0,0
portalzdravlje.hr,2025-06,50,0,50,0,0,0,0
portalzdravlje.hr,2025-07,57,0,57,0,0,0,0
portalzdravlje.hr,2025-08,57,0,57,0,0,0,0
portalzdravlje.hr,2025-09,64,0,64,0,0,0,0
portalzdravlje.hr,2025-10,74,0,74,0,0,0,0
portalzdravlje.hr,2025-11,67,0,67,0,0,0,0
portalzdravlje.hr,2025-12,73,0,73,0,0,0,0
portalzdravlje.hr,2026-01,67,0,67,0,0,0,0
portalzdravlje.hr,2026-02,60,0,60,0,0,0,0
portalzdravlje.hr,2026-03,60,0,60,0,0,0,0
portalzdravlje.hr,2026-04,50,0,50,0,0,0,0
portalzdravlje.hr,2026-05,60,0,60,0,0,0,0
portalzdravlje.hr,2026-06,55,0,55,0,0,0,0
portalzdravlje.hr,2026-07,49,0,49,0,0,0,0
portalzdravlje.hr,2026-08,26,0,26,0,0,0,0
portalzdravlje.hr,2026-09,14,0,14,0,0,0,0
portofon.com,2021-01,33,0,33,0,0,0,0
portofon.com,2021-02,54,1,54,1,1,1,0
portofon.com,2021-03,35,0,35,0,0,0,0
portofon.com,2021-04,13,0,13,0,0,0,0
portofon.com,2021-05,22,0,22,0,0,0,0
portofon.com,2021-06,41,0,41,0,0,0,0
portofon.com,2021-07,34,0,34,0,0,0,0
portofon.com,2021-08,25,0,25,0,0,0,0
portofon.com,2021-09,36,0,36,0,0,0,0
portofon.com,2021-10,54,0,54,0,0,0,0
portofon.com,2021-11,17,0,17,0,0,0,0
portofon.com,2021-12,31,0,31,0,0,0,0
portofon.com,2022-01,40,0,40,0,0,0,0
portofon.com,2022-02,56,0,56,0,0,0,0
portofon.com,2022-03,33,0,33,0,0,0,0
portofon.com,2022-04,38,0,38,0,0,0,0
portofon.com,2022-05,47,0,47,0,0,0,0
portofon.com,2022-06,33,0,33,0,0,0,0
portofon.com,2022-07,31,0,31,0,0,0,0
portofon.com,2022-08,21,0,21,0,0,0,0
portofon.com,2022-09,33,0,33,0,0,0,0
portofon.com,2022-10,51,0,51,0,0,0,0
portofon.com,2022-11,47,0,47,0,0,0,0
portofon.com,2022-12,21,0,21,0,0,0,0
portofon.com,2023-01,21,0,21,0,0,0,0
portofon.com,2023-02,29,0,29,0,0,0,0
portofon.com,2023-03,41,0,41,0,0,0,0
portofon.com,2023-04,32,0,32,0,0,0,0
portofon.com,2023-05,32,0,32,0,0,0,0
portofon.com,2023-06,56,0,56,0,0,0,0
portofon.com,2023-07,26,0,26,0,0,0,0
portofon.com,2023-08,34,0,34,0,0,0,0
portofon.com,2023-09,46,0,46,0,0,0,0
portofon.com,2023-10,43,0,43,0,0,0,0
portofon.com,2023-11,24,0,24,0,0,0,0
portofon.com,2023-12,24,0,24,0,0,0,0
portofon.com,2024-01,33,0,33,0,0,0,0
portofon.com,2024-02,29,0,29,0,0,0,0
portofon.com,2024-03,86,1,86,1,1,1,0
portofon.com,2024-04,79,0,79,0,0,0,0
portofon.com,2024-05,81,0,81,0,0,0,0
portofon.com,2024-06,64,0,64,0,0,0,0
portofon.com,2024-07,68,0,68,0,0,0,0
portofon.com,2024-08,35,0,35,0,0,0,0
portofon.com,2024-09,77,0,77,0,0,0,0
portofon.com,2024-10,52,0,52,0,0,0,0
portofon.com,2024-11,2,0,2,0,0,0,0
portofon.com,2024-12,31,0,31,0,0,0,0
portofon.com,2025-01,11,0,11,0,0,0,0
portofon.com,2025-02,62,0,62,0,0,0,0
portofon.com,2025-03,4,0,4,0,0,0,0
portofon.com,2025-07,60,0,60,0,0,0,0
portofon.com,2025-08,52,0,52,0,0,0,0
portofon.com,2025-09,98,0,98,0,0,0,0
portofon.com,2025-10,70,0,70,0,0,0,0
portofon.com,2025-11,33,0,33,0,0,0,0
portofon.com,2025-12,92,0,92,0,0,0,0
portofon.com,2026-01,135,0,135,0,0,0,0
portofon.com,2026-02,61,0,61,0,0,0,0
portofon.com,2026-03,135,0,135,0,0,0,0
portofon.com,2026-04,109,0,109,0,0,0,0
portofon.com,2026-05,98,0,98,0,0,0,0
portofon.com,2026-06,166,0,166,0,0,0,0
portofon.com,2026-07,120,0,120,0,0,0,0
portofon.com,2026-08,129,0,129,0,0,0,0
portofon.com,2026-09,72,0,72,0,0,0,0
portos.hr,2025-04,1,0,1,0,0,0,0
portos.hr,2025-05,1,0,1,0,0,0,0
portos.hr,2026-04,50,0,50,0,0,0,0
portos.hr,2026-05,66,0,66,0,0,0,0
portos.hr,2026-06,56,1,56,1,1,1,0
portos.hr,2026-07,51,0,51,0,0,0,0
portos.hr,2026-08,36,0,36,0,0,0,0
portos.hr,2026-09,14,0,14,0,0,0,0
poslovni-savjetnik.com,2021-01,78,0,78,0,0,0,0
poslovni-savjetnik.com,2021-02,96,1,96,1,1,1,0
poslovni-savjetnik.com,2021-03,119,1,119,1,1,1,0
poslovni-savjetnik.com,2021-04,73,1,73,1,1,1,0
poslovni-savjetnik.com,2021-05,113,1,113,1,1,1,0
poslovni-savjetnik.com,2021-06,107,1,107,1,1,1,0
poslovni-savjetnik.com,2021-07,110,0,110,0,0,0,0
poslovni-savjetnik.com,2021-08,86,1,86,1,1,1,0
poslovni-savjetnik.com,2021-09,138,4,138,4,4,4,0
poslovni-savjetnik.com,2021-10,90,0,90,0,0,0,0
poslovni-savjetnik.com,2021-11,81,0,81,0,0,0,0
poslovni-savjetnik.com,2021-12,109,0,109,0,0,0,0
poslovni-savjetnik.com,2022-01,76,0,76,0,0,0,0
poslovni-savjetnik.com,2022-02,61,0,61,0,0,0,0
poslovni-savjetnik.com,2022-03,94,0,94,0,0,0,0
poslovni-savjetnik.com,2022-04,88,2,88,2,2,2,0
poslovni-savjetnik.com,2022-05,97,2,97,2,2,2,0
poslovni-savjetnik.com,2022-06,87,0,87,0,0,0,0
poslovni-savjetnik.com,2022-07,44,2,44,2,2,2,0
poslovni-savjetnik.com,2022-08,58,0,58,0,0,0,0
poslovni-savjetnik.com,2022-09,70,1,70,1,1,1,0
poslovni-savjetnik.com,2022-10,73,1,73,1,1,1,0
poslovni-savjetnik.com,2022-11,76,0,76,0,0,0,0
poslovni-savjetnik.com,2022-12,44,1,44,1,1,1,0
poslovni-savjetnik.com,2023-01,38,0,38,0,0,0,0
poslovni-savjetnik.com,2023-02,48,1,48,1,1,1,0
poslovni-savjetnik.com,2023-03,66,0,66,0,0,0,0
poslovni-savjetnik.com,2023-04,53,0,53,0,0,0,0
poslovni-savjetnik.com,2023-05,64,0,64,0,0,0,0
poslovni-savjetnik.com,2023-06,68,1,68,1,1,1,0
poslovni-savjetnik.com,2023-07,37,0,37,0,0,0,0
poslovni-savjetnik.com,2023-08,47,0,47,0,0,0,0
poslovni-savjetnik.com,2023-09,74,0,74,0,0,0,0
poslovni-savjetnik.com,2023-10,71,1,71,1,1,1,0
poslovni-savjetnik.com,2023-11,86,0,86,0,0,0,0
poslovni-savjetnik.com,2023-12,70,0,70,0,0,0,0
poslovni-savjetnik.com,2024-01,48,0,48,0,0,0,0
poslovni-savjetnik.com,2024-02,86,2,86,2,2,2,0
poslovni-savjetnik.com,2024-03,68,0,68,0,0,0,0
poslovni-savjetnik.com,2024-04,55,0,55,0,0,0,0
poslovni-savjetnik.com,2024-05,46,0,46,0,0,0,0
poslovni-savjetnik.com,2024-06,69,0,69,0,0,0,0
poslovni-savjetnik.com,2024-07,20,0,20,0,0,0,0
poslovni-savjetnik.com,2024-08,40,1,40,1,1,1,0
poslovni-savjetnik.com,2024-09,74,0,74,0,0,0,0
poslovni-savjetnik.com,2024-10,114,2,114,2,2,2,0
poslovni-savjetnik.com,2024-11,73,0,73,0,0,0,0
poslovni-savjetnik.com,2024-12,79,0,79,0,0,0,0
poslovni-savjetnik.com,2025-01,100,1,100,1,1,1,0
poslovni-savjetnik.com,2025-02,79,2,79,2,2,2,0
poslovni-savjetnik.com,2025-03,76,0,76,0,0,0,0
poslovni-savjetnik.com,2025-04,80,1,80,1,1,1,0
poslovni-savjetnik.com,2025-05,79,0,79,0,0,0,0
poslovni-savjetnik.com,2025-06,67,2,67,2,2,1,0
poslovni-savjetnik.com,2025-07,45,0,45,0,0,0,0
poslovni-savjetnik.com,2025-08,35,0,35,0,0,0,0
poslovni-savjetnik.com,2025-09,75,0,75,0,0,0,0
poslovni-savjetnik.com,2025-10,127,3,127,3,3,2,0
poslovni-savjetnik.com,2025-11,149,1,149,1,1,1,0
poslovni-savjetnik.com,2025-12,90,1,90,1,1,1,0
poslovni-savjetnik.com,2026-01,111,3,111,3,3,3,1
poslovni-savjetnik.com,2026-02,121,0,121,0,0,0,0
poslovni-savjetnik.com,2026-03,126,2,126,2,2,2,0
poslovni-savjetnik.com,2026-04,74,1,74,1,1,1,0
poslovni-savjetnik.com,2026-05,82,2,82,2,2,2,1
poslovni-savjetnik.com,2026-06,2,0,2,0,0,0,0
poslovni-savjetnik.com,2026-07,45,1,45,1,1,1,0
poslovni-savjetnik.com,2026-08,30,0,30,0,0,0,0
poslovni-savjetnik.com,2026-09,20,0,20,0,0,0,0
poslovni.hr,2021-01,902,8,902,8,8,8,4
poslovni.hr,2021-02,945,10,945,10,10,10,2
poslovni.hr,2021-03,1122,13,1122,13,13,13,3
poslovni.hr,2021-04,971,15,971,15,15,15,1
poslovni.hr,2021-05,1073,15,1073,15,14,14,5
poslovni.hr,2021-06,912,14,912,14,14,14,1
poslovni.hr,2021-07,871,21,871,21,21,21,3
poslovni.hr,2021-08,850,15,850,15,15,15,3
poslovni.hr,2021-09,929,32,929,32,32,32,6
poslovni.hr,2021-10,861,21,861,21,21,21,0
poslovni.hr,2021-11,907,23,907,23,23,23,0
poslovni.hr,2021-12,1079,14,1079,14,14,14,2
poslovni.hr,2022-01,871,18,871,18,18,18,7
poslovni.hr,2022-02,953,42,953,42,42,42,9
poslovni.hr,2022-03,1105,33,1105,33,33,33,3
poslovni.hr,2022-04,831,24,831,24,24,24,5
poslovni.hr,2022-05,1214,38,1214,38,38,38,5
poslovni.hr,2022-06,1142,24,1142,24,24,24,0
poslovni.hr,2022-07,1037,42,1037,42,41,41,4
poslovni.hr,2022-08,959,21,959,21,21,21,0
poslovni.hr,2022-09,1179,22,1179,22,22,22,0
poslovni.hr,2022-10,1214,23,1214,23,23,23,3
poslovni.hr,2022-11,1085,37,1085,37,37,37,4
poslovni.hr,2022-12,1077,39,1077,39,39,39,5
poslovni.hr,2023-01,1087,34,1087,34,34,34,6
poslovni.hr,2023-02,1096,26,1096,26,26,26,2
poslovni.hr,2023-03,1234,20,1234,20,20,20,3
poslovni.hr,2023-04,930,21,930,21,21,21,1
poslovni.hr,2023-05,1119,14,1119,14,14,14,2
poslovni.hr,2023-06,1083,18,1083,18,18,18,2
poslovni.hr,2023-07,1271,21,1271,21,21,21,6
poslovni.hr,2023-08,1242,23,1242,23,23,23,5
poslovni.hr,2023-09,1218,13,1218,13,13,13,1
poslovni.hr,2023-10,1123,12,1123,12,12,12,3
poslovni.hr,2023-11,1251,23,1251,23,23,23,4
poslovni.hr,2023-12,889,16,889,16,16,16,2
poslovni.hr,2024-01,895,10,895,10,10,10,2
poslovni.hr,2024-02,1033,8,1033,8,8,8,0
poslovni.hr,2024-03,932,16,932,16,16,16,1
poslovni.hr,2024-04,781,11,781,11,11,11,0
poslovni.hr,2024-05,771,16,771,16,16,16,2
poslovni.hr,2024-06,827,22,827,22,22,22,4
poslovni.hr,2024-07,950,18,950,18,18,18,8
poslovni.hr,2024-08,685,6,685,6,6,6,2
poslovni.hr,2024-09,809,9,809,9,9,9,2
poslovni.hr,2024-10,897,15,897,15,15,15,1
poslovni.hr,2024-11,802,10,802,10,10,10,3
poslovni.hr,2024-12,953,18,953,18,18,18,2
poslovni.hr,2025-01,1001,18,1001,18,18,18,3
poslovni.hr,2025-02,897,31,897,31,31,31,8
poslovni.hr,2025-03,1017,23,1017,23,23,23,1
poslovni.hr,2025-04,925,15,925,15,15,15,1
poslovni.hr,2025-05,1246,28,1246,28,28,28,2
poslovni.hr,2025-06,1124,35,1124,35,35,35,5
poslovni.hr,2025-07,1415,33,1415,33,33,33,4
poslovni.hr,2025-08,1043,21,1043,21,21,21,5
poslovni.hr,2025-09,1263,32,1263,32,32,32,3
poslovni.hr,2025-10,1333,31,1333,31,31,31,6
poslovni.hr,2025-11,1238,29,1238,29,29,29,4
poslovni.hr,2025-12,1229,30,1229,30,30,30,2
poslovni.hr,2026-01,1259,58,1259,58,58,58,13
poslovni.hr,2026-02,978,20,978,20,20,20,3
poslovni.hr,2026-03,1448,40,1448,40,40,40,3
poslovni.hr,2026-04,1562,26,1562,26,26,26,2
poslovni.hr,2026-05,1394,54,1394,54,54,54,8
poslovni.hr,2026-06,1307,37,1307,37,37,37,10
poslovni.hr,2026-07,1331,37,1331,37,37,37,12
poslovni.hr,2026-08,984,20,984,20,20,20,3
poslovni.hr,2026-09,489,9,489,9,9,9,1
poslovnifm.com,2021-01,61,4,61,4,4,4,0
poslovnifm.com,2021-02,95,1,95,1,1,1,0
poslovnifm.com,2021-03,110,7,110,7,7,7,0
poslovnifm.com,2021-04,96,6,96,6,6,6,0
poslovnifm.com,2021-05,73,2,73,2,2,2,0
poslovnifm.com,2021-06,73,5,73,5,5,5,0
poslovnifm.com,2021-07,71,2,71,2,2,2,0
poslovnifm.com,2021-08,45,3,45,3,3,3,0
poslovnifm.com,2021-09,84,5,84,5,5,5,0
poslovnifm.com,2021-10,98,5,98,5,5,5,0
poslovnifm.com,2021-11,99,4,99,4,4,4,0
poslovnifm.com,2021-12,82,3,82,3,3,3,0
poslovnifm.com,2022-01,75,3,75,3,3,3,0
poslovnifm.com,2022-02,74,5,74,5,5,5,0
poslovnifm.com,2022-03,89,6,89,6,6,6,0
poslovnifm.com,2022-04,65,4,65,4,4,4,0
poslovnifm.com,2022-05,59,4,59,4,4,4,0
poslovnifm.com,2022-06,69,1,69,1,1,1,0
poslovnifm.com,2022-07,43,2,43,2,2,2,0
poslovnifm.com,2022-08,19,3,19,3,3,3,0
poslovnifm.com,2022-09,72,0,72,0,0,0,0
poslovnifm.com,2022-10,84,3,84,3,3,3,0
poslovnifm.com,2022-11,132,2,132,2,2,2,0
poslovnifm.com,2022-12,123,6,123,6,6,6,0
poslovnifm.com,2023-01,57,8,57,8,8,8,0
poslovnifm.com,2023-02,103,3,103,3,3,3,0
poslovnifm.com,2023-03,94,3,94,3,3,3,0
poslovnifm.com,2023-04,87,3,87,3,3,3,0
poslovnifm.com,2023-05,80,2,80,2,2,2,0
poslovnifm.com,2023-06,81,2,81,2,2,2,0
poslovnifm.com,2023-07,53,1,53,1,1,1,0
poslovnifm.com,2023-08,31,3,31,3,3,3,0
poslovnifm.com,2023-09,85,0,85,0,0,0,0
poslovnifm.com,2023-10,87,0,87,0,0,0,0
poslovnifm.com,2023-11,59,2,59,2,2,2,0
poslovnifm.com,2023-12,60,1,60,1,1,1,0
poslovnifm.com,2024-01,57,0,57,0,0,0,0
poslovnifm.com,2024-02,73,1,73,1,1,1,0
poslovnifm.com,2024-03,76,0,76,0,0,0,0
poslovnifm.com,2024-04,74,2,74,2,2,2,0
poslovnifm.com,2024-05,65,1,65,1,1,1,0
poslovnifm.com,2024-06,52,0,52,0,0,0,0
poslovnifm.com,2024-07,55,0,55,0,0,0,0
poslovnifm.com,2024-08,15,1,15,1,1,1,0
poslovnifm.com,2024-09,53,0,53,0,0,0,0
poslovnifm.com,2024-10,68,1,68,1,1,1,0
poslovnifm.com,2024-11,63,0,63,0,0,0,0
poslovnifm.com,2024-12,54,1,54,1,1,1,0
poslovnifm.com,2025-01,33,0,33,0,0,0,0
poslovnifm.com,2025-02,66,2,66,2,2,2,0
poslovnifm.com,2025-03,65,1,65,1,1,1,0
poslovnifm.com,2025-04,74,2,74,2,2,2,0
poslovnifm.com,2025-05,52,1,52,1,1,1,0
poslovnifm.com,2025-06,49,0,49,0,0,0,0
poslovnifm.com,2025-07,54,2,54,2,2,2,0
poslovnifm.com,2025-08,19,0,19,0,0,0,0
poslovnifm.com,2025-09,39,1,39,1,1,1,0
poslovnifm.com,2025-10,72,1,72,1,1,1,0
poslovnifm.com,2025-11,54,0,54,0,0,0,0
poslovnifm.com,2025-12,41,0,41,0,0,0,0
poslovnifm.com,2026-01,31,1,31,1,1,1,0
poslovnifm.com,2026-02,47,0,47,0,0,0,0
poslovnifm.com,2026-03,84,1,84,1,1,1,0
poslovnifm.com,2026-04,58,0,58,0,0,0,0
poslovnifm.com,2026-05,54,2,54,2,2,2,0
poslovnifm.com,2026-06,37,0,37,0,0,0,0
poslovnifm.com,2026-07,48,0,48,0,0,0,0
poslovnifm.com,2026-08,11,0,11,0,0,0,0
poslovnifm.com,2026-09,12,0,12,0,0,0,0
poslovnipuls.com,2021-01,2,0,2,0,0,0,0
poslovnipuls.com,2021-02,2,0,2,0,0,0,0
poslovnipuls.com,2021-08,83,0,83,0,0,0,0
poslovnipuls.com,2021-09,112,1,112,1,1,1,0
poslovnipuls.com,2021-10,117,2,117,2,2,2,1
poslovnipuls.com,2021-11,125,2,125,2,2,2,0
poslovnipuls.com,2021-12,122,3,122,3,3,3,2
poslovnipuls.com,2022-01,154,3,154,3,3,3,1
poslovnipuls.com,2022-02,124,2,124,2,2,2,0
poslovnipuls.com,2022-03,131,2,131,2,2,2,1
poslovnipuls.com,2022-04,92,3,92,3,3,3,0
poslovnipuls.com,2022-05,83,1,83,1,1,1,0
poslovnipuls.com,2022-06,48,0,48,0,0,0,0
poslovnipuls.com,2022-07,42,0,42,0,0,0,0
poslovnipuls.com,2022-08,45,1,45,1,1,1,0
poslovnipuls.com,2022-09,81,3,81,3,3,3,1
poslovnipuls.com,2022-10,103,8,103,8,8,8,1
poslovnipuls.com,2022-11,79,6,79,6,6,6,1
poslovnipuls.com,2022-12,79,3,79,3,3,3,1
poslovnipuls.com,2023-01,80,5,80,5,5,5,0
poslovnipuls.com,2023-02,74,3,74,3,3,3,0
poslovnipuls.com,2023-03,85,2,85,2,2,2,0
poslovnipuls.com,2023-04,73,2,73,2,2,2,1
poslovnipuls.com,2023-05,96,3,96,3,3,3,1
poslovnipuls.com,2023-06,104,4,104,4,4,4,1
poslovnipuls.com,2023-07,99,2,99,2,2,2,0
poslovnipuls.com,2023-08,92,5,92,5,5,5,0
poslovnipuls.com,2023-09,107,5,107,5,5,5,0
poslovnipuls.com,2023-10,115,4,115,4,4,4,1
poslovnipuls.com,2023-11,125,3,125,3,3,3,0
poslovnipuls.com,2023-12,101,1,101,1,1,1,0
poslovnipuls.com,2024-01,123,3,123,3,3,3,0
poslovnipuls.com,2024-02,111,1,111,1,1,1,0
poslovnipuls.com,2024-03,115,5,115,5,5,5,0
poslovnipuls.com,2024-04,109,6,109,6,6,6,0
poslovnipuls.com,2024-05,114,2,114,2,2,2,0
poslovnipuls.com,2024-06,89,2,89,2,2,2,0
poslovnipuls.com,2024-07,93,4,93,4,4,4,0
poslovnipuls.com,2024-08,79,0,79,0,0,0,0
poslovnipuls.com,2024-09,84,1,84,1,1,1,0
poslovnipuls.com,2024-10,87,0,87,0,0,0,0
poslovnipuls.com,2024-11,78,1,78,1,1,1,0
poslovnipuls.com,2024-12,69,0,69,0,0,0,0
poslovnipuls.com,2025-01,103,0,103,0,0,0,0
poslovnipuls.com,2025-02,125,0,125,0,0,0,0
poslovnipuls.com,2025-03,108,0,108,0,0,0,0
poslovnipuls.com,2025-04,107,1,107,1,1,1,0
poslovnipuls.com,2025-05,82,0,82,0,0,0,0
poslovnipuls.com,2025-06,81,0,81,0,0,0,0
poslovnipuls.com,2025-07,95,0,95,0,0,0,0
poslovnipuls.com,2025-08,71,0,71,0,0,0,0
poslovnipuls.com,2025-09,80,0,80,0,0,0,0
poslovnipuls.com,2025-10,91,0,91,0,0,0,0
poslovnipuls.com,2025-11,44,0,44,0,0,0,0
poslovnipuls.com,2025-12,53,0,53,0,0,0,0
poslovnipuls.com,2026-01,40,0,40,0,0,0,0
poslovnipuls.com,2026-02,60,1,60,1,1,1,0
poslovnipuls.com,2026-03,67,0,67,0,0,0,0
poslovnipuls.com,2026-04,14,0,14,0,0,0,0
poslovnipuls.com,2026-05,44,0,44,0,0,0,0
poslovnipuls.com,2026-06,48,0,48,0,0,0,0
poslovnipuls.com,2026-07,43,0,43,0,0,0,0
poslovnipuls.com,2026-08,38,0,38,0,0,0,0
poslovnipuls.com,2026-09,19,0,19,0,0,0,0
povijest.hr,2021-01,51,0,51,0,0,0,0
povijest.hr,2021-02,106,0,106,0,0,0,0
povijest.hr,2021-03,118,0,118,0,0,0,0
povijest.hr,2021-04,105,0,105,0,0,0,0
povijest.hr,2021-05,127,0,127,0,0,0,0
povijest.hr,2021-06,178,0,178,0,0,0,0
povijest.hr,2021-07,154,0,154,0,0,0,0
povijest.hr,2021-08,120,0,120,0,0,0,0
povijest.hr,2021-09,149,0,149,0,0,0,0
povijest.hr,2021-10,101,0,101,0,0,0,0
povijest.hr,2021-11,108,0,108,0,0,0,0
povijest.hr,2021-12,122,0,122,0,0,0,0
povijest.hr,2022-01,119,0,119,0,0,0,0
povijest.hr,2022-02,134,0,134,0,0,0,0
povijest.hr,2022-03,130,0,130,0,0,0,0
povijest.hr,2022-04,109,0,109,0,0,0,0
povijest.hr,2022-05,114,0,114,0,0,0,0
povijest.hr,2022-06,126,0,126,0,0,0,0
povijest.hr,2022-07,123,0,123,0,0,0,0
povijest.hr,2022-08,81,0,81,0,0,0,0
povijest.hr,2022-09,113,0,113,0,0,0,0
povijest.hr,2022-10,109,0,109,0,0,0,0
povijest.hr,2022-11,120,0,120,0,0,0,0
povijest.hr,2022-12,85,0,85,0,0,0,0
povijest.hr,2023-01,123,0,123,0,0,0,0
povijest.hr,2023-02,111,0,111,0,0,0,0
povijest.hr,2023-03,122,0,122,0,0,0,0
povijest.hr,2023-04,93,0,93,0,0,0,0
povijest.hr,2023-05,119,0,119,0,0,0,0
povijest.hr,2023-06,107,0,107,0,0,0,0
povijest.hr,2023-07,58,0,58,0,0,0,0
pozega.eu,2021-01,13,0,13,0,0,0,0
pozega.eu,2021-02,47,0,47,0,0,0,0
pozega.eu,2021-03,5,0,5,0,0,0,0
pozega.eu,2021-04,11,0,11,0,0,0,0
pozega.eu,2021-05,40,0,40,0,0,0,0
pozega.eu,2021-06,30,0,30,0,0,0,0
pozega.eu,2021-07,80,0,80,0,0,0,0
pozega.eu,2021-08,122,0,122,0,0,0,0
pozega.eu,2021-09,164,0,164,0,0,0,0
pozega.eu,2021-10,163,0,163,0,0,0,0
pozega.eu,2021-11,154,0,154,0,0,0,0
pozega.eu,2021-12,208,0,208,0,0,0,0
pozega.eu,2022-01,162,0,162,0,0,0,0
pozega.eu,2022-02,144,0,144,0,0,0,0
pozega.eu,2022-03,203,1,203,1,1,1,0
pozega.eu,2022-04,173,0,173,0,0,0,0
pozega.eu,2022-05,177,0,177,0,0,0,0
pozega.eu,2022-06,187,1,187,1,1,1,0
pozega.eu,2022-07,169,0,169,0,0,0,0
pozega.eu,2022-08,157,0,157,0,0,0,0
pozega.eu,2022-09,184,0,184,0,0,0,0
pozega.eu,2022-10,187,0,187,0,0,0,0
pozega.eu,2022-11,178,0,178,0,0,0,0
pozega.eu,2022-12,187,0,187,0,0,0,0
pozega.eu,2023-01,162,0,162,0,0,0,0
pozega.eu,2023-02,156,0,156,0,0,0,0
pozega.eu,2023-03,197,0,197,0,0,0,0
pozega.eu,2023-04,177,0,177,0,0,0,0
pozega.eu,2023-05,184,0,184,0,0,0,0
pozega.eu,2023-06,174,0,174,0,0,0,0
pozega.eu,2023-07,176,0,176,0,0,0,0
pozega.eu,2023-08,272,0,272,0,0,0,0
pozega.eu,2023-09,427,0,427,0,0,0,0
pozega.eu,2023-10,499,0,499,0,0,0,0
pozega.eu,2023-11,457,0,457,0,0,0,0
pozega.eu,2023-12,541,0,541,0,0,0,0
pozega.eu,2024-01,580,0,580,0,0,0,0
pozega.eu,2024-02,523,0,523,0,0,0,0
pozega.eu,2024-03,709,0,709,0,0,0,0
pozega.eu,2024-04,588,0,588,0,0,0,0
pozega.eu,2024-05,607,0,607,0,0,0,0
pozega.eu,2024-06,551,0,551,0,0,0,0
pozega.eu,2024-07,536,1,536,1,1,1,0
pozega.eu,2024-08,437,0,437,0,0,0,0
pozega.eu,2024-09,180,0,180,0,0,0,0
pozega.eu,2024-10,201,0,201,0,0,0,0
pozega.eu,2024-11,201,0,201,0,0,0,0
pozega.eu,2024-12,238,0,238,0,0,0,0
pozega.eu,2025-01,204,1,204,1,1,1,0
pozega.eu,2025-02,189,0,189,0,0,0,0
pozega.eu,2025-03,238,0,238,0,0,0,0
pozega.eu,2025-04,195,0,195,0,0,0,0
pozega.eu,2025-05,220,0,220,0,0,0,0
pozega.eu,2025-06,179,0,179,0,0,0,0
pozega.eu,2025-07,175,0,175,0,0,0,0
pozega.eu,2025-08,163,0,163,0,0,0,0
pozega.eu,2025-09,184,0,184,0,0,0,0
pozega.eu,2025-10,171,0,171,0,0,0,0
pozega.eu,2025-11,159,0,159,0,0,0,0
pozega.eu,2025-12,184,0,184,0,0,0,0
pozega.eu,2026-01,149,0,149,0,0,0,0
pozega.eu,2026-02,105,0,105,0,0,0,0
pozega.eu,2026-03,150,0,150,0,0,0,0
pozega.eu,2026-04,146,0,146,0,0,0,0
pozega.eu,2026-05,157,2,157,2,2,2,0
pozega.eu,2026-06,154,0,154,0,0,0,0
pozega.eu,2026-07,126,0,126,0,0,0,0
pozega.eu,2026-08,127,1,127,1,1,1,0
pozega.eu,2026-09,49,0,49,0,0,0,0
pozeska-kronika.hr,2021-01,210,0,210,0,0,0,0
pozeska-kronika.hr,2021-02,228,0,228,0,0,0,0
pozeska-kronika.hr,2021-03,265,0,265,0,0,0,0
pozeska-kronika.hr,2021-04,245,1,245,1,1,1,0
pozeska-kronika.hr,2021-05,246,0,246,0,0,0,0
pozeska-kronika.hr,2021-06,246,0,246,0,0,0,0
pozeska-kronika.hr,2021-07,115,0,115,0,0,0,0
pozeska-kronika.hr,2021-08,182,0,182,0,0,0,0
pozeska-kronika.hr,2021-09,207,0,207,0,0,0,0
pozeska-kronika.hr,2021-10,193,0,193,0,0,0,0
pozeska-kronika.hr,2021-11,180,0,180,0,0,0,0
pozeska-kronika.hr,2021-12,192,0,192,0,0,0,0
pozeska-kronika.hr,2022-01,177,0,177,0,0,0,0
pozeska-kronika.hr,2022-02,207,1,207,1,1,1,0
pozeska-kronika.hr,2022-03,309,1,309,1,1,1,0
pozeska-kronika.hr,2022-04,241,0,241,0,0,0,0
pozeska-kronika.hr,2022-05,285,0,285,0,0,0,0
pozeska-kronika.hr,2022-06,265,0,265,0,0,0,0
pozeska-kronika.hr,2022-07,104,0,104,0,0,0,0
pozeska-kronika.hr,2022-08,250,0,250,0,0,0,0
pozeska-kronika.hr,2022-09,258,0,258,0,0,0,0
pozeska-kronika.hr,2022-10,245,2,245,2,2,2,0
pozeska-kronika.hr,2022-11,227,0,227,0,0,0,0
pozeska-kronika.hr,2022-12,223,0,223,0,0,0,0
pozeska-kronika.hr,2023-01,211,1,211,1,1,1,0
pozeska-kronika.hr,2023-02,215,0,215,0,0,0,0
pozeska-kronika.hr,2023-03,248,0,248,0,0,0,0
pozeska-kronika.hr,2023-04,228,0,228,0,0,0,0
pozeska-kronika.hr,2023-05,252,0,252,0,0,0,0
pozeska-kronika.hr,2023-06,225,0,225,0,0,0,0
pozeska-kronika.hr,2023-07,126,0,126,0,0,0,0
pozeska-kronika.hr,2023-08,184,0,184,0,0,0,0
pozeska-kronika.hr,2023-09,224,0,224,0,0,0,0
pozeska-kronika.hr,2023-10,247,0,247,0,0,0,0
pozeska-kronika.hr,2023-11,239,0,239,0,0,0,0
pozeska-kronika.hr,2023-12,220,0,220,0,0,0,0
pozeska-kronika.hr,2024-01,205,0,205,0,0,0,0
pozeska-kronika.hr,2024-02,232,0,232,0,0,0,0
pozeska-kronika.hr,2024-03,240,0,240,0,0,0,0
pozeska-kronika.hr,2024-04,207,0,207,0,0,0,0
pozeska-kronika.hr,2024-05,238,0,238,0,0,0,0
pozeska-kronika.hr,2024-06,202,0,202,0,0,0,0
pozeska-kronika.hr,2024-07,163,0,163,0,0,0,0
pozeska-kronika.hr,2024-08,211,0,211,0,0,0,0
pozeska-kronika.hr,2024-09,42,0,42,0,0,0,0
pozeska-kronika.hr,2024-10,203,1,203,1,1,1,0
pozeska-kronika.hr,2024-11,199,0,199,0,0,0,0
pozeska-kronika.hr,2024-12,210,0,210,0,0,0,0
pozeska-kronika.hr,2025-01,193,1,193,1,1,1,0
pozeska-kronika.hr,2025-02,209,0,209,0,0,0,0
pozeska-kronika.hr,2025-03,245,1,245,1,1,1,0
pozeska-kronika.hr,2025-04,242,0,242,0,0,0,0
pozeska-kronika.hr,2025-05,224,0,224,0,0,0,0
pozeska-kronika.hr,2025-06,241,0,241,0,0,0,0
pozeska-kronika.hr,2025-07,91,0,91,0,0,0,0
pozeska-kronika.hr,2025-08,173,0,173,0,0,0,0
pozeska-kronika.hr,2025-09,224,0,224,0,0,0,0
pozeska-kronika.hr,2025-10,252,0,252,0,0,0,0
pozeska-kronika.hr,2025-11,179,1,179,1,1,1,0
pozeska-kronika.hr,2025-12,201,1,201,1,1,1,0
pozeska-kronika.hr,2026-01,171,0,171,0,0,0,0
pozeska-kronika.hr,2026-02,194,0,194,0,0,0,0
pozeska-kronika.hr,2026-03,237,0,237,0,0,0,0
pozeska-kronika.hr,2026-04,225,0,225,0,0,0,0
pozeska-kronika.hr,2026-05,225,0,225,0,0,0,0
pozeska-kronika.hr,2026-06,235,0,235,0,0,0,0
pozeska-kronika.hr,2026-07,153,0,153,0,0,0,0
pozeska-kronika.hr,2026-08,180,0,180,0,0,0,0
pozeska-kronika.hr,2026-09,83,0,83,0,0,0,0
pozeski.hr,2021-09,30,0,30,0,0,0,0
pozeski.hr,2021-10,132,0,132,0,0,0,0
pozeski.hr,2021-11,193,0,193,0,0,0,0
pozeski.hr,2021-12,264,0,264,0,0,0,0
pozeski.hr,2022-01,248,1,248,1,1,1,0
pozeski.hr,2022-02,248,2,248,2,2,2,0
pozeski.hr,2022-03,299,0,299,0,0,0,0
pozeski.hr,2022-04,304,1,304,1,1,1,0
pozeski.hr,2022-05,317,0,317,0,0,0,0
pozeski.hr,2022-06,266,0,266,0,0,0,0
pozeski.hr,2022-07,262,2,262,2,2,2,1
pozeski.hr,2022-08,258,2,258,2,2,2,0
pozeski.hr,2022-09,279,0,279,0,0,0,0
pozeski.hr,2022-10,300,4,300,4,4,4,0
pozeski.hr,2022-11,273,0,273,0,0,0,0
pozeski.hr,2022-12,277,1,277,1,1,1,0
pozeski.hr,2023-01,280,1,280,1,1,1,0
pozeski.hr,2023-02,243,0,243,0,0,0,0
pozeski.hr,2023-03,272,0,272,0,0,0,0
pozeski.hr,2023-04,237,0,237,0,0,0,0
pozeski.hr,2023-05,245,0,245,0,0,0,0
pozeski.hr,2023-06,260,0,260,0,0,0,0
pozeski.hr,2023-07,201,0,201,0,0,0,0
pozeski.hr,2023-08,200,0,200,0,0,0,0
pozeski.hr,2023-09,230,0,230,0,0,0,0
pozeski.hr,2023-10,242,0,242,0,0,0,0
pozeski.hr,2023-11,230,0,230,0,0,0,0
pozeski.hr,2023-12,262,0,262,0,0,0,0
pozeski.hr,2024-01,210,0,210,0,0,0,0
pozeski.hr,2024-02,209,0,209,0,0,0,0
pozeski.hr,2024-03,190,0,190,0,0,0,0
pozeski.hr,2024-04,209,0,209,0,0,0,0
pozeski.hr,2024-05,219,0,219,0,0,0,0
pozeski.hr,2024-06,212,0,212,0,0,0,0
pozeski.hr,2024-07,204,0,204,0,0,0,0
pozeski.hr,2024-08,193,0,193,0,0,0,0
pozeski.hr,2024-09,220,0,220,0,0,0,0
pozeski.hr,2024-10,215,0,215,0,0,0,0
pozeski.hr,2024-11,199,0,199,0,0,0,0
pozeski.hr,2024-12,191,0,191,0,0,0,0
pozeski.hr,2025-01,214,0,214,0,0,0,0
pozeski.hr,2025-02,208,0,208,0,0,0,0
pozeski.hr,2025-03,248,1,248,1,1,1,0
pozeski.hr,2025-04,245,0,245,0,0,0,0
pozeski.hr,2025-05,276,0,276,0,0,0,0
pozeski.hr,2025-06,280,0,280,0,0,0,0
pozeski.hr,2025-07,195,0,195,0,0,0,0
pozeski.hr,2025-08,207,0,207,0,0,0,0
pozeski.hr,2025-09,219,0,219,0,0,0,0
pozeski.hr,2025-10,298,0,298,0,0,0,0
pozeski.hr,2025-11,108,0,108,0,0,0,0
pozeski.hr,2026-04,8,0,8,0,0,0,0
pozeski.hr,2026-05,257,0,257,0,0,0,0
pozeski.hr,2026-06,247,0,247,0,0,0,0
pozeski.hr,2026-07,196,1,196,1,1,1,0
pozeski.hr,2026-08,196,0,196,0,0,0,0
pozeski.hr,2026-09,77,0,77,0,0,0,0
pozeskivodic.com,2021-03,2,0,2,0,0,0,0
pozeskivodic.com,2021-04,1,0,1,0,0,0,0
pozeskivodic.com,2021-05,1,0,1,0,0,0,0
pozeskivodic.com,2021-07,1,0,1,0,0,0,0
pozeskivodic.com,2021-11,1,0,1,0,0,0,0
pozeskivodic.com,2021-12,2,0,2,0,0,0,0
pozeskivodic.com,2022-01,2,0,2,0,0,0,0
pozeskivodic.com,2022-02,1,0,1,0,0,0,0
pozeskivodic.com,2022-04,1,0,1,0,0,0,0
pozeskivodic.com,2023-01,1,0,1,0,0,0,0
pozeskivodic.com,2026-05,174,0,174,0,0,0,0
pozeskivodic.com,2026-06,199,0,199,0,0,0,0
pozeskivodic.com,2026-07,172,0,172,0,0,0,0
pozeskivodic.com,2026-08,165,0,165,0,0,0,0
pozeskivodic.com,2026-09,65,0,65,0,0,0,0
press032.com,2021-01,6,0,6,0,0,0,0
press032.com,2021-02,4,0,4,0,0,0,0
press032.com,2021-03,9,0,9,0,0,0,0
press032.com,2021-04,5,0,5,0,0,0,0
press032.com,2021-05,4,0,4,0,0,0,0
press032.com,2021-06,11,0,11,0,0,0,0
press032.com,2021-07,142,0,142,0,0,0,0
press032.com,2021-08,161,0,161,0,0,0,0
press032.com,2021-09,199,0,199,0,0,0,0
press032.com,2021-10,171,0,171,0,0,0,0
press032.com,2021-11,161,0,161,0,0,0,0
press032.com,2021-12,168,0,168,0,0,0,0
press032.com,2022-01,120,0,120,0,0,0,0
press032.com,2022-02,159,0,159,0,0,0,0
press032.com,2022-03,171,0,171,0,0,0,0
press032.com,2022-04,161,0,161,0,0,0,0
press032.com,2022-05,157,0,157,0,0,0,0
press032.com,2022-06,163,0,163,0,0,0,0
press032.com,2022-07,128,0,128,0,0,0,0
press032.com,2022-08,132,0,132,0,0,0,0
press032.com,2022-09,129,0,129,0,0,0,0
press032.com,2022-10,191,1,191,1,1,1,0
press032.com,2022-11,143,1,143,1,1,1,0
press032.com,2022-12,43,0,43,0,0,0,0
press032.com,2023-01,1,0,1,0,0,0,0
press032.com,2023-02,4,0,4,0,0,0,0
press032.com,2023-03,8,0,8,0,0,0,0
press032.com,2023-04,5,0,5,0,0,0,0
press032.com,2023-05,10,0,10,0,0,0,0
press032.com,2023-06,85,0,85,0,0,0,0
press032.com,2023-07,93,0,93,0,0,0,0
press032.com,2023-08,121,0,121,0,0,0,0
press032.com,2023-09,151,0,151,0,0,0,0
press032.com,2023-10,187,0,187,0,0,0,0
press032.com,2023-11,172,0,172,0,0,0,0
press032.com,2023-12,152,0,152,0,0,0,0
press032.com,2024-01,106,1,106,1,1,1,1
press032.com,2024-02,105,0,105,0,0,0,0
press032.com,2024-03,121,0,121,0,0,0,0
press032.com,2024-04,116,0,116,0,0,0,0
press032.com,2024-05,118,0,118,0,0,0,0
press032.com,2024-06,110,0,110,0,0,0,0
press032.com,2024-07,106,0,106,0,0,0,0
press032.com,2024-08,110,0,110,0,0,0,0
press032.com,2024-09,140,0,140,0,0,0,0
press032.com,2024-10,155,0,155,0,0,0,0
press032.com,2024-11,130,0,130,0,0,0,0
press032.com,2024-12,156,0,156,0,0,0,0
press032.com,2025-01,145,0,145,0,0,0,0
press032.com,2025-02,110,0,110,0,0,0,0
press032.com,2025-03,147,1,147,1,1,1,0
press032.com,2025-04,155,0,155,0,0,0,0
press032.com,2025-05,164,0,164,0,0,0,0
press032.com,2025-06,158,0,158,0,0,0,0
press032.com,2025-07,120,0,120,0,0,0,0
press032.com,2025-08,132,0,132,0,0,0,0
press032.com,2025-09,178,0,178,0,0,0,0
press032.com,2025-10,191,0,191,0,0,0,0
press032.com,2025-11,187,0,187,0,0,0,0
press032.com,2025-12,190,0,190,0,0,0,0
press032.com,2026-01,153,0,153,0,0,0,0
press032.com,2026-02,128,0,128,0,0,0,0
press032.com,2026-03,175,0,175,0,0,0,0
press032.com,2026-04,143,0,143,0,0,0,0
press032.com,2026-05,146,0,146,0,0,0,0
press032.com,2026-06,137,0,137,0,0,0,0
press032.com,2026-07,146,0,146,0,0,0,0
press032.com,2026-08,170,0,170,0,0,0,0
press032.com,2026-09,63,0,63,0,0,0,0
prglas.com,2021-01,2,0,2,0,0,0,0
prglas.com,2021-02,4,0,4,0,0,0,0
prglas.com,2021-03,2,0,2,0,0,0,0
prglas.com,2021-04,237,0,237,0,0,0,0
prglas.com,2021-05,2,0,2,0,0,0,0
prglas.com,2021-06,13,0,13,0,0,0,0
prglas.com,2021-07,2,0,2,0,0,0,0
prglas.com,2021-08,2,0,2,0,0,0,0
prglas.com,2021-09,6,0,6,0,0,0,0
prglas.com,2021-10,11,2,11,2,2,2,0
prglas.com,2021-11,8,0,8,0,0,0,0
prglas.com,2021-12,11,0,11,0,0,0,0
prglas.com,2022-01,2,0,2,0,0,0,0
prglas.com,2022-02,4,0,4,0,0,0,0
prglas.com,2022-03,7,0,7,0,0,0,0
prglas.com,2022-04,6,0,6,0,0,0,0
prglas.com,2022-05,5,0,5,0,0,0,0
prglas.com,2022-06,1,0,1,0,0,0,0
prglas.com,2022-08,2,0,2,0,0,0,0
prglas.com,2022-09,6,0,6,0,0,0,0
prglas.com,2022-10,3,0,3,0,0,0,0
prglas.com,2022-11,3,0,3,0,0,0,0
prglas.com,2022-12,3,0,3,0,0,0,0
prglas.com,2023-01,3,0,3,0,0,0,0
prglas.com,2023-02,1,0,1,0,0,0,0
prglas.com,2023-03,6,0,6,0,0,0,0
prglas.com,2023-04,12,0,12,0,0,0,0
prglas.com,2023-05,2,0,2,0,0,0,0
prglas.com,2023-06,2,1,2,1,1,1,0
prglas.com,2024-01,2,0,2,0,0,0,0
prglas.com,2024-02,2,0,2,0,0,0,0
prglas.com,2024-03,3,0,3,0,0,0,0
prglas.com,2024-11,10,0,10,0,0,0,0
prglas.com,2024-12,4,0,4,0,0,0,0
prglas.com,2025-01,2,0,2,0,0,0,0
prglas.com,2025-02,1,0,1,0,0,0,0
prglas.com,2025-03,6,0,6,0,0,0,0
prglas.com,2025-11,6,0,6,0,0,0,0
prigorski.hr,2021-01,2227,5,2227,5,5,5,1
prigorski.hr,2021-02,2218,7,2218,7,7,7,2
prigorski.hr,2021-03,2603,1,2603,1,1,1,0
prigorski.hr,2021-04,2512,5,2512,5,5,5,0
prigorski.hr,2021-05,2570,6,2570,6,6,6,1
prigorski.hr,2021-06,2299,2,2299,2,2,2,0
prigorski.hr,2021-07,2294,13,2294,13,13,13,1
prigorski.hr,2021-08,2076,8,2076,8,8,8,1
prigorski.hr,2021-09,2763,14,2763,14,14,14,3
prigorski.hr,2021-10,2687,26,2687,26,26,26,2
prigorski.hr,2021-11,2686,3,2686,3,3,3,0
prigorski.hr,2021-12,2581,4,2581,4,4,4,1
prigorski.hr,2022-01,2490,33,2490,33,33,33,10
prigorski.hr,2022-02,2277,29,2277,29,29,29,7
prigorski.hr,2022-03,2511,10,2511,10,10,10,1
prigorski.hr,2022-04,2420,14,2420,14,14,14,1
prigorski.hr,2022-05,2511,17,2511,17,17,17,5
prigorski.hr,2022-06,2376,9,2376,9,9,9,1
prigorski.hr,2022-07,2271,6,2271,6,5,5,2
prigorski.hr,2022-08,1776,5,1776,5,5,5,0
prigorski.hr,2022-09,2364,2,2364,2,2,2,0
prigorski.hr,2022-10,2464,10,2464,10,10,10,0
prigorski.hr,2022-11,2493,4,2493,4,4,4,1
prigorski.hr,2022-12,2479,9,2479,9,9,9,1
prigorski.hr,2023-01,2429,15,2429,15,15,15,1
prigorski.hr,2023-02,2581,6,2581,6,6,6,1
prigorski.hr,2023-03,2686,4,2686,4,4,4,0
prigorski.hr,2023-04,2573,12,2573,12,12,12,3
prigorski.hr,2023-05,2717,13,2717,13,13,13,0
prigorski.hr,2023-06,2520,3,2520,3,3,3,0
prigorski.hr,2023-07,2476,3,2476,3,3,3,0
prigorski.hr,2023-08,2327,4,2327,4,4,4,1
prigorski.hr,2023-09,2424,10,2424,10,10,10,1
prigorski.hr,2023-10,2457,1,2457,1,1,1,0
prigorski.hr,2023-11,2363,5,2363,5,5,5,0
prigorski.hr,2023-12,2419,10,2419,10,10,10,0
prigorski.hr,2024-01,2324,8,2324,8,8,8,3
prigorski.hr,2024-02,2250,2,2250,2,2,2,0
prigorski.hr,2024-03,2557,1,2557,1,1,1,0
prigorski.hr,2024-04,2296,0,2296,0,0,0,0
prigorski.hr,2024-05,2286,5,2286,5,5,5,2
prigorski.hr,2024-06,2367,15,2367,15,15,15,0
prigorski.hr,2024-07,2137,13,2137,13,13,13,3
prigorski.hr,2024-08,1910,0,1910,0,0,0,0
prigorski.hr,2024-09,2132,3,2132,3,3,3,1
prigorski.hr,2024-10,2317,3,2317,3,3,3,0
prigorski.hr,2024-11,2121,3,2121,3,3,3,0
prigorski.hr,2024-12,2110,6,2110,6,6,6,0
prigorski.hr,2025-01,2004,16,2004,16,16,16,0
prigorski.hr,2025-02,1908,10,1908,10,10,10,2
prigorski.hr,2025-03,2186,7,2186,7,7,7,2
prigorski.hr,2025-04,2001,3,2001,3,3,3,0
prigorski.hr,2025-05,2096,2,2096,2,2,2,0
prigorski.hr,2025-06,1911,2,1911,2,2,2,1
prigorski.hr,2025-07,1927,5,1927,5,5,5,2
prigorski.hr,2025-08,1749,0,1749,0,0,0,0
prigorski.hr,2025-09,1880,6,1880,6,6,6,0
prigorski.hr,2025-10,2261,14,2261,14,14,14,0
prigorski.hr,2025-11,2202,6,2202,6,6,6,1
prigorski.hr,2025-12,2087,4,2087,4,4,4,0
prigorski.hr,2026-01,1899,31,1899,31,31,31,1
prigorski.hr,2026-02,1900,7,1900,7,7,7,0
prigorski.hr,2026-03,2339,13,2339,13,13,13,1
prigorski.hr,2026-04,2219,5,2219,5,5,5,0
prigorski.hr,2026-05,2172,14,2172,14,14,14,6
prigorski.hr,2026-06,2179,17,2179,17,17,17,7
prigorski.hr,2026-07,2054,10,2054,10,10,10,4
prigorski.hr,2026-08,1943,0,1943,0,0,0,0
prigorski.hr,2026-09,726,0,726,0,0,0,0
prigorskiradio.hr,2022-07,2,0,2,0,0,0,0
prigorskiradio.hr,2022-08,1,0,1,0,0,0,0
prigorskiradio.hr,2022-09,1,0,1,0,0,0,0
prigorskiradio.hr,2022-10,1,0,1,0,0,0,0
prigorskiradio.hr,2022-11,6,0,6,0,0,0,0
prigorskiradio.hr,2022-12,24,0,24,0,0,0,0
prigorskiradio.hr,2023-01,169,3,169,3,3,3,0
prigorskiradio.hr,2023-02,159,0,159,0,0,0,0
prigorskiradio.hr,2023-03,254,0,254,0,0,0,0
prigorskiradio.hr,2023-04,219,0,219,0,0,0,0
prigorskiradio.hr,2023-05,265,0,265,0,0,0,0
prigorskiradio.hr,2023-06,56,0,56,0,0,0,0
prigorskiradio.hr,2023-07,1,0,1,0,0,0,0
promise.hr,2021-01,69,0,69,0,0,0,0
promise.hr,2021-02,68,1,68,1,1,1,0
promise.hr,2021-03,61,0,61,0,0,0,0
promise.hr,2021-04,70,2,70,2,2,2,0
promise.hr,2021-05,51,0,51,0,0,0,0
promise.hr,2021-06,48,0,48,0,0,0,0
promise.hr,2021-07,41,0,41,0,0,0,0
promise.hr,2021-08,27,1,27,1,1,1,1
promise.hr,2021-09,28,1,28,1,1,1,0
promise.hr,2021-10,24,0,24,0,0,0,0
promise.hr,2021-11,22,0,22,0,0,0,0
promise.hr,2021-12,27,2,27,2,2,2,0
promise.hr,2022-01,27,2,27,2,2,2,0
promise.hr,2022-02,22,2,22,2,2,2,1
promise.hr,2022-03,29,0,29,0,0,0,0
promise.hr,2022-04,29,1,29,1,1,1,0
promise.hr,2022-05,22,2,22,2,2,2,1
promise.hr,2022-06,20,1,20,1,1,1,0
promise.hr,2022-07,16,0,16,0,0,0,0
promise.hr,2022-08,23,0,23,0,0,0,0
promise.hr,2022-09,45,1,45,1,1,1,0
promise.hr,2022-10,27,0,27,0,0,0,0
promise.hr,2022-11,15,0,15,0,0,0,0
promise.hr,2022-12,37,0,37,0,0,0,0
promise.hr,2023-01,23,1,23,1,1,1,0
promise.hr,2023-02,18,1,18,1,1,1,0
promise.hr,2023-03,23,1,23,1,1,1,1
promise.hr,2023-04,19,0,19,0,0,0,0
promise.hr,2023-05,23,0,23,0,0,0,0
promise.hr,2023-06,32,0,32,0,0,0,0
promise.hr,2023-07,25,0,25,0,0,0,0
promise.hr,2023-08,9,0,9,0,0,0,0
promise.hr,2023-09,21,2,21,2,2,2,0
promise.hr,2023-10,30,0,30,0,0,0,0
promise.hr,2023-11,22,0,22,0,0,0,0
promise.hr,2023-12,26,0,26,0,0,0,0
promise.hr,2024-01,18,0,18,0,0,0,0
promise.hr,2024-02,20,0,20,0,0,0,0
promise.hr,2024-03,28,0,28,0,0,0,0
promise.hr,2024-04,27,0,27,0,0,0,0
promise.hr,2024-05,30,0,30,0,0,0,0
promise.hr,2024-06,23,0,23,0,0,0,0
promise.hr,2024-07,16,1,16,1,1,1,1
promise.hr,2024-08,9,0,9,0,0,0,0
promise.hr,2024-09,22,0,22,0,0,0,0
promise.hr,2024-10,18,0,18,0,0,0,0
promise.hr,2024-11,16,0,16,0,0,0,0
promise.hr,2024-12,20,0,20,0,0,0,0
promise.hr,2025-01,16,2,16,2,2,2,0
promise.hr,2025-02,15,3,15,3,3,3,1
promise.hr,2025-03,25,1,25,1,1,1,0
promise.hr,2025-04,20,0,20,0,0,0,0
promise.hr,2025-05,15,0,15,0,0,0,0
promise.hr,2025-06,22,0,22,0,0,0,0
promise.hr,2025-07,20,0,20,0,0,0,0
promise.hr,2025-08,10,0,10,0,0,0,0
promise.hr,2025-09,15,0,15,0,0,0,0
promise.hr,2025-10,16,0,16,0,0,0,0
promise.hr,2025-11,19,0,19,0,0,0,0
promise.hr,2025-12,17,1,17,1,1,1,1
promise.hr,2026-01,15,1,15,1,1,1,0
promise.hr,2026-02,10,0,10,0,0,0,0
promise.hr,2026-03,13,0,13,0,0,0,0
promise.hr,2026-04,18,0,18,0,0,0,0
promise.hr,2026-05,16,0,16,0,0,0,0
promise.hr,2026-06,26,0,26,0,0,0,0
promise.hr,2026-07,10,0,10,0,0,0,0
promise.hr,2026-08,16,0,16,0,0,0,0
promise.hr,2026-09,9,0,9,0,0,0,0
ps-portal.eu,2021-01,34,0,34,0,0,0,0
ps-portal.eu,2021-02,22,0,22,0,0,0,0
ps-portal.eu,2021-03,25,0,25,0,0,0,0
ps-portal.eu,2021-04,90,0,90,0,0,0,0
ps-portal.eu,2021-05,154,0,154,0,0,0,0
ps-portal.eu,2021-06,117,0,117,0,0,0,0
ps-portal.eu,2021-07,117,0,117,0,0,0,0
ps-portal.eu,2021-08,110,0,110,0,0,0,0
ps-portal.eu,2021-09,120,0,120,0,0,0,0
ps-portal.eu,2021-10,103,0,103,0,0,0,0
ps-portal.eu,2021-11,103,0,103,0,0,0,0
ps-portal.eu,2021-12,131,0,131,0,0,0,0
ps-portal.eu,2022-01,94,1,94,1,1,1,0
ps-portal.eu,2022-02,96,0,96,0,0,0,0
ps-portal.eu,2022-03,102,0,102,0,0,0,0
ps-portal.eu,2022-04,85,0,85,0,0,0,0
ps-portal.eu,2022-05,112,0,112,0,0,0,0
ps-portal.eu,2022-06,100,0,100,0,0,0,0
ps-portal.eu,2022-07,99,0,99,0,0,0,0
ps-portal.eu,2022-08,96,0,96,0,0,0,0
ps-portal.eu,2022-09,96,0,96,0,0,0,0
ps-portal.eu,2022-10,93,0,93,0,0,0,0
ps-portal.eu,2022-11,98,0,98,0,0,0,0
ps-portal.eu,2022-12,74,0,74,0,0,0,0
ps-portal.eu,2023-01,73,1,73,1,1,1,0
ps-portal.eu,2023-02,80,0,80,0,0,0,0
ps-portal.eu,2023-03,86,0,86,0,0,0,0
ps-portal.eu,2023-04,72,0,72,0,0,0,0
ps-portal.eu,2023-05,96,0,96,0,0,0,0
ps-portal.eu,2023-06,87,0,87,0,0,0,0
ps-portal.eu,2023-07,80,0,80,0,0,0,0
ps-portal.eu,2023-08,105,1,105,1,1,1,0
ps-portal.eu,2023-09,100,1,100,1,1,1,0
ps-portal.eu,2023-10,122,1,122,1,1,1,0
ps-portal.eu,2023-11,114,0,114,0,0,0,0
ps-portal.eu,2023-12,119,0,119,0,0,0,0
ps-portal.eu,2024-01,63,0,63,0,0,0,0
ps-portal.eu,2024-02,91,0,91,0,0,0,0
ps-portal.eu,2024-03,87,0,87,0,0,0,0
ps-portal.eu,2024-04,70,0,70,0,0,0,0
ps-portal.eu,2024-05,82,0,82,0,0,0,0
ps-portal.eu,2024-06,83,0,83,0,0,0,0
ps-portal.eu,2024-07,58,0,58,0,0,0,0
ps-portal.eu,2024-08,6,0,6,0,0,0,0
pulskasvakodnevnica.com,2021-02,1,0,1,0,0,0,0
pulskasvakodnevnica.com,2021-03,1,0,1,0,0,0,0
pulskasvakodnevnica.com,2021-07,1,0,1,0,0,0,0
pulskasvakodnevnica.com,2021-08,1,0,1,0,0,0,0
pulskasvakodnevnica.com,2021-12,1,0,1,0,0,0,0
pulskasvakodnevnica.com,2025-01,1,0,1,0,0,0,0
pulskasvakodnevnica.com,2025-10,1,0,1,0,0,0,0
rabdanas.hr,2025-09,18,0,18,0,0,0,0
radio-banovina.hr,2021-01,309,1,309,1,1,1,0
radio-banovina.hr,2021-02,362,1,362,1,1,1,0
radio-banovina.hr,2021-03,487,0,487,0,0,0,0
radio-banovina.hr,2021-04,446,0,446,0,0,0,0
radio-banovina.hr,2021-05,489,0,489,0,0,0,0
radio-banovina.hr,2021-06,448,1,448,1,1,1,0
radio-banovina.hr,2021-07,339,2,339,2,2,2,0
radio-banovina.hr,2021-08,289,3,289,3,3,3,2
radio-banovina.hr,2021-09,381,4,381,4,4,4,0
radio-banovina.hr,2021-10,480,1,480,1,1,1,0
radio-banovina.hr,2021-11,409,1,409,1,1,1,0
radio-banovina.hr,2021-12,460,6,460,6,6,6,0
radio-banovina.hr,2022-01,420,6,420,6,6,6,1
radio-banovina.hr,2022-02,644,11,644,11,11,11,5
radio-banovina.hr,2022-03,794,7,794,7,7,7,0
radio-banovina.hr,2022-04,661,5,661,5,5,5,1
radio-banovina.hr,2022-05,675,8,675,8,8,8,1
radio-banovina.hr,2022-06,447,5,447,5,5,5,0
radio-banovina.hr,2022-07,437,8,437,8,8,8,2
radio-banovina.hr,2022-08,353,2,353,2,2,2,0
radio-banovina.hr,2022-09,462,1,462,1,1,1,0
radio-banovina.hr,2022-10,465,4,465,4,4,4,0
radio-banovina.hr,2022-11,367,4,367,4,4,4,0
radio-banovina.hr,2022-12,390,6,390,6,6,6,1
radio-banovina.hr,2023-01,346,8,346,8,8,8,0
radio-banovina.hr,2023-02,434,4,434,4,4,4,1
radio-banovina.hr,2023-03,497,2,497,2,2,2,0
radio-banovina.hr,2023-04,398,0,398,0,0,0,0
radio-banovina.hr,2023-05,424,0,424,0,0,0,0
radio-banovina.hr,2023-06,376,1,376,1,1,1,0
radio-banovina.hr,2023-07,449,3,449,3,3,3,0
radio-banovina.hr,2023-08,395,0,395,0,0,0,0
radio-banovina.hr,2023-09,456,3,456,3,3,3,0
radio-banovina.hr,2023-10,452,0,452,0,0,0,0
radio-banovina.hr,2023-11,469,1,469,1,1,1,0
radio-banovina.hr,2023-12,361,1,361,1,1,1,0
radio-banovina.hr,2024-01,383,2,383,2,2,2,1
radio-banovina.hr,2024-02,59,0,59,0,0,0,0
radio-banovina.hr,2024-03,86,0,86,0,0,0,0
radio-banovina.hr,2024-04,75,0,75,0,0,0,0
radio-banovina.hr,2024-05,543,2,543,2,2,2,0
radio-banovina.hr,2024-06,572,7,572,7,7,7,0
radio-banovina.hr,2024-07,559,4,559,4,4,4,3
radio-banovina.hr,2024-08,449,0,449,0,0,0,0
radio-banovina.hr,2024-09,506,1,506,1,1,1,1
radio-banovina.hr,2024-10,339,0,339,0,0,0,0
radio-banovina.hr,2025-03,1,0,1,0,0,0,0
radio-banovina.hr,2026-04,1,0,1,0,0,0,0
radio-banovina.hr,2026-05,202,1,202,1,1,1,1
radio-banovina.hr,2026-06,166,0,166,0,0,0,0
radio-banovina.hr,2026-07,222,0,222,0,0,0,0
radio-banovina.hr,2026-08,152,0,152,0,0,0,0
radio-banovina.hr,2026-09,66,0,66,0,0,0,0
radio-borovo.hr,2021-01,1,0,1,0,0,0,0
radio-borovo.hr,2021-02,6,0,6,0,0,0,0
radio-borovo.hr,2021-10,1,0,1,0,0,0,0
radio-borovo.hr,2022-01,1,0,1,0,0,0,0
radio-borovo.hr,2022-06,1,0,1,0,0,0,0
radio-borovo.hr,2023-01,1,0,1,0,0,0,0
radio-gospic.com,2021-03,1,0,1,0,0,0,0
radio-gospic.com,2021-04,1,0,1,0,0,0,0
radio-gospic.com,2024-11,1,0,1,0,0,0,0
radio-mreznica.hr,2021-01,206,0,206,0,0,0,0
radio-mreznica.hr,2021-02,273,0,273,0,0,0,0
radio-mreznica.hr,2021-03,318,1,318,1,1,1,0
radio-mreznica.hr,2021-04,299,0,299,0,0,0,0
radio-mreznica.hr,2021-05,365,0,365,0,0,0,0
radio-mreznica.hr,2021-06,282,0,282,0,0,0,0
radio-mreznica.hr,2021-07,260,0,260,0,0,0,0
radio-mreznica.hr,2021-08,214,0,214,0,0,0,0
radio-mreznica.hr,2021-09,302,0,302,0,0,0,0
radio-mreznica.hr,2021-10,302,0,302,0,0,0,0
radio-mreznica.hr,2021-11,310,0,310,0,0,0,0
radio-mreznica.hr,2021-12,284,0,284,0,0,0,0
radio-mreznica.hr,2022-01,236,0,236,0,0,0,0
radio-mreznica.hr,2022-02,274,3,274,3,3,3,1
radio-mreznica.hr,2022-03,340,0,340,0,0,0,0
radio-mreznica.hr,2022-04,300,0,300,0,0,0,0
radio-mreznica.hr,2022-05,329,0,329,0,0,0,0
radio-mreznica.hr,2022-06,272,0,272,0,0,0,0
radio-mreznica.hr,2022-07,274,0,274,0,0,0,0
radio-mreznica.hr,2022-08,235,0,235,0,0,0,0
radio-mreznica.hr,2022-09,322,0,322,0,0,0,0
radio-mreznica.hr,2022-10,332,0,332,0,0,0,0
radio-mreznica.hr,2022-11,286,2,286,2,2,2,0
radio-mreznica.hr,2022-12,271,0,271,0,0,0,0
radio-mreznica.hr,2023-01,264,3,264,3,3,3,0
radio-mreznica.hr,2023-02,281,0,281,0,0,0,0
radio-mreznica.hr,2023-03,322,0,322,0,0,0,0
radio-mreznica.hr,2023-04,274,0,274,0,0,0,0
radio-mreznica.hr,2023-05,333,0,333,0,0,0,0
radio-mreznica.hr,2023-06,267,0,267,0,0,0,0
radio-mreznica.hr,2023-07,246,0,246,0,0,0,0
radio-mreznica.hr,2023-08,225,0,225,0,0,0,0
radio-mreznica.hr,2023-09,253,0,253,0,0,0,0
radio-mreznica.hr,2023-10,305,0,305,0,0,0,0
radio-mreznica.hr,2023-11,298,0,298,0,0,0,0
radio-mreznica.hr,2023-12,253,0,253,0,0,0,0
radio-mreznica.hr,2024-01,174,0,174,0,0,0,0
radio-mreznica.hr,2024-02,261,0,261,0,0,0,0
radio-mreznica.hr,2024-03,281,0,281,0,0,0,0
radio-mreznica.hr,2024-04,279,0,279,0,0,0,0
radio-mreznica.hr,2024-05,269,0,269,0,0,0,0
radio-mreznica.hr,2024-06,233,0,233,0,0,0,0
radio-mreznica.hr,2024-07,224,0,224,0,0,0,0
radio-mreznica.hr,2024-08,49,0,49,0,0,0,0
radio-mreznica.hr,2024-09,43,0,43,0,0,0,0
radio-mreznica.hr,2024-10,20,0,20,0,0,0,0
radio-mreznica.hr,2024-12,1,0,1,0,0,0,0
radio-mreznica.hr,2025-01,1,0,1,0,0,0,0
radio-mreznica.hr,2025-02,8,0,8,0,0,0,0
radio-mreznica.hr,2025-03,18,0,18,0,0,0,0
radio-mreznica.hr,2025-08,1,0,1,0,0,0,0
radio-mreznica.hr,2025-09,23,0,23,0,0,0,0
radio-mreznica.hr,2025-10,2,0,2,0,0,0,0
radio-mreznica.hr,2025-11,1,0,1,0,0,0,0
radio-mreznica.hr,2025-12,1,0,1,0,0,0,0
radio-mreznica.hr,2026-01,29,0,29,0,0,0,0
radio-mreznica.hr,2026-02,18,0,18,0,0,0,0
radio-mreznica.hr,2026-03,21,0,21,0,0,0,0
radio-mreznica.hr,2026-04,235,0,235,0,0,0,0
radio-mreznica.hr,2026-05,248,0,248,0,0,0,0
radio-mreznica.hr,2026-06,281,0,281,0,0,0,0
radio-mreznica.hr,2026-07,254,0,254,0,0,0,0
radio-mreznica.hr,2026-08,243,0,243,0,0,0,0
radio-mreznica.hr,2026-09,82,0,82,0,0,0,0
radio105.hr,2025-05,1,0,1,0,0,0,0
radio105.hr,2025-10,1,0,1,0,0,0,0
radio105.hr,2026-09,1,0,1,0,0,0,0
radio808.com,2021-01,3,0,3,0,0,0,0
radio808.com,2021-02,9,0,9,0,0,0,0
radio808.com,2021-03,9,0,9,0,0,0,0
radio808.com,2021-04,4,0,4,0,0,0,0
radio808.com,2021-05,4,0,4,0,0,0,0
radio808.com,2021-07,2,0,2,0,0,0,0
radio808.com,2021-09,6,0,6,0,0,0,0
radio808.com,2023-03,1,0,1,0,0,0,0
radio808.com,2023-04,2,0,2,0,0,0,0
radio808.com,2023-05,2,0,2,0,0,0,0
radio808.com,2023-08,6,0,6,0,0,0,0
radio808.com,2023-09,4,0,4,0,0,0,0
radio808.com,2023-10,3,0,3,0,0,0,0
radio808.com,2023-11,9,0,9,0,0,0,0
radio808.com,2023-12,1,0,1,0,0,0,0
radio808.com,2024-02,1,0,1,0,0,0,0
radio808.com,2024-03,1,0,1,0,0,0,0
radio808.com,2024-09,1,0,1,0,0,0,0
radio808.com,2025-02,1,0,1,0,0,0,0
radio808.com,2025-05,3,0,3,0,0,0,0
radio808.com,2025-06,11,3,11,3,3,3,0
radio808.com,2025-07,16,2,16,2,2,2,0
radio808.com,2025-08,3,0,3,0,0,0,0
radio808.com,2025-09,11,0,11,0,0,0,0
radio808.com,2025-10,10,4,10,4,4,4,1
radio808.com,2025-11,12,0,12,0,0,0,0
radio808.com,2025-12,16,3,16,3,3,3,0
radio808.com,2026-01,3,0,3,0,0,0,0
radio808.com,2026-03,2,0,2,0,0,0,0
radio808.com,2026-04,1,0,1,0,0,0,0
radio808.com,2026-05,2,0,2,0,0,0,0
radio808.com,2026-08,2,0,2,0,0,0,0
radiong.hr,2021-01,217,0,217,0,0,0,0
radiong.hr,2021-02,212,0,212,0,0,0,0
radiong.hr,2021-03,226,0,226,0,0,0,0
radiong.hr,2021-04,259,1,259,1,1,1,0
radiong.hr,2021-05,242,0,242,0,0,0,0
radiong.hr,2021-06,205,0,205,0,0,0,0
radiong.hr,2021-07,266,1,266,1,1,1,0
radiong.hr,2021-08,198,0,198,0,0,0,0
radiong.hr,2021-09,211,3,211,3,3,3,0
radiong.hr,2021-10,204,0,204,0,0,0,0
radiong.hr,2021-11,180,2,180,2,2,2,0
radiong.hr,2021-12,190,0,190,0,0,0,0
radiong.hr,2022-01,191,0,191,0,0,0,0
radiong.hr,2022-02,169,1,169,1,1,1,0
radiong.hr,2022-03,207,1,207,1,1,1,1
radiong.hr,2022-04,186,0,186,0,0,0,0
radiong.hr,2022-05,178,1,178,1,1,1,0
radiong.hr,2022-06,193,0,193,0,0,0,0
radiong.hr,2022-07,176,2,176,2,2,2,1
radiong.hr,2022-08,157,0,157,0,0,0,0
radiong.hr,2022-09,170,0,170,0,0,0,0
radiong.hr,2022-10,184,0,184,0,0,0,0
radiong.hr,2022-11,181,1,181,1,1,1,0
radiong.hr,2022-12,185,5,185,5,5,5,0
radiong.hr,2023-01,171,6,171,6,6,6,0
radiong.hr,2023-02,170,0,170,0,0,0,0
radiong.hr,2023-03,182,0,182,0,0,0,0
radiong.hr,2023-04,176,0,176,0,0,0,0
radiong.hr,2023-05,184,0,184,0,0,0,0
radiong.hr,2023-06,176,1,176,1,1,1,0
radiong.hr,2023-07,177,0,177,0,0,0,0
radiong.hr,2023-08,170,0,170,0,0,0,0
radiong.hr,2023-09,181,0,181,0,0,0,0
radiong.hr,2023-10,201,0,201,0,0,0,0
radiong.hr,2023-11,197,0,197,0,0,0,0
radiong.hr,2023-12,199,0,199,0,0,0,0
radiong.hr,2024-01,184,1,184,1,1,1,0
radiong.hr,2024-02,166,0,166,0,0,0,0
radiong.hr,2024-03,190,0,190,0,0,0,0
radiong.hr,2024-04,178,1,178,1,1,1,0
radiong.hr,2024-05,161,0,161,0,0,0,0
radiong.hr,2024-06,175,0,175,0,0,0,0
radiong.hr,2024-07,173,1,173,1,1,1,0
radiong.hr,2024-08,162,0,162,0,0,0,0
radiong.hr,2024-09,179,0,179,0,0,0,0
radiong.hr,2024-10,201,0,201,0,0,0,0
radiong.hr,2024-11,184,0,184,0,0,0,0
radiong.hr,2024-12,194,0,194,0,0,0,0
radiong.hr,2025-01,189,0,189,0,0,0,0
radiong.hr,2025-02,170,1,170,1,1,1,0
radiong.hr,2025-03,212,1,212,1,1,1,0
radiong.hr,2025-04,206,0,206,0,0,0,0
radiong.hr,2025-05,191,0,191,0,0,0,0
radiong.hr,2025-06,209,0,209,0,0,0,0
radiong.hr,2025-07,196,0,196,0,0,0,0
radiong.hr,2025-08,180,0,180,0,0,0,0
radiong.hr,2025-09,201,0,201,0,0,0,0
radiong.hr,2025-10,215,0,215,0,0,0,0
radiong.hr,2025-11,241,0,241,0,0,0,0
radiong.hr,2025-12,240,0,240,0,0,0,0
radiong.hr,2026-01,256,0,256,0,0,0,0
radiong.hr,2026-02,206,1,206,1,1,1,1
radiong.hr,2026-03,249,5,249,5,5,5,1
radiong.hr,2026-04,286,0,286,0,0,0,0
radiong.hr,2026-05,247,0,247,0,0,0,0
radiong.hr,2026-06,182,0,182,0,0,0,0
radiong.hr,2026-07,178,1,178,1,1,1,0
radiong.hr,2026-08,180,0,180,0,0,0,0
radiong.hr,2026-09,77,0,77,0,0,0,0
radiopag.hr,2021-02,12,0,12,0,0,0,0
radiopag.hr,2021-05,33,0,33,0,0,0,0
radiopag.hr,2021-06,31,0,31,0,0,0,0
radiopag.hr,2021-07,35,0,35,0,0,0,0
radiopag.hr,2021-08,32,0,32,0,0,0,0
radiopag.hr,2021-09,41,0,41,0,0,0,0
radiopag.hr,2021-10,23,0,23,0,0,0,0
radiopag.hr,2021-11,29,0,29,0,0,0,0
radiopag.hr,2021-12,26,0,26,0,0,0,0
radiopag.hr,2022-01,22,0,22,0,0,0,0
radiopag.hr,2022-02,21,0,21,0,0,0,0
radiopag.hr,2022-03,31,0,31,0,0,0,0
radiopag.hr,2022-04,36,0,36,0,0,0,0
radiopag.hr,2022-05,35,0,35,0,0,0,0
radiopag.hr,2022-06,23,0,23,0,0,0,0
radiopag.hr,2022-07,27,0,27,0,0,0,0
radiopag.hr,2022-08,31,0,31,0,0,0,0
radiopag.hr,2022-09,29,0,29,0,0,0,0
radiopag.hr,2022-10,17,0,17,0,0,0,0
radiopag.hr,2022-11,16,0,16,0,0,0,0
radiopag.hr,2022-12,15,0,15,0,0,0,0
radiopag.hr,2023-01,8,0,8,0,0,0,0
radiopag.hr,2023-02,11,0,11,0,0,0,0
radiopag.hr,2023-03,15,0,15,0,0,0,0
radiopag.hr,2023-04,11,0,11,0,0,0,0
radiopag.hr,2023-05,30,0,30,0,0,0,0
radiopag.hr,2023-06,38,0,38,0,0,0,0
radiopag.hr,2023-07,46,0,46,0,0,0,0
radiopag.hr,2023-08,46,0,46,0,0,0,0
radiopag.hr,2023-09,25,0,25,0,0,0,0
radiopag.hr,2023-10,29,0,29,0,0,0,0
radiopag.hr,2023-11,20,0,20,0,0,0,0
radiopag.hr,2023-12,38,0,38,0,0,0,0
radiopag.hr,2024-01,9,0,9,0,0,0,0
radiopag.hr,2024-02,26,0,26,0,0,0,0
radiopag.hr,2024-03,25,0,25,0,0,0,0
radiopag.hr,2024-04,34,0,34,0,0,0,0
radiopag.hr,2024-05,26,0,26,0,0,0,0
radiopag.hr,2024-06,33,0,33,0,0,0,0
radiopag.hr,2024-07,36,0,36,0,0,0,0
radiopag.hr,2024-08,41,0,41,0,0,0,0
radiopag.hr,2024-09,30,0,30,0,0,0,0
radiopag.hr,2024-10,37,0,37,0,0,0,0
radiopag.hr,2024-11,26,0,26,0,0,0,0
radiopag.hr,2024-12,31,0,31,0,0,0,0
radiopag.hr,2025-01,31,0,31,0,0,0,0
radiopag.hr,2025-02,68,0,68,0,0,0,0
radiopag.hr,2025-03,44,0,44,0,0,0,0
radiopag.hr,2025-04,57,0,57,0,0,0,0
radiopag.hr,2025-05,68,0,68,0,0,0,0
radiopag.hr,2025-06,88,0,88,0,0,0,0
radiopag.hr,2025-07,240,1,240,1,1,1,0
radiopag.hr,2025-08,68,0,68,0,0,0,0
radiopag.hr,2025-09,72,0,72,0,0,0,0
radiopag.hr,2025-10,1,0,1,0,0,0,0
radiopag.hr,2025-11,27,0,27,0,0,0,0
radiopag.hr,2025-12,52,0,52,0,0,0,0
radiopag.hr,2026-01,67,0,67,0,0,0,0
radiopag.hr,2026-02,49,0,49,0,0,0,0
radiopag.hr,2026-03,75,0,75,0,0,0,0
radiopag.hr,2026-04,65,0,65,0,0,0,0
radiopag.hr,2026-05,67,0,67,0,0,0,0
radiopag.hr,2026-06,71,0,71,0,0,0,0
radiopag.hr,2026-07,73,0,73,0,0,0,0
radiopag.hr,2026-08,99,0,99,0,0,0,0
radiopag.hr,2026-09,23,0,23,0,0,0,0
radioprkos.hr,2021-02,19,0,19,0,0,0,0
radioprkos.hr,2021-05,1,0,1,0,0,0,0
radioprkos.hr,2025-02,1,0,1,0,0,0,0
radiosamobor.hr,2021-01,149,0,149,0,0,0,0
radiosamobor.hr,2021-02,186,0,186,0,0,0,0
radiosamobor.hr,2021-03,212,0,212,0,0,0,0
radiosamobor.hr,2021-04,195,0,195,0,0,0,0
radiosamobor.hr,2021-05,203,0,203,0,0,0,0
radiosamobor.hr,2021-06,187,0,187,0,0,0,0
radiosamobor.hr,2021-07,130,0,130,0,0,0,0
radiosamobor.hr,2021-08,112,0,112,0,0,0,0
radiosamobor.hr,2024-01,1,0,1,0,0,0,0
radiosamobor.hr,2024-02,26,0,26,0,0,0,0
radiosamobor.hr,2024-03,161,0,161,0,0,0,0
radiosamobor.hr,2024-04,160,0,160,0,0,0,0
radiosamobor.hr,2024-05,159,0,159,0,0,0,0
radiosamobor.hr,2024-06,153,0,153,0,0,0,0
radiosamobor.hr,2024-07,111,0,111,0,0,0,0
radiosamobor.hr,2024-08,66,0,66,0,0,0,0
radiosamobor.hr,2024-09,138,0,138,0,0,0,0
radiosamobor.hr,2024-10,168,0,168,0,0,0,0
radiosamobor.hr,2024-11,127,0,127,0,0,0,0
radiosamobor.hr,2024-12,153,0,153,0,0,0,0
radiosamobor.hr,2025-01,100,0,100,0,0,0,0
radiosamobor.hr,2025-02,119,0,119,0,0,0,0
radiosamobor.hr,2025-03,149,0,149,0,0,0,0
radiosamobor.hr,2025-04,157,0,157,0,0,0,0
radiosamobor.hr,2025-05,175,0,175,0,0,0,0
radiosamobor.hr,2025-06,138,0,138,0,0,0,0
radiosamobor.hr,2025-07,135,0,135,0,0,0,0
radiosamobor.hr,2025-08,83,0,83,0,0,0,0
radiosamobor.hr,2025-09,138,0,138,0,0,0,0
radiosamobor.hr,2025-10,165,0,165,0,0,0,0
radiosamobor.hr,2025-11,131,0,131,0,0,0,0
radiosamobor.hr,2025-12,125,0,125,0,0,0,0
radiosamobor.hr,2026-01,104,1,104,1,1,1,0
radiosamobor.hr,2026-02,119,0,119,0,0,0,0
radiosamobor.hr,2026-03,160,0,160,0,0,0,0
radiosamobor.hr,2026-04,143,0,143,0,0,0,0
radiosamobor.hr,2026-05,147,0,147,0,0,0,0
radiosamobor.hr,2026-06,154,0,154,0,0,0,0
radiosamobor.hr,2026-07,74,0,74,0,0,0,0
radiosamobor.hr,2026-08,73,0,73,0,0,0,0
radiosamobor.hr,2026-09,42,0,42,0,0,0,0
radiostudent.hr,2021-01,6,0,6,0,0,0,0
radiostudent.hr,2021-02,12,0,12,0,0,0,0
radiostudent.hr,2021-03,8,0,8,0,0,0,0
radiostudent.hr,2021-04,3,0,3,0,0,0,0
radiostudent.hr,2021-05,2,0,2,0,0,0,0
radiostudent.hr,2021-06,1,0,1,0,0,0,0
radiostudent.hr,2021-09,1,0,1,0,0,0,0
radiostudent.hr,2021-11,6,0,6,0,0,0,0
radiostudent.hr,2021-12,1,0,1,0,0,0,0
radiostudent.hr,2022-01,1,0,1,0,0,0,0
radiostudent.hr,2022-02,5,0,5,0,0,0,0
radiostudent.hr,2022-03,3,0,3,0,0,0,0
radiostudent.hr,2022-04,5,0,5,0,0,0,0
radiostudent.hr,2022-05,4,0,4,0,0,0,0
radiostudent.hr,2022-06,6,0,6,0,0,0,0
radiostudent.hr,2022-08,2,0,2,0,0,0,0
radiostudent.hr,2022-09,3,0,3,0,0,0,0
radiostudent.hr,2022-10,2,0,2,0,0,0,0
radiostudent.hr,2023-02,2,0,2,0,0,0,0
radiostudent.hr,2023-10,2,0,2,0,0,0,0
radiostudent.hr,2023-12,1,0,1,0,0,0,0
radnickaprava.org,2021-01,14,0,14,0,0,0,0
radnickaprava.org,2021-02,20,0,20,0,0,0,0
radnickaprava.org,2021-03,18,0,18,0,0,0,0
radnickaprava.org,2021-04,16,0,16,0,0,0,0
radnickaprava.org,2021-05,13,0,13,0,0,0,0
radnickaprava.org,2021-06,16,0,16,0,0,0,0
radnickaprava.org,2021-07,12,0,12,0,0,0,0
radnickaprava.org,2021-08,13,0,13,0,0,0,0
radnickaprava.org,2021-09,16,0,16,0,0,0,0
radnickaprava.org,2021-10,18,0,18,0,0,0,0
radnickaprava.org,2021-11,26,0,26,0,0,0,0
radnickaprava.org,2021-12,28,0,28,0,0,0,0
radnickaprava.org,2022-01,18,0,18,0,0,0,0
radnickaprava.org,2022-02,26,0,26,0,0,0,0
radnickaprava.org,2022-03,26,1,26,1,1,1,0
radnickaprava.org,2022-04,27,0,27,0,0,0,0
radnickaprava.org,2022-05,22,0,22,0,0,0,0
radnickaprava.org,2022-06,19,0,19,0,0,0,0
radnickaprava.org,2022-07,14,0,14,0,0,0,0
radnickaprava.org,2022-08,14,0,14,0,0,0,0
radnickaprava.org,2022-09,14,0,14,0,0,0,0
radnickaprava.org,2022-10,23,1,23,1,1,1,0
radnickaprava.org,2022-11,19,0,19,0,0,0,0
radnickaprava.org,2022-12,24,0,24,0,0,0,0
radnickaprava.org,2023-01,14,0,14,0,0,0,0
radnickaprava.org,2023-02,15,0,15,0,0,0,0
radnickaprava.org,2023-03,18,0,18,0,0,0,0
radnickaprava.org,2023-04,19,0,19,0,0,0,0
radnickaprava.org,2023-05,17,0,17,0,0,0,0
radnickaprava.org,2023-06,21,0,21,0,0,0,0
radnickaprava.org,2023-07,13,0,13,0,0,0,0
radnickaprava.org,2023-08,14,0,14,0,0,0,0
radnickaprava.org,2023-09,15,0,15,0,0,0,0
radnickaprava.org,2023-10,15,0,15,0,0,0,0
radnickaprava.org,2023-11,20,0,20,0,0,0,0
radnickaprava.org,2023-12,17,0,17,0,0,0,0
radnickaprava.org,2024-01,21,0,21,0,0,0,0
radnickaprava.org,2024-02,13,0,13,0,0,0,0
radnickaprava.org,2024-03,18,0,18,0,0,0,0
radnickaprava.org,2024-04,13,0,13,0,0,0,0
radnickaprava.org,2024-05,23,0,23,0,0,0,0
radnickaprava.org,2024-06,13,0,13,0,0,0,0
radnickaprava.org,2024-07,8,0,8,0,0,0,0
radnickaprava.org,2024-08,13,0,13,0,0,0,0
radnickaprava.org,2024-09,13,0,13,0,0,0,0
radnickaprava.org,2024-10,16,0,16,0,0,0,0
radnickaprava.org,2024-11,12,0,12,0,0,0,0
radnickaprava.org,2024-12,17,0,17,0,0,0,0
radnickaprava.org,2025-01,13,0,13,0,0,0,0
radnickaprava.org,2025-02,11,0,11,0,0,0,0
radnickaprava.org,2025-03,6,0,6,0,0,0,0
radnickaprava.org,2025-04,11,0,11,0,0,0,0
radnickaprava.org,2025-05,14,0,14,0,0,0,0
radnickaprava.org,2025-06,8,0,8,0,0,0,0
radnickaprava.org,2025-07,6,0,6,0,0,0,0
radnickaprava.org,2025-08,10,0,10,0,0,0,0
radnickaprava.org,2025-09,11,0,11,0,0,0,0
radnickaprava.org,2025-10,13,0,13,0,0,0,0
radnickaprava.org,2025-11,13,0,13,0,0,0,0
radnickaprava.org,2025-12,12,0,12,0,0,0,0
radnickaprava.org,2026-01,12,0,12,0,0,0,0
radnickaprava.org,2026-02,7,0,7,0,0,0,0
radnickaprava.org,2026-03,6,0,6,0,0,0,0
radnickaprava.org,2026-04,7,0,7,0,0,0,0
radnickaprava.org,2026-05,9,0,9,0,0,0,0
radnickaprava.org,2026-06,3,0,3,0,0,0,0
radnickaprava.org,2026-07,7,0,7,0,0,0,0
radnickaprava.org,2026-08,3,0,3,0,0,0,0
radnickaprava.org,2026-09,1,0,1,0,0,0,0
ravnododna.com,2021-01,85,0,85,0,0,0,0
ravnododna.com,2021-02,157,0,157,0,0,0,0
ravnododna.com,2021-03,173,0,173,0,0,0,0
ravnododna.com,2021-04,169,0,169,0,0,0,0
ravnododna.com,2021-05,170,0,170,0,0,0,0
ravnododna.com,2021-06,184,0,184,0,0,0,0
ravnododna.com,2021-07,160,0,160,0,0,0,0
ravnododna.com,2021-08,182,0,182,0,0,0,0
ravnododna.com,2021-09,201,0,201,0,0,0,0
ravnododna.com,2021-10,193,0,193,0,0,0,0
ravnododna.com,2021-11,179,0,179,0,0,0,0
ravnododna.com,2021-12,168,0,168,0,0,0,0
ravnododna.com,2022-01,153,0,153,0,0,0,0
ravnododna.com,2022-02,177,0,177,0,0,0,0
ravnododna.com,2022-03,193,0,193,0,0,0,0
ravnododna.com,2022-04,264,0,264,0,0,0,0
ravnododna.com,2022-05,300,0,300,0,0,0,0
ravnododna.com,2022-06,246,0,246,0,0,0,0
ravnododna.com,2022-07,234,0,234,0,0,0,0
ravnododna.com,2022-08,234,0,234,0,0,0,0
ravnododna.com,2022-09,313,0,313,0,0,0,0
ravnododna.com,2022-10,340,0,340,0,0,0,0
ravnododna.com,2022-11,341,0,341,0,0,0,0
ravnododna.com,2022-12,258,0,258,0,0,0,0
ravnododna.com,2023-01,295,0,295,0,0,0,0
ravnododna.com,2023-02,285,0,285,0,0,0,0
ravnododna.com,2023-03,307,0,307,0,0,0,0
ravnododna.com,2023-04,281,0,281,0,0,0,0
ravnododna.com,2023-05,301,0,301,0,0,0,0
ravnododna.com,2023-06,304,0,304,0,0,0,0
ravnododna.com,2023-07,264,0,264,0,0,0,0
ravnododna.com,2023-08,211,0,211,0,0,0,0
ravnododna.com,2023-09,252,0,252,0,0,0,0
ravnododna.com,2023-10,296,0,296,0,0,0,0
ravnododna.com,2023-11,285,0,285,0,0,0,0
ravnododna.com,2023-12,227,0,227,0,0,0,0
ravnododna.com,2024-01,274,0,274,0,0,0,0
ravnododna.com,2024-02,230,0,230,0,0,0,0
ravnododna.com,2024-03,269,0,269,0,0,0,0
ravnododna.com,2024-04,283,0,283,0,0,0,0
ravnododna.com,2024-05,285,0,285,0,0,0,0
ravnododna.com,2024-06,250,0,250,0,0,0,0
ravnododna.com,2024-07,275,0,275,0,0,0,0
ravnododna.com,2024-08,214,0,214,0,0,0,0
ravnododna.com,2024-09,259,0,259,0,0,0,0
ravnododna.com,2024-10,303,0,303,0,0,0,0
ravnododna.com,2024-11,283,0,283,0,0,0,0
ravnododna.com,2024-12,234,0,234,0,0,0,0
ravnododna.com,2025-01,296,0,296,0,0,0,0
ravnododna.com,2025-02,277,0,277,0,0,0,0
ravnododna.com,2025-03,287,0,287,0,0,0,0
ravnododna.com,2025-04,264,0,264,0,0,0,0
ravnododna.com,2025-05,310,0,310,0,0,0,0
ravnododna.com,2025-06,305,0,305,0,0,0,0
ravnododna.com,2025-07,276,0,276,0,0,0,0
ravnododna.com,2025-08,241,0,241,0,0,0,0
ravnododna.com,2025-09,261,0,261,0,0,0,0
ravnododna.com,2025-10,302,0,302,0,0,0,0
ravnododna.com,2025-11,294,0,294,0,0,0,0
ravnododna.com,2025-12,275,0,275,0,0,0,0
ravnododna.com,2026-01,292,0,292,0,0,0,0
ravnododna.com,2026-02,254,0,254,0,0,0,0
ravnododna.com,2026-03,356,0,356,0,0,0,0
ravnododna.com,2026-04,332,0,332,0,0,0,0
ravnododna.com,2026-05,298,0,298,0,0,0,0
ravnododna.com,2026-06,260,0,260,0,0,0,0
ravnododna.com,2026-07,275,0,275,0,0,0,0
ravnododna.com,2026-08,226,0,226,0,0,0,0
ravnododna.com,2026-09,90,0,90,0,0,0,0
razvojni.hr,2022-12,1,0,1,0,0,0,0
reci.hr,2021-01,13,0,13,0,0,0,0
reci.hr,2021-02,8,0,8,0,0,0,0
reci.hr,2021-03,18,0,18,0,0,0,0
reci.hr,2021-04,14,0,14,0,0,0,0
reci.hr,2021-05,17,0,17,0,0,0,0
reci.hr,2021-06,17,0,17,0,0,0,0
reci.hr,2021-07,20,0,20,0,0,0,0
reci.hr,2021-08,4,0,4,0,0,0,0
reci.hr,2021-09,17,0,17,0,0,0,0
reci.hr,2021-10,16,0,16,0,0,0,0
reci.hr,2021-11,20,0,20,0,0,0,0
reci.hr,2021-12,32,0,32,0,0,0,0
reci.hr,2022-01,33,0,33,0,0,0,0
reci.hr,2022-02,28,0,28,0,0,0,0
reci.hr,2022-03,28,0,28,0,0,0,0
reci.hr,2022-04,23,0,23,0,0,0,0
reci.hr,2022-05,28,0,28,0,0,0,0
reci.hr,2022-06,26,0,26,0,0,0,0
reci.hr,2022-07,15,0,15,0,0,0,0
reci.hr,2022-08,9,0,9,0,0,0,0
reci.hr,2022-09,14,0,14,0,0,0,0
reci.hr,2022-10,17,0,17,0,0,0,0
reci.hr,2022-11,13,0,13,0,0,0,0
reci.hr,2022-12,14,0,14,0,0,0,0
reci.hr,2023-01,6,0,6,0,0,0,0
reci.hr,2023-02,7,0,7,0,0,0,0
reci.hr,2023-03,10,0,10,0,0,0,0
reci.hr,2023-04,6,0,6,0,0,0,0
reci.hr,2023-05,6,0,6,0,0,0,0
reci.hr,2023-06,3,0,3,0,0,0,0
reci.hr,2023-07,1,0,1,0,0,0,0
reci.hr,2023-08,4,0,4,0,0,0,0
reci.hr,2023-09,11,0,11,0,0,0,0
reci.hr,2023-10,6,0,6,0,0,0,0
reci.hr,2023-11,12,0,12,0,0,0,0
reci.hr,2023-12,11,0,11,0,0,0,0
reci.hr,2024-01,6,0,6,0,0,0,0
reci.hr,2024-02,6,0,6,0,0,0,0
reci.hr,2024-03,1,0,1,0,0,0,0
reci.hr,2024-04,1,0,1,0,0,0,0
reci.hr,2024-05,8,0,8,0,0,0,0
reci.hr,2024-06,4,0,4,0,0,0,0
reci.hr,2024-07,6,0,6,0,0,0,0
reci.hr,2024-08,11,0,11,0,0,0,0
reci.hr,2024-09,10,0,10,0,0,0,0
reci.hr,2024-10,10,0,10,0,0,0,0
reci.hr,2024-11,7,0,7,0,0,0,0
reci.hr,2024-12,12,0,12,0,0,0,0
reci.hr,2025-02,3,0,3,0,0,0,0
reci.hr,2025-06,2,0,2,0,0,0,0
reci.hr,2025-07,3,0,3,0,0,0,0
reci.hr,2025-09,1,0,1,0,0,0,0
reci.hr,2025-10,2,0,2,0,0,0,0
reci.hr,2025-11,1,0,1,0,0,0,0
reci.hr,2025-12,3,0,3,0,0,0,0
reci.hr,2026-03,2,0,2,0,0,0,0
reci.hr,2026-04,1,0,1,0,0,0,0
reci.hr,2026-06,1,0,1,0,0,0,0
reci.hr,2026-07,1,0,1,0,0,0,0
regionalexpress.hr,2021-01,597,4,597,4,4,4,0
regionalexpress.hr,2021-02,720,1,720,1,1,1,0
regionalexpress.hr,2021-03,879,1,879,1,1,1,0
regionalexpress.hr,2021-04,840,3,840,3,3,3,0
regionalexpress.hr,2021-05,939,1,939,1,1,1,0
regionalexpress.hr,2021-06,710,1,710,1,1,1,0
regionalexpress.hr,2021-07,706,0,706,0,0,0,0
regionalexpress.hr,2021-08,678,0,678,0,0,0,0
regionalexpress.hr,2021-09,695,4,695,4,4,4,0
regionalexpress.hr,2021-10,184,0,184,0,0,0,0
regionalexpress.hr,2023-02,1,0,1,0,0,0,0
regionalexpress.hr,2023-03,1,0,1,0,0,0,0
regionalexpress.hr,2023-06,8,0,8,0,0,0,0
regionalexpress.hr,2024-02,1,0,1,0,0,0,0
regionalexpress.hr,2025-03,1,0,1,0,0,0,0
regionalexpress.hr,2025-12,1,0,1,0,0,0,0
regionalexpress.hr,2026-05,1,0,1,0,0,0,0
regionalni.com,2021-01,542,0,542,0,0,0,0
regionalni.com,2021-02,729,0,729,0,0,0,0
regionalni.com,2021-03,682,0,682,0,0,0,0
regionalni.com,2021-04,655,0,655,0,0,0,0
regionalni.com,2021-05,715,3,715,3,3,3,0
regionalni.com,2021-06,622,0,622,0,0,0,0
regionalni.com,2021-07,630,0,630,0,0,0,0
regionalni.com,2021-08,579,1,579,1,1,1,0
regionalni.com,2021-09,661,1,661,1,1,1,0
regionalni.com,2021-10,675,0,675,0,0,0,0
regionalni.com,2021-11,632,1,632,1,1,1,0
regionalni.com,2021-12,688,0,688,0,0,0,0
regionalni.com,2022-01,594,1,594,1,1,1,0
regionalni.com,2022-02,587,4,587,4,4,4,2
regionalni.com,2022-03,694,3,694,3,3,3,0
regionalni.com,2022-04,629,1,629,1,1,1,0
regionalni.com,2022-05,669,0,669,0,0,0,0
regionalni.com,2022-06,583,1,583,1,1,1,0
regionalni.com,2022-07,631,1,631,1,1,1,0
regionalni.com,2022-08,583,2,583,2,2,2,0
regionalni.com,2022-09,624,0,624,0,0,0,0
regionalni.com,2022-10,632,0,632,0,0,0,0
regionalni.com,2022-11,517,0,517,0,0,0,0
regionalni.com,2022-12,519,2,519,2,2,2,0
regionalni.com,2023-01,498,2,498,2,2,2,0
regionalni.com,2023-02,466,0,466,0,0,0,0
regionalni.com,2023-03,565,0,565,0,0,0,0
regionalni.com,2023-04,522,3,522,3,3,3,1
regionalni.com,2023-05,525,0,525,0,0,0,0
regionalni.com,2023-06,482,0,482,0,0,0,0
regionalni.com,2023-07,485,0,485,0,0,0,0
regionalni.com,2023-08,460,1,460,1,1,1,0
regionalni.com,2023-09,453,1,453,1,1,1,1
regionalni.com,2023-10,427,1,427,1,1,1,1
regionalni.com,2023-11,444,1,444,1,1,1,0
regionalni.com,2023-12,434,2,434,2,2,2,1
regionalni.com,2024-01,427,3,427,3,3,3,1
regionalni.com,2024-02,399,0,399,0,0,0,0
regionalni.com,2024-03,456,2,456,2,2,2,0
regionalni.com,2024-04,433,0,433,0,0,0,0
regionalni.com,2024-05,428,1,428,1,1,1,0
regionalni.com,2024-06,398,1,398,1,1,1,1
regionalni.com,2024-07,390,1,390,1,1,1,0
regionalni.com,2024-08,385,1,385,1,1,1,0
regionalni.com,2024-09,395,0,395,0,0,0,0
regionalni.com,2024-10,289,0,289,0,0,0,0
regionalni.com,2024-11,429,0,429,0,0,0,0
regionalni.com,2024-12,422,0,422,0,0,0,0
regionalni.com,2025-01,401,3,401,3,3,3,1
regionalni.com,2025-02,382,0,382,0,0,0,0
regionalni.com,2025-03,437,0,437,0,0,0,0
regionalni.com,2025-04,443,0,443,0,0,0,0
regionalni.com,2025-05,441,0,441,0,0,0,0
regionalni.com,2025-06,395,1,395,1,1,1,0
regionalni.com,2025-07,400,1,400,1,1,1,0
regionalni.com,2025-08,379,0,379,0,0,0,0
regionalni.com,2025-09,416,1,416,1,1,1,0
regionalni.com,2025-10,455,2,455,2,2,2,0
regionalni.com,2025-11,396,0,396,0,0,0,0
regionalni.com,2025-12,403,2,403,2,2,2,0
regionalni.com,2026-01,380,4,380,4,4,4,0
regionalni.com,2026-02,367,1,367,1,1,1,0
regionalni.com,2026-03,420,0,420,0,0,0,0
regionalni.com,2026-04,404,0,404,0,0,0,0
regionalni.com,2026-05,399,2,399,2,2,2,0
regionalni.com,2026-06,389,0,389,0,0,0,0
regionalni.com,2026-07,415,0,415,0,0,0,0
regionalni.com,2026-08,397,5,397,5,5,5,1
regionalni.com,2026-09,129,0,129,0,0,0,0
regionalni.hr,2026-01,139,1,139,1,1,1,1
regionalni.hr,2026-02,378,1,378,1,1,1,0
regionalni.hr,2026-03,444,0,444,0,0,0,0
regionalni.hr,2026-04,439,1,439,1,1,1,0
regionalni.hr,2026-05,416,4,416,4,4,4,3
regionalni.hr,2026-06,375,1,375,1,1,1,1
regionalni.hr,2026-07,343,0,343,0,0,0,0
regionalni.hr,2026-08,267,0,267,0,0,0,0
regionalni.hr,2026-09,147,0,147,0,0,0,0
rep.hr,2021-01,64,0,64,0,0,0,0
rep.hr,2021-02,87,1,87,1,1,1,0
rep.hr,2021-03,127,1,127,1,1,1,0
rep.hr,2021-04,134,1,134,1,1,1,0
rep.hr,2021-05,94,0,94,0,0,0,0
rep.hr,2021-06,85,0,85,0,0,0,0
rep.hr,2021-07,105,0,105,0,0,0,0
rep.hr,2021-08,106,1,106,1,1,1,1
rep.hr,2021-09,112,0,112,0,0,0,0
rep.hr,2021-10,126,0,126,0,0,0,0
rep.hr,2021-11,129,0,129,0,0,0,0
rep.hr,2021-12,122,1,122,1,1,1,0
rep.hr,2022-01,115,1,115,1,1,1,1
rep.hr,2022-02,205,0,205,0,0,0,0
rep.hr,2022-03,223,1,223,1,1,1,0
rep.hr,2022-04,135,0,135,0,0,0,0
rep.hr,2022-05,139,0,139,0,0,0,0
rep.hr,2022-06,96,1,96,1,1,1,0
rep.hr,2022-07,123,0,123,0,0,0,0
rep.hr,2022-08,98,0,98,0,0,0,0
rep.hr,2022-09,113,1,113,1,1,1,0
rep.hr,2022-10,166,0,166,0,0,0,0
rep.hr,2022-11,136,0,136,0,0,0,0
rep.hr,2022-12,134,3,134,3,3,3,1
rep.hr,2023-01,140,1,140,1,1,1,1
rep.hr,2023-02,139,0,139,0,0,0,0
rep.hr,2023-03,145,0,145,0,0,0,0
rep.hr,2023-04,159,0,159,0,0,0,0
rep.hr,2023-05,184,2,184,2,2,2,1
rep.hr,2023-06,107,0,107,0,0,0,0
rep.hr,2023-07,60,0,60,0,0,0,0
rep.hr,2023-08,61,0,61,0,0,0,0
rep.hr,2023-09,66,0,66,0,0,0,0
rep.hr,2023-10,72,0,72,0,0,0,0
rep.hr,2023-11,77,0,77,0,0,0,0
rep.hr,2023-12,64,0,64,0,0,0,0
rep.hr,2024-01,29,0,29,0,0,0,0
rep.hr,2024-02,4,0,4,0,0,0,0
rep.hr,2024-03,7,0,7,0,0,0,0
rep.hr,2024-04,5,0,5,0,0,0,0
rep.hr,2024-05,6,0,6,0,0,0,0
rep.hr,2024-06,1,0,1,0,0,0,0
rep.hr,2024-08,1,0,1,0,0,0,0
rep.hr,2024-09,1,0,1,0,0,0,0
rep.hr,2024-10,2,0,2,0,0,0,0
rep.hr,2024-12,4,0,4,0,0,0,0
rep.hr,2025-02,1,0,1,0,0,0,0
rep.hr,2025-03,1,0,1,0,0,0,0
rep.hr,2025-05,1,0,1,0,0,0,0
rep.hr,2025-06,2,0,2,0,0,0,0
rep.hr,2025-09,2,0,2,0,0,0,0
rep.hr,2025-11,1,0,1,0,0,0,0
rep.hr,2025-12,2,0,2,0,0,0,0
rep.hr,2026-03,2,0,2,0,0,0,0
rep.hr,2026-04,1,0,1,0,0,0,0
rep.hr,2026-05,2,0,2,0,0,0,0
rep.hr,2026-06,2,0,2,0,0,0,0
rep.hr,2026-08,2,0,2,0,0,0,0
reporter.hr,2025-05,1,0,1,0,0,0,0
reporter.hr,2026-01,1,0,1,0,0,0,0
reporter.hr,2026-03,1,0,1,0,0,0,0
restartaj.org,2024-04,5,0,5,0,0,0,0
restartaj.org,2024-05,1,0,1,0,0,0,0
restartaj.org,2024-06,1,0,1,0,0,0,0
restartaj.org,2024-07,1,0,1,0,0,0,0
restartaj.org,2025-01,2,0,2,0,0,0,0
restartaj.org,2025-05,1,0,1,0,0,0,0
restartaj.org,2025-07,2,0,2,0,0,0,0
restartaj.org,2025-08,1,0,1,0,0,0,0
restartaj.org,2025-09,1,0,1,0,0,0,0
rijekadanas.com,2021-01,501,0,501,0,0,0,0
rijekadanas.com,2021-02,281,0,281,0,0,0,0
rijekadanas.com,2021-03,262,0,262,0,0,0,0
rijekadanas.com,2021-04,263,0,263,0,0,0,0
rijekadanas.com,2021-05,263,0,263,0,0,0,0
rijekadanas.com,2021-06,601,0,601,0,0,0,0
rijekadanas.com,2021-07,1170,3,1170,3,3,3,0
rijekadanas.com,2021-08,748,0,748,0,0,0,0
rijekadanas.com,2021-09,873,1,873,1,1,1,0
rijekadanas.com,2021-10,1190,0,1190,0,0,0,0
rijekadanas.com,2021-11,1619,0,1619,0,0,0,0
rijekadanas.com,2021-12,1130,1,1130,1,1,1,0
rijekadanas.com,2022-01,930,0,930,0,0,0,0
rijekadanas.com,2022-02,880,2,880,2,2,2,0
rijekadanas.com,2022-03,1106,0,1106,0,0,0,0
rijekadanas.com,2022-04,1596,0,1596,0,0,0,0
rijekadanas.com,2022-05,1844,0,1844,0,0,0,0
rijekadanas.com,2022-06,1253,0,1253,0,0,0,0
rijekadanas.com,2022-07,1362,0,1362,0,0,0,0
rijekadanas.com,2022-08,1357,0,1357,0,0,0,0
rijekadanas.com,2022-09,835,1,835,1,1,1,0
rijekadanas.com,2022-10,968,2,968,2,2,2,0
rijekadanas.com,2022-11,930,0,930,0,0,0,0
rijekadanas.com,2022-12,953,1,953,1,1,1,0
rijekadanas.com,2023-01,1342,3,1342,3,3,3,0
rijekadanas.com,2023-02,1022,0,1022,0,0,0,0
rijekadanas.com,2023-03,311,0,311,0,0,0,0
rijekadanas.com,2023-11,19,0,19,0,0,0,0
rijekadanas.com,2023-12,19,0,19,0,0,0,0
rijekadanas.com,2024-01,670,0,670,0,0,0,0
rijekadanas.com,2024-02,820,0,820,0,0,0,0
rijekadanas.com,2024-03,925,0,925,0,0,0,0
rijekadanas.com,2024-04,824,0,824,0,0,0,0
rijekadanas.com,2024-05,817,0,817,0,0,0,0
rijekadanas.com,2024-06,871,0,871,0,0,0,0
rijekadanas.com,2024-07,864,0,864,0,0,0,0
rijekadanas.com,2024-08,902,0,902,0,0,0,0
rijekadanas.com,2024-09,827,0,827,0,0,0,0
rijekadanas.com,2024-10,91,0,91,0,0,0,0
rijekadanas.com,2024-11,349,1,349,1,1,1,1
rijekadanas.com,2024-12,285,0,285,0,0,0,0
rijekadanas.com,2025-01,171,0,171,0,0,0,0
rijekadanas.com,2025-02,295,0,295,0,0,0,0
rijekadanas.com,2025-03,359,0,359,0,0,0,0
rijekadanas.com,2025-04,78,0,78,0,0,0,0
rijekadanas.com,2025-05,91,0,91,0,0,0,0
rijekadanas.com,2025-06,170,0,170,0,0,0,0
rijekadanas.com,2025-07,293,0,293,0,0,0,0
rijekadanas.com,2025-08,39,0,39,0,0,0,0
rijekadanas.com,2025-09,69,0,69,0,0,0,0
rijekadanas.com,2025-10,32,0,32,0,0,0,0
rijekadanas.com,2025-11,4,0,4,0,0,0,0
rijekadanas.com,2025-12,34,0,34,0,0,0,0
rijekadanas.com,2026-01,5,0,5,0,0,0,0
rijekadanas.com,2026-02,51,0,51,0,0,0,0
rijekadanas.com,2026-03,62,0,62,0,0,0,0
rijekadanas.com,2026-04,172,0,172,0,0,0,0
rijekadanas.com,2026-05,687,0,687,0,0,0,0
rijekadanas.com,2026-06,685,0,685,0,0,0,0
rijekadanas.com,2026-07,651,0,651,0,0,0,0
rijekadanas.com,2026-08,652,1,652,1,1,1,0
rijekadanas.com,2026-09,192,0,192,0,0,0,0
riprsten.com,2021-02,1,0,1,0,0,0,0
riprsten.com,2021-05,2,0,2,0,0,0,0
riprsten.com,2021-07,140,0,140,0,0,0,0
riprsten.com,2021-08,92,0,92,0,0,0,0
riprsten.com,2021-09,68,0,68,0,0,0,0
riprsten.com,2021-10,66,0,66,0,0,0,0
riprsten.com,2021-11,61,0,61,0,0,0,0
riprsten.com,2021-12,66,0,66,0,0,0,0
riprsten.com,2022-01,43,0,43,0,0,0,0
riprsten.com,2022-02,43,0,43,0,0,0,0
riprsten.com,2022-03,68,0,68,0,0,0,0
riprsten.com,2022-04,85,0,85,0,0,0,0
riprsten.com,2022-05,79,0,79,0,0,0,0
riprsten.com,2022-06,106,0,106,0,0,0,0
riprsten.com,2022-07,111,0,111,0,0,0,0
riprsten.com,2022-08,95,0,95,0,0,0,0
riprsten.com,2022-09,64,0,64,0,0,0,0
riprsten.com,2022-10,80,0,80,0,0,0,0
riprsten.com,2022-11,75,0,75,0,0,0,0
riprsten.com,2022-12,90,0,90,0,0,0,0
riprsten.com,2023-01,57,0,57,0,0,0,0
riprsten.com,2023-02,75,0,75,0,0,0,0
riprsten.com,2023-03,65,0,65,0,0,0,0
riprsten.com,2023-04,64,0,64,0,0,0,0
riprsten.com,2023-05,66,0,66,0,0,0,0
riprsten.com,2023-06,109,0,109,0,0,0,0
riprsten.com,2023-07,91,0,91,0,0,0,0
riprsten.com,2023-08,72,0,72,0,0,0,0
riprsten.com,2023-09,63,0,63,0,0,0,0
riprsten.com,2023-10,61,0,61,0,0,0,0
riprsten.com,2023-11,70,0,70,0,0,0,0
riprsten.com,2023-12,66,0,66,0,0,0,0
riprsten.com,2024-01,63,0,63,0,0,0,0
riprsten.com,2024-02,46,0,46,0,0,0,0
riprsten.com,2024-03,56,0,56,0,0,0,0
riprsten.com,2024-04,65,0,65,0,0,0,0
riprsten.com,2024-05,87,0,87,0,0,0,0
riprsten.com,2024-06,95,1,95,1,1,1,0
riprsten.com,2024-07,96,0,96,0,0,0,0
riprsten.com,2024-08,86,0,86,0,0,0,0
riprsten.com,2024-09,36,0,36,0,0,0,0
riprsten.com,2025-02,3,0,3,0,0,0,0
riprsten.com,2025-03,84,0,84,0,0,0,0
rivijeranews.hr,2021-01,37,0,37,0,0,0,0
rivijeranews.hr,2021-02,60,0,60,0,0,0,0
rivijeranews.hr,2021-03,1,0,1,0,0,0,0
rivijeranews.hr,2021-04,1,0,1,0,0,0,0
romi.hr,2021-01,7,0,7,0,0,0,0
romi.hr,2021-02,5,0,5,0,0,0,0
romi.hr,2021-03,11,0,11,0,0,0,0
romi.hr,2021-04,15,0,15,0,0,0,0
romi.hr,2021-05,22,0,22,0,0,0,0
romi.hr,2021-06,6,0,6,0,0,0,0
romi.hr,2021-07,5,0,5,0,0,0,0
romi.hr,2021-08,9,0,9,0,0,0,0
romi.hr,2021-09,1,0,1,0,0,0,0
romi.hr,2021-10,6,0,6,0,0,0,0
romi.hr,2021-11,3,0,3,0,0,0,0
romi.hr,2021-12,5,0,5,0,0,0,0
romi.hr,2022-01,5,0,5,0,0,0,0
romi.hr,2022-02,3,0,3,0,0,0,0
romi.hr,2022-03,5,0,5,0,0,0,0
romi.hr,2022-04,7,0,7,0,0,0,0
romi.hr,2022-05,6,0,6,0,0,0,0
romi.hr,2022-06,11,0,11,0,0,0,0
romi.hr,2022-07,7,0,7,0,0,0,0
romi.hr,2022-08,4,0,4,0,0,0,0
romi.hr,2022-09,5,0,5,0,0,0,0
romi.hr,2022-10,5,0,5,0,0,0,0
romi.hr,2022-11,2,0,2,0,0,0,0
romi.hr,2022-12,5,0,5,0,0,0,0
romi.hr,2023-01,2,0,2,0,0,0,0
romi.hr,2023-02,3,0,3,0,0,0,0
romi.hr,2023-04,2,0,2,0,0,0,0
romi.hr,2023-05,4,0,4,0,0,0,0
romi.hr,2023-08,3,0,3,0,0,0,0
romi.hr,2023-12,1,0,1,0,0,0,0
romi.hr,2024-01,2,0,2,0,0,0,0
romi.hr,2024-02,1,0,1,0,0,0,0
romi.hr,2024-03,1,0,1,0,0,0,0
romi.hr,2024-04,1,0,1,0,0,0,0
romi.hr,2024-06,2,0,2,0,0,0,0
romi.hr,2025-04,4,0,4,0,0,0,0
romi.hr,2025-06,33,0,33,0,0,0,0
romi.hr,2025-12,1,0,1,0,0,0,0
romi.hr,2026-03,21,0,21,0,0,0,0
romi.hr,2026-04,1,0,1,0,0,0,0
rtl.hr,2021-01,2996,7,2996,7,7,7,2
rtl.hr,2021-02,4432,12,4432,12,12,12,2
rtl.hr,2021-03,5025,5,5025,5,5,5,2
rtl.hr,2021-04,4579,7,4579,7,7,7,1
rtl.hr,2021-05,4444,5,4444,5,5,5,1
rtl.hr,2021-06,3956,2,3956,2,1,1,1
rtl.hr,2021-07,3980,25,3980,25,25,25,3
rtl.hr,2021-08,3569,12,3569,12,12,12,6
rtl.hr,2021-09,4191,40,4191,40,40,40,6
rtl.hr,2021-10,3830,14,3830,14,14,14,0
rtl.hr,2021-11,3877,4,3877,4,4,4,0
rtl.hr,2021-12,3970,14,3970,14,14,14,3
rtl.hr,2022-01,4378,25,4378,25,25,25,13
rtl.hr,2022-02,4321,46,4321,46,46,46,14
rtl.hr,2022-03,4996,14,4996,14,14,14,3
rtl.hr,2022-04,4121,6,4121,6,6,6,1
rtl.hr,2022-05,2535,3,2535,3,3,3,0
rtl.hr,2022-06,2513,3,2513,3,3,3,1
rtl.hr,2022-07,3929,32,3929,32,29,29,10
rtl.hr,2022-08,3585,14,3585,14,14,14,1
rtl.hr,2022-09,4308,9,4308,9,8,8,3
rtl.hr,2022-10,4046,13,4046,13,13,13,1
rtl.hr,2022-11,869,0,869,0,0,0,0
rtl.hr,2022-12,748,0,748,0,0,0,0
rtl.hr,2023-01,707,0,707,0,0,0,0
rtl.hr,2023-02,649,0,649,0,0,0,0
rtl.hr,2023-03,847,0,847,0,0,0,0
rtl.hr,2023-04,980,0,980,0,0,0,0
rtl.hr,2023-05,705,0,705,0,0,0,0
rtl.hr,2023-06,737,0,737,0,0,0,0
rtl.hr,2023-07,448,0,448,0,0,0,0
rtl.hr,2023-08,410,0,410,0,0,0,0
rtl.hr,2023-09,428,0,428,0,0,0,0
rtl.hr,2023-10,430,0,430,0,0,0,0
rtl.hr,2023-11,473,0,473,0,0,0,0
rtl.hr,2023-12,407,0,407,0,0,0,0
rtl.hr,2024-01,359,0,359,0,0,0,0
rtl.hr,2024-02,374,0,374,0,0,0,0
rtl.hr,2024-03,539,0,539,0,0,0,0
rtl.hr,2024-04,503,0,503,0,0,0,0
rtl.hr,2024-05,571,0,571,0,0,0,0
rtl.hr,2024-06,584,0,584,0,0,0,0
rtl.hr,2024-07,433,0,433,0,0,0,0
rtl.hr,2024-08,420,0,420,0,0,0,0
rtl.hr,2024-09,682,1,682,1,1,1,0
rtl.hr,2024-10,805,0,805,0,0,0,0
rtl.hr,2024-11,913,0,913,0,0,0,0
rtl.hr,2024-12,778,0,778,0,0,0,0
rtl.hr,2025-01,642,0,642,0,0,0,0
rtl.hr,2025-02,720,0,720,0,0,0,0
rtl.hr,2025-03,905,0,905,0,0,0,0
rtl.hr,2025-04,916,0,916,0,0,0,0
rtl.hr,2025-05,1055,0,1055,0,0,0,0
rtl.hr,2025-06,452,0,452,0,0,0,0
rtl.hr,2025-07,691,0,691,0,0,0,0
rtl.hr,2025-08,700,0,700,0,0,0,0
rtl.hr,2025-09,892,0,892,0,0,0,0
rtl.hr,2025-10,837,0,837,0,0,0,0
rtl.hr,2025-11,724,0,724,0,0,0,0
rtl.hr,2025-12,669,0,669,0,0,0,0
rtl.hr,2026-01,659,0,659,0,0,0,0
rtl.hr,2026-02,749,0,749,0,0,0,0
rtl.hr,2026-03,951,0,951,0,0,0,0
rtl.hr,2026-04,874,0,874,0,0,0,0
rtl.hr,2026-05,758,0,758,0,0,0,0
rtl.hr,2026-06,567,0,567,0,0,0,0
rtl.hr,2026-07,536,0,536,0,0,0,0
rtl.hr,2026-08,499,0,499,0,0,0,0
rtl.hr,2026-09,679,0,679,0,0,0,0
sabh.hr,2021-01,16,0,16,0,0,0,0
sabh.hr,2021-02,22,0,22,0,0,0,0
sabh.hr,2021-03,28,0,28,0,0,0,0
sabh.hr,2021-04,26,0,26,0,0,0,0
sabh.hr,2021-05,53,0,53,0,0,0,0
sabh.hr,2021-06,48,0,48,0,0,0,0
sabh.hr,2021-07,58,0,58,0,0,0,0
sabh.hr,2021-08,81,0,81,0,0,0,0
sabh.hr,2021-09,106,0,106,0,0,0,0
sabh.hr,2021-10,67,0,67,0,0,0,0
sabh.hr,2021-11,104,0,104,0,0,0,0
sabh.hr,2021-12,67,0,67,0,0,0,0
sabh.hr,2022-01,85,1,85,1,1,1,1
sabh.hr,2022-02,80,1,80,1,1,1,0
sabh.hr,2022-03,57,0,57,0,0,0,0
sabh.hr,2022-04,99,0,99,0,0,0,0
sabh.hr,2022-05,142,0,142,0,0,0,0
sabh.hr,2022-06,144,0,144,0,0,0,0
sabh.hr,2022-07,124,1,124,1,1,1,0
sabh.hr,2022-08,136,0,136,0,0,0,0
sabh.hr,2022-09,110,0,110,0,0,0,0
sabh.hr,2022-10,89,0,89,0,0,0,0
sabh.hr,2022-11,87,0,87,0,0,0,0
sabh.hr,2022-12,90,0,90,0,0,0,0
sabh.hr,2023-01,108,2,108,2,2,2,0
sabh.hr,2023-02,106,0,106,0,0,0,0
sabh.hr,2023-03,108,1,108,1,1,1,0
sabh.hr,2023-04,136,0,136,0,0,0,0
sabh.hr,2023-05,80,1,80,1,1,1,0
sabh.hr,2023-06,86,0,86,0,0,0,0
sabh.hr,2023-07,79,0,79,0,0,0,0
sabh.hr,2023-08,146,0,146,0,0,0,0
sabh.hr,2023-09,96,0,96,0,0,0,0
sabh.hr,2023-10,128,0,128,0,0,0,0
sabh.hr,2023-11,114,1,114,1,1,1,0
sabh.hr,2023-12,87,1,87,1,1,1,0
sabh.hr,2024-01,124,0,124,0,0,0,0
sabh.hr,2024-02,73,0,73,0,0,0,0
sabh.hr,2024-03,56,0,56,0,0,0,0
sabh.hr,2024-04,61,0,61,0,0,0,0
sabh.hr,2024-05,76,0,76,0,0,0,0
sabh.hr,2024-06,44,0,44,0,0,0,0
sabh.hr,2024-07,56,0,56,0,0,0,0
sabh.hr,2024-08,5,0,5,0,0,0,0
sabh.hr,2024-10,3,0,3,0,0,0,0
sabh.hr,2024-11,1,0,1,0,0,0,0
sabh.hr,2024-12,16,0,16,0,0,0,0
sabh.hr,2025-01,41,0,41,0,0,0,0
sabh.hr,2025-02,36,1,36,1,1,1,0
sabh.hr,2025-04,2,0,2,0,0,0,0
sabh.hr,2025-06,1,0,1,0,0,0,0
sabh.hr,2025-07,14,0,14,0,0,0,0
sabh.hr,2025-08,3,0,3,0,0,0,0
sabh.hr,2025-09,2,0,2,0,0,0,0
sabh.hr,2025-10,4,0,4,0,0,0,0
sabh.hr,2025-11,2,0,2,0,0,0,0
sabh.hr,2025-12,1,0,1,0,0,0,0
sabh.hr,2026-01,8,0,8,0,0,0,0
sabh.hr,2026-02,2,0,2,0,0,0,0
sabh.hr,2026-03,1,0,1,0,0,0,0
sabh.hr,2026-04,18,0,18,0,0,0,0
sabh.hr,2026-05,13,0,13,0,0,0,0
sabh.hr,2026-06,1,0,1,0,0,0,0
savjeti.hr,2021-08,10,0,10,0,0,0,0
savjeti.hr,2021-09,7,1,7,1,1,1,0
savjeti.hr,2021-10,3,0,3,0,0,0,0
savjeti.hr,2021-11,4,0,4,0,0,0,0
savjeti.hr,2021-12,2,0,2,0,0,0,0
savjeti.hr,2022-01,3,0,3,0,0,0,0
savjeti.hr,2022-02,3,0,3,0,0,0,0
savjeti.hr,2022-03,3,0,3,0,0,0,0
savjeti.hr,2022-04,4,0,4,0,0,0,0
savjeti.hr,2022-05,3,0,3,0,0,0,0
savjeti.hr,2022-06,1,0,1,0,0,0,0
savjeti.hr,2022-07,10,0,10,0,0,0,0
savjeti.hr,2022-08,4,0,4,0,0,0,0
savjeti.hr,2022-09,3,0,3,0,0,0,0
savjeti.hr,2022-10,4,1,4,1,1,1,0
savjeti.hr,2022-11,8,2,8,2,2,2,0
savjeti.hr,2022-12,5,0,5,0,0,0,0
savjeti.hr,2023-01,31,2,31,2,2,2,0
savjeti.hr,2023-02,19,1,19,1,1,1,0
savjeti.hr,2023-03,23,0,23,0,0,0,0
savjeti.hr,2023-04,19,0,19,0,0,0,0
savjeti.hr,2023-05,21,0,21,0,0,0,0
savjeti.hr,2023-06,17,0,17,0,0,0,0
savjeti.hr,2023-07,14,0,14,0,0,0,0
savjeti.hr,2023-08,15,1,15,1,1,1,0
savjeti.hr,2023-09,22,0,22,0,0,0,0
savjeti.hr,2023-10,26,0,26,0,0,0,0
savjeti.hr,2023-11,23,0,23,0,0,0,0
savjeti.hr,2023-12,21,0,21,0,0,0,0
savjeti.hr,2024-01,17,0,17,0,0,0,0
savjeti.hr,2024-02,21,1,21,1,1,1,0
savjeti.hr,2024-03,20,0,20,0,0,0,0
savjeti.hr,2024-04,17,0,17,0,0,0,0
savjeti.hr,2024-05,24,0,24,0,0,0,0
savjeti.hr,2024-06,23,0,23,0,0,0,0
savjeti.hr,2024-07,17,0,17,0,0,0,0
savjeti.hr,2024-08,1,0,1,0,0,0,0
scubalife.hr,2021-01,3,0,3,0,0,0,0
scubalife.hr,2021-02,6,0,6,0,0,0,0
scubalife.hr,2021-03,7,0,7,0,0,0,0
scubalife.hr,2021-04,9,0,9,0,0,0,0
scubalife.hr,2021-05,15,0,15,0,0,0,0
scubalife.hr,2021-06,8,0,8,0,0,0,0
scubalife.hr,2021-07,12,0,12,0,0,0,0
scubalife.hr,2021-08,9,0,9,0,0,0,0
scubalife.hr,2021-09,17,0,17,0,0,0,0
scubalife.hr,2021-10,15,0,15,0,0,0,0
scubalife.hr,2021-11,11,0,11,0,0,0,0
scubalife.hr,2021-12,12,0,12,0,0,0,0
scubalife.hr,2022-01,14,0,14,0,0,0,0
scubalife.hr,2022-02,24,0,24,0,0,0,0
scubalife.hr,2022-03,24,0,24,0,0,0,0
scubalife.hr,2022-04,17,0,17,0,0,0,0
scubalife.hr,2022-05,28,0,28,0,0,0,0
scubalife.hr,2022-06,23,0,23,0,0,0,0
scubalife.hr,2022-07,22,0,22,0,0,0,0
scubalife.hr,2022-08,23,0,23,0,0,0,0
scubalife.hr,2022-09,28,0,28,0,0,0,0
scubalife.hr,2022-10,20,0,20,0,0,0,0
scubalife.hr,2022-11,29,0,29,0,0,0,0
scubalife.hr,2022-12,31,0,31,0,0,0,0
scubalife.hr,2023-01,23,0,23,0,0,0,0
scubalife.hr,2023-02,22,0,22,0,0,0,0
scubalife.hr,2023-03,28,0,28,0,0,0,0
scubalife.hr,2023-04,30,0,30,0,0,0,0
scubalife.hr,2023-05,37,0,37,0,0,0,0
scubalife.hr,2023-06,34,0,34,0,0,0,0
scubalife.hr,2023-07,33,0,33,0,0,0,0
scubalife.hr,2023-08,30,0,30,0,0,0,0
scubalife.hr,2023-09,36,0,36,0,0,0,0
scubalife.hr,2023-10,32,0,32,0,0,0,0
scubalife.hr,2023-11,37,0,37,0,0,0,0
scubalife.hr,2023-12,29,0,29,0,0,0,0
scubalife.hr,2024-01,34,0,34,0,0,0,0
scubalife.hr,2024-02,30,0,30,0,0,0,0
scubalife.hr,2024-03,39,0,39,0,0,0,0
scubalife.hr,2024-04,32,0,32,0,0,0,0
scubalife.hr,2024-05,39,0,39,0,0,0,0
scubalife.hr,2024-06,37,0,37,0,0,0,0
scubalife.hr,2024-07,36,0,36,0,0,0,0
scubalife.hr,2024-08,38,0,38,0,0,0,0
scubalife.hr,2024-09,42,0,42,0,0,0,0
scubalife.hr,2024-10,42,0,42,0,0,0,0
scubalife.hr,2024-11,45,0,45,0,0,0,0
scubalife.hr,2024-12,42,0,42,0,0,0,0
scubalife.hr,2025-01,35,0,35,0,0,0,0
scubalife.hr,2025-02,28,0,28,0,0,0,0
scubalife.hr,2025-03,33,0,33,0,0,0,0
scubalife.hr,2025-04,30,0,30,0,0,0,0
scubalife.hr,2025-05,35,0,35,0,0,0,0
scubalife.hr,2025-06,30,0,30,0,0,0,0
scubalife.hr,2025-07,44,0,44,0,0,0,0
scubalife.hr,2025-08,29,0,29,0,0,0,0
scubalife.hr,2025-09,34,0,34,0,0,0,0
scubalife.hr,2025-10,36,0,36,0,0,0,0
scubalife.hr,2025-11,28,0,28,0,0,0,0
scubalife.hr,2025-12,33,0,33,0,0,0,0
scubalife.hr,2026-01,41,0,41,0,0,0,0
scubalife.hr,2026-02,15,0,15,0,0,0,0
scubalife.hr,2026-03,42,0,42,0,0,0,0
scubalife.hr,2026-04,36,0,36,0,0,0,0
scubalife.hr,2026-05,31,0,31,0,0,0,0
scubalife.hr,2026-06,30,0,30,0,0,0,0
scubalife.hr,2026-07,33,0,33,0,0,0,0
scubalife.hr,2026-08,28,0,28,0,0,0,0
scubalife.hr,2026-09,7,0,7,0,0,0,0
senjskabura.hr,2021-01,97,0,97,0,0,0,0
senjskabura.hr,2021-02,50,0,50,0,0,0,0
senjskabura.hr,2021-03,1,0,1,0,0,0,0
senjskabura.hr,2021-04,37,0,37,0,0,0,0
senjskabura.hr,2024-01,1,0,1,0,0,0,0
senjskabura.hr,2024-03,1,0,1,0,0,0,0
senjskabura.hr,2024-05,1,0,1,0,0,0,0
senjskabura.hr,2024-09,1,0,1,0,0,0,0
senjskabura.hr,2024-10,2,0,2,0,0,0,0
senjskabura.hr,2025-01,1,0,1,0,0,0,0
senjskabura.hr,2025-02,42,0,42,0,0,0,0
senjskabura.hr,2025-03,70,0,70,0,0,0,0
senjskabura.hr,2025-04,51,0,51,0,0,0,0
senjskabura.hr,2025-05,68,0,68,0,0,0,0
senjskabura.hr,2025-06,68,0,68,0,0,0,0
senjskabura.hr,2025-07,59,1,59,1,1,1,0
senjskabura.hr,2025-08,69,0,69,0,0,0,0
senjskabura.hr,2025-09,52,0,52,0,0,0,0
senjskabura.hr,2025-10,65,0,65,0,0,0,0
senjskabura.hr,2025-11,67,0,67,0,0,0,0
senjskabura.hr,2025-12,25,0,25,0,0,0,0
senjskabura.hr,2026-01,67,0,67,0,0,0,0
senjskabura.hr,2026-02,9,0,9,0,0,0,0
senjskabura.hr,2026-03,3,0,3,0,0,0,0
senjskabura.hr,2026-04,71,0,71,0,0,0,0
senjskabura.hr,2026-05,42,0,42,0,0,0,0
senjskabura.hr,2026-06,64,0,64,0,0,0,0
senjskabura.hr,2026-07,47,0,47,0,0,0,0
sesvete-danas.hr,2021-01,4,0,4,0,0,0,0
sesvete-danas.hr,2021-02,24,0,24,0,0,0,0
sesvete-danas.hr,2021-03,10,0,10,0,0,0,0
sesvete-danas.hr,2021-04,10,0,10,0,0,0,0
sesvete-danas.hr,2021-05,13,0,13,0,0,0,0
sesvete-danas.hr,2021-06,27,0,27,0,0,0,0
sesvete-danas.hr,2021-07,162,1,162,1,1,1,0
sesvete-danas.hr,2021-08,101,0,101,0,0,0,0
sesvete-danas.hr,2021-09,135,0,135,0,0,0,0
sesvete-danas.hr,2021-10,106,0,106,0,0,0,0
sesvete-danas.hr,2024-02,20,0,20,0,0,0,0
sesvete-danas.hr,2024-03,131,0,131,0,0,0,0
sesvete-danas.hr,2024-04,105,0,105,0,0,0,0
sesvete-danas.hr,2024-05,105,0,105,0,0,0,0
sesvete-danas.hr,2024-06,115,0,115,0,0,0,0
sesvete-danas.hr,2024-07,91,0,91,0,0,0,0
sesvete-danas.hr,2024-08,84,0,84,0,0,0,0
sesvete-danas.hr,2024-09,83,0,83,0,0,0,0
sesvete-danas.hr,2024-10,102,0,102,0,0,0,0
sesvete-danas.hr,2024-11,92,0,92,0,0,0,0
sesvete-danas.hr,2024-12,103,0,103,0,0,0,0
sesvete-danas.hr,2025-01,73,0,73,0,0,0,0
sesvete-danas.hr,2025-02,98,1,98,1,1,1,1
sesvete-danas.hr,2025-03,108,0,108,0,0,0,0
sesvete-danas.hr,2025-04,102,0,102,0,0,0,0
sesvete-danas.hr,2025-05,124,0,124,0,0,0,0
sesvete-danas.hr,2025-06,109,0,109,0,0,0,0
sesvete-danas.hr,2025-07,82,1,82,1,1,1,0
sesvete-danas.hr,2025-08,80,1,80,1,1,1,0
sesvete-danas.hr,2025-09,94,0,94,0,0,0,0
sesvete-danas.hr,2025-10,97,0,97,0,0,0,0
sesvete-danas.hr,2025-11,116,0,116,0,0,0,0
sesvete-danas.hr,2025-12,102,0,102,0,0,0,0
sesvete-danas.hr,2026-01,88,0,88,0,0,0,0
sesvete-danas.hr,2026-02,94,0,94,0,0,0,0
sesvete-danas.hr,2026-03,118,1,118,1,1,1,1
sesvete-danas.hr,2026-04,134,0,134,0,0,0,0
sesvete-danas.hr,2026-05,114,0,114,0,0,0,0
sesvete-danas.hr,2026-06,104,0,104,0,0,0,0
sesvete-danas.hr,2026-07,75,0,75,0,0,0,0
sesvete-danas.hr,2026-08,73,0,73,0,0,0,0
sesvete-danas.hr,2026-09,40,0,40,0,0,0,0
she.hr,2021-01,96,0,96,0,0,0,0
she.hr,2021-02,171,0,171,0,0,0,0
she.hr,2021-03,196,0,196,0,0,0,0
she.hr,2021-04,178,0,178,0,0,0,0
she.hr,2021-05,197,1,197,1,1,1,0
she.hr,2021-06,200,0,200,0,0,0,0
she.hr,2021-07,192,0,192,0,0,0,0
she.hr,2021-08,163,0,163,0,0,0,0
she.hr,2021-09,225,0,225,0,0,0,0
she.hr,2021-10,200,0,200,0,0,0,0
she.hr,2021-11,188,0,188,0,0,0,0
she.hr,2021-12,195,0,195,0,0,0,0
she.hr,2022-01,165,0,165,0,0,0,0
she.hr,2022-02,179,0,179,0,0,0,0
she.hr,2022-03,203,0,203,0,0,0,0
she.hr,2022-04,196,0,196,0,0,0,0
she.hr,2022-05,227,0,227,0,0,0,0
she.hr,2022-06,199,0,199,0,0,0,0
she.hr,2022-07,182,0,182,0,0,0,0
she.hr,2022-08,164,0,164,0,0,0,0
she.hr,2022-09,191,0,191,0,0,0,0
she.hr,2022-10,204,0,204,0,0,0,0
she.hr,2022-11,207,0,207,0,0,0,0
she.hr,2022-12,172,0,172,0,0,0,0
she.hr,2023-01,180,0,180,0,0,0,0
she.hr,2023-02,180,0,180,0,0,0,0
she.hr,2023-03,224,0,224,0,0,0,0
she.hr,2023-04,185,0,185,0,0,0,0
she.hr,2023-05,205,0,205,0,0,0,0
she.hr,2023-06,215,0,215,0,0,0,0
she.hr,2023-07,192,0,192,0,0,0,0
she.hr,2023-08,172,1,172,1,1,1,0
she.hr,2023-09,194,1,194,1,1,1,0
she.hr,2023-10,212,0,212,0,0,0,0
she.hr,2023-11,218,0,218,0,0,0,0
she.hr,2023-12,189,0,189,0,0,0,0
she.hr,2024-01,182,0,182,0,0,0,0
she.hr,2024-02,185,0,185,0,0,0,0
she.hr,2024-03,193,0,193,0,0,0,0
she.hr,2024-04,193,0,193,0,0,0,0
she.hr,2024-05,204,0,204,0,0,0,0
she.hr,2024-06,188,1,188,1,1,1,0
she.hr,2024-07,191,1,191,1,1,1,0
she.hr,2024-08,162,0,162,0,0,0,0
she.hr,2024-09,201,0,201,0,0,0,0
she.hr,2024-10,211,0,211,0,0,0,0
she.hr,2024-11,212,0,212,0,0,0,0
she.hr,2024-12,185,0,185,0,0,0,0
she.hr,2025-01,175,0,175,0,0,0,0
she.hr,2025-02,180,0,180,0,0,0,0
she.hr,2025-03,198,0,198,0,0,0,0
she.hr,2025-04,186,0,186,0,0,0,0
she.hr,2025-05,217,0,217,0,0,0,0
she.hr,2025-06,207,0,207,0,0,0,0
she.hr,2025-07,199,0,199,0,0,0,0
she.hr,2025-08,180,0,180,0,0,0,0
she.hr,2025-09,207,0,207,0,0,0,0
she.hr,2025-10,200,0,200,0,0,0,0
she.hr,2025-11,214,0,214,0,0,0,0
she.hr,2025-12,180,0,180,0,0,0,0
she.hr,2026-01,163,0,163,0,0,0,0
she.hr,2026-02,129,0,129,0,0,0,0
she.hr,2026-03,216,0,216,0,0,0,0
she.hr,2026-04,195,0,195,0,0,0,0
she.hr,2026-05,189,0,189,0,0,0,0
she.hr,2026-06,182,0,182,0,0,0,0
she.hr,2026-07,178,0,178,0,0,0,0
she.hr,2026-08,140,0,140,0,0,0,0
she.hr,2026-09,65,0,65,0,0,0,0
sibenik.in,2021-01,1391,3,1391,3,3,3,0
sibenik.in,2021-02,1373,1,1373,1,1,1,1
sibenik.in,2021-03,1151,1,1151,1,1,1,1
sibenik.in,2021-04,1376,2,1376,2,2,2,0
sibenik.in,2021-05,231,0,231,0,0,0,0
sibenik.in,2021-06,72,0,72,0,0,0,0
sibenik.in,2021-07,1378,9,1378,9,9,9,1
sibenik.in,2021-08,1274,9,1274,9,9,9,1
sibenik.in,2021-09,1213,9,1213,9,9,9,1
sibenik.in,2021-10,1313,6,1313,6,6,6,1
sibenik.in,2021-11,1337,3,1337,3,3,3,0
sibenik.in,2021-12,1403,3,1403,3,3,3,0
sibenik.in,2022-01,1344,6,1344,6,6,6,0
sibenik.in,2022-02,1229,22,1229,22,22,22,3
sibenik.in,2022-03,1365,4,1365,4,4,4,0
sibenik.in,2022-04,1391,7,1391,7,7,7,0
sibenik.in,2022-05,1414,9,1414,9,9,9,2
sibenik.in,2022-06,1374,4,1374,4,4,4,0
sibenik.in,2022-07,1428,18,1428,18,17,17,4
sibenik.in,2022-08,1395,6,1395,6,6,6,1
sibenik.in,2022-09,1406,3,1406,3,3,3,0
sibenik.in,2022-10,1491,10,1491,10,10,10,2
sibenik.in,2022-11,1400,6,1400,6,6,6,0
sibenik.in,2022-12,1345,15,1345,15,15,15,1
sibenik.in,2023-01,1287,13,1287,13,13,13,2
sibenik.in,2023-02,1270,6,1270,6,6,6,0
sibenik.in,2023-03,1448,3,1448,3,3,3,0
sibenik.in,2023-04,1315,3,1315,3,3,3,0
sibenik.in,2023-05,1351,3,1351,3,3,3,0
sibenik.in,2023-06,1287,6,1287,6,6,6,0
sibenik.in,2023-07,1306,2,1306,2,2,2,0
sibenik.in,2023-08,1293,2,1293,2,2,2,0
sibenik.in,2023-09,1247,4,1247,4,4,4,0
sibenik.in,2023-10,1346,4,1346,4,4,4,1
sibenik.in,2023-11,1297,9,1297,9,9,9,0
sibenik.in,2023-12,1237,4,1237,4,4,4,3
sibenik.in,2024-01,1213,2,1213,2,2,2,1
sibenik.in,2024-02,1209,0,1209,0,0,0,0
sibenik.in,2024-03,1259,6,1259,6,6,6,2
sibenik.in,2024-04,1271,1,1271,1,1,1,0
sibenik.in,2024-05,1235,3,1235,3,3,3,0
sibenik.in,2024-06,907,2,907,2,2,2,0
sibenik.in,2024-07,1047,2,1047,2,2,2,0
sibenik.in,2024-08,1180,3,1180,3,3,3,0
sibenik.in,2024-09,1227,3,1227,3,3,3,0
sibenik.in,2024-10,1381,2,1381,2,2,2,1
sibenik.in,2024-11,1349,4,1349,4,4,4,0
sibenik.in,2024-12,1398,8,1398,8,8,8,2
sibenik.in,2025-01,1263,3,1263,3,3,3,0
sibenik.in,2025-02,1128,8,1128,8,8,8,2
sibenik.in,2025-03,1341,3,1341,3,3,3,0
sibenik.in,2025-04,1264,3,1264,3,3,3,0
sibenik.in,2025-05,1296,1,1296,1,1,1,0
sibenik.in,2025-06,1245,3,1245,3,3,3,0
sibenik.in,2025-07,1305,3,1305,3,3,3,0
sibenik.in,2025-08,1223,1,1223,1,1,1,0
sibenik.in,2025-09,974,2,974,2,2,2,0
sibenik.in,2025-10,595,0,595,0,0,0,0
sibenik.in,2025-11,588,0,588,0,0,0,0
sibenik.in,2025-12,657,0,657,0,0,0,0
sibenik.in,2026-01,597,2,597,2,2,2,0
sibenik.in,2026-02,568,2,568,2,2,2,0
sibenik.in,2026-03,686,1,686,1,1,1,1
sibenik.in,2026-04,667,0,667,0,0,0,0
sibenik.in,2026-05,680,0,680,0,0,0,0
sibenik.in,2026-06,636,0,636,0,0,0,0
sibenik.in,2026-07,675,0,675,0,0,0,0
sibenik.in,2026-08,671,0,671,0,0,0,0
sibenik.in,2026-09,248,0,248,0,0,0,0
sibenskikanal.hr,2026-05,358,0,358,0,0,0,0
sibenskikanal.hr,2026-06,384,0,384,0,0,0,0
sibenskikanal.hr,2026-07,356,0,356,0,0,0,0
sibenskikanal.hr,2026-08,304,0,304,0,0,0,0
sibenskikanal.hr,2026-09,98,0,98,0,0,0,0
sibenskiportal.hr,2021-01,665,0,665,0,0,0,0
sibenskiportal.hr,2021-02,740,0,740,0,0,0,0
sibenskiportal.hr,2021-03,867,0,867,0,0,0,0
sibenskiportal.hr,2021-04,799,0,799,0,0,0,0
sibenskiportal.hr,2021-05,851,0,851,0,0,0,0
sibenskiportal.hr,2021-06,774,0,774,0,0,0,0
sibenskiportal.hr,2021-07,851,2,851,2,2,2,0
sibenskiportal.hr,2021-08,810,1,810,1,1,1,0
sibenskiportal.hr,2021-09,795,1,795,1,1,1,0
sibenskiportal.hr,2021-10,815,1,815,1,1,1,0
sibenskiportal.hr,2021-11,698,0,698,0,0,0,0
sibenskiportal.hr,2021-12,812,0,812,0,0,0,0
sibenskiportal.hr,2022-01,691,1,691,1,1,1,1
sibenskiportal.hr,2022-02,700,3,700,3,3,3,1
sibenskiportal.hr,2022-03,836,1,836,1,1,1,0
sibenskiportal.hr,2022-04,766,1,766,1,1,1,0
sibenskiportal.hr,2022-05,863,2,863,2,2,2,0
sibenskiportal.hr,2022-06,867,1,867,1,1,1,0
sibenskiportal.hr,2022-07,829,1,829,1,1,1,0
sibenskiportal.hr,2022-08,672,0,672,0,0,0,0
sibenskiportal.hr,2022-09,664,2,664,2,2,2,0
sibenskiportal.hr,2022-10,599,0,599,0,0,0,0
sibenskiportal.hr,2022-11,574,0,574,0,0,0,0
sibenskiportal.hr,2022-12,591,4,591,4,4,4,0
sibenskiportal.hr,2023-01,515,3,515,3,3,3,1
sibenskiportal.hr,2023-02,478,0,478,0,0,0,0
sibenskiportal.hr,2023-03,543,0,543,0,0,0,0
sibenskiportal.hr,2023-04,484,0,484,0,0,0,0
sibenskiportal.hr,2023-05,510,0,510,0,0,0,0
sibenskiportal.hr,2023-06,471,0,471,0,0,0,0
sibenskiportal.hr,2023-07,471,0,471,0,0,0,0
sibenskiportal.hr,2023-08,411,0,411,0,0,0,0
sibenskiportal.hr,2023-09,403,2,403,2,2,2,0
sibenskiportal.hr,2023-10,453,0,453,0,0,0,0
sibenskiportal.hr,2023-11,476,1,476,1,1,1,0
sibenskiportal.hr,2023-12,454,1,454,1,1,1,1
sibenskiportal.hr,2024-01,438,2,438,2,2,2,1
sibenskiportal.hr,2024-02,459,0,459,0,0,0,0
sibenskiportal.hr,2024-03,454,0,454,0,0,0,0
sibenskiportal.hr,2024-04,456,0,456,0,0,0,0
sibenskiportal.hr,2024-05,496,0,496,0,0,0,0
sibenskiportal.hr,2024-06,494,3,494,3,3,3,0
sibenskiportal.hr,2024-07,488,0,488,0,0,0,0
sibenskiportal.hr,2024-08,481,1,481,1,1,1,1
sibenskiportal.hr,2024-09,462,0,462,0,0,0,0
sibenskiportal.hr,2024-10,445,0,445,0,0,0,0
sibenskiportal.hr,2024-11,406,0,406,0,0,0,0
sibenskiportal.hr,2024-12,403,1,403,1,1,1,0
sibenskiportal.hr,2025-01,343,0,343,0,0,0,0
sibenskiportal.hr,2025-02,344,0,344,0,0,0,0
sibenskiportal.hr,2025-03,45,0,45,0,0,0,0
sinjskarera.hr,2021-01,2,0,2,0,0,0,0
sinjskarera.hr,2021-02,1,0,1,0,0,0,0
sinjskarera.hr,2021-03,3,0,3,0,0,0,0
sinjskarera.hr,2021-04,1,0,1,0,0,0,0
sinjskarera.hr,2021-05,2,0,2,0,0,0,0
sinjskarera.hr,2021-06,2,0,2,0,0,0,0
sinjskarera.hr,2021-07,5,0,5,0,0,0,0
sinjskarera.hr,2021-08,1,0,1,0,0,0,0
sinjskarera.hr,2021-09,2,0,2,0,0,0,0
sinjskarera.hr,2021-10,43,0,43,0,0,0,0
sinjskarera.hr,2021-11,1,0,1,0,0,0,0
sinjskarera.hr,2021-12,2,0,2,0,0,0,0
sinjskarera.hr,2022-01,3,0,3,0,0,0,0
sinjskarera.hr,2022-02,1,0,1,0,0,0,0
sinjskarera.hr,2022-03,3,0,3,0,0,0,0
sinjskarera.hr,2022-04,1,0,1,0,0,0,0
sinjskarera.hr,2022-05,9,0,9,0,0,0,0
sinjskarera.hr,2022-06,44,0,44,0,0,0,0
sinjskarera.hr,2022-07,238,0,238,0,0,0,0
sinjskarera.hr,2022-08,265,0,265,0,0,0,0
sinjskarera.hr,2022-09,232,0,232,0,0,0,0
sinjskarera.hr,2022-10,250,0,250,0,0,0,0
sinjskarera.hr,2022-11,237,0,237,0,0,0,0
sinjskarera.hr,2022-12,226,0,226,0,0,0,0
sinjskarera.hr,2023-01,199,0,199,0,0,0,0
sinjskarera.hr,2023-02,173,0,173,0,0,0,0
sinjskarera.hr,2023-03,211,0,211,0,0,0,0
sinjskarera.hr,2023-04,201,0,201,0,0,0,0
sinjskarera.hr,2023-05,216,0,216,0,0,0,0
sinjskarera.hr,2023-06,184,0,184,0,0,0,0
sinjskarera.hr,2023-07,233,0,233,0,0,0,0
sinjskarera.hr,2023-08,196,0,196,0,0,0,0
sinjskarera.hr,2023-09,188,0,188,0,0,0,0
sinjskarera.hr,2023-10,199,0,199,0,0,0,0
sinjskarera.hr,2023-11,200,0,200,0,0,0,0
sinjskarera.hr,2023-12,244,0,244,0,0,0,0
sinjskarera.hr,2024-01,176,0,176,0,0,0,0
sinjskarera.hr,2024-02,132,0,132,0,0,0,0
sinjskarera.hr,2024-03,156,1,156,1,1,1,0
sinjskarera.hr,2024-04,127,0,127,0,0,0,0
sinjskarera.hr,2024-05,150,0,150,0,0,0,0
sinjskarera.hr,2024-06,159,0,159,0,0,0,0
sinjskarera.hr,2024-07,184,0,184,0,0,0,0
sinjskarera.hr,2024-08,145,0,145,0,0,0,0
sinjskarera.hr,2024-09,149,0,149,0,0,0,0
sinjskarera.hr,2024-10,150,0,150,0,0,0,0
sinjskarera.hr,2024-11,180,0,180,0,0,0,0
sinjskarera.hr,2024-12,166,0,166,0,0,0,0
sinjskarera.hr,2025-01,126,0,126,0,0,0,0
sinjskarera.hr,2025-02,141,0,141,0,0,0,0
sinjskarera.hr,2025-03,163,0,163,0,0,0,0
sinjskarera.hr,2025-04,148,0,148,0,0,0,0
sinjskarera.hr,2025-05,149,0,149,0,0,0,0
sinjskarera.hr,2025-06,156,0,156,0,0,0,0
sinjskarera.hr,2025-07,194,0,194,0,0,0,0
sinjskarera.hr,2025-08,166,0,166,0,0,0,0
sinjskarera.hr,2025-09,153,0,153,0,0,0,0
sinjskarera.hr,2025-10,167,0,167,0,0,0,0
sinjskarera.hr,2025-11,142,1,142,1,1,1,0
sinjskarera.hr,2025-12,171,0,171,0,0,0,0
sinjskarera.hr,2026-01,132,0,132,0,0,0,0
sinjskarera.hr,2026-02,146,0,146,0,0,0,0
sinjskarera.hr,2026-03,161,0,161,0,0,0,0
sinjskarera.hr,2026-04,153,0,153,0,0,0,0
sinjskarera.hr,2026-05,165,0,165,0,0,0,0
sinjskarera.hr,2026-06,188,0,188,0,0,0,0
sinjskarera.hr,2026-07,213,0,213,0,0,0,0
sinjskarera.hr,2026-08,196,0,196,0,0,0,0
sinjskarera.hr,2026-09,55,0,55,0,0,0,0
sisak.info,2021-01,294,0,294,0,0,0,0
sisak.info,2021-02,222,0,222,0,0,0,0
sisak.info,2021-03,254,0,254,0,0,0,0
sisak.info,2021-04,250,0,250,0,0,0,0
sisak.info,2021-05,267,0,267,0,0,0,0
sisak.info,2021-06,241,0,241,0,0,0,0
sisak.info,2021-07,200,0,200,0,0,0,0
sisak.info,2021-08,209,0,209,0,0,0,0
sisak.info,2021-09,240,0,240,0,0,0,0
sisak.info,2021-10,243,0,243,0,0,0,0
sisak.info,2021-11,227,0,227,0,0,0,0
sisak.info,2021-12,239,0,239,0,0,0,0
sisak.info,2022-01,175,0,175,0,0,0,0
sisak.info,2022-02,209,0,209,0,0,0,0
sisak.info,2022-03,239,1,239,1,1,1,0
sisak.info,2022-04,202,0,202,0,0,0,0
sisak.info,2022-05,243,0,243,0,0,0,0
sisak.info,2022-06,221,0,221,0,0,0,0
sisak.info,2022-07,202,0,202,0,0,0,0
sisak.info,2022-08,179,0,179,0,0,0,0
sisak.info,2022-09,210,1,210,1,1,1,0
sisak.info,2022-10,217,1,217,1,1,1,0
sisak.info,2022-11,189,0,189,0,0,0,0
sisak.info,2022-12,210,0,210,0,0,0,0
sisak.info,2023-01,138,0,138,0,0,0,0
sisak.info,2023-02,188,0,188,0,0,0,0
sisak.info,2023-03,218,0,218,0,0,0,0
sisak.info,2023-04,194,0,194,0,0,0,0
sisak.info,2023-05,216,0,216,0,0,0,0
sisak.info,2023-06,210,0,210,0,0,0,0
sisak.info,2023-07,178,0,178,0,0,0,0
sisak.info,2023-08,175,0,175,0,0,0,0
sisak.info,2023-09,244,0,244,0,0,0,0
sisak.info,2023-10,234,0,234,0,0,0,0
sisak.info,2023-11,193,0,193,0,0,0,0
sisak.info,2023-12,187,0,187,0,0,0,0
sisak.info,2024-01,166,0,166,0,0,0,0
sisak.info,2024-02,161,0,161,0,0,0,0
sisak.info,2024-03,210,0,210,0,0,0,0
sisak.info,2024-04,203,0,203,0,0,0,0
sisak.info,2024-05,217,0,217,0,0,0,0
sisak.info,2024-06,188,0,188,0,0,0,0
sisak.info,2024-07,172,0,172,0,0,0,0
sisak.info,2024-08,24,0,24,0,0,0,0
sisak.info,2024-09,5,0,5,0,0,0,0
sisak.info,2024-10,15,0,15,0,0,0,0
sisak.info,2024-11,13,0,13,0,0,0,0
sisak.info,2024-12,27,0,27,0,0,0,0
sisak.info,2025-01,49,0,49,0,0,0,0
sisak.info,2025-02,10,0,10,0,0,0,0
sisak.info,2025-03,2,0,2,0,0,0,0
sisak.info,2025-04,7,0,7,0,0,0,0
sisak.info,2025-05,20,0,20,0,0,0,0
sisak.info,2025-06,32,0,32,0,0,0,0
sisak.info,2025-07,4,0,4,0,0,0,0
sisak.info,2025-08,53,0,53,0,0,0,0
sisak.info,2025-09,91,1,91,1,1,1,0
sisak.info,2025-10,71,0,71,0,0,0,0
sisak.info,2025-11,35,0,35,0,0,0,0
sisak.info,2025-12,57,0,57,0,0,0,0
sisak.info,2026-01,45,0,45,0,0,0,0
sisak.info,2026-02,21,0,21,0,0,0,0
sisak.info,2026-03,37,0,37,0,0,0,0
sisak.info,2026-04,71,0,71,0,0,0,0
sisak.info,2026-05,252,0,252,0,0,0,0
sisak.info,2026-06,231,0,231,0,0,0,0
sisak.info,2026-07,220,0,220,0,0,0,0
sisak.info,2026-08,210,0,210,0,0,0,0
sisak.info,2026-09,100,0,100,0,0,0,0
sisakportal.hr,2021-01,21,0,21,0,0,0,0
sisakportal.hr,2021-02,12,0,12,0,0,0,0
sisakportal.hr,2021-03,97,0,97,0,0,0,0
sisakportal.hr,2021-04,106,0,106,0,0,0,0
sisakportal.hr,2021-05,145,0,145,0,0,0,0
sisakportal.hr,2021-06,35,0,35,0,0,0,0
sisakportal.hr,2021-07,36,0,36,0,0,0,0
sisakportal.hr,2021-08,87,0,87,0,0,0,0
sisakportal.hr,2021-09,97,0,97,0,0,0,0
sisakportal.hr,2021-10,145,0,145,0,0,0,0
sisakportal.hr,2021-11,121,0,121,0,0,0,0
sisakportal.hr,2021-12,135,0,135,0,0,0,0
sisakportal.hr,2022-01,122,0,122,0,0,0,0
sisakportal.hr,2022-02,134,0,134,0,0,0,0
sisakportal.hr,2022-03,172,0,172,0,0,0,0
sisakportal.hr,2022-04,129,0,129,0,0,0,0
sisakportal.hr,2022-05,150,0,150,0,0,0,0
sisakportal.hr,2022-06,147,0,147,0,0,0,0
sisakportal.hr,2022-07,124,0,124,0,0,0,0
sisakportal.hr,2022-08,106,0,106,0,0,0,0
sisakportal.hr,2022-09,116,0,116,0,0,0,0
sisakportal.hr,2022-10,127,1,127,1,1,1,0
sisakportal.hr,2022-11,117,0,117,0,0,0,0
sisakportal.hr,2022-12,131,0,131,0,0,0,0
sisakportal.hr,2023-01,108,0,108,0,0,0,0
sisakportal.hr,2023-02,114,0,114,0,0,0,0
sisakportal.hr,2023-03,132,0,132,0,0,0,0
sisakportal.hr,2023-04,110,0,110,0,0,0,0
sisakportal.hr,2023-05,145,0,145,0,0,0,0
sisakportal.hr,2023-06,119,0,119,0,0,0,0
sisakportal.hr,2023-07,125,0,125,0,0,0,0
sisakportal.hr,2023-08,103,0,103,0,0,0,0
sisakportal.hr,2023-09,108,0,108,0,0,0,0
sisakportal.hr,2023-10,109,0,109,0,0,0,0
sisakportal.hr,2023-11,106,0,106,0,0,0,0
sisakportal.hr,2023-12,88,0,88,0,0,0,0
sisakportal.hr,2024-01,93,0,93,0,0,0,0
sisakportal.hr,2024-02,92,0,92,0,0,0,0
sisakportal.hr,2024-03,103,0,103,0,0,0,0
sisakportal.hr,2024-04,107,0,107,0,0,0,0
sisakportal.hr,2024-05,78,0,78,0,0,0,0
sisakportal.hr,2024-06,94,0,94,0,0,0,0
sisakportal.hr,2024-07,91,0,91,0,0,0,0
sisakportal.hr,2024-08,82,0,82,0,0,0,0
sisakportal.hr,2024-09,97,0,97,0,0,0,0
sisakportal.hr,2024-10,124,0,124,0,0,0,0
sisakportal.hr,2024-11,83,0,83,0,0,0,0
sisakportal.hr,2024-12,87,0,87,0,0,0,0
sisakportal.hr,2025-01,80,0,80,0,0,0,0
sisakportal.hr,2025-02,109,0,109,0,0,0,0
sisakportal.hr,2025-03,104,0,104,0,0,0,0
sisakportal.hr,2025-04,105,0,105,0,0,0,0
sisakportal.hr,2025-05,121,0,121,0,0,0,0
sisakportal.hr,2025-06,84,0,84,0,0,0,0
sisakportal.hr,2025-07,80,0,80,0,0,0,0
sisakportal.hr,2025-08,86,0,86,0,0,0,0
sisakportal.hr,2025-09,86,0,86,0,0,0,0
sisakportal.hr,2025-10,100,0,100,0,0,0,0
sisakportal.hr,2025-11,77,0,77,0,0,0,0
sisakportal.hr,2025-12,71,0,71,0,0,0,0
sisakportal.hr,2026-01,66,0,66,0,0,0,0
sisakportal.hr,2026-02,70,0,70,0,0,0,0
sisakportal.hr,2026-03,89,0,89,0,0,0,0
sisakportal.hr,2026-04,86,0,86,0,0,0,0
sisakportal.hr,2026-05,101,0,101,0,0,0,0
sisakportal.hr,2026-06,88,0,88,0,0,0,0
sisakportal.hr,2026-07,87,0,87,0,0,0,0
sisakportal.hr,2026-08,103,0,103,0,0,0,0
sisakportal.hr,2026-09,35,0,35,0,0,0,0
sjever.hr,2021-01,4,0,4,0,0,0,0
sjever.hr,2021-02,2,0,2,0,0,0,0
sjever.hr,2021-04,1,0,1,0,0,0,0
sjever.hr,2021-06,1,0,1,0,0,0,0
sjever.hr,2021-08,3,0,3,0,0,0,0
sjever.hr,2021-09,3,0,3,0,0,0,0
sjever.hr,2021-10,2,0,2,0,0,0,0
sjever.hr,2021-11,1,0,1,0,0,0,0
sjever.hr,2021-12,13,0,13,0,0,0,0
sjever.hr,2022-01,431,0,431,0,0,0,0
sjever.hr,2022-02,986,3,986,3,3,3,0
sjever.hr,2022-03,1205,3,1205,3,3,3,0
sjever.hr,2022-04,1025,1,1025,1,1,1,0
sjever.hr,2022-05,988,2,988,2,2,2,0
sjever.hr,2022-06,963,0,963,0,0,0,0
sjever.hr,2022-07,1107,3,1107,3,3,3,0
sjever.hr,2022-08,1074,3,1074,3,3,3,0
sjever.hr,2022-09,1084,0,1084,0,0,0,0
sjever.hr,2022-10,1130,4,1130,4,4,4,1
sjever.hr,2022-11,1020,8,1020,8,8,8,1
sjever.hr,2022-12,1038,6,1038,6,6,6,0
sjever.hr,2023-01,976,8,976,8,8,8,1
sjever.hr,2023-02,937,0,937,0,0,0,0
sjever.hr,2023-03,995,3,995,3,3,3,0
sjever.hr,2023-04,887,0,887,0,0,0,0
sjever.hr,2023-05,973,0,973,0,0,0,0
sjever.hr,2023-06,904,1,904,1,1,1,0
sjever.hr,2023-07,867,0,867,0,0,0,0
sjever.hr,2023-08,965,0,965,0,0,0,0
sjever.hr,2023-09,819,2,819,2,2,2,2
sjever.hr,2023-10,824,11,824,11,11,11,1
sjever.hr,2023-11,793,1,793,1,1,1,0
sjever.hr,2023-12,725,2,725,2,2,2,0
sjever.hr,2024-01,776,1,776,1,1,1,0
sjever.hr,2024-02,719,0,719,0,0,0,0
sjever.hr,2024-03,724,0,724,0,0,0,0
sjever.hr,2024-04,716,1,716,1,1,1,0
sjever.hr,2024-05,742,0,742,0,0,0,0
sjever.hr,2024-06,769,2,769,2,2,2,1
sjever.hr,2024-07,777,1,777,1,1,1,1
sjever.hr,2024-08,782,0,782,0,0,0,0
sjever.hr,2024-09,825,0,825,0,0,0,0
sjever.hr,2024-10,874,0,874,0,0,0,0
sjever.hr,2024-11,795,0,795,0,0,0,0
sjever.hr,2024-12,809,2,809,2,2,2,0
sjever.hr,2025-01,802,2,802,2,2,2,0
sjever.hr,2025-02,740,0,740,0,0,0,0
sjever.hr,2025-03,854,0,854,0,0,0,0
sjever.hr,2025-04,883,0,883,0,0,0,0
sjever.hr,2025-05,848,0,848,0,0,0,0
sjever.hr,2025-06,829,0,829,0,0,0,0
sjever.hr,2025-07,853,1,853,1,1,1,1
sjever.hr,2025-08,778,1,778,1,1,1,0
sjever.hr,2025-09,837,1,837,1,1,1,0
sjever.hr,2025-10,916,1,916,1,1,1,0
sjever.hr,2025-11,854,0,854,0,0,0,0
sjever.hr,2025-12,838,1,838,1,1,1,0
sjever.hr,2026-01,799,4,799,4,4,4,0
sjever.hr,2026-02,792,1,792,1,1,1,0
sjever.hr,2026-03,925,0,925,0,0,0,0
sjever.hr,2026-04,864,0,864,0,0,0,0
sjever.hr,2026-05,930,2,930,2,2,2,1
sjever.hr,2026-06,838,3,838,3,3,3,0
sjever.hr,2026-07,835,1,835,1,1,1,0
sjever.hr,2026-08,789,0,789,0,0,0,0
sjever.hr,2026-09,288,1,288,1,1,1,0
sjeverni.info,2021-01,656,3,656,3,3,3,1
sjeverni.info,2021-02,838,0,838,0,0,0,0
sjeverni.info,2021-03,887,1,887,1,1,1,0
sjeverni.info,2021-04,872,1,872,1,1,1,0
sjeverni.info,2021-05,876,1,876,1,1,1,0
sjeverni.info,2021-06,831,2,831,2,2,2,1
sjeverni.info,2021-07,880,5,880,5,5,5,1
sjeverni.info,2021-08,817,2,817,2,2,2,0
sjeverni.info,2021-09,850,6,850,6,6,6,1
sjeverni.info,2021-10,840,4,840,4,4,4,0
sjeverni.info,2021-11,827,1,827,1,1,1,0
sjeverni.info,2021-12,831,3,831,3,3,3,0
sjeverni.info,2022-01,701,5,701,5,5,5,0
sjeverni.info,2022-02,542,4,542,4,4,4,1
sjeverni.info,2023-02,7,0,7,0,0,0,0
sjeverni.info,2023-03,22,0,22,0,0,0,0
sjeverni.info,2024-01,12,0,12,0,0,0,0
sjeverni.info,2024-02,163,0,163,0,0,0,0
sjeverni.info,2024-03,693,3,693,3,3,3,0
sjeverni.info,2024-04,647,1,647,1,1,1,0
sjeverni.info,2024-05,650,2,650,2,2,2,0
sjeverni.info,2024-06,614,2,614,2,2,2,1
sjeverni.info,2024-07,631,1,631,1,1,1,0
sjeverni.info,2024-08,635,0,635,0,0,0,0
sjeverni.info,2024-09,668,1,668,1,1,1,0
sjeverni.info,2024-10,696,0,696,0,0,0,0
sjeverni.info,2024-11,652,0,652,0,0,0,0
sjeverni.info,2024-12,761,2,761,2,2,2,1
sjeverni.info,2025-01,735,3,735,3,3,3,0
sjeverni.info,2025-02,746,6,746,6,6,6,2
sjeverni.info,2025-03,826,1,826,1,1,1,1
sjeverni.info,2025-04,836,1,836,1,1,1,0
sjeverni.info,2025-05,757,2,757,2,2,2,0
sjeverni.info,2025-06,660,2,660,2,2,2,0
sjeverni.info,2025-07,841,1,841,1,1,1,0
sjeverni.info,2025-08,718,4,718,4,4,4,0
sjeverni.info,2025-09,952,0,952,0,0,0,0
sjeverni.info,2025-10,1024,5,1024,5,5,5,0
sjeverni.info,2025-11,797,0,797,0,0,0,0
sjeverni.info,2025-12,752,3,752,3,3,3,0
sjeverni.info,2026-01,725,2,725,2,2,2,0
sjeverni.info,2026-02,629,2,629,2,2,2,0
sjeverni.info,2026-03,882,0,882,0,0,0,0
sjeverni.info,2026-04,863,0,863,0,0,0,0
sjeverni.info,2026-05,861,1,861,1,1,1,0
sjeverni.info,2026-06,826,1,826,1,1,1,0
sjeverni.info,2026-07,869,2,869,2,2,2,0
sjeverni.info,2026-08,612,1,612,1,1,1,0
sjeverni.info,2026-09,153,0,153,0,0,0,0
sjeverozapad.hr,2022-04,1,0,1,0,0,0,0
skitnice.hr,2022-11,2,0,2,0,0,0,0
skitnice.hr,2022-12,1,0,1,0,0,0,0
skitnice.hr,2023-01,1,0,1,0,0,0,0
skitnice.hr,2023-05,1,0,1,0,0,0,0
slavonijainfo.com,2021-05,3,0,3,0,0,0,0
slavonijainfo.com,2021-06,14,0,14,0,0,0,0
slavonijainfo.com,2021-07,353,2,353,2,2,2,0
slavonijainfo.com,2021-08,508,2,508,2,2,2,2
slavonijainfo.com,2021-09,457,0,457,0,0,0,0
slavonijainfo.com,2021-10,383,2,383,2,2,2,0
slavonijainfo.com,2021-11,368,0,368,0,0,0,0
slavonijainfo.com,2021-12,381,1,381,1,1,1,0
slavonijainfo.com,2022-01,443,6,443,6,6,6,2
slavonijainfo.com,2022-02,367,2,367,2,2,2,1
slavonijainfo.com,2022-03,408,1,408,1,1,1,0
slavonijainfo.com,2022-04,333,0,333,0,0,0,0
slavonijainfo.com,2022-05,373,1,373,1,1,1,0
slavonijainfo.com,2022-06,392,1,392,1,1,1,0
slavonijainfo.com,2022-07,464,6,464,6,5,5,2
slavonijainfo.com,2022-08,411,0,411,0,0,0,0
slavonijainfo.com,2022-09,501,1,501,1,1,1,0
slavonijainfo.com,2022-10,413,2,413,2,2,2,0
slavonijainfo.com,2022-11,432,2,432,2,2,2,1
slavonijainfo.com,2022-12,401,2,401,2,2,2,0
slavonijainfo.com,2023-01,415,4,415,4,4,4,0
slavonijainfo.com,2023-02,371,2,371,2,2,2,0
slavonijainfo.com,2023-03,374,1,374,1,1,1,0
slavonijainfo.com,2023-04,364,3,364,3,3,3,1
slavonijainfo.com,2023-05,365,1,365,1,1,1,0
slavonijainfo.com,2023-06,393,1,393,1,1,1,0
slavonijainfo.com,2023-07,454,1,454,1,1,1,0
slavonijainfo.com,2023-08,425,0,425,0,0,0,0
slavonijainfo.com,2023-09,396,3,396,3,3,3,0
slavonijainfo.com,2023-10,432,2,432,2,2,2,0
slavonijainfo.com,2023-11,439,2,439,2,2,2,1
slavonijainfo.com,2023-12,377,0,377,0,0,0,0
slavonijainfo.com,2024-01,337,1,337,1,1,1,0
slavonijainfo.com,2024-02,414,1,414,1,1,1,0
slavonijainfo.com,2024-03,461,3,461,3,3,3,0
slavonijainfo.com,2024-04,413,1,413,1,1,1,1
slavonijainfo.com,2024-05,381,1,381,1,1,1,0
slavonijainfo.com,2024-06,394,0,394,0,0,0,0
slavonijainfo.com,2024-07,406,1,406,1,1,1,0
slavonijainfo.com,2024-08,78,0,78,0,0,0,0
slavonijainfo.com,2025-03,1,0,1,0,0,0,0
slavonijainfo.com,2025-04,1,0,1,0,0,0,0
slavonijainfo.com,2026-05,315,3,315,3,3,3,1
slavonijainfo.com,2026-06,351,0,351,0,0,0,0
slavonijainfo.com,2026-07,320,1,320,1,1,1,0
slavonijainfo.com,2026-08,304,2,304,2,2,2,1
slavonijainfo.com,2026-09,96,0,96,0,0,0,0
slavonski.hr,2024-01,1,0,1,0,0,0,0
slavonski.hr,2024-02,31,0,31,0,0,0,0
slavonski.hr,2024-03,149,0,149,0,0,0,0
slavonski.hr,2024-04,135,0,135,0,0,0,0
slavonski.hr,2024-05,141,0,141,0,0,0,0
slavonski.hr,2024-06,128,0,128,0,0,0,0
slavonski.hr,2024-07,123,0,123,0,0,0,0
slavonski.hr,2024-08,90,0,90,0,0,0,0
slavonski.hr,2024-09,77,0,77,0,0,0,0
slavonski.hr,2024-10,112,0,112,0,0,0,0
slavonski.hr,2024-11,107,0,107,0,0,0,0
slavonski.hr,2024-12,89,0,89,0,0,0,0
slavonski.hr,2025-01,114,0,114,0,0,0,0
slavonski.hr,2025-02,128,0,128,0,0,0,0
slavonski.hr,2025-03,139,1,139,1,1,1,0
slavonski.hr,2025-04,118,0,118,0,0,0,0
slavonski.hr,2025-05,110,0,110,0,0,0,0
slavonski.hr,2025-06,127,0,127,0,0,0,0
slavonski.hr,2025-07,125,0,125,0,0,0,0
slavonski.hr,2025-08,106,0,106,0,0,0,0
slavonski.hr,2025-09,113,0,113,0,0,0,0
slavonski.hr,2025-10,139,0,139,0,0,0,0
slavonski.hr,2025-11,121,0,121,0,0,0,0
slavonski.hr,2025-12,117,0,117,0,0,0,0
slavonski.hr,2026-01,94,0,94,0,0,0,0
slavonski.hr,2026-02,91,0,91,0,0,0,0
slavonski.hr,2026-03,119,2,119,2,2,2,0
slavonski.hr,2026-04,99,0,99,0,0,0,0
slavonski.hr,2026-05,96,0,96,0,0,0,0
slavonski.hr,2026-06,114,0,114,0,0,0,0
slavonski.hr,2026-07,66,0,66,0,0,0,0
slavonski.hr,2026-08,119,0,119,0,0,0,0
slavonski.hr,2026-09,37,0,37,0,0,0,0
sloboda.hr,2021-01,23,0,23,0,0,0,0
sloboda.hr,2021-02,10,0,10,0,0,0,0
sloboda.hr,2021-04,4,0,4,0,0,0,0
sloboda.hr,2021-05,11,0,11,0,0,0,0
sloboda.hr,2021-06,1,0,1,0,0,0,0
sloboda.hr,2021-07,2,0,2,0,0,0,0
sloboda.hr,2021-09,14,0,14,0,0,0,0
sloboda.hr,2021-10,47,4,47,4,4,4,0
sloboda.hr,2021-11,2,0,2,0,0,0,0
sloboda.hr,2022-01,107,4,107,4,4,4,0
sloboda.hr,2022-02,80,4,80,4,4,4,2
sloboda.hr,2022-03,36,0,36,0,0,0,0
sloboda.hr,2022-04,7,0,7,0,0,0,0
sloboda.hr,2022-05,13,0,13,0,0,0,0
sloboda.hr,2022-06,2,0,2,0,0,0,0
sloboda.hr,2022-07,5,0,5,0,0,0,0
sloboda.hr,2022-08,6,0,6,0,0,0,0
sloboda.hr,2022-09,41,0,41,0,0,0,0
sloboda.hr,2022-11,97,2,97,2,2,2,0
sloboda.hr,2022-12,126,2,126,2,2,2,1
sloboda.hr,2023-01,170,3,170,3,3,3,0
sloboda.hr,2023-02,235,0,235,0,0,0,0
sloboda.hr,2023-03,142,0,142,0,0,0,0
sloboda.hr,2023-04,12,0,12,0,0,0,0
sloboda.hr,2023-05,4,0,4,0,0,0,0
sloboda.hr,2023-06,1,0,1,0,0,0,0
sloboda.hr,2023-07,4,0,4,0,0,0,0
sloboda.hr,2023-10,6,0,6,0,0,0,0
sloboda.hr,2023-11,29,0,29,0,0,0,0
sloboda.hr,2024-01,7,0,7,0,0,0,0
sloboda.hr,2024-02,6,0,6,0,0,0,0
sloboda.hr,2024-03,6,0,6,0,0,0,0
sloboda.hr,2024-04,2,0,2,0,0,0,0
slobodnadalmacija.hr,2021-01,5053,16,5053,16,16,16,3
slobodnadalmacija.hr,2021-02,5425,11,5425,11,11,11,1
slobodnadalmacija.hr,2021-03,6592,12,6592,12,12,12,1
slobodnadalmacija.hr,2021-04,6387,9,6387,9,9,8,1
slobodnadalmacija.hr,2021-05,6657,6,6657,6,5,5,1
slobodnadalmacija.hr,2021-06,6070,6,6070,6,6,6,2
slobodnadalmacija.hr,2021-07,6463,28,6463,28,28,28,5
slobodnadalmacija.hr,2021-08,6313,22,6313,22,22,22,1
slobodnadalmacija.hr,2021-09,6745,46,6745,46,44,44,5
slobodnadalmacija.hr,2021-10,7177,33,7177,33,33,33,4
slobodnadalmacija.hr,2021-11,7119,7,7119,7,7,7,0
slobodnadalmacija.hr,2021-12,7241,24,7241,24,23,23,3
slobodnadalmacija.hr,2022-01,7126,40,7126,40,40,40,5
slobodnadalmacija.hr,2022-02,6738,67,6738,67,67,67,20
slobodnadalmacija.hr,2022-03,7665,27,7665,27,27,27,0
slobodnadalmacija.hr,2022-04,7137,15,7137,15,15,15,1
slobodnadalmacija.hr,2022-05,7193,25,7193,25,25,25,4
slobodnadalmacija.hr,2022-06,6445,28,6445,28,28,28,1
slobodnadalmacija.hr,2022-07,6654,40,6654,40,39,39,5
slobodnadalmacija.hr,2022-08,6691,27,6691,27,27,27,1
slobodnadalmacija.hr,2022-09,6819,25,6819,25,23,22,2
slobodnadalmacija.hr,2022-10,7138,19,7138,19,19,19,2
slobodnadalmacija.hr,2022-11,6764,21,6764,21,21,21,2
slobodnadalmacija.hr,2022-12,6716,46,6716,46,46,46,7
slobodnadalmacija.hr,2023-01,6526,55,6526,55,55,55,8
slobodnadalmacija.hr,2023-02,6402,18,6402,18,18,18,1
slobodnadalmacija.hr,2023-03,7212,8,7212,8,8,8,1
slobodnadalmacija.hr,2023-04,6828,17,6828,17,17,17,4
slobodnadalmacija.hr,2023-05,7464,8,7464,8,8,8,1
slobodnadalmacija.hr,2023-06,6486,11,6486,11,11,11,1
slobodnadalmacija.hr,2023-07,6917,12,6917,12,12,12,1
slobodnadalmacija.hr,2023-08,6388,8,6388,8,8,8,2
slobodnadalmacija.hr,2023-09,6003,14,6003,14,14,14,0
slobodnadalmacija.hr,2023-10,6601,5,6601,5,5,5,1
slobodnadalmacija.hr,2023-11,6855,12,6855,12,12,12,2
slobodnadalmacija.hr,2023-12,6435,20,6435,20,20,20,3
slobodnadalmacija.hr,2024-01,6413,15,6413,15,15,15,2
slobodnadalmacija.hr,2024-02,6517,7,6517,7,7,7,0
slobodnadalmacija.hr,2024-03,7012,8,7012,8,8,8,1
slobodnadalmacija.hr,2024-04,6828,4,6828,4,4,4,1
slobodnadalmacija.hr,2024-05,6913,6,6913,6,6,6,0
slobodnadalmacija.hr,2024-06,6380,16,6380,16,16,16,4
slobodnadalmacija.hr,2024-07,6709,10,6709,10,10,10,5
slobodnadalmacija.hr,2024-08,6162,3,6162,3,3,3,1
slobodnadalmacija.hr,2024-09,6452,11,6452,11,11,11,0
slobodnadalmacija.hr,2024-10,7048,7,7048,7,7,7,1
slobodnadalmacija.hr,2024-11,6519,5,6519,5,5,5,1
slobodnadalmacija.hr,2024-12,6650,7,6650,7,7,7,0
slobodnadalmacija.hr,2025-01,6751,25,6751,25,25,25,1
slobodnadalmacija.hr,2025-02,6617,19,6617,19,19,19,5
slobodnadalmacija.hr,2025-03,7238,11,7238,11,11,11,6
slobodnadalmacija.hr,2025-04,6960,6,6960,6,6,6,1
slobodnadalmacija.hr,2025-05,7071,4,7071,4,4,4,0
slobodnadalmacija.hr,2025-06,6375,10,6375,10,10,10,2
slobodnadalmacija.hr,2025-07,7129,9,7129,9,9,9,2
slobodnadalmacija.hr,2025-08,6510,9,6510,9,9,9,0
slobodnadalmacija.hr,2025-09,6544,9,6544,9,9,9,1
slobodnadalmacija.hr,2025-10,7851,13,7851,13,13,13,0
slobodnadalmacija.hr,2025-11,7251,14,7251,14,14,14,0
slobodnadalmacija.hr,2025-12,6764,14,6764,14,14,14,1
slobodnadalmacija.hr,2026-01,6402,19,6402,19,19,19,3
slobodnadalmacija.hr,2026-02,6150,5,6150,5,5,5,0
slobodnadalmacija.hr,2026-03,6953,7,6953,7,7,7,0
slobodnadalmacija.hr,2026-04,6509,4,6509,4,4,4,1
slobodnadalmacija.hr,2026-05,6139,12,6139,12,12,12,3
slobodnadalmacija.hr,2026-06,5422,7,5422,7,7,7,1
slobodnadalmacija.hr,2026-07,4210,1,4210,1,1,1,1
slobodnadalmacija.hr,2026-08,3387,2,3387,2,2,2,0
slobodnadalmacija.hr,2026-09,1219,0,1219,0,0,0,0
sound-report.com,2024-02,19,0,19,0,0,0,0
sound-report.com,2024-03,83,0,83,0,0,0,0
sound-report.com,2024-04,106,0,106,0,0,0,0
sound-report.com,2024-05,111,0,111,0,0,0,0
sound-report.com,2024-06,98,0,98,0,0,0,0
sound-report.com,2024-07,95,0,95,0,0,0,0
sound-report.com,2024-08,64,0,64,0,0,0,0
sound-report.com,2024-09,80,0,80,0,0,0,0
sound-report.com,2024-10,97,0,97,0,0,0,0
sound-report.com,2024-11,79,0,79,0,0,0,0
sound-report.com,2024-12,77,0,77,0,0,0,0
sound-report.com,2025-01,69,0,69,0,0,0,0
sound-report.com,2025-02,94,0,94,0,0,0,0
sound-report.com,2025-03,61,0,61,0,0,0,0
sound-report.com,2025-04,66,0,66,0,0,0,0
sound-report.com,2025-05,66,0,66,0,0,0,0
sound-report.com,2025-06,114,0,114,0,0,0,0
sound-report.com,2025-07,108,0,108,0,0,0,0
sound-report.com,2025-08,68,0,68,0,0,0,0
sound-report.com,2025-09,56,0,56,0,0,0,0
sound-report.com,2025-10,98,0,98,0,0,0,0
sound-report.com,2025-11,70,0,70,0,0,0,0
sound-report.com,2025-12,66,0,66,0,0,0,0
sound-report.com,2026-01,87,0,87,0,0,0,0
sound-report.com,2026-02,91,0,91,0,0,0,0
sound-report.com,2026-03,111,0,111,0,0,0,0
sound-report.com,2026-04,157,0,157,0,0,0,0
sound-report.com,2026-05,124,0,124,0,0,0,0
sound-report.com,2026-06,138,0,138,0,0,0,0
sound-report.com,2026-07,88,0,88,0,0,0,0
sound-report.com,2026-08,63,0,63,0,0,0,0
sound-report.com,2026-09,33,0,33,0,0,0,0
split.com.hr,2021-01,10,0,10,0,0,0,0
split.com.hr,2021-02,10,0,10,0,0,0,0
split.com.hr,2021-03,15,0,15,0,0,0,0
split.com.hr,2021-04,11,0,11,0,0,0,0
split.com.hr,2021-05,28,0,28,0,0,0,0
split.com.hr,2021-06,23,0,23,0,0,0,0
split.com.hr,2021-07,32,0,32,0,0,0,0
split.com.hr,2021-08,35,0,35,0,0,0,0
split.com.hr,2021-09,26,0,26,0,0,0,0
split.com.hr,2021-10,20,0,20,0,0,0,0
split.com.hr,2021-11,62,0,62,0,0,0,0
split.com.hr,2021-12,67,0,67,0,0,0,0
split.com.hr,2022-01,18,0,18,0,0,0,0
split.com.hr,2022-02,36,0,36,0,0,0,0
split.com.hr,2022-03,54,0,54,0,0,0,0
split.com.hr,2022-04,66,0,66,0,0,0,0
split.com.hr,2022-05,51,0,51,0,0,0,0
split.com.hr,2022-06,50,0,50,0,0,0,0
split.com.hr,2022-07,50,0,50,0,0,0,0
split.com.hr,2022-08,52,0,52,0,0,0,0
split.com.hr,2022-09,41,0,41,0,0,0,0
split.com.hr,2022-10,32,0,32,0,0,0,0
split.com.hr,2022-11,43,0,43,0,0,0,0
split.com.hr,2022-12,42,0,42,0,0,0,0
split.com.hr,2023-01,1,0,1,0,0,0,0
split.com.hr,2023-02,7,0,7,0,0,0,0
split.com.hr,2023-03,47,0,47,0,0,0,0
split.com.hr,2023-04,43,0,43,0,0,0,0
split.com.hr,2023-05,50,0,50,0,0,0,0
split.com.hr,2023-06,80,0,80,0,0,0,0
split.com.hr,2023-07,61,0,61,0,0,0,0
split.com.hr,2023-08,35,0,35,0,0,0,0
split.com.hr,2023-09,23,0,23,0,0,0,0
split.com.hr,2023-10,1,0,1,0,0,0,0
split.com.hr,2023-11,14,0,14,0,0,0,0
split.com.hr,2023-12,16,0,16,0,0,0,0
split.com.hr,2024-01,2,0,2,0,0,0,0
split.com.hr,2024-02,28,0,28,0,0,0,0
split.com.hr,2024-03,27,0,27,0,0,0,0
split.com.hr,2024-04,35,0,35,0,0,0,0
split.com.hr,2024-05,22,1,22,1,1,1,0
split.com.hr,2024-06,22,0,22,0,0,0,0
split.com.hr,2024-07,40,0,40,0,0,0,0
split.com.hr,2024-08,54,0,54,0,0,0,0
split.com.hr,2024-09,36,0,36,0,0,0,0
split.com.hr,2024-10,41,0,41,0,0,0,0
split.com.hr,2024-11,34,0,34,0,0,0,0
split.com.hr,2024-12,26,0,26,0,0,0,0
split.com.hr,2025-03,2,0,2,0,0,0,0
split.com.hr,2025-04,2,0,2,0,0,0,0
split.com.hr,2025-05,13,0,13,0,0,0,0
split.com.hr,2025-06,18,0,18,0,0,0,0
split.com.hr,2025-07,59,0,59,0,0,0,0
split.com.hr,2025-08,14,0,14,0,0,0,0
split.com.hr,2025-09,5,0,5,0,0,0,0
split.com.hr,2025-10,27,0,27,0,0,0,0
split.com.hr,2025-11,39,0,39,0,0,0,0
split.com.hr,2025-12,31,0,31,0,0,0,0
split.com.hr,2026-04,3,0,3,0,0,0,0
split.com.hr,2026-06,19,0,19,0,0,0,0
split.com.hr,2026-07,30,0,30,0,0,0,0
split.com.hr,2026-08,35,0,35,0,0,0,0
sportalo.hr,2021-01,190,0,190,0,0,0,0
sportalo.hr,2021-02,355,0,355,0,0,0,0
sportalo.hr,2021-03,396,0,396,0,0,0,0
sportalo.hr,2021-04,590,0,590,0,0,0,0
sportalo.hr,2021-05,799,0,799,0,0,0,0
sportalo.hr,2021-06,813,0,813,0,0,0,0
sportalo.hr,2021-07,639,0,639,0,0,0,0
sportalo.hr,2021-08,420,0,420,0,0,0,0
sportalo.hr,2021-09,383,0,383,0,0,0,0
sportalo.hr,2021-10,401,0,401,0,0,0,0
sportalo.hr,2021-11,391,0,391,0,0,0,0
sportalo.hr,2021-12,202,0,202,0,0,0,0
sportalo.hr,2022-01,379,0,379,0,0,0,0
sportalo.hr,2022-02,340,1,340,1,1,1,0
sportalo.hr,2022-03,457,0,457,0,0,0,0
sportalo.hr,2022-04,454,0,454,0,0,0,0
sportalo.hr,2022-05,450,0,450,0,0,0,0
sportalo.hr,2022-06,371,0,371,0,0,0,0
sportalo.hr,2022-07,331,0,331,0,0,0,0
sportalo.hr,2022-08,362,0,362,0,0,0,0
sportalo.hr,2022-09,520,0,520,0,0,0,0
sportalo.hr,2022-10,540,0,540,0,0,0,0
sportalo.hr,2022-11,320,0,320,0,0,0,0
sportalo.hr,2022-12,112,0,112,0,0,0,0
sportalo.hr,2023-01,202,0,202,0,0,0,0
sportalo.hr,2023-02,203,0,203,0,0,0,0
sportalo.hr,2023-03,444,0,444,0,0,0,0
sportalo.hr,2023-04,474,0,474,0,0,0,0
sportalo.hr,2023-05,449,0,449,0,0,0,0
sportalo.hr,2023-06,277,0,277,0,0,0,0
sportalo.hr,2023-07,198,0,198,0,0,0,0
sportalo.hr,2023-08,269,0,269,0,0,0,0
sportalo.hr,2023-09,392,0,392,0,0,0,0
sportalo.hr,2023-10,437,0,437,0,0,0,0
sportalo.hr,2023-11,281,0,281,0,0,0,0
sportalo.hr,2023-12,154,0,154,0,0,0,0
sportalo.hr,2024-01,110,0,110,0,0,0,0
sportalo.hr,2024-02,249,0,249,0,0,0,0
sportalo.hr,2024-03,392,0,392,0,0,0,0
sportalo.hr,2024-04,366,0,366,0,0,0,0
sportalo.hr,2024-05,429,0,429,0,0,0,0
sportalo.hr,2024-06,193,0,193,0,0,0,0
sportalo.hr,2024-07,169,0,169,0,0,0,0
sportalo.hr,2024-08,139,0,139,0,0,0,0
sportalo.hr,2024-09,57,0,57,0,0,0,0
sportalo.hr,2024-10,310,0,310,0,0,0,0
sportalo.hr,2024-11,95,0,95,0,0,0,0
sportalo.hr,2024-12,112,0,112,0,0,0,0
sportalo.hr,2025-01,52,0,52,0,0,0,0
sportalo.hr,2025-02,68,0,68,0,0,0,0
sportalo.hr,2025-03,62,0,62,0,0,0,0
sportalo.hr,2025-04,12,0,12,0,0,0,0
sportalo.hr,2025-05,156,0,156,0,0,0,0
sportalo.hr,2025-06,185,0,185,0,0,0,0
sportalo.hr,2025-07,65,0,65,0,0,0,0
sportalo.hr,2025-08,88,0,88,0,0,0,0
sportalo.hr,2025-09,185,0,185,0,0,0,0
sportalo.hr,2025-10,138,0,138,0,0,0,0
sportalo.hr,2025-11,120,0,120,0,0,0,0
sportalo.hr,2025-12,59,0,59,0,0,0,0
sportalo.hr,2026-01,53,0,53,0,0,0,0
sportalo.hr,2026-02,85,0,85,0,0,0,0
sportalo.hr,2026-03,220,0,220,0,0,0,0
sportalo.hr,2026-04,285,0,285,0,0,0,0
sportalo.hr,2026-05,313,0,313,0,0,0,0
sportalo.hr,2026-06,121,0,121,0,0,0,0
sportalo.hr,2026-07,56,0,56,0,0,0,0
sportalo.hr,2026-08,120,0,120,0,0,0,0
sportalo.hr,2026-09,76,0,76,0,0,0,0
sportcom.hr,2021-01,348,0,348,0,0,0,0
sportcom.hr,2021-02,548,0,548,0,0,0,0
sportcom.hr,2021-03,587,0,587,0,0,0,0
sportcom.hr,2021-04,535,0,535,0,0,0,0
sportcom.hr,2021-05,558,0,558,0,0,0,0
sportcom.hr,2021-06,542,0,542,0,0,0,0
sportcom.hr,2021-07,504,0,504,0,0,0,0
sportcom.hr,2021-08,513,0,513,0,0,0,0
sportcom.hr,2021-09,552,0,552,0,0,0,0
sportcom.hr,2021-10,579,0,579,0,0,0,0
sportcom.hr,2021-11,547,0,547,0,0,0,0
sportcom.hr,2021-12,527,0,527,0,0,0,0
sportcom.hr,2022-01,511,0,511,0,0,0,0
sportcom.hr,2022-02,478,0,478,0,0,0,0
sportcom.hr,2022-03,539,0,539,0,0,0,0
sportcom.hr,2022-04,552,0,552,0,0,0,0
sportcom.hr,2022-05,554,0,554,0,0,0,0
sportcom.hr,2022-06,515,0,515,0,0,0,0
sportcom.hr,2022-07,483,0,483,0,0,0,0
sportcom.hr,2022-08,545,0,545,0,0,0,0
sportcom.hr,2022-09,520,0,520,0,0,0,0
sportcom.hr,2022-10,544,0,544,0,0,0,0
sportcom.hr,2022-11,545,0,545,0,0,0,0
sportcom.hr,2022-12,489,0,489,0,0,0,0
sportcom.hr,2023-01,502,0,502,0,0,0,0
sportcom.hr,2023-02,492,0,492,0,0,0,0
sportcom.hr,2023-03,571,0,571,0,0,0,0
sportcom.hr,2023-04,540,0,540,0,0,0,0
sportcom.hr,2023-05,595,3,595,3,3,3,0
sportcom.hr,2023-06,536,0,536,0,0,0,0
sportcom.hr,2023-07,520,0,520,0,0,0,0
sportcom.hr,2023-08,618,0,618,0,0,0,0
sportcom.hr,2023-09,607,0,607,0,0,0,0
sportcom.hr,2023-10,618,0,618,0,0,0,0
sportcom.hr,2023-11,640,0,640,0,0,0,0
sportcom.hr,2023-12,560,0,560,0,0,0,0
sportcom.hr,2024-01,535,0,535,0,0,0,0
sportcom.hr,2024-02,572,0,572,0,0,0,0
sportcom.hr,2024-03,628,0,628,0,0,0,0
sportcom.hr,2024-04,602,0,602,0,0,0,0
sportcom.hr,2024-05,606,0,606,0,0,0,0
sportcom.hr,2024-06,533,0,533,0,0,0,0
sportcom.hr,2024-07,518,0,518,0,0,0,0
sportcom.hr,2024-08,548,0,548,0,0,0,0
sportcom.hr,2024-09,574,0,574,0,0,0,0
sportcom.hr,2024-10,594,0,594,0,0,0,0
sportcom.hr,2024-11,559,0,559,0,0,0,0
sportcom.hr,2024-12,511,0,511,0,0,0,0
sportcom.hr,2025-01,527,0,527,0,0,0,0
sportcom.hr,2025-02,518,0,518,0,0,0,0
sportcom.hr,2025-03,613,0,613,0,0,0,0
sportcom.hr,2025-04,593,0,593,0,0,0,0
sportcom.hr,2025-05,479,0,479,0,0,0,0
sportcom.hr,2025-06,533,0,533,0,0,0,0
sportcom.hr,2025-07,553,0,553,0,0,0,0
sportcom.hr,2025-08,570,0,570,0,0,0,0
sportcom.hr,2025-09,566,0,566,0,0,0,0
sportcom.hr,2025-10,593,0,593,0,0,0,0
sportcom.hr,2025-11,571,0,571,0,0,0,0
sportcom.hr,2025-12,430,0,430,0,0,0,0
sportcom.hr,2026-01,451,0,451,0,0,0,0
sportcom.hr,2026-02,307,0,307,0,0,0,0
sportcom.hr,2026-03,502,0,502,0,0,0,0
sportcom.hr,2026-04,443,0,443,0,0,0,0
sportcom.hr,2026-05,490,0,490,0,0,0,0
sportcom.hr,2026-06,3,0,3,0,0,0,0
sportcom.hr,2026-07,5,0,5,0,0,0,0
sportnet.hr,2021-02,1,0,1,0,0,0,0
sportnet.hr,2021-03,2,0,2,0,0,0,0
sportnet.hr,2021-04,1,0,1,0,0,0,0
sportnet.hr,2021-06,1,0,1,0,0,0,0
sportnet.hr,2021-07,2,0,2,0,0,0,0
sportnet.hr,2021-08,1,0,1,0,0,0,0
sportnet.hr,2021-09,3,0,3,0,0,0,0
sportnet.hr,2022-01,2,0,2,0,0,0,0
sportnet.hr,2022-02,1,0,1,0,0,0,0
sportnet.hr,2022-03,1,0,1,0,0,0,0
sportnet.hr,2022-04,596,0,596,0,0,0,0
sportnet.hr,2022-05,678,0,678,0,0,0,0
sportnet.hr,2022-06,664,0,664,0,0,0,0
sportnet.hr,2022-07,760,0,760,0,0,0,0
sportnet.hr,2022-08,536,0,536,0,0,0,0
sportnet.hr,2022-09,450,0,450,0,0,0,0
sportnet.hr,2022-10,367,0,367,0,0,0,0
sportnet.hr,2022-11,311,0,311,0,0,0,0
sportnet.hr,2022-12,276,0,276,0,0,0,0
sportnet.hr,2023-01,732,0,732,0,0,0,0
sportnet.hr,2023-02,778,0,778,0,0,0,0
sportnet.hr,2023-03,787,0,787,0,0,0,0
sportnet.hr,2023-04,748,0,748,0,0,0,0
sportnet.hr,2023-05,1153,0,1153,0,0,0,0
sportnet.hr,2023-06,1299,0,1299,0,0,0,0
sportnet.hr,2023-07,56,0,56,0,0,0,0
sportnet.hr,2023-08,135,0,135,0,0,0,0
sportnet.hr,2023-09,130,0,130,0,0,0,0
sportnet.hr,2023-10,41,0,41,0,0,0,0
sportnet.hr,2023-11,21,0,21,0,0,0,0
sportnet.hr,2023-12,8,0,8,0,0,0,0
sportnet.hr,2024-01,34,0,34,0,0,0,0
sportnet.hr,2024-02,16,0,16,0,0,0,0
sportnet.hr,2024-03,24,0,24,0,0,0,0
sportnet.hr,2024-04,24,0,24,0,0,0,0
sportnet.hr,2024-05,28,0,28,0,0,0,0
sportnet.hr,2024-06,521,0,521,0,0,0,0
sportnet.hr,2024-07,39,0,39,0,0,0,0
sportnet.hr,2024-08,55,0,55,0,0,0,0
sportnet.hr,2024-09,163,0,163,0,0,0,0
sportnet.hr,2024-10,1722,0,1722,0,0,0,0
sportnet.hr,2024-11,1494,0,1494,0,0,0,0
sportnet.hr,2024-12,1307,0,1307,0,0,0,0
sportnet.hr,2025-01,1429,0,1429,0,0,0,0
sportnet.hr,2025-02,1258,0,1258,0,0,0,0
sportnet.hr,2025-03,1434,0,1434,0,0,0,0
sportnet.hr,2025-04,1347,0,1347,0,0,0,0
sportnet.hr,2025-05,1333,0,1333,0,0,0,0
sportnet.hr,2025-06,1237,0,1237,0,0,0,0
sportnet.hr,2025-07,1280,0,1280,0,0,0,0
sportnet.hr,2025-08,1477,0,1477,0,0,0,0
sportnet.hr,2025-09,1441,0,1441,0,0,0,0
sportnet.hr,2025-10,1472,0,1472,0,0,0,0
sportnet.hr,2025-11,1345,0,1345,0,0,0,0
sportnet.hr,2025-12,1345,0,1345,0,0,0,0
sportnet.hr,2026-01,1303,0,1303,0,0,0,0
sportnet.hr,2026-02,1251,0,1251,0,0,0,0
sportnet.hr,2026-03,1092,0,1092,0,0,0,0
sportnet.hr,2026-04,1030,0,1030,0,0,0,0
sportnet.hr,2026-05,1159,0,1159,0,0,0,0
sportnet.hr,2026-06,1413,0,1413,0,0,0,0
sportnet.hr,2026-07,1318,0,1318,0,0,0,0
sportnet.hr,2026-08,1453,0,1453,0,0,0,0
sportnet.hr,2026-09,470,0,470,0,0,0,0
sportnews.hr,2021-01,67,0,67,0,0,0,0
sportnews.hr,2021-02,56,0,56,0,0,0,0
sportnews.hr,2021-03,124,0,124,0,0,0,0
sportnews.hr,2021-04,106,0,106,0,0,0,0
sportnews.hr,2021-05,52,0,52,0,0,0,0
sportnews.hr,2021-06,128,0,128,0,0,0,0
sportnews.hr,2021-07,175,0,175,0,0,0,0
sportnews.hr,2021-08,114,0,114,0,0,0,0
sportnews.hr,2021-09,38,0,38,0,0,0,0
sportnews.hr,2021-10,34,0,34,0,0,0,0
sportnews.hr,2021-11,22,0,22,0,0,0,0
sportnews.hr,2021-12,28,0,28,0,0,0,0
sportnews.hr,2022-01,33,0,33,0,0,0,0
sportnews.hr,2022-02,25,0,25,0,0,0,0
sportnews.hr,2022-03,30,0,30,0,0,0,0
sportnews.hr,2022-04,43,0,43,0,0,0,0
sportnews.hr,2022-05,34,0,34,0,0,0,0
sportnews.hr,2022-06,58,0,58,0,0,0,0
sportnews.hr,2022-07,83,0,83,0,0,0,0
sportnews.hr,2022-08,44,0,44,0,0,0,0
sportnews.hr,2022-09,56,0,56,0,0,0,0
sportnews.hr,2022-10,42,0,42,0,0,0,0
sportnews.hr,2022-11,33,0,33,0,0,0,0
sportnews.hr,2022-12,24,0,24,0,0,0,0
sportnews.hr,2023-01,44,0,44,0,0,0,0
sportnews.hr,2023-02,42,0,42,0,0,0,0
sportnews.hr,2023-03,32,0,32,0,0,0,0
sportnews.hr,2023-04,38,0,38,0,0,0,0
sportnews.hr,2023-05,27,0,27,0,0,0,0
sportnews.hr,2023-06,39,0,39,0,0,0,0
sportnews.hr,2023-07,39,0,39,0,0,0,0
sportnews.hr,2023-08,44,0,44,0,0,0,0
sportnews.hr,2023-09,43,0,43,0,0,0,0
sportnews.hr,2023-10,46,0,46,0,0,0,0
sportnews.hr,2023-12,2,0,2,0,0,0,0
sportnews.hr,2024-02,1,0,1,0,0,0,0
sportnews.hr,2024-03,1,0,1,0,0,0,0
sportnews.hr,2024-04,1,0,1,0,0,0,0
sportnews.hr,2024-05,4,0,4,0,0,0,0
sportnews.hr,2024-06,1,0,1,0,0,0,0
sportnews.hr,2024-07,29,0,29,0,0,0,0
sportnews.hr,2024-08,45,0,45,0,0,0,0
sportnews.hr,2024-09,36,0,36,0,0,0,0
sportnews.hr,2024-10,43,0,43,0,0,0,0
sportnews.hr,2024-11,31,0,31,0,0,0,0
sportnews.hr,2024-12,21,0,21,0,0,0,0
sportnews.hr,2025-01,23,1,23,1,1,1,0
sportnews.hr,2025-02,28,0,28,0,0,0,0
sportnews.hr,2025-03,24,0,24,0,0,0,0
sportnews.hr,2025-04,12,0,12,0,0,0,0
sportnews.hr,2025-05,19,0,19,0,0,0,0
sportnews.hr,2025-06,17,0,17,0,0,0,0
sportnews.hr,2025-07,29,0,29,0,0,0,0
sportnews.hr,2025-08,37,0,37,0,0,0,0
sportnews.hr,2025-09,20,0,20,0,0,0,0
sportnews.hr,2025-10,41,0,41,0,0,0,0
sportnews.hr,2025-11,30,0,30,0,0,0,0
sportnews.hr,2025-12,17,0,17,0,0,0,0
sportnews.hr,2026-01,28,0,28,0,0,0,0
sportnews.hr,2026-02,28,0,28,0,0,0,0
sportnews.hr,2026-03,45,0,45,0,0,0,0
sportnews.hr,2026-04,45,0,45,0,0,0,0
sportnews.hr,2026-05,52,0,52,0,0,0,0
sportnews.hr,2026-06,61,0,61,0,0,0,0
sportnews.hr,2026-07,67,0,67,0,0,0,0
sportnews.hr,2026-08,65,0,65,0,0,0,0
sportnews.hr,2026-09,18,0,18,0,0,0,0
srbi.hr,2024-02,2,0,2,0,0,0,0
srbi.hr,2024-03,1,0,1,0,0,0,0
srbi.hr,2025-04,45,0,45,0,0,0,0
srbi.hr,2025-05,38,0,38,0,0,0,0
srbi.hr,2025-06,43,0,43,0,0,0,0
srbi.hr,2025-07,32,0,32,0,0,0,0
srbi.hr,2025-08,29,0,29,0,0,0,0
srbi.hr,2025-09,36,0,36,0,0,0,0
srbi.hr,2025-10,36,0,36,0,0,0,0
srbi.hr,2025-11,34,0,34,0,0,0,0
srbi.hr,2025-12,38,0,38,0,0,0,0
srbi.hr,2026-01,26,0,26,0,0,0,0
srbi.hr,2026-02,33,0,33,0,0,0,0
srbi.hr,2026-03,27,0,27,0,0,0,0
srbi.hr,2026-04,39,0,39,0,0,0,0
srbi.hr,2026-05,32,0,32,0,0,0,0
srbi.hr,2026-06,26,0,26,0,0,0,0
srbi.hr,2026-07,30,0,30,0,0,0,0
srbi.hr,2026-08,28,0,28,0,0,0,0
srbi.hr,2026-09,4,0,4,0,0,0,0
srednja.hr,2021-01,263,0,263,0,0,0,0
srednja.hr,2021-02,321,0,321,0,0,0,0
srednja.hr,2021-03,341,0,341,0,0,0,0
srednja.hr,2021-04,326,0,326,0,0,0,0
srednja.hr,2021-05,347,0,347,0,0,0,0
srednja.hr,2021-06,302,0,302,0,0,0,0
srednja.hr,2021-07,304,1,304,1,1,1,0
srednja.hr,2021-08,272,0,272,0,0,0,0
srednja.hr,2021-09,323,0,323,0,0,0,0
srednja.hr,2021-10,325,1,325,1,1,1,1
srednja.hr,2021-11,305,0,305,0,0,0,0
srednja.hr,2021-12,299,0,299,0,0,0,0
srednja.hr,2022-01,317,1,317,1,1,1,0
srednja.hr,2022-02,308,2,308,2,2,2,0
srednja.hr,2022-03,352,0,352,0,0,0,0
srednja.hr,2022-04,313,0,313,0,0,0,0
srednja.hr,2022-05,331,0,331,0,0,0,0
srednja.hr,2022-06,316,0,316,0,0,0,0
srednja.hr,2022-07,333,0,333,0,0,0,0
srednja.hr,2022-08,307,0,307,0,0,0,0
srednja.hr,2022-09,371,0,371,0,0,0,0
srednja.hr,2022-10,391,0,391,0,0,0,0
srednja.hr,2022-11,341,0,341,0,0,0,0
srednja.hr,2022-12,307,1,307,1,1,1,0
srednja.hr,2023-01,316,2,316,2,2,2,0
srednja.hr,2023-02,337,0,337,0,0,0,0
srednja.hr,2023-03,355,0,355,0,0,0,0
srednja.hr,2023-04,322,0,322,0,0,0,0
srednja.hr,2023-05,363,0,363,0,0,0,0
srednja.hr,2023-06,322,0,322,0,0,0,0
srednja.hr,2023-07,342,0,342,0,0,0,0
srednja.hr,2023-08,318,0,318,0,0,0,0
srednja.hr,2023-09,333,0,333,0,0,0,0
srednja.hr,2023-10,355,0,355,0,0,0,0
srednja.hr,2023-11,342,0,342,0,0,0,0
srednja.hr,2023-12,323,1,323,1,1,1,0
srednja.hr,2024-01,338,0,338,0,0,0,0
srednja.hr,2024-02,368,0,368,0,0,0,0
srednja.hr,2024-03,351,0,351,0,0,0,0
srednja.hr,2024-04,348,1,348,1,1,1,0
srednja.hr,2024-05,366,0,366,0,0,0,0
srednja.hr,2024-06,355,0,355,0,0,0,0
srednja.hr,2024-07,385,1,385,1,1,1,0
srednja.hr,2024-08,293,0,293,0,0,0,0
srednja.hr,2024-09,315,0,315,0,0,0,0
srednja.hr,2024-10,356,0,356,0,0,0,0
srednja.hr,2024-11,322,0,322,0,0,0,0
srednja.hr,2024-12,338,2,338,2,2,2,0
srednja.hr,2025-01,308,1,308,1,1,1,0
srednja.hr,2025-02,281,1,281,1,1,1,0
srednja.hr,2025-03,319,0,319,0,0,0,0
srednja.hr,2025-04,284,1,284,1,1,1,0
srednja.hr,2025-05,334,2,334,2,2,2,0
srednja.hr,2025-06,331,0,331,0,0,0,0
srednja.hr,2025-07,311,0,311,0,0,0,0
srednja.hr,2025-08,249,0,249,0,0,0,0
srednja.hr,2025-09,270,0,270,0,0,0,0
srednja.hr,2025-10,320,0,320,0,0,0,0
srednja.hr,2025-11,314,1,314,1,1,1,0
srednja.hr,2025-12,319,0,319,0,0,0,0
srednja.hr,2026-01,314,0,314,0,0,0,0
srednja.hr,2026-02,578,1,578,1,1,1,0
srednja.hr,2026-03,356,1,356,1,1,1,0
srednja.hr,2026-04,288,0,288,0,0,0,0
srednja.hr,2026-05,309,0,309,0,0,0,0
srednja.hr,2026-06,328,1,328,1,1,1,0
srednja.hr,2026-07,299,0,299,0,0,0,0
srednja.hr,2026-08,240,0,240,0,0,0,0
srednja.hr,2026-09,114,0,114,0,0,0,0
startnews.hr,2021-01,2,0,2,0,0,0,0
startnews.hr,2021-02,59,3,59,3,3,3,1
startnews.hr,2021-03,128,0,128,0,0,0,0
startnews.hr,2021-04,35,0,35,0,0,0,0
startnews.hr,2021-05,30,0,30,0,0,0,0
startnews.hr,2021-06,45,0,45,0,0,0,0
startnews.hr,2021-07,35,0,35,0,0,0,0
startnews.hr,2021-08,32,0,32,0,0,0,0
startnews.hr,2021-09,30,0,30,0,0,0,0
startnews.hr,2021-10,56,0,56,0,0,0,0
startnews.hr,2021-11,76,1,76,1,1,1,0
startnews.hr,2021-12,74,0,74,0,0,0,0
startnews.hr,2022-01,128,3,128,3,3,3,0
startnews.hr,2022-02,127,1,127,1,1,1,0
startnews.hr,2022-03,70,0,70,0,0,0,0
startnews.hr,2022-04,81,0,81,0,0,0,0
startnews.hr,2022-05,64,0,64,0,0,0,0
startnews.hr,2022-06,83,1,83,1,1,1,0
startnews.hr,2022-07,62,0,62,0,0,0,0
startnews.hr,2022-08,56,0,56,0,0,0,0
startnews.hr,2022-09,98,1,98,1,1,1,0
startnews.hr,2022-10,77,0,77,0,0,0,0
startnews.hr,2022-11,53,1,53,1,1,1,0
startnews.hr,2022-12,64,0,64,0,0,0,0
startnews.hr,2023-01,113,0,113,0,0,0,0
startnews.hr,2023-02,84,0,84,0,0,0,0
startnews.hr,2023-03,63,0,63,0,0,0,0
startnews.hr,2023-04,40,0,40,0,0,0,0
startnews.hr,2023-05,26,0,26,0,0,0,0
startnews.hr,2023-06,59,1,59,1,1,1,0
startnews.hr,2023-07,11,0,11,0,0,0,0
startnews.hr,2024-03,14,0,14,0,0,0,0
startnews.hr,2024-04,50,0,50,0,0,0,0
startnews.hr,2024-05,62,0,62,0,0,0,0
startnews.hr,2024-06,83,1,83,1,1,1,0
startnews.hr,2024-07,138,0,138,0,0,0,0
startnews.hr,2024-08,95,0,95,0,0,0,0
startnews.hr,2024-09,81,0,81,0,0,0,0
startnews.hr,2024-10,143,1,143,1,1,1,0
startnews.hr,2024-11,126,0,126,0,0,0,0
startnews.hr,2024-12,131,0,131,0,0,0,0
startnews.hr,2025-01,112,0,112,0,0,0,0
startnews.hr,2025-02,100,1,100,1,1,1,0
startnews.hr,2025-03,62,0,62,0,0,0,0
startnews.hr,2025-04,1,0,1,0,0,0,0
story.hr,2021-01,948,0,948,0,0,0,0
story.hr,2021-02,1009,0,1009,0,0,0,0
story.hr,2021-03,1099,0,1099,0,0,0,0
story.hr,2021-04,997,0,997,0,0,0,0
story.hr,2021-05,1037,0,1037,0,0,0,0
story.hr,2021-06,1004,0,1004,0,0,0,0
story.hr,2021-07,944,0,944,0,0,0,0
story.hr,2021-08,803,0,803,0,0,0,0
story.hr,2021-09,1142,1,1142,1,1,1,0
story.hr,2021-10,1538,0,1538,0,0,0,0
story.hr,2021-11,1824,1,1824,1,1,1,0
story.hr,2021-12,1851,2,1851,2,2,2,0
story.hr,2022-01,1755,0,1755,0,0,0,0
story.hr,2022-02,1648,0,1648,0,0,0,0
story.hr,2022-03,1853,0,1853,0,0,0,0
story.hr,2022-04,1796,0,1796,0,0,0,0
story.hr,2022-05,2021,0,2021,0,0,0,0
story.hr,2022-06,1849,0,1849,0,0,0,0
story.hr,2022-07,1869,2,1869,2,2,2,0
story.hr,2022-08,1627,1,1627,1,1,1,0
story.hr,2022-09,1700,0,1700,0,0,0,0
story.hr,2022-10,1854,0,1854,0,0,0,0
story.hr,2022-11,1638,0,1638,0,0,0,0
story.hr,2022-12,1832,1,1832,1,1,1,1
story.hr,2023-01,1896,0,1896,0,0,0,0
story.hr,2023-02,1756,0,1756,0,0,0,0
story.hr,2023-03,1635,0,1635,0,0,0,0
story.hr,2023-04,1347,0,1347,0,0,0,0
story.hr,2023-05,1477,0,1477,0,0,0,0
story.hr,2023-06,1500,0,1500,0,0,0,0
story.hr,2023-07,1723,0,1723,0,0,0,0
story.hr,2023-08,1664,0,1664,0,0,0,0
story.hr,2023-09,1700,0,1700,0,0,0,0
story.hr,2023-10,1989,0,1989,0,0,0,0
story.hr,2023-11,1905,0,1905,0,0,0,0
story.hr,2023-12,1627,0,1627,0,0,0,0
story.hr,2024-01,1595,1,1595,1,1,1,0
story.hr,2024-02,1108,0,1108,0,0,0,0
story.hr,2024-03,834,0,834,0,0,0,0
story.hr,2024-04,778,0,778,0,0,0,0
story.hr,2024-05,943,0,943,0,0,0,0
story.hr,2024-06,1534,0,1534,0,0,0,0
story.hr,2024-07,1441,1,1441,1,1,1,1
story.hr,2024-08,1426,1,1426,1,1,1,0
story.hr,2024-09,1439,1,1439,1,1,1,0
story.hr,2024-10,1427,0,1427,0,0,0,0
story.hr,2024-11,1522,0,1522,0,0,0,0
story.hr,2024-12,1354,0,1354,0,0,0,0
story.hr,2025-01,1306,0,1306,0,0,0,0
story.hr,2025-02,1416,0,1416,0,0,0,0
story.hr,2025-03,1430,0,1430,0,0,0,0
story.hr,2025-04,1435,0,1435,0,0,0,0
story.hr,2025-05,1411,1,1411,1,1,1,0
story.hr,2025-06,1324,0,1324,0,0,0,0
story.hr,2025-07,1218,0,1218,0,0,0,0
story.hr,2025-08,1059,0,1059,0,0,0,0
story.hr,2025-09,1395,1,1395,1,1,1,0
story.hr,2025-10,1382,0,1382,0,0,0,0
story.hr,2025-11,1225,1,1225,1,1,1,1
story.hr,2025-12,1170,0,1170,0,0,0,0
story.hr,2026-01,1102,1,1102,1,1,1,1
story.hr,2026-02,904,0,904,0,0,0,0
story.hr,2026-03,1341,0,1341,0,0,0,0
story.hr,2026-04,1245,0,1245,0,0,0,0
story.hr,2026-05,1248,2,1248,2,2,2,1
story.hr,2026-06,1080,1,1080,1,1,1,0
story.hr,2026-07,1129,0,1129,0,0,0,0
story.hr,2026-08,1140,0,1140,0,0,0,0
story.hr,2026-09,482,0,482,0,0,0,0
storybook.hr,2024-04,1,0,1,0,0,0,0
stratego.hr,2021-07,1,0,1,0,0,0,0
stratego.hr,2021-09,2,0,2,0,0,0,0
stratego.hr,2024-04,1,0,1,0,0,0,0
stratego.hr,2024-08,2,0,2,0,0,0,0
stratego.hr,2024-09,1,0,1,0,0,0,0
stratego.hr,2024-10,1,0,1,0,0,0,0
stratego.hr,2024-11,3,0,3,0,0,0,0
stratego.hr,2025-05,1,0,1,0,0,0,0
stratego.hr,2025-08,1,0,1,0,0,0,0
stratego.hr,2025-09,6,0,6,0,0,0,0
stratego.hr,2025-10,9,0,9,0,0,0,0
stratego.hr,2025-11,5,1,5,1,1,1,0
stratego.hr,2025-12,1,0,1,0,0,0,0
stratego.hr,2026-02,1,0,1,0,0,0,0
stratego.hr,2026-03,2,0,2,0,0,0,0
stratego.hr,2026-05,1,0,1,0,0,0,0
studentski.hr,2021-01,394,0,394,0,0,0,0
studentski.hr,2021-02,492,1,492,1,1,1,0
studentski.hr,2021-03,529,1,529,1,1,1,0
studentski.hr,2021-04,530,0,530,0,0,0,0
studentski.hr,2021-05,531,0,531,0,0,0,0
studentski.hr,2021-06,513,0,513,0,0,0,0
studentski.hr,2021-07,534,1,534,1,1,1,0
studentski.hr,2021-08,655,2,655,2,2,2,0
studentski.hr,2021-09,542,2,542,2,2,2,0
studentski.hr,2021-10,559,1,559,1,1,1,0
studentski.hr,2021-11,555,0,555,0,0,0,0
studentski.hr,2021-12,582,0,582,0,0,0,0
studentski.hr,2022-01,532,0,532,0,0,0,0
studentski.hr,2022-02,436,1,436,1,1,1,0
studentski.hr,2022-03,448,0,448,0,0,0,0
studentski.hr,2022-04,454,0,454,0,0,0,0
studentski.hr,2022-05,405,0,405,0,0,0,0
studentski.hr,2022-06,415,1,415,1,1,1,0
studentski.hr,2022-07,316,1,316,1,1,1,0
studentski.hr,2022-08,292,1,292,1,1,1,0
studentski.hr,2022-09,346,1,346,1,1,1,0
studentski.hr,2022-10,413,2,413,2,2,2,1
studentski.hr,2022-11,385,4,385,4,4,4,0
studentski.hr,2022-12,324,1,324,1,1,1,0
studentski.hr,2023-01,423,1,423,1,1,1,0
studentski.hr,2023-02,456,1,456,1,1,1,0
studentski.hr,2023-03,289,2,289,2,2,2,0
studentski.hr,2023-04,197,0,197,0,0,0,0
studentski.hr,2023-05,316,0,316,0,0,0,0
studentski.hr,2023-06,410,0,410,0,0,0,0
studentski.hr,2023-07,483,0,483,0,0,0,0
studentski.hr,2023-08,304,0,304,0,0,0,0
studentski.hr,2023-09,295,0,295,0,0,0,0
studentski.hr,2023-10,288,0,288,0,0,0,0
studentski.hr,2023-11,293,1,293,1,1,1,0
studentski.hr,2023-12,338,1,338,1,1,1,0
studentski.hr,2024-01,376,2,376,2,2,2,1
studentski.hr,2024-02,390,0,390,0,0,0,0
studentski.hr,2024-03,387,2,387,2,2,2,0
studentski.hr,2024-04,346,2,346,2,2,2,0
studentski.hr,2024-05,458,1,458,1,1,1,1
studentski.hr,2024-06,401,0,401,0,0,0,0
studentski.hr,2024-07,435,1,435,1,1,1,0
studentski.hr,2024-08,372,0,372,0,0,0,0
studentski.hr,2024-09,504,3,504,3,3,3,0
studentski.hr,2024-10,532,0,532,0,0,0,0
studentski.hr,2024-11,518,3,518,3,3,3,0
studentski.hr,2024-12,362,0,362,0,0,0,0
studentski.hr,2025-01,275,0,275,0,0,0,0
studentski.hr,2025-02,362,0,362,0,0,0,0
studentski.hr,2025-03,452,1,452,1,1,1,0
studentski.hr,2025-04,435,0,435,0,0,0,0
studentski.hr,2025-05,361,2,361,2,2,2,0
studentski.hr,2025-06,368,1,368,1,1,1,0
studentski.hr,2025-07,172,1,172,1,1,1,0
studentski.hr,2025-08,169,0,169,0,0,0,0
studentski.hr,2025-09,191,0,191,0,0,0,0
studentski.hr,2025-10,193,0,193,0,0,0,0
studentski.hr,2025-11,165,0,165,0,0,0,0
studentski.hr,2025-12,185,0,185,0,0,0,0
studentski.hr,2026-01,222,0,222,0,0,0,0
studentski.hr,2026-02,202,0,202,0,0,0,0
studentski.hr,2026-03,173,0,173,0,0,0,0
studentski.hr,2026-04,143,3,143,3,3,3,1
studentski.hr,2026-05,148,2,148,2,2,2,0
studentski.hr,2026-06,180,3,180,3,3,3,1
studentski.hr,2026-07,149,0,149,0,0,0,0
studentski.hr,2026-08,169,0,169,0,0,0,0
studentski.hr,2026-09,55,0,55,0,0,0,0
studioeuropa.online,2022-04,2,0,2,0,0,0,0
studioeuropa.online,2022-05,2,0,2,0,0,0,0
studioeuropa.online,2022-07,3,0,3,0,0,0,0
studioeuropa.online,2022-10,2,0,2,0,0,0,0
studioeuropa.online,2022-11,4,1,4,1,1,1,0
studioeuropa.online,2022-12,1,0,1,0,0,0,0
studioeuropa.online,2023-01,8,1,8,1,1,1,1
studioeuropa.online,2023-02,2,0,2,0,0,0,0
studioeuropa.online,2023-03,4,0,4,0,0,0,0
studioeuropa.online,2023-05,4,0,4,0,0,0,0
studioeuropa.online,2023-06,3,0,3,0,0,0,0
studioeuropa.online,2023-07,3,0,3,0,0,0,0
studioeuropa.online,2023-08,2,0,2,0,0,0,0
studioeuropa.online,2023-09,9,0,9,0,0,0,0
studioeuropa.online,2023-10,1,0,1,0,0,0,0
studioeuropa.online,2023-11,1,0,1,0,0,0,0
studioeuropa.online,2024-01,1,0,1,0,0,0,0
studioeuropa.online,2024-04,1,0,1,0,0,0,0
studioeuropa.online,2025-07,11,0,11,0,0,0,0
studioeuropa.online,2025-08,4,0,4,0,0,0,0
studioeuropa.online,2025-09,9,0,9,0,0,0,0
studioeuropa.online,2025-10,4,0,4,0,0,0,0
studioeuropa.online,2025-12,12,0,12,0,0,0,0
studioeuropa.online,2026-01,4,0,4,0,0,0,0
studioeuropa.online,2026-02,2,0,2,0,0,0,0
studioeuropa.online,2026-03,1,0,1,0,0,0,0
studioeuropa.online,2026-04,7,0,7,0,0,0,0
stv.hr,2021-03,1,0,1,0,0,0,0
stv.hr,2021-08,2,0,2,0,0,0,0
stv.hr,2021-09,5,0,5,0,0,0,0
stv.hr,2021-10,362,0,362,0,0,0,0
stv.hr,2021-11,363,0,363,0,0,0,0
stv.hr,2021-12,306,0,306,0,0,0,0
stv.hr,2022-01,301,4,301,4,4,4,0
stv.hr,2022-02,276,1,276,1,1,1,0
stv.hr,2022-03,337,1,337,1,1,1,0
stv.hr,2022-04,261,0,261,0,0,0,0
stv.hr,2022-05,265,0,265,0,0,0,0
stv.hr,2022-06,215,1,215,1,1,1,0
stv.hr,2022-07,141,0,141,0,0,0,0
stv.hr,2022-08,147,0,147,0,0,0,0
stv.hr,2022-09,216,0,216,0,0,0,0
stv.hr,2022-10,221,0,221,0,0,0,0
stv.hr,2022-11,236,0,236,0,0,0,0
stv.hr,2022-12,190,0,190,0,0,0,0
stv.hr,2023-01,168,1,168,1,1,1,0
stv.hr,2023-02,176,0,176,0,0,0,0
stv.hr,2023-03,185,0,185,0,0,0,0
stv.hr,2023-04,157,0,157,0,0,0,0
stv.hr,2023-05,185,0,185,0,0,0,0
stv.hr,2023-06,163,0,163,0,0,0,0
stv.hr,2023-07,114,0,114,0,0,0,0
stv.hr,2023-08,120,0,120,0,0,0,0
stv.hr,2023-09,147,0,147,0,0,0,0
stv.hr,2023-10,211,0,211,0,0,0,0
stv.hr,2023-11,163,0,163,0,0,0,0
stv.hr,2023-12,147,0,147,0,0,0,0
stv.hr,2024-01,160,0,160,0,0,0,0
stv.hr,2024-02,174,0,174,0,0,0,0
stv.hr,2024-03,164,0,164,0,0,0,0
stv.hr,2024-04,170,0,170,0,0,0,0
stv.hr,2024-05,171,0,171,0,0,0,0
stv.hr,2024-06,78,0,78,0,0,0,0
stv.hr,2024-07,87,0,87,0,0,0,0
stv.hr,2024-08,10,0,10,0,0,0,0
stv.hr,2025-01,103,0,103,0,0,0,0
stv.hr,2025-02,107,0,107,0,0,0,0
stv.hr,2025-03,113,0,113,0,0,0,0
stv.hr,2025-04,137,0,137,0,0,0,0
stv.hr,2025-05,106,0,106,0,0,0,0
stv.hr,2025-06,101,0,101,0,0,0,0
stv.hr,2025-07,54,0,54,0,0,0,0
stv.hr,2025-08,97,0,97,0,0,0,0
stv.hr,2025-09,99,0,99,0,0,0,0
stv.hr,2025-10,98,0,98,0,0,0,0
stv.hr,2025-11,79,0,79,0,0,0,0
stv.hr,2025-12,84,0,84,0,0,0,0
stv.hr,2026-01,38,0,38,0,0,0,0
stv.hr,2026-02,51,0,51,0,0,0,0
stv.hr,2026-03,42,0,42,0,0,0,0
stv.hr,2026-04,44,0,44,0,0,0,0
stv.hr,2026-05,38,0,38,0,0,0,0
stv.hr,2026-06,30,0,30,0,0,0,0
stv.hr,2026-07,14,0,14,0,0,0,0
stv.hr,2026-08,70,0,70,0,0,0,0
stv.hr,2026-09,40,0,40,0,0,0,0
superportal.hr,2021-01,221,0,221,0,0,0,0
superportal.hr,2021-02,257,0,257,0,0,0,0
superportal.hr,2021-03,336,0,336,0,0,0,0
superportal.hr,2021-04,264,0,264,0,0,0,0
superportal.hr,2021-05,279,0,279,0,0,0,0
superportal.hr,2021-06,137,0,137,0,0,0,0
superportal.hr,2021-07,188,1,188,1,1,1,0
superportal.hr,2021-08,157,3,157,3,3,3,0
superportal.hr,2021-09,213,0,213,0,0,0,0
superportal.hr,2021-10,175,0,175,0,0,0,0
superportal.hr,2021-11,177,0,177,0,0,0,0
superportal.hr,2021-12,221,0,221,0,0,0,0
superportal.hr,2022-01,201,3,201,3,3,3,0
superportal.hr,2022-02,223,3,223,3,3,3,0
superportal.hr,2022-03,243,0,243,0,0,0,0
superportal.hr,2022-04,238,0,238,0,0,0,0
superportal.hr,2022-05,268,0,268,0,0,0,0
superportal.hr,2022-06,228,0,228,0,0,0,0
superportal.hr,2022-07,184,0,184,0,0,0,0
superportal.hr,2022-08,202,0,202,0,0,0,0
superportal.hr,2022-09,269,0,269,0,0,0,0
superportal.hr,2022-10,242,1,242,1,1,1,0
superportal.hr,2022-11,228,1,228,1,1,1,0
superportal.hr,2022-12,218,1,218,1,1,1,0
superportal.hr,2023-01,227,3,227,3,3,3,0
superportal.hr,2023-02,211,2,211,2,2,2,0
superportal.hr,2023-03,259,0,259,0,0,0,0
superportal.hr,2023-04,219,1,219,1,1,1,0
superportal.hr,2023-05,245,0,245,0,0,0,0
superportal.hr,2023-06,223,0,223,0,0,0,0
superportal.hr,2023-07,212,0,212,0,0,0,0
superportal.hr,2023-08,208,0,208,0,0,0,0
superportal.hr,2023-09,223,0,223,0,0,0,0
superportal.hr,2023-10,303,0,303,0,0,0,0
superportal.hr,2023-11,312,0,312,0,0,0,0
superportal.hr,2023-12,331,0,331,0,0,0,0
superportal.hr,2024-01,255,0,255,0,0,0,0
superportal.hr,2024-02,275,0,275,0,0,0,0
superportal.hr,2024-03,277,0,277,0,0,0,0
superportal.hr,2024-04,220,0,220,0,0,0,0
superportal.hr,2024-05,207,0,207,0,0,0,0
superportal.hr,2024-06,228,0,228,0,0,0,0
superportal.hr,2024-07,194,0,194,0,0,0,0
superportal.hr,2024-08,33,0,33,0,0,0,0
superportal.hr,2025-06,2,0,2,0,0,0,0
superportal.hr,2026-02,1,0,1,0,0,0,0
superportal.hr,2026-03,1,0,1,0,0,0,0
superportal.hr,2026-04,19,0,19,0,0,0,0
superportal.hr,2026-05,307,0,307,0,0,0,0
superportal.hr,2026-06,301,0,301,0,0,0,0
superportal.hr,2026-07,258,0,258,0,0,0,0
superportal.hr,2026-08,179,0,179,0,0,0,0
superportal.hr,2026-09,119,0,119,0,0,0,0
svijet.hr,2025-01,834,8,834,8,8,8,2
svijet.hr,2025-02,545,6,545,6,6,6,2
svijet.hr,2025-03,488,12,488,12,12,12,1
svijet.hr,2025-04,241,1,241,1,1,1,0
svijet.hr,2025-05,487,3,487,3,3,3,0
svijet.hr,2025-06,326,5,326,5,5,5,1
svijet.hr,2025-07,338,9,338,9,9,9,1
svijet.hr,2025-08,296,3,296,3,3,3,0
svijet.hr,2025-09,338,1,338,1,1,1,0
svijet.hr,2025-10,246,0,246,0,0,0,0
svijet.hr,2025-11,166,0,166,0,0,0,0
svijet.hr,2025-12,202,1,202,1,1,1,0
svijet.hr,2026-01,195,13,195,13,13,13,0
svijet.hr,2026-02,105,4,105,4,4,4,0
svijet.hr,2026-03,210,0,210,0,0,0,0
svijet.hr,2026-04,232,0,232,0,0,0,0
svijet.hr,2026-05,158,0,158,0,0,0,0
svijet.hr,2026-06,187,0,187,0,0,0,0
svijet.hr,2026-07,185,0,185,0,0,0,0
svijet.hr,2026-08,102,0,102,0,0,0,0
svijet.hr,2026-09,21,0,21,0,0,0,0
svijetsigurnosti.com,2024-01,2,0,2,0,0,0,0
svijetsigurnosti.com,2024-02,23,0,23,0,0,0,0
svijetsigurnosti.com,2024-03,57,0,57,0,0,0,0
svijetsigurnosti.com,2024-04,40,0,40,0,0,0,0
svijetsigurnosti.com,2024-05,47,0,47,0,0,0,0
svijetsigurnosti.com,2024-06,50,2,50,2,2,2,0
svijetsigurnosti.com,2024-07,54,0,54,0,0,0,0
svijetsigurnosti.com,2024-08,27,0,27,0,0,0,0
svijetsigurnosti.com,2024-09,38,0,38,0,0,0,0
svijetsigurnosti.com,2024-10,38,0,38,0,0,0,0
svijetsigurnosti.com,2024-11,19,0,19,0,0,0,0
svijetsigurnosti.com,2024-12,21,0,21,0,0,0,0
svijetsigurnosti.com,2025-01,33,1,33,1,1,1,0
svijetsigurnosti.com,2025-02,22,0,22,0,0,0,0
svijetsigurnosti.com,2025-03,21,0,21,0,0,0,0
svijetsigurnosti.com,2025-04,19,0,19,0,0,0,0
svijetsigurnosti.com,2025-05,37,0,37,0,0,0,0
svijetsigurnosti.com,2025-06,35,0,35,0,0,0,0
svijetsigurnosti.com,2025-07,35,0,35,0,0,0,0
svijetsigurnosti.com,2025-08,20,0,20,0,0,0,0
svijetsigurnosti.com,2025-09,32,0,32,0,0,0,0
svijetsigurnosti.com,2025-10,28,0,28,0,0,0,0
svijetsigurnosti.com,2025-11,29,0,29,0,0,0,0
svijetsigurnosti.com,2025-12,26,0,26,0,0,0,0
svijetsigurnosti.com,2026-01,25,0,25,0,0,0,0
svijetsigurnosti.com,2026-02,33,0,33,0,0,0,0
svijetsigurnosti.com,2026-03,32,0,32,0,0,0,0
svijetsigurnosti.com,2026-04,33,0,33,0,0,0,0
svijetsigurnosti.com,2026-05,34,0,34,0,0,0,0
svijetsigurnosti.com,2026-06,29,0,29,0,0,0,0
svijetsigurnosti.com,2026-07,21,0,21,0,0,0,0
svijetsigurnosti.com,2026-08,12,1,12,1,1,1,0
svijetsigurnosti.com,2026-09,6,0,6,0,0,0,0
teklic.hr,2021-01,633,0,633,0,0,0,0
teklic.hr,2021-02,540,0,540,0,0,0,0
teklic.hr,2021-03,587,2,587,2,2,2,0
teklic.hr,2021-04,594,1,594,1,1,1,0
teklic.hr,2021-05,575,0,575,0,0,0,0
teklic.hr,2021-06,522,1,522,1,1,1,0
teklic.hr,2021-07,623,1,623,1,1,1,0
teklic.hr,2021-08,529,0,529,0,0,0,0
teklic.hr,2021-09,567,1,567,1,1,1,0
teklic.hr,2021-10,532,0,532,0,0,0,0
teklic.hr,2021-11,565,1,565,1,1,1,0
teklic.hr,2021-12,585,1,585,1,1,1,0
teklic.hr,2022-01,595,1,595,1,1,1,0
teklic.hr,2022-02,580,2,580,2,2,2,0
teklic.hr,2022-03,655,1,655,1,1,1,0
teklic.hr,2022-04,619,0,619,0,0,0,0
teklic.hr,2022-05,645,1,645,1,1,1,0
teklic.hr,2022-06,676,1,676,1,1,1,0
teklic.hr,2022-07,720,1,720,1,1,1,0
teklic.hr,2022-08,601,0,601,0,0,0,0
teklic.hr,2022-09,649,1,649,1,1,1,0
teklic.hr,2022-10,644,2,644,2,2,2,0
teklic.hr,2022-11,518,0,518,0,0,0,0
teklic.hr,2022-12,467,5,467,5,5,5,1
teklic.hr,2023-01,527,3,527,3,3,3,1
teklic.hr,2023-02,497,1,497,1,1,1,0
teklic.hr,2023-03,537,0,537,0,0,0,0
teklic.hr,2023-04,454,1,454,1,1,1,0
teklic.hr,2023-05,576,1,576,1,1,1,0
teklic.hr,2023-06,578,0,578,0,0,0,0
teklic.hr,2023-07,549,0,549,0,0,0,0
teklic.hr,2023-08,512,0,512,0,0,0,0
teklic.hr,2023-09,507,1,507,1,1,1,0
teklic.hr,2023-10,466,0,466,0,0,0,0
teklic.hr,2023-11,567,1,567,1,1,1,0
teklic.hr,2023-12,434,0,434,0,0,0,0
teklic.hr,2024-01,494,1,494,1,1,1,0
teklic.hr,2024-02,481,1,481,1,1,1,0
teklic.hr,2024-03,517,0,517,0,0,0,0
teklic.hr,2024-04,465,0,465,0,0,0,0
teklic.hr,2024-05,431,0,431,0,0,0,0
teklic.hr,2024-06,500,0,500,0,0,0,0
teklic.hr,2024-07,540,0,540,0,0,0,0
teklic.hr,2024-08,477,1,477,1,1,1,0
teklic.hr,2024-09,431,1,431,1,1,1,0
teklic.hr,2024-10,506,0,506,0,0,0,0
teklic.hr,2024-11,417,0,417,0,0,0,0
teklic.hr,2024-12,454,0,454,0,0,0,0
teklic.hr,2025-01,333,1,333,1,1,1,0
teklic.hr,2025-02,398,3,398,3,3,3,1
teklic.hr,2025-03,433,0,433,0,0,0,0
teklic.hr,2025-04,252,1,252,1,1,1,0
teklic.hr,2025-05,350,0,350,0,0,0,0
teklic.hr,2025-06,434,0,434,0,0,0,0
teklic.hr,2025-07,616,0,616,0,0,0,0
teklic.hr,2025-08,250,0,250,0,0,0,0
teklic.hr,2025-09,343,1,343,1,1,1,0
teklic.hr,2025-10,244,0,244,0,0,0,0
teklic.hr,2025-11,248,1,248,1,1,1,1
teklic.hr,2025-12,257,2,257,2,2,2,0
teklic.hr,2026-01,282,1,282,1,1,1,0
teklic.hr,2026-02,135,0,135,0,0,0,0
teklic.hr,2026-03,237,1,237,1,1,1,0
teklic.hr,2026-04,222,0,222,0,0,0,0
teklic.hr,2026-05,193,0,193,0,0,0,0
teklic.hr,2026-06,204,0,204,0,0,0,0
teklic.hr,2026-07,240,0,240,0,0,0,0
teklic.hr,2026-08,354,0,354,0,0,0,0
teklic.hr,2026-09,156,0,156,0,0,0,0
telegram.hr,2021-01,2341,8,2341,8,8,8,1
telegram.hr,2021-02,2230,4,2230,4,4,4,0
telegram.hr,2021-03,2401,5,2401,5,5,5,1
telegram.hr,2021-04,2172,8,2172,8,8,8,2
telegram.hr,2021-05,2323,0,2323,0,0,0,0
telegram.hr,2021-06,2166,1,2166,1,1,1,0
telegram.hr,2021-07,2421,6,2421,6,6,6,0
telegram.hr,2021-08,2156,7,2156,7,7,7,4
telegram.hr,2021-09,2385,22,2385,22,22,22,5
telegram.hr,2021-10,2347,12,2347,12,12,12,3
telegram.hr,2021-11,2336,4,2336,4,4,4,0
telegram.hr,2021-12,2395,10,2395,10,10,10,1
telegram.hr,2022-01,2302,28,2302,28,28,28,10
telegram.hr,2022-02,2160,42,2160,42,42,42,10
telegram.hr,2022-03,2605,11,2605,11,11,11,0
telegram.hr,2022-04,2356,13,2356,13,13,13,1
telegram.hr,2022-05,2397,7,2397,7,7,7,4
telegram.hr,2022-06,2199,5,2199,5,5,5,1
telegram.hr,2022-07,2306,18,2305,18,17,17,5
telegram.hr,2022-08,2142,9,2142,9,9,9,1
telegram.hr,2022-09,2498,10,2498,10,10,10,0
telegram.hr,2022-10,2591,11,2591,11,11,11,2
telegram.hr,2022-11,2546,11,2546,11,11,11,1
telegram.hr,2022-12,2409,24,2409,24,24,24,8
telegram.hr,2023-01,2291,22,2291,22,22,22,4
telegram.hr,2023-02,2145,9,2145,9,9,9,1
telegram.hr,2023-03,2373,17,2373,17,17,17,3
telegram.hr,2023-04,2271,13,2271,13,13,13,4
telegram.hr,2023-05,2332,6,2332,6,6,6,1
telegram.hr,2023-06,2142,5,2142,5,5,5,1
telegram.hr,2023-07,2460,5,2460,5,5,5,3
telegram.hr,2023-08,2386,9,2386,9,9,9,2
telegram.hr,2023-09,2319,16,2319,16,16,16,4
telegram.hr,2023-10,2658,6,2658,6,6,6,1
telegram.hr,2023-11,2813,16,2813,16,16,16,3
telegram.hr,2023-12,2804,18,2804,18,18,18,3
telegram.hr,2024-01,3128,10,3128,10,10,10,1
telegram.hr,2024-02,3148,11,3148,11,11,11,2
telegram.hr,2024-03,3424,11,3424,11,11,11,0
telegram.hr,2024-04,3367,19,3367,19,19,19,1
telegram.hr,2024-05,3345,8,3345,8,8,8,2
telegram.hr,2024-06,3354,20,3354,20,20,20,3
telegram.hr,2024-07,127,3,127,3,3,3,0
telegram.hr,2024-08,145,2,145,2,2,2,0
telegram.hr,2024-09,144,3,144,3,3,3,0
telegram.hr,2024-10,1028,6,1028,6,6,6,0
telegram.hr,2024-11,3356,14,3356,14,14,14,4
telegram.hr,2024-12,3048,16,3048,16,16,16,1
telegram.hr,2025-01,3082,34,3082,34,34,34,4
telegram.hr,2025-02,2905,19,2905,19,19,19,2
telegram.hr,2025-03,3235,13,3235,13,13,13,3
telegram.hr,2025-04,3195,8,3195,8,8,8,1
telegram.hr,2025-05,3390,10,3390,10,10,10,3
telegram.hr,2025-06,2971,13,2971,13,13,13,3
telegram.hr,2025-07,3305,11,3305,11,11,11,1
telegram.hr,2025-08,2886,4,2886,4,4,4,1
telegram.hr,2025-09,3302,23,3302,23,23,23,4
telegram.hr,2025-10,3602,20,3602,20,20,20,5
telegram.hr,2025-11,3023,7,3023,7,7,7,2
telegram.hr,2025-12,3101,12,3101,12,12,12,3
telegram.hr,2026-01,3112,35,3112,35,35,35,6
telegram.hr,2026-02,3076,13,3076,13,13,13,2
telegram.hr,2026-03,3223,17,3223,17,17,17,2
telegram.hr,2026-04,3061,12,3061,12,12,12,3
telegram.hr,2026-05,3316,25,3316,25,25,25,6
telegram.hr,2026-06,3514,24,3514,24,24,24,7
telegram.hr,2026-07,3706,22,3706,22,22,22,8
telegram.hr,2026-08,3224,5,3224,5,5,5,1
telegram.hr,2026-09,1213,1,1213,1,1,1,1
teleskop.hr,2021-01,174,1,174,1,1,1,0
teleskop.hr,2021-02,159,2,159,2,2,2,0
teleskop.hr,2021-03,169,2,169,2,2,2,0
teleskop.hr,2021-04,293,1,293,1,1,1,0
teleskop.hr,2021-05,342,1,342,1,1,1,0
teleskop.hr,2021-06,274,1,274,1,1,1,0
teleskop.hr,2021-07,205,1,205,1,1,1,0
teleskop.hr,2021-08,213,1,213,1,1,1,0
teleskop.hr,2021-09,268,2,268,2,2,2,0
teleskop.hr,2021-10,296,3,296,3,3,3,1
teleskop.hr,2021-11,305,2,305,2,2,2,0
teleskop.hr,2021-12,280,2,280,2,2,2,0
teleskop.hr,2022-01,419,16,419,16,16,16,3
teleskop.hr,2022-02,420,16,420,16,16,16,1
teleskop.hr,2022-03,476,1,476,1,1,1,0
teleskop.hr,2022-04,391,6,391,6,6,6,1
teleskop.hr,2022-05,440,2,440,2,2,2,0
teleskop.hr,2022-06,418,5,418,5,5,5,0
teleskop.hr,2022-07,374,5,374,5,5,5,0
teleskop.hr,2022-08,374,5,374,5,5,5,0
teleskop.hr,2022-09,304,2,304,2,2,2,0
teleskop.hr,2022-10,253,5,253,5,5,5,1
teleskop.hr,2022-11,257,2,257,2,2,2,0
teleskop.hr,2022-12,372,4,372,4,4,4,0
teleskop.hr,2023-01,263,3,263,3,3,3,0
teleskop.hr,2023-02,259,0,259,0,0,0,0
teleskop.hr,2023-03,290,1,290,1,1,1,0
teleskop.hr,2023-04,71,1,71,1,1,1,0
teleskop.hr,2023-05,18,0,18,0,0,0,0
teleskop.hr,2023-06,94,0,94,0,0,0,0
teleskop.hr,2023-07,200,2,200,2,2,2,0
teleskop.hr,2023-08,240,1,240,1,1,1,0
teleskop.hr,2023-09,275,1,275,1,1,1,0
teleskop.hr,2023-10,285,0,285,0,0,0,0
teleskop.hr,2023-11,298,7,298,7,7,7,0
teleskop.hr,2023-12,279,3,279,3,3,3,0
teleskop.hr,2024-01,320,5,320,5,5,5,0
teleskop.hr,2024-02,324,6,324,6,6,6,0
teleskop.hr,2024-03,286,1,286,1,1,1,0
teleskop.hr,2024-04,219,0,219,0,0,0,0
teleskop.hr,2024-05,316,1,316,1,1,1,0
teleskop.hr,2024-06,282,1,282,1,1,1,0
teleskop.hr,2024-07,217,2,217,2,2,2,0
teleskop.hr,2024-08,210,0,210,0,0,0,0
teleskop.hr,2024-09,249,1,249,1,1,1,0
teleskop.hr,2024-10,372,0,372,0,0,0,0
teleskop.hr,2024-11,462,3,462,3,3,3,0
teleskop.hr,2024-12,108,0,108,0,0,0,0
teleskop.hr,2025-02,5,0,5,0,0,0,0
teleskop.hr,2025-03,21,0,21,0,0,0,0
teleskop.hr,2025-09,1,0,1,0,0,0,0
teleskop.hr,2025-10,1,0,1,0,0,0,0
teleskop.hr,2025-12,1,0,1,0,0,0,0
teleskop.hr,2026-01,374,6,374,6,6,6,2
teleskop.hr,2026-02,446,1,446,1,1,1,0
teleskop.hr,2026-03,501,4,501,4,4,4,1
teleskop.hr,2026-04,526,3,526,3,3,3,0
teleskop.hr,2026-05,406,6,406,6,6,6,1
teleskop.hr,2026-06,374,2,374,2,2,2,1
teleskop.hr,2026-07,415,8,415,8,8,8,3
teleskop.hr,2026-08,451,1,451,1,1,1,0
teleskop.hr,2026-09,140,1,140,1,1,1,0
thebestshop.hr,2021-01,14,0,14,0,0,0,0
thebestshop.hr,2021-02,24,0,24,0,0,0,0
thebestshop.hr,2021-03,30,0,30,0,0,0,0
thebestshop.hr,2021-04,24,0,24,0,0,0,0
thebestshop.hr,2021-05,22,0,22,0,0,0,0
thebestshop.hr,2021-06,23,0,23,0,0,0,0
thebestshop.hr,2021-07,23,0,23,0,0,0,0
thebestshop.hr,2021-08,18,0,18,0,0,0,0
thebestshop.hr,2021-09,18,0,18,0,0,0,0
thebestshop.hr,2021-10,20,0,20,0,0,0,0
thebestshop.hr,2021-11,25,0,25,0,0,0,0
thebestshop.hr,2021-12,17,0,17,0,0,0,0
thebestshop.hr,2022-01,1,0,1,0,0,0,0
thedubrovniktimes.com,2024-10,18,0,18,0,0,0,0
thedubrovniktimes.com,2024-11,16,0,16,0,0,0,0
thedubrovniktimes.com,2024-12,10,0,10,0,0,0,0
thedubrovniktimes.com,2025-01,15,1,15,1,1,1,0
thedubrovniktimes.com,2025-02,19,0,19,0,0,0,0
thedubrovniktimes.com,2025-03,15,0,15,0,0,0,0
thedubrovniktimes.com,2025-04,20,0,20,0,0,0,0
thedubrovniktimes.com,2025-05,29,1,29,1,1,1,0
thedubrovniktimes.com,2025-06,28,0,28,0,0,0,0
thedubrovniktimes.com,2025-07,23,0,23,0,0,0,0
thedubrovniktimes.com,2025-08,30,0,30,0,0,0,0
thedubrovniktimes.com,2025-09,13,0,13,0,0,0,0
thedubrovniktimes.com,2025-10,15,0,15,0,0,0,0
thedubrovniktimes.com,2025-11,35,0,35,0,0,0,0
thedubrovniktimes.com,2025-12,21,1,21,1,1,1,1
thedubrovniktimes.com,2026-01,20,1,20,1,1,1,0
thedubrovniktimes.com,2026-02,16,0,16,0,0,0,0
thedubrovniktimes.com,2026-03,16,0,16,0,0,0,0
thedubrovniktimes.com,2026-04,8,0,8,0,0,0,0
thedubrovniktimes.com,2026-05,18,0,18,0,0,0,0
thedubrovniktimes.com,2026-06,14,0,14,0,0,0,0
thedubrovniktimes.com,2026-07,13,0,13,0,0,0,0
thedubrovniktimes.com,2026-08,11,0,11,0,0,0,0
thedubrovniktimes.com,2026-09,3,0,3,0,0,0,0
tiramola-media.info,2021-01,2,0,2,0,0,0,0
tiramola-media.info,2021-03,1,0,1,0,0,0,0
tiramola-media.info,2021-05,1,0,1,0,0,0,0
tiramola-media.info,2021-06,1,0,1,0,0,0,0
tiramola-media.info,2021-07,1,0,1,0,0,0,0
tiramola-media.info,2021-10,1,0,1,0,0,0,0
tiramola-media.info,2022-02,1,0,1,0,0,0,0
tiramola-media.info,2022-03,1,0,1,0,0,0,0
tiramola-media.info,2022-04,1,0,1,0,0,0,0
tiramola-media.info,2022-06,1,0,1,0,0,0,0
tiramola-media.info,2023-01,1,0,1,0,0,0,0
tiramola-media.info,2023-03,2,0,2,0,0,0,0
tiramola-media.info,2023-04,4,0,4,0,0,0,0
tiramola-media.info,2023-05,8,0,8,0,0,0,0
tiramola-media.info,2023-06,1,0,1,0,0,0,0
tiramola-media.info,2023-07,1,0,1,0,0,0,0
tiramola-media.info,2023-12,290,0,290,0,0,0,0
tiramola-media.info,2024-01,125,0,125,0,0,0,0
tiramola-media.info,2024-02,131,0,131,0,0,0,0
tiramola-media.info,2024-03,152,0,152,0,0,0,0
tiramola-media.info,2024-04,153,1,153,1,1,1,1
tiramola-media.info,2024-05,166,1,166,1,1,1,0
tiramola-media.info,2024-06,145,0,145,0,0,0,0
tiramola-media.info,2024-07,124,0,124,0,0,0,0
tiramola-media.info,2024-08,16,0,16,0,0,0,0
tiramola-media.info,2025-01,1,0,1,0,0,0,0
tiramola-media.info,2026-08,1,0,1,0,0,0,0
tjedno.hr,2021-01,41,0,41,0,0,0,0
tjedno.hr,2021-02,36,0,36,0,0,0,0
tjedno.hr,2021-03,60,0,60,0,0,0,0
tjedno.hr,2021-04,48,0,48,0,0,0,0
tjedno.hr,2021-05,48,0,48,0,0,0,0
tjedno.hr,2021-06,65,0,65,0,0,0,0
tjedno.hr,2021-07,74,0,74,0,0,0,0
tjedno.hr,2021-08,49,0,49,0,0,0,0
tjedno.hr,2021-09,42,0,42,0,0,0,0
tjedno.hr,2021-10,63,0,63,0,0,0,0
tjedno.hr,2021-11,58,0,58,0,0,0,0
tjedno.hr,2021-12,53,0,53,0,0,0,0
tjedno.hr,2022-01,49,2,49,2,2,2,0
tjedno.hr,2022-02,40,0,40,0,0,0,0
tjedno.hr,2022-03,56,0,56,0,0,0,0
tjedno.hr,2022-04,38,0,38,0,0,0,0
tjedno.hr,2022-05,54,0,54,0,0,0,0
tjedno.hr,2022-06,65,0,65,0,0,0,0
tjedno.hr,2022-07,53,0,53,0,0,0,0
tjedno.hr,2022-08,47,0,47,0,0,0,0
tjedno.hr,2022-09,44,0,44,0,0,0,0
tjedno.hr,2022-10,64,0,64,0,0,0,0
tjedno.hr,2022-11,52,0,52,0,0,0,0
tjedno.hr,2022-12,48,0,48,0,0,0,0
tjedno.hr,2023-01,43,2,43,2,2,2,0
tjedno.hr,2023-02,50,0,50,0,0,0,0
tjedno.hr,2023-03,46,0,46,0,0,0,0
tjedno.hr,2023-04,49,0,49,0,0,0,0
tjedno.hr,2023-05,53,1,53,1,1,1,0
tjedno.hr,2023-06,51,0,51,0,0,0,0
tjedno.hr,2023-07,43,0,43,0,0,0,0
tjedno.hr,2023-08,34,0,34,0,0,0,0
tjedno.hr,2023-09,42,0,42,0,0,0,0
tjedno.hr,2023-10,43,0,43,0,0,0,0
tjedno.hr,2023-11,61,0,61,0,0,0,0
tjedno.hr,2023-12,63,0,63,0,0,0,0
tjedno.hr,2024-01,57,0,57,0,0,0,0
tjedno.hr,2024-02,40,0,40,0,0,0,0
tjedno.hr,2024-03,29,0,29,0,0,0,0
tjedno.hr,2024-04,19,0,19,0,0,0,0
tjedno.hr,2024-05,41,0,41,0,0,0,0
tjedno.hr,2024-06,35,0,35,0,0,0,0
tjedno.hr,2024-07,33,0,33,0,0,0,0
tjedno.hr,2024-08,28,0,28,0,0,0,0
tjedno.hr,2024-09,53,0,53,0,0,0,0
tjedno.hr,2024-10,39,0,39,0,0,0,0
tjedno.hr,2024-11,9,0,9,0,0,0,0
tjedno.hr,2024-12,22,0,22,0,0,0,0
tjedno.hr,2025-01,27,0,27,0,0,0,0
tjedno.hr,2025-02,38,0,38,0,0,0,0
tjedno.hr,2025-03,14,0,14,0,0,0,0
tjedno.hr,2025-04,10,0,10,0,0,0,0
tjedno.hr,2025-05,11,0,11,0,0,0,0
tjedno.hr,2025-06,31,1,31,1,1,1,1
tjedno.hr,2025-07,26,1,26,1,1,1,1
tjedno.hr,2025-08,1,0,1,0,0,0,0
tjedno.hr,2025-09,2,0,2,0,0,0,0
tjedno.hr,2025-10,7,0,7,0,0,0,0
tjedno.hr,2025-11,5,0,5,0,0,0,0
tjedno.hr,2025-12,1,0,1,0,0,0,0
tjedno.hr,2026-02,3,0,3,0,0,0,0
tjedno.hr,2026-03,10,0,10,0,0,0,0
tjedno.hr,2026-04,20,0,20,0,0,0,0
tjedno.hr,2026-05,23,0,23,0,0,0,0
tjedno.hr,2026-06,39,0,39,0,0,0,0
tjedno.hr,2026-07,22,0,22,0,0,0,0
tjedno.hr,2026-08,11,0,11,0,0,0,0
tjedno.hr,2026-09,19,0,19,0,0,0,0
tockanai.hr,2021-01,112,2,112,2,2,2,0
tockanai.hr,2021-02,108,1,108,1,1,1,0
tockanai.hr,2021-03,133,3,133,3,3,3,0
tockanai.hr,2021-04,129,4,129,4,4,4,0
tockanai.hr,2021-05,150,1,150,1,1,1,0
tockanai.hr,2021-06,144,1,144,1,1,1,0
tockanai.hr,2021-07,153,4,153,4,4,4,2
tockanai.hr,2021-08,98,5,98,5,5,5,1
tockanai.hr,2021-09,148,8,148,8,8,8,1
tockanai.hr,2021-10,133,5,133,5,5,5,0
tockanai.hr,2021-11,137,0,137,0,0,0,0
tockanai.hr,2021-12,120,2,120,2,2,2,0
tockanai.hr,2022-01,115,8,115,8,8,8,1
tockanai.hr,2022-02,128,8,128,8,8,8,3
tockanai.hr,2022-03,145,7,145,7,7,7,0
tockanai.hr,2022-04,129,5,129,5,5,5,0
tockanai.hr,2022-05,132,3,132,3,3,3,0
tockanai.hr,2022-06,129,3,129,3,3,3,0
tockanai.hr,2022-07,115,8,115,8,8,8,3
tockanai.hr,2022-08,104,5,104,5,5,5,1
tockanai.hr,2022-09,112,1,112,1,1,1,0
tockanai.hr,2022-10,154,8,154,8,8,8,2
tockanai.hr,2022-11,139,3,139,3,3,3,0
tockanai.hr,2022-12,136,11,136,11,11,11,2
tockanai.hr,2023-01,90,6,90,6,6,6,1
tockanai.hr,2023-02,97,1,97,1,1,1,0
tockanai.hr,2023-03,102,0,102,0,0,0,0
tockanai.hr,2023-04,104,4,104,4,4,4,2
tockanai.hr,2023-05,122,3,122,3,3,3,0
tockanai.hr,2023-06,115,1,115,1,1,1,0
tockanai.hr,2023-07,133,6,133,6,6,6,1
tockanai.hr,2023-08,67,3,67,3,3,3,0
tockanai.hr,2023-09,98,1,98,1,1,1,0
tockanai.hr,2023-10,113,7,113,7,7,7,2
tockanai.hr,2023-11,106,0,106,0,0,0,0
tockanai.hr,2023-12,106,2,106,2,2,2,0
tockanai.hr,2024-01,83,3,83,3,3,3,1
tockanai.hr,2024-02,107,3,107,3,3,3,0
tockanai.hr,2024-03,113,6,113,6,6,6,0
tockanai.hr,2024-04,118,3,118,3,3,3,0
tockanai.hr,2024-05,104,5,104,5,5,5,0
tockanai.hr,2024-06,98,2,98,2,2,2,0
tockanai.hr,2024-07,105,2,105,2,2,2,1
tockanai.hr,2024-08,73,0,73,0,0,0,0
tockanai.hr,2024-09,94,0,94,0,0,0,0
tockanai.hr,2024-10,121,0,121,0,0,0,0
tockanai.hr,2024-11,95,1,95,1,1,1,0
tockanai.hr,2024-12,100,1,100,1,1,1,0
tockanai.hr,2025-01,96,2,96,2,2,2,2
tockanai.hr,2025-02,114,2,114,2,2,2,1
tockanai.hr,2025-03,112,2,112,2,2,2,1
tockanai.hr,2025-04,111,3,111,3,3,3,0
tockanai.hr,2025-05,113,2,113,2,2,2,0
tockanai.hr,2025-06,88,0,88,0,0,0,0
tockanai.hr,2025-07,111,2,111,2,2,2,1
tockanai.hr,2025-08,74,1,74,1,1,1,0
tockanai.hr,2025-09,90,1,90,1,1,1,0
tockanai.hr,2025-10,108,2,108,2,2,2,0
tockanai.hr,2025-11,108,1,108,1,1,1,0
tockanai.hr,2025-12,110,2,110,2,2,2,0
tockanai.hr,2026-01,117,6,117,6,6,6,1
tockanai.hr,2026-02,141,3,141,3,3,3,0
tockanai.hr,2026-03,126,3,126,3,3,3,0
tockanai.hr,2026-04,135,3,135,3,3,3,0
tockanai.hr,2026-05,133,6,133,6,6,6,3
tockanai.hr,2026-06,133,4,133,4,4,4,1
tockanai.hr,2026-07,128,3,128,3,3,3,0
tockanai.hr,2026-08,106,2,106,2,2,2,1
tockanai.hr,2026-09,43,1,43,1,1,1,0
torpedo.media,2021-01,5,0,5,0,0,0,0
torpedo.media,2021-02,6,0,6,0,0,0,0
torpedo.media,2021-03,3,0,3,0,0,0,0
torpedo.media,2021-04,8,0,8,0,0,0,0
torpedo.media,2021-05,12,0,12,0,0,0,0
torpedo.media,2021-06,11,0,11,0,0,0,0
torpedo.media,2021-07,279,1,279,1,1,1,0
torpedo.media,2021-08,513,1,513,1,1,1,0
torpedo.media,2021-09,612,0,612,0,0,0,0
torpedo.media,2021-10,583,0,583,0,0,0,0
torpedo.media,2021-11,555,0,555,0,0,0,0
torpedo.media,2021-12,655,0,655,0,0,0,0
torpedo.media,2022-01,465,0,465,0,0,0,0
torpedo.media,2022-02,468,1,468,1,1,1,0
torpedo.media,2022-03,565,0,565,0,0,0,0
torpedo.media,2022-04,529,0,529,0,0,0,0
torpedo.media,2022-05,603,0,603,0,0,0,0
torpedo.media,2022-06,557,1,557,1,1,1,0
torpedo.media,2022-07,506,1,506,1,1,1,0
torpedo.media,2022-08,452,0,452,0,0,0,0
torpedo.media,2022-09,593,1,593,1,1,1,0
torpedo.media,2022-10,641,2,641,2,2,2,0
torpedo.media,2022-11,571,1,571,1,1,1,0
torpedo.media,2022-12,555,0,555,0,0,0,0
torpedo.media,2023-01,461,0,461,0,0,0,0
torpedo.media,2023-02,494,0,494,0,0,0,0
torpedo.media,2023-03,636,0,636,0,0,0,0
torpedo.media,2023-04,594,2,594,2,2,2,0
torpedo.media,2023-05,659,0,659,0,0,0,0
torpedo.media,2023-06,651,0,651,0,0,0,0
torpedo.media,2023-07,591,2,591,2,2,2,0
torpedo.media,2023-08,582,0,582,0,0,0,0
torpedo.media,2023-09,685,0,685,0,0,0,0
torpedo.media,2023-10,698,0,698,0,0,0,0
torpedo.media,2023-11,683,4,683,4,4,4,0
torpedo.media,2023-12,622,0,622,0,0,0,0
torpedo.media,2024-01,542,5,542,5,5,5,0
torpedo.media,2024-02,558,1,558,1,1,1,0
torpedo.media,2024-03,663,0,663,0,0,0,0
torpedo.media,2024-04,663,0,663,0,0,0,0
torpedo.media,2024-05,672,0,672,0,0,0,0
torpedo.media,2024-06,691,0,691,0,0,0,0
torpedo.media,2024-07,577,1,577,1,1,1,0
torpedo.media,2024-08,499,0,499,0,0,0,0
torpedo.media,2024-09,621,0,621,0,0,0,0
torpedo.media,2024-10,670,0,670,0,0,0,0
torpedo.media,2024-11,710,0,710,0,0,0,0
torpedo.media,2024-12,621,1,621,1,1,1,0
torpedo.media,2025-01,500,0,500,0,0,0,0
torpedo.media,2025-02,581,1,581,1,1,1,1
torpedo.media,2025-03,666,0,666,0,0,0,0
torpedo.media,2025-04,654,0,654,0,0,0,0
torpedo.media,2025-05,703,0,703,0,0,0,0
torpedo.media,2025-06,599,0,599,0,0,0,0
torpedo.media,2025-07,600,0,600,0,0,0,0
torpedo.media,2025-08,521,0,521,0,0,0,0
torpedo.media,2025-09,666,0,666,0,0,0,0
torpedo.media,2025-10,687,0,687,0,0,0,0
torpedo.media,2025-11,684,1,684,1,1,1,0
torpedo.media,2025-12,649,1,649,1,1,1,1
torpedo.media,2026-01,518,0,518,0,0,0,0
torpedo.media,2026-02,445,0,445,0,0,0,0
torpedo.media,2026-03,691,2,691,2,2,2,0
torpedo.media,2026-04,624,0,624,0,0,0,0
torpedo.media,2026-05,695,0,695,0,0,0,0
torpedo.media,2026-06,674,0,674,0,0,0,0
torpedo.media,2026-07,612,0,612,0,0,0,0
torpedo.media,2026-08,610,0,610,0,0,0,0
torpedo.media,2026-09,244,0,244,0,0,0,0
total-croatia-news.com,2021-01,1,0,1,0,0,0,0
totalinfo.hr,2021-01,574,2,574,2,2,2,1
totalinfo.hr,2021-02,562,3,562,3,3,3,1
totalinfo.hr,2021-03,677,2,677,2,2,2,1
totalinfo.hr,2021-04,620,3,620,3,3,3,0
totalinfo.hr,2021-05,608,2,608,2,2,2,0
totalinfo.hr,2021-06,552,0,552,0,0,0,0
totalinfo.hr,2021-07,576,3,576,3,3,3,0
totalinfo.hr,2021-08,515,4,515,4,4,4,0
totalinfo.hr,2021-09,543,4,543,4,4,4,0
totalinfo.hr,2021-10,594,5,594,5,5,5,0
totalinfo.hr,2021-11,585,5,585,5,5,5,0
totalinfo.hr,2021-12,774,6,774,6,6,6,0
totalinfo.hr,2022-01,1092,14,1092,14,14,14,6
totalinfo.hr,2022-02,1117,12,1117,12,12,12,3
totalinfo.hr,2022-03,1295,1,1295,1,1,1,1
totalinfo.hr,2022-04,1042,3,1042,3,3,3,0
totalinfo.hr,2022-05,810,6,810,6,6,6,0
totalinfo.hr,2022-06,534,4,534,4,4,4,1
totalinfo.hr,2022-07,555,2,555,2,2,2,0
totalinfo.hr,2022-08,544,0,544,0,0,0,0
totalinfo.hr,2022-09,504,0,504,0,0,0,0
totalinfo.hr,2022-10,547,3,547,3,3,3,0
totalinfo.hr,2022-11,550,4,550,4,4,4,0
totalinfo.hr,2022-12,600,9,600,9,9,9,3
totalinfo.hr,2023-01,575,9,575,9,9,9,0
totalinfo.hr,2023-02,470,4,470,4,4,4,0
totalinfo.hr,2023-03,681,2,681,2,2,2,0
totalinfo.hr,2023-04,1297,0,1297,0,0,0,0
totalinfo.hr,2023-05,1341,6,1341,6,6,6,0
totalinfo.hr,2023-06,1267,3,1267,3,3,3,0
totalinfo.hr,2023-07,1333,4,1333,4,4,4,0
totalinfo.hr,2023-08,1184,4,1184,4,4,4,0
totalinfo.hr,2023-09,1116,10,1116,10,10,10,0
totalinfo.hr,2023-10,1471,9,1471,9,9,9,1
totalinfo.hr,2023-11,1401,13,1401,13,13,13,0
totalinfo.hr,2023-12,1117,18,1117,18,18,18,4
totalinfo.hr,2024-01,963,17,963,17,17,17,3
totalinfo.hr,2024-02,832,14,832,14,14,14,2
totalinfo.hr,2024-03,960,13,960,13,13,13,1
totalinfo.hr,2024-04,957,29,957,29,29,29,3
totalinfo.hr,2024-05,1048,8,1048,8,8,8,0
totalinfo.hr,2024-06,1086,18,1086,18,18,18,1
totalinfo.hr,2024-07,1033,28,1033,28,28,28,3
totalinfo.hr,2024-08,555,5,555,5,5,5,0
totalinfo.hr,2024-09,1048,7,1048,7,7,7,1
totalinfo.hr,2024-10,1206,5,1206,5,5,5,0
totalinfo.hr,2024-11,1111,1,1111,1,1,1,0
totalinfo.hr,2024-12,395,0,395,0,0,0,0
totalinfo.hr,2025-01,24,1,24,1,1,1,1
totalinfo.hr,2025-02,185,5,185,5,5,5,1
totalinfo.hr,2025-03,1083,10,1083,10,10,10,1
totalinfo.hr,2025-04,1024,6,1024,6,6,6,0
totalinfo.hr,2025-05,1152,4,1152,4,4,4,0
totalinfo.hr,2025-06,907,13,907,13,13,13,1
totalinfo.hr,2025-07,1070,7,1070,7,7,7,3
totalinfo.hr,2025-08,956,5,956,5,5,5,1
totalinfo.hr,2025-09,322,1,322,1,1,1,0
totalinfo.hr,2025-10,514,4,514,4,4,4,0
totalinfo.hr,2025-11,10,0,10,0,0,0,0
totalinfo.hr,2026-01,3,0,3,0,0,0,0
totalinfo.hr,2026-02,79,0,79,0,0,0,0
totalinfo.hr,2026-03,17,0,17,0,0,0,0
totalinfo.hr,2026-04,37,0,37,0,0,0,0
totalinfo.hr,2026-05,111,4,111,4,4,4,1
totalinfo.hr,2026-06,477,0,477,0,0,0,0
totalinfo.hr,2026-07,500,1,500,1,1,1,0
totalinfo.hr,2026-08,484,1,484,1,1,1,1
totalinfo.hr,2026-09,140,0,140,0,0,0,0
tportal.hr,2021-01,4620,12,4620,12,12,12,5
tportal.hr,2021-02,4570,15,4570,15,15,15,6
tportal.hr,2021-03,5346,17,5346,17,17,17,1
tportal.hr,2021-04,4936,28,4936,28,28,28,5
tportal.hr,2021-05,4909,12,4909,12,11,11,3
tportal.hr,2021-06,4502,12,4502,12,11,11,2
tportal.hr,2021-07,4445,25,4445,25,25,25,4
tportal.hr,2021-08,4039,26,4039,26,26,26,5
tportal.hr,2021-09,4863,53,4863,53,53,53,12
tportal.hr,2021-10,4861,38,4861,38,38,38,7
tportal.hr,2021-11,4821,25,4821,25,25,25,3
tportal.hr,2021-12,4915,25,4915,25,24,24,6
tportal.hr,2022-01,4606,50,4606,50,50,50,22
tportal.hr,2022-02,4512,58,4512,58,58,58,18
tportal.hr,2022-03,5303,41,5303,41,41,41,8
tportal.hr,2022-04,4721,22,4721,22,22,22,5
tportal.hr,2022-05,5073,35,5073,35,35,35,7
tportal.hr,2022-06,4715,25,4715,25,25,25,4
tportal.hr,2022-07,4605,47,4605,47,45,45,13
tportal.hr,2022-08,4425,18,4425,18,18,18,0
tportal.hr,2022-09,4770,28,4770,28,28,28,2
tportal.hr,2022-10,4792,33,4792,33,33,33,3
tportal.hr,2022-11,4750,22,4750,22,22,22,2
tportal.hr,2022-12,4691,55,4691,55,55,55,9
tportal.hr,2023-01,4692,54,4692,54,54,54,9
tportal.hr,2023-02,4412,28,4412,28,28,28,4
tportal.hr,2023-03,5174,21,5174,21,21,21,6
tportal.hr,2023-04,1361,4,1361,4,4,4,2
tportal.hr,2023-05,2885,14,2885,14,14,14,1
tportal.hr,2023-06,5137,30,5137,30,30,30,2
tportal.hr,2023-07,4746,27,4746,27,27,27,3
tportal.hr,2023-08,4537,18,4537,18,18,18,2
tportal.hr,2023-09,4756,31,4756,31,31,31,3
tportal.hr,2023-10,4915,20,4915,20,20,20,2
tportal.hr,2023-11,4867,15,4867,15,15,15,2
tportal.hr,2023-12,4534,29,4534,29,29,29,3
tportal.hr,2024-01,4762,10,4762,10,10,10,3
tportal.hr,2024-02,4561,16,4561,16,16,16,1
tportal.hr,2024-03,4984,22,4984,22,22,22,6
tportal.hr,2024-04,4785,10,4785,10,10,10,2
tportal.hr,2024-05,4976,15,4976,15,15,15,3
tportal.hr,2024-06,4883,41,4883,41,41,41,4
tportal.hr,2024-07,4741,29,4741,29,29,29,5
tportal.hr,2024-08,4640,7,4640,7,7,7,3
tportal.hr,2024-09,4750,6,4750,6,6,6,2
tportal.hr,2024-10,5236,21,5236,21,21,21,3
tportal.hr,2024-11,4996,21,4996,21,21,21,4
tportal.hr,2024-12,5099,23,5099,23,23,23,4
tportal.hr,2025-01,5309,34,5309,34,34,34,4
tportal.hr,2025-02,5352,39,5352,39,39,39,7
tportal.hr,2025-03,6380,23,6380,23,23,23,4
tportal.hr,2025-04,6181,20,6181,20,20,20,3
tportal.hr,2025-05,6890,21,6890,21,21,21,2
tportal.hr,2025-06,6444,14,6444,14,14,14,5
tportal.hr,2025-07,6386,23,6386,23,23,23,4
tportal.hr,2025-08,5594,8,5594,8,8,8,1
tportal.hr,2025-09,6089,16,6089,16,16,16,3
tportal.hr,2025-10,6538,20,6538,20,20,20,1
tportal.hr,2025-11,5964,12,5964,12,12,12,4
tportal.hr,2025-12,5963,19,5963,19,19,19,3
tportal.hr,2026-01,6633,48,6633,48,48,48,6
tportal.hr,2026-02,6600,10,6600,10,10,10,0
tportal.hr,2026-03,7436,25,7436,25,25,25,3
tportal.hr,2026-04,7402,16,7402,16,16,16,1
tportal.hr,2026-05,7331,37,7331,37,37,37,8
tportal.hr,2026-06,8281,34,8281,34,34,34,12
tportal.hr,2026-07,8540,31,8540,31,31,31,11
tportal.hr,2026-08,7284,10,7284,10,10,10,3
tportal.hr,2026-09,2481,4,2481,4,4,4,2
trend.com.hr,2021-01,58,0,58,0,0,0,0
trend.com.hr,2021-02,63,0,63,0,0,0,0
trend.com.hr,2021-03,48,0,48,0,0,0,0
trend.com.hr,2021-04,35,0,35,0,0,0,0
trend.com.hr,2021-05,54,0,54,0,0,0,0
trend.com.hr,2021-06,20,0,20,0,0,0,0
trend.com.hr,2021-07,8,0,8,0,0,0,0
trend.com.hr,2021-08,7,0,7,0,0,0,0
trend.com.hr,2021-09,243,0,243,0,0,0,0
trend.com.hr,2021-10,277,0,277,0,0,0,0
trend.com.hr,2021-11,332,0,332,0,0,0,0
trend.com.hr,2021-12,391,0,391,0,0,0,0
trend.com.hr,2022-01,313,0,313,0,0,0,0
trend.com.hr,2022-02,331,2,331,2,2,2,0
trend.com.hr,2022-03,396,1,396,1,1,1,0
trend.com.hr,2022-04,315,0,315,0,0,0,0
trend.com.hr,2022-05,318,0,318,0,0,0,0
trend.com.hr,2022-06,247,0,247,0,0,0,0
trend.com.hr,2022-07,348,0,348,0,0,0,0
trend.com.hr,2022-08,263,0,263,0,0,0,0
trend.com.hr,2022-09,317,0,317,0,0,0,0
trend.com.hr,2022-10,342,0,342,0,0,0,0
trend.com.hr,2022-11,311,2,311,2,2,2,0
trend.com.hr,2022-12,288,0,288,0,0,0,0
trend.com.hr,2023-01,276,2,276,2,2,2,0
trend.com.hr,2023-02,289,0,289,0,0,0,0
trend.com.hr,2023-03,279,0,279,0,0,0,0
trend.com.hr,2023-04,299,0,299,0,0,0,0
trend.com.hr,2023-05,385,0,385,0,0,0,0
trend.com.hr,2023-06,349,0,349,0,0,0,0
trend.com.hr,2023-07,329,0,329,0,0,0,0
trend.com.hr,2023-08,326,0,326,0,0,0,0
trend.com.hr,2023-09,309,0,309,0,0,0,0
trend.com.hr,2023-10,331,0,331,0,0,0,0
trend.com.hr,2023-11,349,0,349,0,0,0,0
trend.com.hr,2023-12,369,0,369,0,0,0,0
trend.com.hr,2024-01,293,0,293,0,0,0,0
trend.com.hr,2024-02,370,0,370,0,0,0,0
trend.com.hr,2024-03,434,0,434,0,0,0,0
trend.com.hr,2024-04,376,0,376,0,0,0,0
trend.com.hr,2024-05,417,0,417,0,0,0,0
trend.com.hr,2024-06,392,0,392,0,0,0,0
trend.com.hr,2024-07,371,0,371,0,0,0,0
trend.com.hr,2024-08,165,0,165,0,0,0,0
trend.com.hr,2024-09,45,0,45,0,0,0,0
trend.com.hr,2024-10,64,0,64,0,0,0,0
trend.com.hr,2024-11,4,0,4,0,0,0,0
trend.com.hr,2024-12,39,0,39,0,0,0,0
trend.com.hr,2025-01,40,0,40,0,0,0,0
trend.com.hr,2025-02,17,0,17,0,0,0,0
trend.com.hr,2025-03,23,0,23,0,0,0,0
trend.com.hr,2025-04,23,0,23,0,0,0,0
trend.com.hr,2025-05,21,0,21,0,0,0,0
trend.com.hr,2025-06,28,0,28,0,0,0,0
trend.com.hr,2025-07,50,0,50,0,0,0,0
trend.com.hr,2025-08,9,0,9,0,0,0,0
trend.com.hr,2025-09,42,0,42,0,0,0,0
trend.com.hr,2025-11,1,0,1,0,0,0,0
trend.com.hr,2025-12,56,0,56,0,0,0,0
trend.com.hr,2026-01,51,0,51,0,0,0,0
trend.com.hr,2026-02,74,0,74,0,0,0,0
trend.com.hr,2026-03,54,0,54,0,0,0,0
trend.com.hr,2026-04,224,0,224,0,0,0,0
trend.com.hr,2026-05,273,0,273,0,0,0,0
trend.com.hr,2026-06,265,0,265,0,0,0,0
trend.com.hr,2026-07,263,0,263,0,0,0,0
trend.com.hr,2026-08,278,1,278,1,1,1,0
trend.com.hr,2026-09,107,0,107,0,0,0,0
tris.com.hr,2021-01,120,0,120,0,0,0,0
tris.com.hr,2021-02,133,1,133,1,1,1,0
tris.com.hr,2021-03,152,0,152,0,0,0,0
tris.com.hr,2021-04,131,0,131,0,0,0,0
tris.com.hr,2021-05,122,0,122,0,0,0,0
tris.com.hr,2021-06,121,0,121,0,0,0,0
tris.com.hr,2021-07,107,0,107,0,0,0,0
tris.com.hr,2021-08,93,0,93,0,0,0,0
tris.com.hr,2021-09,116,1,116,1,1,1,0
tris.com.hr,2021-10,139,1,139,1,1,1,0
tris.com.hr,2021-11,105,0,105,0,0,0,0
tris.com.hr,2021-12,108,0,108,0,0,0,0
tris.com.hr,2022-01,97,12,97,12,12,12,6
tris.com.hr,2022-02,92,10,92,10,10,10,3
tris.com.hr,2022-03,96,1,96,1,1,1,0
tris.com.hr,2022-04,102,1,102,1,1,1,0
tris.com.hr,2022-05,96,1,96,1,1,1,0
tris.com.hr,2022-06,103,0,103,0,0,0,0
tris.com.hr,2022-07,97,0,97,0,0,0,0
tris.com.hr,2022-08,61,1,61,1,1,1,0
tris.com.hr,2022-09,82,2,82,2,2,2,0
tris.com.hr,2022-10,78,1,78,1,1,1,0
tris.com.hr,2022-11,76,3,76,3,3,3,0
tris.com.hr,2022-12,86,1,86,1,1,1,0
tris.com.hr,2023-01,74,2,74,2,2,2,0
tris.com.hr,2023-02,72,0,72,0,0,0,0
tris.com.hr,2023-03,89,1,89,1,1,1,0
tris.com.hr,2023-04,79,0,79,0,0,0,0
tris.com.hr,2023-05,85,1,85,1,1,1,0
tris.com.hr,2023-06,85,0,85,0,0,0,0
tris.com.hr,2023-07,81,0,81,0,0,0,0
tris.com.hr,2023-08,81,0,81,0,0,0,0
tris.com.hr,2023-09,86,0,86,0,0,0,0
tris.com.hr,2023-10,75,0,75,0,0,0,0
tris.com.hr,2023-11,73,0,73,0,0,0,0
tris.com.hr,2023-12,68,0,68,0,0,0,0
tris.com.hr,2024-01,77,0,77,0,0,0,0
tris.com.hr,2024-02,61,0,61,0,0,0,0
tris.com.hr,2024-03,78,0,78,0,0,0,0
tris.com.hr,2024-04,85,0,85,0,0,0,0
tris.com.hr,2024-05,84,0,84,0,0,0,0
tris.com.hr,2024-06,68,1,68,1,1,1,0
tris.com.hr,2024-07,84,3,84,3,3,3,0
tris.com.hr,2024-08,69,0,69,0,0,0,0
tris.com.hr,2024-09,76,0,76,0,0,0,0
tris.com.hr,2024-10,61,1,61,1,1,1,0
tris.com.hr,2024-11,33,0,33,0,0,0,0
tris.com.hr,2024-12,38,0,38,0,0,0,0
tris.com.hr,2025-01,54,1,54,1,1,1,0
tris.com.hr,2025-02,76,0,76,0,0,0,0
tris.com.hr,2025-03,73,0,73,0,0,0,0
tris.com.hr,2025-04,33,0,33,0,0,0,0
tris.com.hr,2025-05,58,0,58,0,0,0,0
tris.com.hr,2025-06,65,0,65,0,0,0,0
tris.com.hr,2025-07,76,0,76,0,0,0,0
tris.com.hr,2025-08,67,0,67,0,0,0,0
tris.com.hr,2025-09,60,0,60,0,0,0,0
tris.com.hr,2025-10,56,0,56,0,0,0,0
tris.com.hr,2025-11,57,1,57,1,1,1,0
tris.com.hr,2025-12,52,0,52,0,0,0,0
tris.com.hr,2026-01,50,1,50,1,1,1,0
tris.com.hr,2026-02,61,1,61,1,1,1,0
tris.com.hr,2026-03,65,0,65,0,0,0,0
tris.com.hr,2026-04,76,0,76,0,0,0,0
tris.com.hr,2026-05,80,0,80,0,0,0,0
tris.com.hr,2026-06,84,1,84,1,1,1,1
tris.com.hr,2026-07,83,0,83,0,0,0,0
tris.com.hr,2026-08,72,0,72,0,0,0,0
tris.com.hr,2026-09,25,1,25,1,1,1,0
tunera.info,2021-01,8,0,8,0,0,0,0
tunera.info,2021-02,11,0,11,0,0,0,0
tunera.info,2021-03,14,0,14,0,0,0,0
tunera.info,2021-04,13,0,13,0,0,0,0
tunera.info,2021-05,17,0,17,0,0,0,0
tunera.info,2021-06,11,0,11,0,0,0,0
tunera.info,2021-07,11,0,11,0,0,0,0
tunera.info,2021-08,13,0,13,0,0,0,0
tunera.info,2021-09,13,0,13,0,0,0,0
tunera.info,2021-10,102,0,102,0,0,0,0
tunera.info,2021-11,215,0,215,0,0,0,0
tunera.info,2021-12,219,0,219,0,0,0,0
tunera.info,2022-01,165,0,165,0,0,0,0
tunera.info,2022-02,161,0,161,0,0,0,0
tunera.info,2022-03,184,0,184,0,0,0,0
tunera.info,2022-04,230,0,230,0,0,0,0
tunera.info,2022-05,215,0,215,0,0,0,0
tunera.info,2022-06,235,0,235,0,0,0,0
tunera.info,2022-07,222,0,222,0,0,0,0
tunera.info,2022-08,175,0,175,0,0,0,0
tunera.info,2022-09,166,0,166,0,0,0,0
tunera.info,2022-10,179,0,179,0,0,0,0
tunera.info,2022-11,173,0,173,0,0,0,0
tunera.info,2022-12,227,1,227,1,1,1,0
tunera.info,2023-01,153,0,153,0,0,0,0
tunera.info,2023-02,166,0,166,0,0,0,0
tunera.info,2023-03,251,0,251,0,0,0,0
tunera.info,2023-04,202,0,202,0,0,0,0
tunera.info,2023-05,238,0,238,0,0,0,0
tunera.info,2023-06,209,0,209,0,0,0,0
tunera.info,2023-07,247,0,247,0,0,0,0
tunera.info,2023-08,178,0,178,0,0,0,0
tunera.info,2023-09,196,0,196,0,0,0,0
tunera.info,2023-10,199,0,199,0,0,0,0
tunera.info,2023-11,210,0,210,0,0,0,0
tunera.info,2023-12,209,0,209,0,0,0,0
tunera.info,2024-01,203,0,203,0,0,0,0
tunera.info,2024-02,202,0,202,0,0,0,0
tunera.info,2024-03,243,0,243,0,0,0,0
tunera.info,2024-04,243,0,243,0,0,0,0
tunera.info,2024-05,253,0,253,0,0,0,0
tunera.info,2024-06,212,0,212,0,0,0,0
tunera.info,2024-07,232,0,232,0,0,0,0
tunera.info,2024-08,163,0,163,0,0,0,0
tunera.info,2024-09,215,0,215,0,0,0,0
tunera.info,2024-10,192,0,192,0,0,0,0
tunera.info,2024-11,196,0,196,0,0,0,0
tunera.info,2024-12,198,0,198,0,0,0,0
tunera.info,2025-01,139,0,139,0,0,0,0
tunera.info,2025-02,173,0,173,0,0,0,0
tunera.info,2025-03,207,0,207,0,0,0,0
tunera.info,2025-04,231,0,231,0,0,0,0
tunera.info,2025-05,255,0,255,0,0,0,0
tunera.info,2025-06,215,0,215,0,0,0,0
tunera.info,2025-07,208,0,208,0,0,0,0
tunera.info,2025-08,190,0,190,0,0,0,0
tunera.info,2025-09,177,0,177,0,0,0,0
tunera.info,2025-10,231,0,231,0,0,0,0
tunera.info,2025-11,204,0,204,0,0,0,0
tunera.info,2025-12,210,0,210,0,0,0,0
tunera.info,2026-01,190,0,190,0,0,0,0
tunera.info,2026-02,119,0,119,0,0,0,0
tunera.info,2026-03,199,0,199,0,0,0,0
tunera.info,2026-04,193,0,193,0,0,0,0
tunera.info,2026-05,193,0,193,0,0,0,0
tunera.info,2026-06,172,0,172,0,0,0,0
tunera.info,2026-07,210,0,210,0,0,0,0
tunera.info,2026-08,158,0,158,0,0,0,0
tunera.info,2026-09,69,0,69,0,0,0,0
turistickeprice.hr,2021-02,1,0,1,0,0,0,0
turistickeprice.hr,2021-07,1,0,1,0,0,0,0
turistickeprice.hr,2021-09,1,0,1,0,0,0,0
turistickeprice.hr,2021-10,1,0,1,0,0,0,0
turistickeprice.hr,2021-11,1,0,1,0,0,0,0
turistickeprice.hr,2022-03,1,0,1,0,0,0,0
turistickeprice.hr,2022-05,1,0,1,0,0,0,0
turistickeprice.hr,2022-06,5,0,5,0,0,0,0
turistickeprice.hr,2022-07,5,0,5,0,0,0,0
turistickeprice.hr,2022-08,11,0,11,0,0,0,0
turistickeprice.hr,2022-09,107,0,107,0,0,0,0
turistickeprice.hr,2022-10,75,0,75,0,0,0,0
turistickeprice.hr,2022-11,5,0,5,0,0,0,0
turistickeprice.hr,2022-12,36,0,36,0,0,0,0
turistickeprice.hr,2023-01,70,0,70,0,0,0,0
turistickeprice.hr,2023-02,39,0,39,0,0,0,0
turistickeprice.hr,2023-03,43,0,43,0,0,0,0
turistickeprice.hr,2023-04,90,0,90,0,0,0,0
turistickeprice.hr,2023-05,37,0,37,0,0,0,0
turistickeprice.hr,2023-06,78,0,78,0,0,0,0
turistickeprice.hr,2023-07,48,0,48,0,0,0,0
turistickeprice.hr,2023-08,40,0,40,0,0,0,0
turistickeprice.hr,2023-09,53,0,53,0,0,0,0
turistickeprice.hr,2024-02,21,0,21,0,0,0,0
turistickeprice.hr,2024-03,89,0,89,0,0,0,0
turistickeprice.hr,2024-04,96,0,96,0,0,0,0
turistickeprice.hr,2024-05,97,0,97,0,0,0,0
turistickeprice.hr,2024-06,94,0,94,0,0,0,0
turistickeprice.hr,2024-07,109,0,109,0,0,0,0
turistickeprice.hr,2024-08,71,0,71,0,0,0,0
turistickeprice.hr,2024-09,59,0,59,0,0,0,0
turistickeprice.hr,2024-10,94,0,94,0,0,0,0
turistickeprice.hr,2024-11,62,0,62,0,0,0,0
turistickeprice.hr,2024-12,50,0,50,0,0,0,0
turistickeprice.hr,2025-01,60,0,60,0,0,0,0
turistickeprice.hr,2025-02,80,0,80,0,0,0,0
turistickeprice.hr,2025-03,51,0,51,0,0,0,0
turistickeprice.hr,2025-04,44,0,44,0,0,0,0
turistickeprice.hr,2025-05,55,0,55,0,0,0,0
turistickeprice.hr,2025-06,68,0,68,0,0,0,0
turistickeprice.hr,2025-07,73,0,73,0,0,0,0
turistickeprice.hr,2025-08,54,0,54,0,0,0,0
turistickeprice.hr,2025-09,61,0,61,0,0,0,0
turistickeprice.hr,2025-10,54,0,54,0,0,0,0
turistickeprice.hr,2025-11,55,0,55,0,0,0,0
turistickeprice.hr,2025-12,47,0,47,0,0,0,0
turistickeprice.hr,2026-01,59,0,59,0,0,0,0
turistickeprice.hr,2026-02,59,0,59,0,0,0,0
turistickeprice.hr,2026-03,63,0,63,0,0,0,0
turistickeprice.hr,2026-04,71,0,71,0,0,0,0
turistickeprice.hr,2026-05,79,0,79,0,0,0,0
turistickeprice.hr,2026-06,55,0,55,0,0,0,0
turistickeprice.hr,2026-07,58,0,58,0,0,0,0
turistickeprice.hr,2026-08,76,0,76,0,0,0,0
turistickeprice.hr,2026-09,18,0,18,0,0,0,0
turizam.media,2022-11,1,0,1,0,0,0,0
turizam.media,2023-02,1,0,1,0,0,0,0
turizam.media,2025-05,1,0,1,0,0,0,0
turizmoteka.hr,2021-01,177,0,177,0,0,0,0
turizmoteka.hr,2021-02,190,2,190,2,2,2,1
turizmoteka.hr,2021-03,294,1,294,1,1,1,0
turizmoteka.hr,2021-04,237,1,237,1,1,1,0
turizmoteka.hr,2021-05,296,0,296,0,0,0,0
turizmoteka.hr,2021-06,316,1,316,1,1,1,0
turizmoteka.hr,2021-07,262,2,262,2,2,2,1
turizmoteka.hr,2021-08,206,0,206,0,0,0,0
turizmoteka.hr,2021-09,272,0,272,0,0,0,0
turizmoteka.hr,2021-10,260,1,260,1,1,1,0
turizmoteka.hr,2021-11,237,1,237,1,1,1,0
turizmoteka.hr,2021-12,222,0,222,0,0,0,0
turizmoteka.hr,2022-01,138,1,138,1,1,1,0
turizmoteka.hr,2022-02,148,0,148,0,0,0,0
turizmoteka.hr,2022-03,241,1,241,1,1,1,0
turizmoteka.hr,2022-04,246,0,246,0,0,0,0
turizmoteka.hr,2022-05,231,0,231,0,0,0,0
turizmoteka.hr,2022-06,236,1,236,1,1,1,0
turizmoteka.hr,2022-07,198,1,198,1,1,1,0
turizmoteka.hr,2022-08,205,9,205,9,9,9,0
turizmoteka.hr,2022-09,201,0,201,0,0,0,0
turizmoteka.hr,2022-10,188,2,188,2,2,2,0
turizmoteka.hr,2022-11,203,0,203,0,0,0,0
turizmoteka.hr,2022-12,169,0,169,0,0,0,0
turizmoteka.hr,2023-01,134,1,134,1,1,1,0
turizmoteka.hr,2023-02,160,0,160,0,0,0,0
turizmoteka.hr,2023-03,207,1,207,1,1,1,0
turizmoteka.hr,2023-04,205,0,205,0,0,0,0
turizmoteka.hr,2023-05,242,2,242,2,2,2,0
turizmoteka.hr,2023-06,248,1,248,1,1,1,0
turizmoteka.hr,2023-07,183,1,183,1,1,1,0
turizmoteka.hr,2023-08,148,0,148,0,0,0,0
turizmoteka.hr,2023-09,180,1,180,1,1,1,0
turizmoteka.hr,2023-10,198,0,198,0,0,0,0
turizmoteka.hr,2023-11,183,1,183,1,1,1,0
turizmoteka.hr,2023-12,165,0,165,0,0,0,0
turizmoteka.hr,2024-01,117,0,117,0,0,0,0
turizmoteka.hr,2024-02,160,0,160,0,0,0,0
turizmoteka.hr,2024-03,211,1,211,1,1,1,0
turizmoteka.hr,2024-04,206,1,206,1,1,1,0
turizmoteka.hr,2024-05,200,0,200,0,0,0,0
turizmoteka.hr,2024-06,193,2,193,2,2,2,0
turizmoteka.hr,2024-07,198,1,198,1,1,1,0
turizmoteka.hr,2024-08,100,1,100,1,1,1,0
turizmoteka.hr,2024-09,133,1,133,1,1,1,0
turizmoteka.hr,2024-10,154,1,154,1,1,1,0
turizmoteka.hr,2024-11,205,1,205,1,1,1,0
turizmoteka.hr,2024-12,153,3,153,3,3,3,1
turizmoteka.hr,2025-01,109,2,109,2,2,2,0
turizmoteka.hr,2025-02,147,1,147,1,1,1,0
turizmoteka.hr,2025-03,154,0,154,0,0,0,0
turizmoteka.hr,2025-04,198,0,198,0,0,0,0
turizmoteka.hr,2025-05,179,0,179,0,0,0,0
turizmoteka.hr,2025-06,181,2,181,2,2,2,0
turizmoteka.hr,2025-07,209,0,209,0,0,0,0
turizmoteka.hr,2025-08,117,0,117,0,0,0,0
turizmoteka.hr,2025-09,189,2,189,2,2,2,0
turizmoteka.hr,2025-10,190,0,190,0,0,0,0
turizmoteka.hr,2025-11,148,0,148,0,0,0,0
turizmoteka.hr,2025-12,112,0,112,0,0,0,0
turizmoteka.hr,2026-01,95,1,95,1,1,1,0
turizmoteka.hr,2026-02,95,0,95,0,0,0,0
turizmoteka.hr,2026-03,168,1,168,1,1,1,0
turizmoteka.hr,2026-04,145,0,145,0,0,0,0
turizmoteka.hr,2026-05,127,1,127,1,1,1,0
turizmoteka.hr,2026-06,114,0,114,0,0,0,0
turizmoteka.hr,2026-07,157,1,157,1,1,1,0
turizmoteka.hr,2026-08,105,0,105,0,0,0,0
turizmoteka.hr,2026-09,39,1,39,1,1,1,0
valpovstina.info,2024-01,7,0,7,0,0,0,0
valpovstina.info,2024-02,46,0,46,0,0,0,0
valpovstina.info,2024-03,181,0,181,0,0,0,0
valpovstina.info,2024-04,162,0,162,0,0,0,0
valpovstina.info,2024-05,167,0,167,0,0,0,0
valpovstina.info,2024-06,140,0,140,0,0,0,0
valpovstina.info,2024-07,127,0,127,0,0,0,0
valpovstina.info,2024-08,116,0,116,0,0,0,0
valpovstina.info,2024-09,125,0,125,0,0,0,0
valpovstina.info,2024-10,173,1,173,1,1,1,0
valpovstina.info,2024-11,147,0,147,0,0,0,0
valpovstina.info,2024-12,162,1,162,1,1,1,0
valpovstina.info,2025-01,100,0,100,0,0,0,0
valpovstina.info,2025-02,143,0,143,0,0,0,0
valpovstina.info,2025-03,176,0,176,0,0,0,0
valpovstina.info,2025-04,168,0,168,0,0,0,0
valpovstina.info,2025-05,159,0,159,0,0,0,0
valpovstina.info,2025-06,177,0,177,0,0,0,0
valpovstina.info,2025-07,166,0,166,0,0,0,0
valpovstina.info,2025-08,146,0,146,0,0,0,0
valpovstina.info,2025-09,182,0,182,0,0,0,0
valpovstina.info,2025-10,207,0,207,0,0,0,0
valpovstina.info,2025-11,211,0,211,0,0,0,0
valpovstina.info,2025-12,230,0,230,0,0,0,0
valpovstina.info,2026-01,119,0,119,0,0,0,0
valpovstina.info,2026-02,147,0,147,0,0,0,0
valpovstina.info,2026-03,186,0,186,0,0,0,0
valpovstina.info,2026-04,169,0,169,0,0,0,0
valpovstina.info,2026-05,175,0,175,0,0,0,0
valpovstina.info,2026-06,175,0,175,0,0,0,0
valpovstina.info,2026-07,175,0,175,0,0,0,0
valpovstina.info,2026-08,147,0,147,0,0,0,0
valpovstina.info,2026-09,65,0,65,0,0,0,0
varazdin-express.com.hr,2021-03,1,0,1,0,0,0,0
varazdin-express.com.hr,2021-09,1,0,1,0,0,0,0
varazdin-express.com.hr,2022-09,4,0,4,0,0,0,0
varazdinske-vijesti.hr,2021-01,464,0,464,0,0,0,0
varazdinske-vijesti.hr,2021-02,674,0,674,0,0,0,0
varazdinske-vijesti.hr,2021-03,722,0,722,0,0,0,0
varazdinske-vijesti.hr,2021-04,697,0,697,0,0,0,0
varazdinske-vijesti.hr,2021-05,927,1,927,1,1,1,0
varazdinske-vijesti.hr,2021-06,688,0,688,0,0,0,0
varazdinske-vijesti.hr,2021-07,694,0,694,0,0,0,0
varazdinske-vijesti.hr,2021-08,1008,1,1008,1,1,1,1
varazdinske-vijesti.hr,2021-09,837,1,837,1,1,1,0
varazdinske-vijesti.hr,2021-10,814,0,814,0,0,0,0
varazdinske-vijesti.hr,2021-11,800,0,800,0,0,0,0
varazdinske-vijesti.hr,2021-12,790,1,790,1,1,1,0
varazdinske-vijesti.hr,2022-01,645,3,645,3,3,3,1
varazdinske-vijesti.hr,2022-02,689,5,689,5,5,5,0
varazdinske-vijesti.hr,2022-03,876,2,876,2,2,2,0
varazdinske-vijesti.hr,2022-04,847,0,847,0,0,0,0
varazdinske-vijesti.hr,2022-05,914,1,914,1,1,1,0
varazdinske-vijesti.hr,2022-06,813,1,813,1,1,1,0
varazdinske-vijesti.hr,2022-07,813,3,813,3,3,3,0
varazdinske-vijesti.hr,2022-08,813,0,813,0,0,0,0
varazdinske-vijesti.hr,2022-09,838,1,838,1,1,1,0
varazdinske-vijesti.hr,2022-10,814,2,814,2,2,2,0
varazdinske-vijesti.hr,2022-11,746,5,746,5,5,5,0
varazdinske-vijesti.hr,2022-12,792,4,792,4,4,4,1
varazdinske-vijesti.hr,2023-01,661,6,661,6,6,6,1
varazdinske-vijesti.hr,2023-02,673,2,673,2,2,2,2
varazdinske-vijesti.hr,2023-03,837,0,837,0,0,0,0
varazdinske-vijesti.hr,2023-04,835,3,835,3,3,3,0
varazdinske-vijesti.hr,2023-05,901,1,901,1,1,1,0
varazdinske-vijesti.hr,2023-06,794,1,794,1,1,1,0
varazdinske-vijesti.hr,2023-07,794,0,794,0,0,0,0
varazdinske-vijesti.hr,2023-08,791,0,791,0,0,0,0
varazdinske-vijesti.hr,2023-09,746,1,746,1,1,1,1
varazdinske-vijesti.hr,2023-10,851,0,851,0,0,0,0
varazdinske-vijesti.hr,2023-11,792,0,792,0,0,0,0
varazdinske-vijesti.hr,2023-12,880,1,880,1,1,1,0
varazdinske-vijesti.hr,2024-01,756,3,756,3,3,3,0
varazdinske-vijesti.hr,2024-02,787,0,787,0,0,0,0
varazdinske-vijesti.hr,2024-03,907,2,907,2,2,2,0
varazdinske-vijesti.hr,2024-04,928,1,928,1,1,1,0
varazdinske-vijesti.hr,2024-05,884,0,884,0,0,0,0
varazdinske-vijesti.hr,2024-06,859,1,859,1,1,1,1
varazdinske-vijesti.hr,2024-07,749,1,749,1,1,1,0
varazdinske-vijesti.hr,2024-08,744,0,744,0,0,0,0
varazdinske-vijesti.hr,2024-09,855,0,855,0,0,0,0
varazdinske-vijesti.hr,2024-10,903,0,903,0,0,0,0
varazdinske-vijesti.hr,2024-11,829,1,829,1,1,1,0
varazdinske-vijesti.hr,2024-12,774,1,774,1,1,1,0
varazdinske-vijesti.hr,2025-01,747,10,747,10,10,10,1
varazdinske-vijesti.hr,2025-02,703,4,703,4,4,4,0
varazdinske-vijesti.hr,2025-03,886,1,886,1,1,1,0
varazdinske-vijesti.hr,2025-04,873,0,873,0,0,0,0
varazdinske-vijesti.hr,2025-05,901,0,901,0,0,0,0
varazdinske-vijesti.hr,2025-06,798,1,798,1,1,1,0
varazdinske-vijesti.hr,2025-07,676,1,676,1,1,1,1
varazdinske-vijesti.hr,2025-08,713,0,713,0,0,0,0
varazdinske-vijesti.hr,2025-09,817,0,817,0,0,0,0
varazdinske-vijesti.hr,2025-10,876,3,876,3,3,3,0
varazdinske-vijesti.hr,2025-11,823,0,823,0,0,0,0
varazdinske-vijesti.hr,2025-12,863,2,863,2,2,2,0
varazdinske-vijesti.hr,2026-01,732,2,732,2,2,2,0
varazdinske-vijesti.hr,2026-02,697,0,697,0,0,0,0
varazdinske-vijesti.hr,2026-03,882,1,882,1,1,1,0
varazdinske-vijesti.hr,2026-04,838,0,838,0,0,0,0
varazdinske-vijesti.hr,2026-05,862,0,862,0,0,0,0
varazdinske-vijesti.hr,2026-06,864,0,864,0,0,0,0
varazdinske-vijesti.hr,2026-07,700,2,700,2,2,2,0
varazdinske-vijesti.hr,2026-08,699,0,699,0,0,0,0
varazdinske-vijesti.hr,2026-09,295,0,295,0,0,0,0
vecernji.hr,2021-01,5035,12,5035,12,12,12,2
vecernji.hr,2021-02,5346,19,5346,19,19,19,1
vecernji.hr,2021-03,5740,23,5740,23,23,23,3
vecernji.hr,2021-04,5475,21,5475,21,21,21,3
vecernji.hr,2021-05,5699,17,5699,17,17,17,2
vecernji.hr,2021-06,5182,19,5182,19,19,19,1
vecernji.hr,2021-07,5216,25,5216,25,25,25,4
vecernji.hr,2021-08,4663,15,4663,15,15,15,5
vecernji.hr,2021-09,5149,24,5149,24,24,24,1
vecernji.hr,2021-10,5567,40,5567,40,40,40,1
vecernji.hr,2021-11,5451,18,5451,18,18,18,2
vecernji.hr,2021-12,5630,21,5630,21,21,21,2
vecernji.hr,2022-01,5412,45,5412,45,45,45,14
vecernji.hr,2022-02,5366,61,5366,61,61,61,13
vecernji.hr,2022-03,5857,29,5857,29,29,29,2
vecernji.hr,2022-04,5497,17,5497,17,17,17,2
vecernji.hr,2022-05,5948,22,5948,22,22,22,3
vecernji.hr,2022-06,5460,29,5460,29,29,29,0
vecernji.hr,2022-07,5420,39,5420,39,37,37,7
vecernji.hr,2022-08,5157,11,5157,11,11,11,2
vecernji.hr,2022-09,5755,13,5755,13,13,13,2
vecernji.hr,2022-10,5835,15,5835,15,15,15,1
vecernji.hr,2022-11,5955,17,5955,17,17,17,2
vecernji.hr,2022-12,5572,42,5572,42,42,42,6
vecernji.hr,2023-01,3891,47,3891,47,47,47,6
vecernji.hr,2023-02,1915,1,1915,1,1,1,0
vecernji.hr,2023-03,2408,4,2408,4,4,4,2
vecernji.hr,2023-04,2221,3,2221,3,3,3,2
vecernji.hr,2023-05,3795,9,3795,9,9,9,0
vecernji.hr,2023-06,5000,12,5000,12,12,12,0
vecernji.hr,2023-07,4908,14,4908,14,14,14,0
vecernji.hr,2023-08,4489,9,4489,9,9,9,0
vecernji.hr,2023-09,4644,11,4644,11,11,11,1
vecernji.hr,2023-10,4902,10,4902,10,10,10,1
vecernji.hr,2023-11,4952,16,4952,16,16,16,1
vecernji.hr,2023-12,4709,16,4709,16,16,16,2
vecernji.hr,2024-01,4711,13,4711,13,13,13,3
vecernji.hr,2024-02,4760,4,4760,4,4,4,0
vecernji.hr,2024-03,5132,10,5132,10,10,10,0
vecernji.hr,2024-04,4785,9,4785,9,9,9,1
vecernji.hr,2024-05,5210,9,5210,9,9,9,1
vecernji.hr,2024-06,5706,25,5706,25,25,25,3
vecernji.hr,2024-07,5786,19,5786,19,19,19,5
vecernji.hr,2024-08,4986,6,4986,6,6,6,2
vecernji.hr,2024-09,5473,14,5473,14,14,14,3
vecernji.hr,2024-10,5905,13,5905,13,13,13,4
vecernji.hr,2024-11,5636,15,5636,15,15,15,3
vecernji.hr,2024-12,5591,11,5591,11,11,11,1
vecernji.hr,2025-01,5809,18,5809,18,18,18,0
vecernji.hr,2025-02,5630,27,5630,27,27,27,8
vecernji.hr,2025-03,6262,14,6262,14,14,14,2
vecernji.hr,2025-04,6037,10,6037,10,10,10,2
vecernji.hr,2025-05,6270,12,6270,12,12,12,0
vecernji.hr,2025-06,5707,8,5707,8,8,8,1
vecernji.hr,2025-07,6004,22,6004,22,22,22,3
vecernji.hr,2025-08,5183,7,5183,7,7,7,1
vecernji.hr,2025-09,5962,23,5962,23,23,23,1
vecernji.hr,2025-10,7121,17,7121,17,17,17,1
vecernji.hr,2025-11,6543,7,6543,7,7,7,1
vecernji.hr,2025-12,6653,7,6653,7,7,7,1
vecernji.hr,2026-01,6800,32,6800,32,32,32,2
vecernji.hr,2026-02,6529,10,6529,10,10,10,0
vecernji.hr,2026-03,7217,18,7217,18,18,18,1
vecernji.hr,2026-04,6845,5,6845,5,5,5,1
vecernji.hr,2026-05,7029,30,7029,30,30,30,6
vecernji.hr,2026-06,6692,11,6692,11,11,11,2
vecernji.hr,2026-07,6794,13,6794,13,13,13,4
vecernji.hr,2026-08,6229,4,6229,4,4,4,2
vecernji.hr,2026-09,2228,0,2228,0,0,0,0
vgdanas.hr,2021-01,265,0,265,0,0,0,0
vgdanas.hr,2021-02,326,0,326,0,0,0,0
vgdanas.hr,2021-03,393,0,393,0,0,0,0
vgdanas.hr,2021-04,327,0,327,0,0,0,0
vgdanas.hr,2021-05,334,0,334,0,0,0,0
vgdanas.hr,2021-06,264,0,264,0,0,0,0
vgdanas.hr,2021-07,267,0,267,0,0,0,0
vgdanas.hr,2021-08,251,0,251,0,0,0,0
vgdanas.hr,2021-09,289,0,289,0,0,0,0
vgdanas.hr,2021-10,304,0,304,0,0,0,0
vgdanas.hr,2021-11,296,0,296,0,0,0,0
vgdanas.hr,2021-12,279,0,279,0,0,0,0
vgdanas.hr,2022-01,207,0,207,0,0,0,0
vgdanas.hr,2022-02,230,1,230,1,1,1,0
vgdanas.hr,2022-03,287,1,287,1,1,1,0
vgdanas.hr,2022-04,280,0,280,0,0,0,0
vgdanas.hr,2022-05,234,0,234,0,0,0,0
vgdanas.hr,2022-06,263,0,263,0,0,0,0
vgdanas.hr,2022-07,226,0,226,0,0,0,0
vgdanas.hr,2022-08,192,0,192,0,0,0,0
vgdanas.hr,2022-09,232,0,232,0,0,0,0
vgdanas.hr,2022-10,276,0,276,0,0,0,0
vgdanas.hr,2022-11,254,0,254,0,0,0,0
vgdanas.hr,2022-12,258,0,258,0,0,0,0
vgdanas.hr,2023-01,224,1,224,1,1,1,0
vgdanas.hr,2023-02,235,0,235,0,0,0,0
vgdanas.hr,2023-03,294,0,294,0,0,0,0
vgdanas.hr,2023-04,297,0,297,0,0,0,0
vgdanas.hr,2023-05,286,0,286,0,0,0,0
vgdanas.hr,2023-06,262,0,262,0,0,0,0
vgdanas.hr,2023-07,233,0,233,0,0,0,0
vgdanas.hr,2023-08,213,0,213,0,0,0,0
vgdanas.hr,2023-09,281,0,281,0,0,0,0
vgdanas.hr,2023-10,317,0,317,0,0,0,0
vgdanas.hr,2023-11,238,1,238,1,1,1,0
vgdanas.hr,2023-12,294,0,294,0,0,0,0
vgdanas.hr,2024-01,226,0,226,0,0,0,0
vgdanas.hr,2024-02,274,0,274,0,0,0,0
vgdanas.hr,2024-03,298,0,298,0,0,0,0
vgdanas.hr,2024-04,260,0,260,0,0,0,0
vgdanas.hr,2024-05,259,0,259,0,0,0,0
vgdanas.hr,2024-06,253,0,253,0,0,0,0
vgdanas.hr,2024-07,217,0,217,0,0,0,0
vgdanas.hr,2024-08,192,0,192,0,0,0,0
vgdanas.hr,2024-09,304,0,304,0,0,0,0
vgdanas.hr,2024-10,352,0,352,0,0,0,0
vgdanas.hr,2024-11,296,0,296,0,0,0,0
vgdanas.hr,2024-12,282,0,282,0,0,0,0
vgdanas.hr,2025-01,233,0,233,0,0,0,0
vgdanas.hr,2025-02,259,0,259,0,0,0,0
vgdanas.hr,2025-03,288,0,288,0,0,0,0
vgdanas.hr,2025-04,221,0,221,0,0,0,0
vgdanas.hr,2025-05,242,0,242,0,0,0,0
vgdanas.hr,2025-06,221,0,221,0,0,0,0
vgdanas.hr,2025-07,176,0,176,0,0,0,0
vgdanas.hr,2025-08,143,0,143,0,0,0,0
vgdanas.hr,2025-09,182,0,182,0,0,0,0
vgdanas.hr,2025-10,273,0,273,0,0,0,0
vgdanas.hr,2025-11,213,0,213,0,0,0,0
vgdanas.hr,2025-12,244,0,244,0,0,0,0
vgdanas.hr,2026-01,182,0,182,0,0,0,0
vgdanas.hr,2026-02,195,0,195,0,0,0,0
vgdanas.hr,2026-03,270,0,270,0,0,0,0
vgdanas.hr,2026-04,283,0,283,0,0,0,0
vgdanas.hr,2026-05,250,0,250,0,0,0,0
vgdanas.hr,2026-06,234,0,234,0,0,0,0
vgdanas.hr,2026-07,206,0,206,0,0,0,0
vgdanas.hr,2026-08,225,0,225,0,0,0,0
vgdanas.hr,2026-09,94,0,94,0,0,0,0
vgradu.hr,2021-02,1,0,1,0,0,0,0
vgradu.hr,2021-03,1,0,1,0,0,0,0
vgradu.hr,2021-05,1,0,1,0,0,0,0
vgradu.hr,2021-10,1,0,1,0,0,0,0
vgradu.hr,2023-06,1,0,1,0,0,0,0
vidi.hr,2021-01,108,0,108,0,0,0,0
vidi.hr,2021-02,146,0,146,0,0,0,0
vidi.hr,2021-03,132,0,132,0,0,0,0
vidi.hr,2021-04,117,0,117,0,0,0,0
vidi.hr,2021-05,135,0,135,0,0,0,0
vidi.hr,2021-06,112,0,112,0,0,0,0
vidi.hr,2021-07,114,0,114,0,0,0,0
vidi.hr,2021-08,90,0,90,0,0,0,0
vidi.hr,2021-09,131,0,131,0,0,0,0
vidi.hr,2021-10,121,1,121,1,1,1,0
vidi.hr,2021-11,130,0,130,0,0,0,0
vidi.hr,2021-12,105,0,105,0,0,0,0
vidi.hr,2022-01,118,0,118,0,0,0,0
vidi.hr,2022-02,112,0,112,0,0,0,0
vidi.hr,2022-03,141,0,141,0,0,0,0
vidi.hr,2022-04,123,0,123,0,0,0,0
vidi.hr,2022-05,119,0,119,0,0,0,0
vidi.hr,2022-06,103,0,103,0,0,0,0
vidi.hr,2022-07,108,0,108,0,0,0,0
vidi.hr,2022-08,95,0,95,0,0,0,0
vidi.hr,2022-09,129,0,129,0,0,0,0
vidi.hr,2022-10,142,0,142,0,0,0,0
vidi.hr,2022-11,144,1,144,1,1,1,0
vidi.hr,2022-12,112,0,112,0,0,0,0
vidi.hr,2023-01,115,0,115,0,0,0,0
vidi.hr,2023-02,126,0,126,0,0,0,0
vidi.hr,2023-03,152,0,152,0,0,0,0
vidi.hr,2023-04,135,0,135,0,0,0,0
vidi.hr,2023-05,157,0,157,0,0,0,0
vidi.hr,2023-06,132,0,132,0,0,0,0
vidi.hr,2023-07,114,0,114,0,0,0,0
vidi.hr,2023-08,97,0,97,0,0,0,0
vidi.hr,2023-09,159,0,159,0,0,0,0
vidi.hr,2023-10,172,0,172,0,0,0,0
vidi.hr,2023-11,160,0,160,0,0,0,0
vidi.hr,2023-12,118,0,118,0,0,0,0
vidi.hr,2024-01,156,0,156,0,0,0,0
vidi.hr,2024-02,138,0,138,0,0,0,0
vidi.hr,2024-03,136,0,136,0,0,0,0
vidi.hr,2024-04,140,0,140,0,0,0,0
vidi.hr,2024-05,137,0,137,0,0,0,0
vidi.hr,2024-06,131,0,131,0,0,0,0
vidi.hr,2024-07,140,0,140,0,0,0,0
vidi.hr,2024-08,130,0,130,0,0,0,0
vidi.hr,2024-09,185,0,185,0,0,0,0
vidi.hr,2024-10,159,0,159,0,0,0,0
vidi.hr,2024-11,131,0,131,0,0,0,0
vidi.hr,2024-12,124,0,124,0,0,0,0
vidi.hr,2025-01,140,0,140,0,0,0,0
vidi.hr,2025-02,122,0,122,0,0,0,0
vidi.hr,2025-03,128,2,128,2,2,2,0
vidi.hr,2025-04,144,1,144,1,1,1,0
vidi.hr,2025-05,166,0,166,0,0,0,0
vidi.hr,2025-06,153,0,153,0,0,0,0
vidi.hr,2025-07,148,0,148,0,0,0,0
vidi.hr,2025-08,124,0,124,0,0,0,0
vidi.hr,2025-09,108,0,108,0,0,0,0
vidi.hr,2025-10,121,0,121,0,0,0,0
vidi.hr,2025-11,96,0,96,0,0,0,0
vidi.hr,2025-12,105,0,105,0,0,0,0
vidi.hr,2026-01,90,0,90,0,0,0,0
vidi.hr,2026-02,95,1,95,1,1,1,0
vidi.hr,2026-03,117,1,117,1,1,1,0
vidi.hr,2026-04,110,0,110,0,0,0,0
vidi.hr,2026-05,109,0,109,0,0,0,0
vidi.hr,2026-06,104,0,104,0,0,0,0
vidi.hr,2026-07,117,0,117,0,0,0,0
vidi.hr,2026-08,103,0,103,0,0,0,0
vidi.hr,2026-09,41,0,41,0,0,0,0
vinkulja.hr,2021-11,2,0,2,0,0,0,0
vinkulja.hr,2021-12,4,0,4,0,0,0,0
vinkulja.hr,2022-01,6,0,6,0,0,0,0
vinkulja.hr,2022-02,2,0,2,0,0,0,0
vinkulja.hr,2022-03,198,1,198,1,1,1,0
vinkulja.hr,2022-04,185,0,185,0,0,0,0
vinkulja.hr,2022-05,221,0,221,0,0,0,0
vinkulja.hr,2022-06,194,0,194,0,0,0,0
vinkulja.hr,2022-07,180,0,180,0,0,0,0
vinkulja.hr,2022-08,184,0,184,0,0,0,0
vinkulja.hr,2022-09,195,0,195,0,0,0,0
vinkulja.hr,2022-10,209,0,209,0,0,0,0
vinkulja.hr,2022-11,162,0,162,0,0,0,0
vinkulja.hr,2022-12,166,0,166,0,0,0,0
vinkulja.hr,2023-01,202,0,202,0,0,0,0
vinkulja.hr,2023-02,215,2,215,2,2,2,0
vinkulja.hr,2023-03,256,0,256,0,0,0,0
vinkulja.hr,2023-04,212,0,212,0,0,0,0
vinkulja.hr,2023-05,252,0,252,0,0,0,0
vinkulja.hr,2023-06,225,0,225,0,0,0,0
vinkulja.hr,2023-07,235,0,235,0,0,0,0
vinkulja.hr,2023-08,209,0,209,0,0,0,0
vinkulja.hr,2023-09,223,0,223,0,0,0,0
vinkulja.hr,2023-10,234,0,234,0,0,0,0
vinkulja.hr,2023-11,221,0,221,0,0,0,0
vinkulja.hr,2023-12,192,1,192,1,1,1,0
vinkulja.hr,2024-01,201,0,201,0,0,0,0
vinkulja.hr,2024-02,266,0,266,0,0,0,0
vinkulja.hr,2024-03,246,0,246,0,0,0,0
vinkulja.hr,2024-04,237,3,237,3,3,3,1
vinkulja.hr,2024-05,212,0,212,0,0,0,0
vinkulja.hr,2024-06,214,0,214,0,0,0,0
vinkulja.hr,2024-07,206,1,206,1,1,1,0
vinkulja.hr,2024-08,179,1,179,1,1,1,0
vinkulja.hr,2024-09,199,0,199,0,0,0,0
vinkulja.hr,2024-10,309,4,309,4,4,4,1
vinkulja.hr,2024-11,178,0,178,0,0,0,0
vinkulja.hr,2024-12,248,0,248,0,0,0,0
vinkulja.hr,2025-01,234,4,234,4,4,4,0
vinkulja.hr,2025-02,282,3,282,3,3,3,1
vinkulja.hr,2025-03,260,1,260,1,1,1,0
vinkulja.hr,2025-04,193,0,193,0,0,0,0
vinkulja.hr,2025-05,207,0,207,0,0,0,0
vinkulja.hr,2025-06,245,0,245,0,0,0,0
vinkulja.hr,2025-07,257,1,257,1,1,1,0
vinkulja.hr,2025-08,192,0,192,0,0,0,0
vinkulja.hr,2025-09,255,0,255,0,0,0,0
vinkulja.hr,2025-10,251,4,251,4,4,4,0
vinkulja.hr,2025-11,224,0,224,0,0,0,0
vinkulja.hr,2025-12,225,1,225,1,1,1,0
vinkulja.hr,2026-01,209,1,209,1,1,1,0
vinkulja.hr,2026-02,173,0,173,0,0,0,0
vinkulja.hr,2026-03,326,0,326,0,0,0,0
vinkulja.hr,2026-04,255,0,255,0,0,0,0
vinkulja.hr,2026-05,311,0,311,0,0,0,0
vinkulja.hr,2026-06,329,0,329,0,0,0,0
vinkulja.hr,2026-07,292,0,292,0,0,0,0
vinkulja.hr,2026-08,269,0,269,0,0,0,0
vinkulja.hr,2026-09,102,0,102,0,0,0,0
virovitica.net,2023-06,1,0,1,0,0,0,0
virovitica.net,2024-01,9,0,9,0,0,0,0
virovitica.net,2024-02,57,0,57,0,0,0,0
virovitica.net,2024-03,120,1,120,1,1,1,0
virovitica.net,2024-04,153,1,153,1,1,1,0
virovitica.net,2024-05,55,0,55,0,0,0,0
virovitica.net,2024-06,94,1,94,1,1,1,0
virovitica.net,2024-07,153,0,153,0,0,0,0
virovitica.net,2024-08,81,0,81,0,0,0,0
virovitica.net,2024-09,128,0,128,0,0,0,0
virovitica.net,2024-10,94,1,94,1,1,1,0
virovitica.net,2024-11,124,1,124,1,1,1,0
virovitica.net,2024-12,146,0,146,0,0,0,0
virovitica.net,2025-01,144,3,144,3,3,3,1
virovitica.net,2025-02,109,0,109,0,0,0,0
virovitica.net,2025-03,84,0,84,0,0,0,0
virovitica.net,2025-04,87,1,87,1,1,1,0
virovitica.net,2025-05,115,0,115,0,0,0,0
virovitica.net,2025-06,94,0,94,0,0,0,0
virovitica.net,2025-07,127,0,127,0,0,0,0
virovitica.net,2025-08,118,0,118,0,0,0,0
virovitica.net,2025-09,101,1,101,1,1,1,0
virovitica.net,2025-10,61,0,61,0,0,0,0
virovitica.net,2025-11,99,0,99,0,0,0,0
virovitica.net,2025-12,114,1,114,1,1,1,0
virovitica.net,2026-01,73,0,73,0,0,0,0
virovitica.net,2026-02,129,0,129,0,0,0,0
virovitica.net,2026-03,172,0,172,0,0,0,0
virovitica.net,2026-04,153,1,153,1,1,1,0
virovitica.net,2026-05,114,1,114,1,1,1,0
virovitica.net,2026-06,119,2,119,2,2,2,1
virovitica.net,2026-07,102,0,102,0,0,0,0
virovitica.net,2026-08,115,0,115,0,0,0,0
virovitica.net,2026-09,47,0,47,0,0,0,0
vitamini.hr,2021-01,5,0,5,0,0,0,0
vitamini.hr,2021-02,28,0,28,0,0,0,0
vitamini.hr,2025-04,1,0,1,0,0,0,0
vizkultura.hr,2021-05,15,0,15,0,0,0,0
vizkultura.hr,2021-06,14,0,14,0,0,0,0
vizkultura.hr,2021-07,14,0,14,0,0,0,0
vizkultura.hr,2021-08,6,0,6,0,0,0,0
vizkultura.hr,2021-09,25,0,25,0,0,0,0
vizkultura.hr,2021-10,19,0,19,0,0,0,0
vizkultura.hr,2021-11,22,0,22,0,0,0,0
vizkultura.hr,2021-12,15,0,15,0,0,0,0
vizkultura.hr,2022-01,8,0,8,0,0,0,0
vizkultura.hr,2022-02,12,0,12,0,0,0,0
vizkultura.hr,2022-03,25,0,25,0,0,0,0
vizkultura.hr,2022-04,15,0,15,0,0,0,0
vizkultura.hr,2022-05,22,0,22,0,0,0,0
vizkultura.hr,2022-06,12,0,12,0,0,0,0
vizkultura.hr,2022-07,13,0,13,0,0,0,0
vizkultura.hr,2022-08,3,0,3,0,0,0,0
vizkultura.hr,2022-09,1,0,1,0,0,0,0
vizkultura.hr,2022-10,1,0,1,0,0,0,0
vizkultura.hr,2023-07,1,0,1,0,0,0,0
vizkultura.hr,2023-11,32,0,32,0,0,0,0
vizkultura.hr,2023-12,42,0,42,0,0,0,0
vizkultura.hr,2024-01,24,0,24,0,0,0,0
vizkultura.hr,2024-02,33,0,33,0,0,0,0
vizkultura.hr,2024-03,29,0,29,0,0,0,0
vizkultura.hr,2024-04,6,0,6,0,0,0,0
vizkultura.hr,2024-09,1,0,1,0,0,0,0
vizkultura.hr,2024-10,2,0,2,0,0,0,0
vizkultura.hr,2024-11,22,0,22,0,0,0,0
vizkultura.hr,2024-12,39,0,39,0,0,0,0
vizkultura.hr,2025-01,26,0,26,0,0,0,0
vizkultura.hr,2025-02,25,0,25,0,0,0,0
vizkultura.hr,2025-03,34,0,34,0,0,0,0
vizkultura.hr,2025-04,37,0,37,0,0,0,0
vizkultura.hr,2025-05,29,0,29,0,0,0,0
vizkultura.hr,2025-06,34,0,34,0,0,0,0
vizkultura.hr,2025-07,37,0,37,0,0,0,0
vizkultura.hr,2025-08,16,0,16,0,0,0,0
vizkultura.hr,2025-09,38,0,38,0,0,0,0
vizkultura.hr,2025-10,36,0,36,0,0,0,0
vizkultura.hr,2025-11,22,0,22,0,0,0,0
vizkultura.hr,2025-12,32,0,32,0,0,0,0
vizkultura.hr,2026-01,9,0,9,0,0,0,0
vizkultura.hr,2026-02,7,0,7,0,0,0,0
vizkultura.hr,2026-03,20,0,20,0,0,0,0
vizkultura.hr,2026-04,12,0,12,0,0,0,0
vizkultura.hr,2026-05,30,0,30,0,0,0,0
vizkultura.hr,2026-06,26,0,26,0,0,0,0
vizkultura.hr,2026-07,32,0,32,0,0,0,0
vizkultura.hr,2026-08,7,0,7,0,0,0,0
vizkultura.hr,2026-09,8,0,8,0,0,0,0
vjera.hr,2022-07,1,0,1,0,0,0,0
vjera.hr,2022-08,1,0,1,0,0,0,0
vjera.hr,2022-09,1,0,1,0,0,0,0
vjera.hr,2022-10,2,0,2,0,0,0,0
vjera.hr,2022-11,1,0,1,0,0,0,0
vjera.hr,2022-12,2,0,2,0,0,0,0
vjera.hr,2023-01,2,0,2,0,0,0,0
vjera.hr,2023-02,1,0,1,0,0,0,0
vjera.hr,2023-03,3,0,3,0,0,0,0
vjera.hr,2023-04,1,0,1,0,0,0,0
vjera.hr,2023-05,4,0,4,0,0,0,0
vjera.hr,2023-07,1,0,1,0,0,0,0
vodnjanski.info,2022-05,1,0,1,0,0,0,0
vodnjanski.info,2022-08,1,0,1,0,0,0,0
vodnjanski.info,2022-09,2,0,2,0,0,0,0
vodnjanski.info,2022-10,1,0,1,0,0,0,0
vodnjanski.info,2022-11,1,0,1,0,0,0,0
vodnjanski.info,2022-12,3,0,3,0,0,0,0
vodnjanski.info,2023-01,115,0,115,0,0,0,0
vodnjanski.info,2023-02,57,0,57,0,0,0,0
vodnjanski.info,2023-03,59,0,59,0,0,0,0
vodnjanski.info,2023-04,35,0,35,0,0,0,0
vodnjanski.info,2023-05,90,0,90,0,0,0,0
vodnjanski.info,2023-06,20,0,20,0,0,0,0
vodnjanski.info,2023-07,6,0,6,0,0,0,0
vodnjanski.info,2023-08,1,0,1,0,0,0,0
vodnjanski.info,2023-09,1,0,1,0,0,0,0
vodnjanski.info,2023-10,4,0,4,0,0,0,0
vodnjanski.info,2023-11,2,0,2,0,0,0,0
vodnjanski.info,2023-12,1,0,1,0,0,0,0
vodnjanski.info,2024-01,2,0,2,0,0,0,0
vodnjanski.info,2024-03,1,0,1,0,0,0,0
vodnjanski.info,2024-04,3,0,3,0,0,0,0
vodnjanski.info,2024-07,1,0,1,0,0,0,0
vodnjanski.info,2024-12,3,0,3,0,0,0,0
vodnjanski.info,2025-02,2,0,2,0,0,0,0
vodnjanski.info,2025-03,1,0,1,0,0,0,0
vodnjanski.info,2025-10,1,1,1,1,1,1,0
vodnjanski.info,2025-11,1,0,1,0,0,0,0
vogueadria.com,2024-03,138,0,138,0,0,0,0
vogueadria.com,2024-04,230,0,230,0,0,0,0
vogueadria.com,2024-05,224,0,224,0,0,0,0
vogueadria.com,2024-06,188,0,188,0,0,0,0
vogueadria.com,2024-07,177,0,177,0,0,0,0
vogueadria.com,2024-08,194,0,194,0,0,0,0
vogueadria.com,2024-09,243,0,243,0,0,0,0
vogueadria.com,2024-10,216,0,216,0,0,0,0
vogueadria.com,2024-11,210,0,210,0,0,0,0
vogueadria.com,2024-12,204,0,204,0,0,0,0
vogueadria.com,2025-01,225,0,225,0,0,0,0
vogueadria.com,2025-02,232,0,232,0,0,0,0
vogueadria.com,2025-03,209,0,209,0,0,0,0
vogueadria.com,2025-04,253,0,253,0,0,0,0
vogueadria.com,2025-05,291,0,291,0,0,0,0
vogueadria.com,2025-06,299,0,299,0,0,0,0
vogueadria.com,2025-07,313,0,313,0,0,0,0
vogueadria.com,2025-08,254,0,254,0,0,0,0
vogueadria.com,2025-09,307,0,307,0,0,0,0
vogueadria.com,2025-10,337,0,337,0,0,0,0
vogueadria.com,2025-11,256,0,256,0,0,0,0
vogueadria.com,2025-12,248,0,248,0,0,0,0
vogueadria.com,2026-01,249,0,249,0,0,0,0
vogueadria.com,2026-02,228,0,228,0,0,0,0
vogueadria.com,2026-03,584,0,584,0,0,0,0
vogueadria.com,2026-04,347,0,347,0,0,0,0
vogueadria.com,2026-05,716,0,716,0,0,0,0
vogueadria.com,2026-06,943,0,943,0,0,0,0
vogueadria.com,2026-07,776,0,776,0,0,0,0
vogueadria.com,2026-08,227,0,227,0,0,0,0
vogueadria.com,2026-09,104,0,104,0,0,0,0
volimivanic.info,2021-01,17,0,17,0,0,0,0
volimivanic.info,2021-02,14,0,14,0,0,0,0
volimivanic.info,2021-03,17,0,17,0,0,0,0
volimivanic.info,2021-04,13,0,13,0,0,0,0
volimivanic.info,2021-05,6,0,6,0,0,0,0
volimivanic.info,2021-07,154,0,154,0,0,0,0
volimivanic.info,2021-08,26,0,26,0,0,0,0
volimivanic.info,2021-09,43,0,43,0,0,0,0
volimivanic.info,2021-10,91,0,91,0,0,0,0
volimivanic.info,2021-11,58,0,58,0,0,0,0
volimivanic.info,2021-12,58,0,58,0,0,0,0
volimivanic.info,2022-01,27,0,27,0,0,0,0
volimivanic.info,2022-02,28,0,28,0,0,0,0
volimivanic.info,2022-03,44,0,44,0,0,0,0
volimivanic.info,2022-04,36,0,36,0,0,0,0
volimivanic.info,2022-05,34,0,34,0,0,0,0
volimivanic.info,2022-06,23,0,23,0,0,0,0
volimivanic.info,2022-07,8,0,8,0,0,0,0
volimivanic.info,2022-08,14,0,14,0,0,0,0
volimivanic.info,2022-09,46,0,46,0,0,0,0
volimivanic.info,2022-10,33,0,33,0,0,0,0
volimivanic.info,2022-11,39,0,39,0,0,0,0
volimivanic.info,2022-12,18,0,18,0,0,0,0
volimivanic.info,2023-01,19,0,19,0,0,0,0
volimivanic.info,2023-02,14,0,14,0,0,0,0
volimivanic.info,2023-03,24,0,24,0,0,0,0
volimivanic.info,2023-04,23,0,23,0,0,0,0
volimivanic.info,2023-05,17,0,17,0,0,0,0
volimivanic.info,2023-06,18,0,18,0,0,0,0
volimivanic.info,2023-07,11,0,11,0,0,0,0
volimivanic.info,2023-08,30,0,30,0,0,0,0
volimivanic.info,2023-09,27,0,27,0,0,0,0
volimivanic.info,2023-10,33,0,33,0,0,0,0
volimivanic.info,2023-11,38,0,38,0,0,0,0
volimivanic.info,2023-12,24,0,24,0,0,0,0
volimivanic.info,2024-01,19,0,19,0,0,0,0
volimivanic.info,2024-02,42,0,42,0,0,0,0
volimivanic.info,2024-03,42,0,42,0,0,0,0
volimivanic.info,2024-04,39,0,39,0,0,0,0
volimivanic.info,2024-05,32,0,32,0,0,0,0
volimivanic.info,2024-06,28,0,28,0,0,0,0
volimivanic.info,2024-07,16,0,16,0,0,0,0
volimivanic.info,2024-08,27,0,27,0,0,0,0
volimivanic.info,2024-09,37,0,37,0,0,0,0
volimivanic.info,2024-10,51,0,51,0,0,0,0
volimivanic.info,2024-11,15,0,15,0,0,0,0
volimivanic.info,2024-12,29,0,29,0,0,0,0
volimivanic.info,2025-01,26,0,26,0,0,0,0
volimivanic.info,2025-02,20,0,20,0,0,0,0
volimivanic.info,2025-03,33,0,33,0,0,0,0
volimivanic.info,2025-04,15,0,15,0,0,0,0
volimivanic.info,2025-05,29,0,29,0,0,0,0
volimivanic.info,2025-06,27,0,27,0,0,0,0
volimivanic.info,2025-07,26,0,26,0,0,0,0
volimivanic.info,2025-08,32,0,32,0,0,0,0
volimivanic.info,2025-09,31,0,31,0,0,0,0
volimivanic.info,2025-10,32,0,32,0,0,0,0
volimivanic.info,2025-11,20,0,20,0,0,0,0
volimivanic.info,2025-12,52,0,52,0,0,0,0
volimivanic.info,2026-01,37,0,37,0,0,0,0
volimivanic.info,2026-02,15,0,15,0,0,0,0
volimivanic.info,2026-03,24,0,24,0,0,0,0
volimivanic.info,2026-04,26,0,26,0,0,0,0
volimivanic.info,2026-05,22,0,22,0,0,0,0
volimivanic.info,2026-06,23,0,23,0,0,0,0
volimivanic.info,2026-07,8,0,8,0,0,0,0
volimivanic.info,2026-08,14,0,14,0,0,0,0
volimivanic.info,2026-09,5,0,5,0,0,0,0
voxfeminae.net,2021-01,21,0,21,0,0,0,0
voxfeminae.net,2021-02,35,0,35,0,0,0,0
voxfeminae.net,2021-03,42,0,42,0,0,0,0
voxfeminae.net,2021-04,36,0,36,0,0,0,0
voxfeminae.net,2021-05,43,0,43,0,0,0,0
voxfeminae.net,2021-06,27,0,27,0,0,0,0
voxfeminae.net,2021-07,40,0,40,0,0,0,0
voxfeminae.net,2021-08,18,0,18,0,0,0,0
voxfeminae.net,2021-09,34,0,34,0,0,0,0
voxfeminae.net,2021-10,36,0,36,0,0,0,0
voxfeminae.net,2021-11,23,0,23,0,0,0,0
voxfeminae.net,2021-12,28,0,28,0,0,0,0
voxfeminae.net,2022-01,25,0,25,0,0,0,0
voxfeminae.net,2022-02,31,0,31,0,0,0,0
voxfeminae.net,2022-03,31,0,31,0,0,0,0
voxfeminae.net,2022-04,24,0,24,0,0,0,0
voxfeminae.net,2022-05,26,0,26,0,0,0,0
voxfeminae.net,2022-06,24,0,24,0,0,0,0
voxfeminae.net,2022-07,24,0,24,0,0,0,0
voxfeminae.net,2022-08,20,0,20,0,0,0,0
voxfeminae.net,2022-09,19,0,19,0,0,0,0
voxfeminae.net,2022-10,22,0,22,0,0,0,0
voxfeminae.net,2022-11,22,0,22,0,0,0,0
voxfeminae.net,2022-12,22,0,22,0,0,0,0
voxfeminae.net,2023-01,22,0,22,0,0,0,0
voxfeminae.net,2023-02,16,0,16,0,0,0,0
voxfeminae.net,2023-03,25,0,25,0,0,0,0
voxfeminae.net,2023-04,24,0,24,0,0,0,0
voxfeminae.net,2023-05,25,0,25,0,0,0,0
voxfeminae.net,2023-06,18,0,18,0,0,0,0
voxfeminae.net,2023-07,17,0,17,0,0,0,0
voxfeminae.net,2023-08,14,0,14,0,0,0,0
voxfeminae.net,2023-09,23,0,23,0,0,0,0
voxfeminae.net,2023-10,32,0,32,0,0,0,0
voxfeminae.net,2023-11,30,0,30,0,0,0,0
voxfeminae.net,2023-12,25,0,25,0,0,0,0
voxfeminae.net,2024-01,14,1,14,1,1,1,0
voxfeminae.net,2024-02,16,0,16,0,0,0,0
voxfeminae.net,2024-03,28,0,28,0,0,0,0
voxfeminae.net,2024-04,18,0,18,0,0,0,0
voxfeminae.net,2024-05,24,0,24,0,0,0,0
voxfeminae.net,2024-06,22,0,22,0,0,0,0
voxfeminae.net,2024-07,20,0,20,0,0,0,0
voxfeminae.net,2024-08,16,0,16,0,0,0,0
voxfeminae.net,2024-09,25,0,25,0,0,0,0
voxfeminae.net,2024-10,33,0,33,0,0,0,0
voxfeminae.net,2024-11,22,0,22,0,0,0,0
voxfeminae.net,2024-12,20,0,20,0,0,0,0
voxfeminae.net,2025-01,13,0,13,0,0,0,0
voxfeminae.net,2025-02,25,0,25,0,0,0,0
voxfeminae.net,2025-03,22,0,22,0,0,0,0
voxfeminae.net,2025-04,16,0,16,0,0,0,0
voxfeminae.net,2025-05,26,0,26,0,0,0,0
voxfeminae.net,2025-06,20,0,20,0,0,0,0
voxfeminae.net,2025-07,6,0,6,0,0,0,0
voxfeminae.net,2025-08,26,0,26,0,0,0,0
voxfeminae.net,2025-09,13,0,13,0,0,0,0
voxfeminae.net,2025-10,11,0,11,0,0,0,0
voxfeminae.net,2025-11,11,0,11,0,0,0,0
voxfeminae.net,2025-12,22,0,22,0,0,0,0
voxfeminae.net,2026-01,3,0,3,0,0,0,0
voxfeminae.net,2026-02,7,0,7,0,0,0,0
voxfeminae.net,2026-03,7,0,7,0,0,0,0
voxfeminae.net,2026-04,9,0,9,0,0,0,0
voxfeminae.net,2026-05,8,0,8,0,0,0,0
voxfeminae.net,2026-06,12,0,12,0,0,0,0
voxfeminae.net,2026-07,5,0,5,0,0,0,0
voxfeminae.net,2026-08,10,0,10,0,0,0,0
voxfeminae.net,2026-09,2,0,2,0,0,0,0
vzaktualno.hr,2021-05,1,0,1,0,0,0,0
vzaktualno.hr,2021-07,7,0,7,0,0,0,0
vzaktualno.hr,2021-08,9,0,9,0,0,0,0
vzaktualno.hr,2021-09,172,1,172,1,1,1,0
vzaktualno.hr,2021-10,604,1,604,1,1,1,1
vzaktualno.hr,2021-11,603,0,603,0,0,0,0
vzaktualno.hr,2021-12,627,1,627,1,1,1,0
vzaktualno.hr,2022-01,540,0,540,0,0,0,0
vzaktualno.hr,2022-02,625,5,625,5,5,5,1
vzaktualno.hr,2022-03,739,3,739,3,3,3,0
vzaktualno.hr,2022-04,680,1,680,1,1,1,0
vzaktualno.hr,2022-05,645,2,645,2,2,2,0
vzaktualno.hr,2022-06,587,0,587,0,0,0,0
vzaktualno.hr,2022-07,659,2,659,2,2,2,0
vzaktualno.hr,2022-08,676,3,676,3,3,3,0
vzaktualno.hr,2022-09,598,0,598,0,0,0,0
vzaktualno.hr,2022-10,581,2,581,2,2,2,1
vzaktualno.hr,2022-11,546,7,546,7,7,7,0
vzaktualno.hr,2022-12,567,3,567,3,3,3,0
vzaktualno.hr,2023-01,502,6,502,6,6,6,1
vzaktualno.hr,2023-02,514,0,514,0,0,0,0
vzaktualno.hr,2023-03,571,2,571,2,2,2,0
vzaktualno.hr,2023-04,488,0,488,0,0,0,0
vzaktualno.hr,2023-05,503,0,503,0,0,0,0
vzaktualno.hr,2023-06,467,0,467,0,0,0,0
vzaktualno.hr,2023-07,482,0,482,0,0,0,0
vzaktualno.hr,2023-08,466,0,466,0,0,0,0
vzaktualno.hr,2023-09,475,0,475,0,0,0,0
vzaktualno.hr,2023-10,452,0,452,0,0,0,0
vzaktualno.hr,2023-11,487,0,487,0,0,0,0
vzaktualno.hr,2023-12,439,2,439,2,2,2,0
vzaktualno.hr,2024-01,443,0,443,0,0,0,0
vzaktualno.hr,2024-02,480,0,480,0,0,0,0
vzaktualno.hr,2024-03,480,0,480,0,0,0,0
vzaktualno.hr,2024-04,463,0,463,0,0,0,0
vzaktualno.hr,2024-05,475,0,475,0,0,0,0
vzaktualno.hr,2024-06,457,1,457,1,1,1,0
vzaktualno.hr,2024-07,501,0,501,0,0,0,0
vzaktualno.hr,2024-08,527,0,527,0,0,0,0
vzaktualno.hr,2024-09,550,0,550,0,0,0,0
vzaktualno.hr,2024-10,559,0,559,0,0,0,0
vzaktualno.hr,2024-11,528,0,528,0,0,0,0
vzaktualno.hr,2024-12,533,2,533,2,2,2,0
vzaktualno.hr,2025-01,494,1,494,1,1,1,0
vzaktualno.hr,2025-02,506,0,506,0,0,0,0
vzaktualno.hr,2025-03,532,0,532,0,0,0,0
vzaktualno.hr,2025-04,519,0,519,0,0,0,0
vzaktualno.hr,2025-05,504,0,504,0,0,0,0
vzaktualno.hr,2025-06,446,0,446,0,0,0,0
vzaktualno.hr,2025-07,485,1,485,1,1,1,1
vzaktualno.hr,2025-08,474,1,474,1,1,1,0
vzaktualno.hr,2025-09,500,1,500,1,1,1,0
vzaktualno.hr,2025-10,548,1,548,1,1,1,0
vzaktualno.hr,2025-11,556,0,556,0,0,0,0
vzaktualno.hr,2025-12,529,0,529,0,0,0,0
vzaktualno.hr,2026-01,496,4,496,4,4,4,0
vzaktualno.hr,2026-02,496,0,496,0,0,0,0
vzaktualno.hr,2026-03,541,0,541,0,0,0,0
vzaktualno.hr,2026-04,501,0,501,0,0,0,0
vzaktualno.hr,2026-05,568,0,568,0,0,0,0
vzaktualno.hr,2026-06,510,0,510,0,0,0,0
vzaktualno.hr,2026-07,220,0,220,0,0,0,0
vzaktualno.hr,2026-08,499,2,499,2,2,2,0
vzaktualno.hr,2026-09,196,0,196,0,0,0,0
wall.hr,2021-01,21,0,21,0,0,0,0
wall.hr,2021-02,59,0,59,0,0,0,0
wall.hr,2021-03,87,0,87,0,0,0,0
wall.hr,2021-04,85,0,85,0,0,0,0
wall.hr,2021-05,72,0,72,0,0,0,0
wall.hr,2021-06,69,0,69,0,0,0,0
wall.hr,2021-07,92,0,92,0,0,0,0
wall.hr,2021-08,41,0,41,0,0,0,0
wall.hr,2021-09,68,0,68,0,0,0,0
wall.hr,2021-10,70,0,70,0,0,0,0
wall.hr,2021-11,82,0,82,0,0,0,0
wall.hr,2021-12,102,0,102,0,0,0,0
wall.hr,2022-01,72,0,72,0,0,0,0
wall.hr,2022-02,75,0,75,0,0,0,0
wall.hr,2022-03,72,0,72,0,0,0,0
wall.hr,2022-04,71,0,71,0,0,0,0
wall.hr,2022-05,76,0,76,0,0,0,0
wall.hr,2022-06,79,0,79,0,0,0,0
wall.hr,2022-07,73,0,73,0,0,0,0
wall.hr,2022-08,57,0,57,0,0,0,0
wall.hr,2022-09,71,0,71,0,0,0,0
wall.hr,2022-10,90,0,90,0,0,0,0
wall.hr,2022-11,105,0,105,0,0,0,0
wall.hr,2022-12,97,0,97,0,0,0,0
wall.hr,2023-01,62,0,62,0,0,0,0
wall.hr,2023-02,70,0,70,0,0,0,0
wall.hr,2023-03,72,0,72,0,0,0,0
wall.hr,2023-04,68,0,68,0,0,0,0
wall.hr,2023-05,68,0,68,0,0,0,0
wall.hr,2023-06,68,0,68,0,0,0,0
wall.hr,2023-07,99,0,99,0,0,0,0
wall.hr,2023-08,41,0,41,0,0,0,0
wall.hr,2023-09,63,0,63,0,0,0,0
wall.hr,2023-10,76,0,76,0,0,0,0
wall.hr,2023-11,60,0,60,0,0,0,0
wall.hr,2023-12,78,0,78,0,0,0,0
wall.hr,2024-01,66,0,66,0,0,0,0
wall.hr,2024-02,56,0,56,0,0,0,0
wall.hr,2024-03,69,0,69,0,0,0,0
wall.hr,2024-04,74,0,74,0,0,0,0
wall.hr,2024-05,12,0,12,0,0,0,0
wall.hr,2024-06,13,0,13,0,0,0,0
wall.hr,2024-07,16,0,16,0,0,0,0
wall.hr,2024-08,7,0,7,0,0,0,0
wall.hr,2024-09,7,0,7,0,0,0,0
wall.hr,2024-10,25,0,25,0,0,0,0
wall.hr,2024-11,47,0,47,0,0,0,0
wall.hr,2024-12,13,0,13,0,0,0,0
wall.hr,2025-01,10,0,10,0,0,0,0
wall.hr,2025-02,20,0,20,0,0,0,0
wall.hr,2025-03,38,0,38,0,0,0,0
wall.hr,2025-04,34,0,34,0,0,0,0
wall.hr,2025-05,8,0,8,0,0,0,0
wall.hr,2025-06,17,0,17,0,0,0,0
wall.hr,2025-07,11,0,11,0,0,0,0
wall.hr,2025-09,5,0,5,0,0,0,0
wall.hr,2025-10,5,0,5,0,0,0,0
wall.hr,2025-11,14,0,14,0,0,0,0
wall.hr,2025-12,13,0,13,0,0,0,0
wall.hr,2026-01,1,0,1,0,0,0,0
wall.hr,2026-02,9,0,9,0,0,0,0
wall.hr,2026-03,8,0,8,0,0,0,0
wall.hr,2026-04,6,0,6,0,0,0,0
wall.hr,2026-05,9,0,9,0,0,0,0
wall.hr,2026-06,3,0,3,0,0,0,0
wall.hr,2026-08,5,0,5,0,0,0,0
wall.hr,2026-09,2,0,2,0,0,0,0
womeninadria.com,2021-01,92,0,92,0,0,0,0
womeninadria.com,2021-02,117,0,117,0,0,0,0
womeninadria.com,2021-03,131,0,131,0,0,0,0
womeninadria.com,2021-04,108,3,108,3,3,3,0
womeninadria.com,2021-05,114,2,114,2,2,2,0
womeninadria.com,2021-06,112,2,112,2,2,2,0
womeninadria.com,2021-07,129,0,129,0,0,0,0
womeninadria.com,2021-08,106,0,106,0,0,0,0
womeninadria.com,2021-09,75,1,75,1,1,1,0
womeninadria.com,2021-10,77,2,77,2,2,2,0
womeninadria.com,2021-11,106,0,106,0,0,0,0
womeninadria.com,2021-12,87,0,87,0,0,0,0
womeninadria.com,2022-01,88,0,88,0,0,0,0
womeninadria.com,2022-02,94,0,94,0,0,0,0
womeninadria.com,2022-03,118,0,118,0,0,0,0
womeninadria.com,2022-04,103,0,103,0,0,0,0
womeninadria.com,2022-05,99,0,99,0,0,0,0
womeninadria.com,2022-06,101,0,101,0,0,0,0
womeninadria.com,2022-07,103,2,103,2,2,2,0
womeninadria.com,2022-08,107,0,107,0,0,0,0
womeninadria.com,2022-09,111,0,111,0,0,0,0
womeninadria.com,2022-10,107,0,107,0,0,0,0
womeninadria.com,2022-11,101,0,101,0,0,0,0
womeninadria.com,2022-12,104,0,104,0,0,0,0
womeninadria.com,2023-01,101,2,101,2,2,2,0
womeninadria.com,2023-02,113,0,113,0,0,0,0
womeninadria.com,2023-03,128,0,128,0,0,0,0
womeninadria.com,2023-04,94,0,94,0,0,0,0
womeninadria.com,2023-05,103,0,103,0,0,0,0
womeninadria.com,2023-06,100,0,100,0,0,0,0
womeninadria.com,2023-07,97,2,97,2,2,2,0
womeninadria.com,2023-08,88,0,88,0,0,0,0
womeninadria.com,2023-09,83,0,83,0,0,0,0
womeninadria.com,2023-10,84,1,84,1,1,1,0
womeninadria.com,2023-11,82,0,82,0,0,0,0
womeninadria.com,2023-12,88,0,88,0,0,0,0
womeninadria.com,2024-01,77,1,77,1,1,1,0
womeninadria.com,2024-02,91,0,91,0,0,0,0
womeninadria.com,2024-03,90,0,90,0,0,0,0
womeninadria.com,2024-04,84,1,84,1,1,1,0
womeninadria.com,2024-05,75,0,75,0,0,0,0
womeninadria.com,2024-06,73,0,73,0,0,0,0
womeninadria.com,2024-07,159,3,159,3,3,3,1
womeninadria.com,2024-08,223,1,223,1,1,1,0
womeninadria.com,2024-09,310,3,310,3,3,3,0
womeninadria.com,2024-10,393,1,393,1,1,1,0
womeninadria.com,2024-11,316,0,316,0,0,0,0
womeninadria.com,2024-12,264,3,264,3,3,3,1
womeninadria.com,2025-01,199,4,199,4,4,4,1
womeninadria.com,2025-02,185,4,185,4,4,4,1
womeninadria.com,2025-03,132,0,132,0,0,0,0
womeninadria.com,2025-04,102,0,102,0,0,0,0
womeninadria.com,2025-05,131,2,131,2,2,2,0
womeninadria.com,2025-06,119,2,119,2,2,2,0
womeninadria.com,2025-07,121,1,121,1,1,1,0
womeninadria.com,2025-08,107,1,107,1,1,1,0
womeninadria.com,2025-09,122,5,122,5,5,5,1
womeninadria.com,2025-10,117,0,117,0,0,0,0
womeninadria.com,2025-11,91,0,91,0,0,0,0
womeninadria.com,2025-12,94,1,94,1,1,1,0
womeninadria.com,2026-01,83,1,83,1,1,1,0
womeninadria.com,2026-02,78,0,78,0,0,0,0
womeninadria.com,2026-03,93,2,93,2,2,2,0
womeninadria.com,2026-04,88,0,88,0,0,0,0
womeninadria.com,2026-05,97,2,97,2,2,2,0
womeninadria.com,2026-06,151,1,151,1,1,1,0
womeninadria.com,2026-07,101,0,101,0,0,0,0
womeninadria.com,2026-08,89,0,89,0,0,0,0
womeninadria.com,2026-09,39,0,39,0,0,0,0
xpress.hr,2024-01,1,0,1,0,0,0,0
xpress.hr,2024-04,2,0,2,0,0,0,0
xpress.hr,2024-05,3,0,3,0,0,0,0
xpress.hr,2024-06,3,0,3,0,0,0,0
xpress.hr,2024-07,21,0,21,0,0,0,0
zadarnews.hr,2021-04,1,0,1,0,0,0,0
zadarnews.hr,2024-02,2,0,2,0,0,0,0
zadarnews.hr,2024-03,15,0,15,0,0,0,0
zadarnews.hr,2024-04,22,0,22,0,0,0,0
zadarnews.hr,2024-05,16,0,16,0,0,0,0
zadarnews.hr,2024-06,11,1,11,1,1,1,0
zadarnews.hr,2024-07,13,0,13,0,0,0,0
zadarnews.hr,2024-08,17,0,17,0,0,0,0
zadarnews.hr,2024-09,11,0,11,0,0,0,0
zadarnews.hr,2024-10,17,0,17,0,0,0,0
zadarnews.hr,2024-11,8,0,8,0,0,0,0
zadarnews.hr,2024-12,39,0,39,0,0,0,0
zadarnews.hr,2025-01,31,0,31,0,0,0,0
zadarnews.hr,2025-02,40,0,40,0,0,0,0
zadarnews.hr,2025-03,22,0,22,0,0,0,0
zadarnews.hr,2025-04,15,0,15,0,0,0,0
zadarnews.hr,2025-05,33,0,33,0,0,0,0
zadarnews.hr,2025-06,26,0,26,0,0,0,0
zadarnews.hr,2025-07,17,0,17,0,0,0,0
zadarnews.hr,2025-08,15,0,15,0,0,0,0
zadarnews.hr,2025-09,7,0,7,0,0,0,0
zadarnews.hr,2025-10,203,1,203,1,1,1,0
zadarnews.hr,2025-11,255,0,255,0,0,0,0
zadarnews.hr,2025-12,244,0,244,0,0,0,0
zadarnews.hr,2026-01,44,0,44,0,0,0,0
zadarnews.hr,2026-02,12,0,12,0,0,0,0
zadarnews.hr,2026-03,14,0,14,0,0,0,0
zadarnews.hr,2026-04,13,0,13,0,0,0,0
zadarnews.hr,2026-05,15,0,15,0,0,0,0
zadarnews.hr,2026-06,20,0,20,0,0,0,0
zadarnews.hr,2026-07,10,0,10,0,0,0,0
zadarnews.hr,2026-08,4,0,4,0,0,0,0
zadarnews.hr,2026-09,2,0,2,0,0,0,0
zadarskiportal.com,2023-05,8,0,8,0,0,0,0
zadarskiportal.com,2023-08,3,0,3,0,0,0,0
zadarskiportal.com,2023-09,233,1,233,1,1,1,0
zadarskiportal.com,2023-10,1564,0,1564,0,0,0,0
zadarskiportal.com,2023-11,1396,0,1396,0,0,0,0
zadarskiportal.com,2023-12,774,2,774,2,2,2,0
zadarskiportal.com,2024-01,584,2,584,2,2,2,2
zadarskiportal.com,2024-02,885,1,885,1,1,1,0
zadarskiportal.com,2024-03,890,1,890,1,1,1,0
zadarskiportal.com,2024-04,570,1,570,1,1,1,1
zadarskiportal.com,2024-05,371,2,371,2,2,2,2
zadarskiportal.com,2024-06,323,6,323,6,6,6,0
zadarskiportal.com,2024-07,301,2,301,2,2,2,0
zadarskiportal.com,2024-08,56,0,56,0,0,0,0
zadarskiportal.com,2026-06,1,0,1,0,0,0,0
zadarskitjednik.hr,2022-08,1,0,1,0,0,0,0
zadarskitjednik.hr,2022-09,2,0,2,0,0,0,0
zadarskitjednik.hr,2023-02,1,0,1,0,0,0,0
zadarskitjednik.hr,2024-02,1,0,1,0,0,0,0
zadarskitjednik.hr,2024-07,31,1,31,1,1,1,0
zadarskitjednik.hr,2024-08,399,0,399,0,0,0,0
zadarskitjednik.hr,2024-09,443,2,443,2,2,2,0
zadarskitjednik.hr,2024-10,454,1,454,1,1,1,0
zadarskitjednik.hr,2024-11,408,0,408,0,0,0,0
zadarskitjednik.hr,2024-12,389,1,389,1,1,1,0
zadarskitjednik.hr,2025-01,413,5,413,5,5,5,0
zadarskitjednik.hr,2025-02,379,0,379,0,0,0,0
zadarskitjednik.hr,2025-03,379,4,379,4,4,4,0
zadarskitjednik.hr,2025-04,370,0,370,0,0,0,0
zadarskitjednik.hr,2025-05,349,2,349,2,2,2,0
zadarskitjednik.hr,2025-06,344,5,344,5,5,5,1
zadarskitjednik.hr,2025-07,369,1,369,1,1,1,0
zadarskitjednik.hr,2025-08,311,0,311,0,0,0,0
zadarskitjednik.hr,2025-09,290,2,290,2,2,2,0
zadarskitjednik.hr,2025-10,309,3,309,3,3,3,0
zadarskitjednik.hr,2025-11,241,0,241,0,0,0,0
zadarskitjednik.hr,2025-12,234,0,234,0,0,0,0
zadarskitjednik.hr,2026-01,60,2,60,2,2,2,0
zadarskitjednik.hr,2026-02,111,0,111,0,0,0,0
zadarskitjednik.hr,2026-03,102,0,102,0,0,0,0
zadarskitjednik.hr,2026-04,17,0,17,0,0,0,0
zagorje.com,2021-01,723,1,723,1,1,1,0
zagorje.com,2021-02,809,1,809,1,1,1,0
zagorje.com,2021-03,912,0,912,0,0,0,0
zagorje.com,2021-04,840,1,840,1,1,1,0
zagorje.com,2021-05,738,0,738,0,0,0,0
zagorje.com,2021-06,689,0,689,0,0,0,0
zagorje.com,2021-07,781,2,781,2,2,2,0
zagorje.com,2021-08,723,1,723,1,1,1,0
zagorje.com,2021-09,688,4,688,4,4,4,0
zagorje.com,2021-10,771,2,771,2,2,2,0
zagorje.com,2021-11,628,0,628,0,0,0,0
zagorje.com,2021-12,657,0,657,0,0,0,0
zagorje.com,2022-01,672,1,672,1,1,1,0
zagorje.com,2022-02,705,4,705,4,4,4,0
zagorje.com,2022-03,801,2,801,2,2,2,0
zagorje.com,2022-04,836,0,836,0,0,0,0
zagorje.com,2022-05,853,1,853,1,1,1,0
zagorje.com,2022-06,744,2,744,2,2,2,0
zagorje.com,2022-07,718,2,718,2,2,2,0
zagorje.com,2022-08,727,5,727,5,5,5,0
zagorje.com,2022-09,823,2,823,2,2,2,1
zagorje.com,2022-10,914,3,914,3,3,3,0
zagorje.com,2022-11,821,3,821,3,3,3,0
zagorje.com,2022-12,796,9,796,9,9,9,3
zagorje.com,2023-01,721,9,721,9,9,9,2
zagorje.com,2023-02,751,2,751,2,2,2,0
zagorje.com,2023-03,904,1,904,1,1,1,0
zagorje.com,2023-04,948,0,948,0,0,0,0
zagorje.com,2023-05,926,0,926,0,0,0,0
zagorje.com,2023-06,866,2,866,2,2,2,0
zagorje.com,2023-07,810,1,810,1,1,1,0
zagorje.com,2023-08,851,1,851,1,1,1,0
zagorje.com,2023-09,885,2,885,2,2,2,0
zagorje.com,2023-10,957,1,957,1,1,1,1
zagorje.com,2023-11,995,6,995,6,6,6,0
zagorje.com,2023-12,1038,5,1038,5,5,5,1
zagorje.com,2024-01,919,2,919,2,2,2,1
zagorje.com,2024-02,887,0,887,0,0,0,0
zagorje.com,2024-03,1082,1,1082,1,1,1,0
zagorje.com,2024-04,1070,1,1070,1,1,1,0
zagorje.com,2024-05,1027,1,1027,1,1,1,0
zagorje.com,2024-06,908,4,908,4,4,4,0
zagorje.com,2024-07,861,2,861,2,2,2,0
zagorje.com,2024-08,925,1,925,1,1,1,0
zagorje.com,2024-09,1007,0,1007,0,0,0,0
zagorje.com,2024-10,1107,1,1107,1,1,1,0
zagorje.com,2024-11,1050,3,1050,3,3,3,0
zagorje.com,2024-12,1037,2,1037,2,2,2,1
zagorje.com,2025-01,1011,3,1011,3,3,3,1
zagorje.com,2025-02,959,6,959,6,6,6,2
zagorje.com,2025-03,1209,1,1209,1,1,1,0
zagorje.com,2025-04,1116,1,1116,1,1,1,0
zagorje.com,2025-05,1184,3,1184,3,3,3,0
zagorje.com,2025-06,1153,1,1153,1,1,1,0
zagorje.com,2025-07,1221,5,1221,5,5,5,1
zagorje.com,2025-08,1174,3,1174,3,3,3,1
zagorje.com,2025-09,1380,0,1380,0,0,0,0
zagorje.com,2025-10,1442,4,1442,4,4,4,0
zagorje.com,2025-11,1268,1,1268,1,1,1,0
zagorje.com,2025-12,1215,4,1215,4,4,4,0
zagorje.com,2026-01,1139,7,1139,7,7,7,1
zagorje.com,2026-02,1136,0,1136,0,0,0,0
zagorje.com,2026-03,1268,2,1268,2,2,2,0
zagorje.com,2026-04,1164,2,1164,2,2,2,0
zagorje.com,2026-05,1235,3,1235,3,3,3,0
zagorje.com,2026-06,1151,3,1151,3,3,3,1
zagorje.com,2026-07,1156,6,1156,6,6,6,1
zagorje.com,2026-08,1208,5,1208,5,5,5,0
zagorje.com,2026-09,379,0,379,0,0,0,0
zagreb.info,2021-01,1231,3,1231,3,3,3,1
zagreb.info,2021-02,1350,3,1350,3,3,3,0
zagreb.info,2021-03,1314,1,1314,1,1,1,0
zagreb.info,2021-04,1114,0,1114,0,0,0,0
zagreb.info,2021-05,1095,1,1095,1,1,1,0
zagreb.info,2021-06,1069,1,1069,1,1,1,0
zagreb.info,2021-07,1053,3,1053,3,3,3,0
zagreb.info,2021-08,966,2,966,2,2,2,1
zagreb.info,2021-09,1252,2,1252,2,2,2,0
zagreb.info,2021-10,1375,0,1375,0,0,0,0
zagreb.info,2021-11,1412,3,1412,3,3,3,0
zagreb.info,2021-12,1294,1,1294,1,1,1,0
zagreb.info,2022-01,1047,7,1047,7,7,7,5
zagreb.info,2022-02,1130,13,1130,13,13,13,6
zagreb.info,2022-03,1240,1,1240,1,1,1,0
zagreb.info,2022-04,1206,2,1206,2,2,2,0
zagreb.info,2022-05,1691,1,1691,1,1,1,0
zagreb.info,2022-06,1538,7,1538,7,7,7,1
zagreb.info,2022-07,1437,10,1437,10,9,9,3
zagreb.info,2022-08,1433,0,1433,0,0,0,0
zagreb.info,2022-09,1489,0,1489,0,0,0,0
zagreb.info,2022-10,1409,6,1409,6,6,6,3
zagreb.info,2022-11,1346,4,1346,4,4,4,1
zagreb.info,2022-12,1383,9,1383,9,9,9,1
zagreb.info,2023-01,1229,14,1229,14,14,14,0
zagreb.info,2023-02,1165,4,1165,4,4,4,1
zagreb.info,2023-03,1311,6,1311,6,6,6,1
zagreb.info,2023-04,1305,1,1305,1,1,1,0
zagreb.info,2023-05,1368,2,1368,2,2,2,0
zagreb.info,2023-06,1183,3,1183,3,3,3,0
zagreb.info,2023-07,1179,1,1179,1,1,1,0
zagreb.info,2023-08,1226,1,1226,1,1,1,0
zagreb.info,2023-09,1262,5,1262,5,5,5,0
zagreb.info,2023-10,1338,3,1338,3,3,3,0
zagreb.info,2023-11,1331,7,1331,7,7,7,1
zagreb.info,2023-12,1336,6,1336,6,6,6,1
zagreb.info,2024-01,1411,6,1411,6,6,6,1
zagreb.info,2024-02,1333,5,1333,5,5,5,0
zagreb.info,2024-03,1345,1,1345,1,1,1,0
zagreb.info,2024-04,1295,2,1295,2,2,2,0
zagreb.info,2024-05,1305,6,1305,6,6,6,0
zagreb.info,2024-06,1290,13,1290,13,13,13,1
zagreb.info,2024-07,1323,6,1323,6,6,6,0
zagreb.info,2024-08,1316,0,1316,0,0,0,0
zagreb.info,2024-09,1275,2,1275,2,2,2,0
zagreb.info,2024-10,1368,1,1368,1,1,1,0
zagreb.info,2024-11,1413,5,1413,5,5,5,1
zagreb.info,2024-12,1495,4,1495,4,4,4,0
zagreb.info,2025-01,1438,11,1438,11,11,11,0
zagreb.info,2025-02,1262,32,1262,32,32,32,3
zagreb.info,2025-03,1659,8,1659,8,8,8,0
zagreb.info,2025-04,1478,5,1478,5,5,5,0
zagreb.info,2025-05,1591,5,1591,5,5,5,0
zagreb.info,2025-06,1449,5,1449,5,5,5,0
zagreb.info,2025-07,1613,7,1613,7,7,7,0
zagreb.info,2025-08,1462,3,1462,3,3,3,0
zagreb.info,2025-09,1436,12,1436,12,12,12,1
zagreb.info,2025-10,1479,10,1479,10,10,10,0
zagreb.info,2025-11,1403,6,1403,6,6,6,1
zagreb.info,2025-12,1418,8,1418,8,8,8,1
zagreb.info,2026-01,1410,11,1410,11,11,11,1
zagreb.info,2026-02,1266,1,1266,1,1,1,0
zagreb.info,2026-03,1451,5,1451,5,5,5,0
zagreb.info,2026-04,1397,2,1397,2,2,2,1
zagreb.info,2026-05,1333,4,1333,4,4,4,1
zagreb.info,2026-06,1405,4,1405,4,4,4,1
zagreb.info,2026-07,1400,2,1400,2,2,2,1
zagreb.info,2026-08,1300,5,1300,5,5,5,1
zagreb.info,2026-09,494,0,494,0,0,0,0
zagrebancija.com,2021-01,53,0,53,0,0,0,0
zagrebancija.com,2021-02,72,0,72,0,0,0,0
zagrebancija.com,2021-03,60,0,60,0,0,0,0
zagrebancija.com,2021-04,54,0,54,0,0,0,0
zagrebancija.com,2021-05,28,0,28,0,0,0,0
zagrebancija.com,2021-06,17,0,17,0,0,0,0
zagrebancija.com,2021-07,25,0,25,0,0,0,0
zagrebancija.com,2021-08,11,0,11,0,0,0,0
zagrebancija.com,2021-09,18,0,18,0,0,0,0
zagrebancija.com,2021-10,116,1,116,1,1,1,0
zagrebancija.com,2021-11,144,0,144,0,0,0,0
zagrebancija.com,2021-12,76,0,76,0,0,0,0
zagrebancija.com,2022-01,61,0,61,0,0,0,0
zagrebancija.com,2022-02,82,0,82,0,0,0,0
zagrebancija.com,2022-03,71,0,71,0,0,0,0
zagrebancija.com,2022-04,45,0,45,0,0,0,0
zagrebancija.com,2022-05,86,0,86,0,0,0,0
zagrebancija.com,2022-06,94,1,94,1,1,1,0
zagrebancija.com,2022-07,46,0,46,0,0,0,0
zagrebancija.com,2022-08,33,0,33,0,0,0,0
zagrebancija.com,2022-09,22,0,22,0,0,0,0
zagrebancija.com,2022-10,75,0,75,0,0,0,0
zagrebancija.com,2022-11,51,0,51,0,0,0,0
zagrebancija.com,2022-12,83,0,83,0,0,0,0
zagrebancija.com,2023-01,52,0,52,0,0,0,0
zagrebancija.com,2023-02,52,0,52,0,0,0,0
zagrebancija.com,2023-03,53,1,53,1,1,1,0
zagrebancija.com,2023-04,35,0,35,0,0,0,0
zagrebancija.com,2023-05,39,0,39,0,0,0,0
zagrebancija.com,2023-06,35,0,35,0,0,0,0
zagrebancija.com,2023-07,30,0,30,0,0,0,0
zagrebancija.com,2023-08,16,0,16,0,0,0,0
zagrebancija.com,2023-09,33,0,33,0,0,0,0
zagrebancija.com,2023-10,69,0,69,0,0,0,0
zagrebancija.com,2023-11,63,0,63,0,0,0,0
zagrebancija.com,2023-12,38,0,38,0,0,0,0
zagrebancija.com,2024-01,37,0,37,0,0,0,0
zagrebancija.com,2024-02,30,0,30,0,0,0,0
zagrebancija.com,2024-03,43,0,43,0,0,0,0
zagrebancija.com,2024-04,41,0,41,0,0,0,0
zagrebancija.com,2024-05,35,0,35,0,0,0,0
zagrebancija.com,2024-06,20,0,20,0,0,0,0
zagrebancija.com,2024-07,45,0,45,0,0,0,0
zagrebancija.com,2024-08,19,1,19,1,1,1,1
zagrebancija.com,2024-09,12,0,12,0,0,0,0
zagrebancija.com,2024-10,15,0,15,0,0,0,0
zagrebancija.com,2024-11,15,0,15,0,0,0,0
zagrebancija.com,2024-12,16,0,16,0,0,0,0
zagrebancija.com,2025-01,18,0,18,0,0,0,0
zagrebancija.com,2025-02,9,0,9,0,0,0,0
zagrebancija.com,2025-03,12,0,12,0,0,0,0
zagrebancija.com,2025-04,9,0,9,0,0,0,0
zagrebancija.com,2025-05,11,0,11,0,0,0,0
zagrebancija.com,2025-06,9,0,9,0,0,0,0
zagrebancija.com,2025-07,9,0,9,0,0,0,0
zagrebancija.com,2025-08,7,0,7,0,0,0,0
zagrebancija.com,2025-09,16,0,16,0,0,0,0
zagrebancija.com,2025-10,12,0,12,0,0,0,0
zagrebancija.com,2025-11,10,0,10,0,0,0,0
zagrebancija.com,2025-12,12,0,12,0,0,0,0
zagrebancija.com,2026-01,9,0,9,0,0,0,0
zagrebancija.com,2026-02,21,0,21,0,0,0,0
zagrebancija.com,2026-03,89,0,89,0,0,0,0
zagrebancija.com,2026-04,93,0,93,0,0,0,0
zagrebancija.com,2026-05,26,0,26,0,0,0,0
zagrebancija.com,2026-06,19,0,19,0,0,0,0
zagrebancija.com,2026-07,53,0,53,0,0,0,0
zagrebancija.com,2026-08,13,0,13,0,0,0,0
zagrebancija.com,2026-09,9,0,9,0,0,0,0
zagrebi.hr,2023-08,1,0,1,0,0,0,0
zagrebi.hr,2024-02,1,0,1,0,0,0,0
zagrebi.hr,2024-03,5,0,5,0,0,0,0
zagrebi.hr,2024-04,3,0,3,0,0,0,0
zagrebi.hr,2024-05,4,0,4,0,0,0,0
zagrebi.hr,2024-06,6,0,6,0,0,0,0
zagrebi.hr,2024-07,5,0,5,0,0,0,0
zagrebi.hr,2024-08,6,0,6,0,0,0,0
zagrebi.hr,2024-09,10,0,10,0,0,0,0
zagrebi.hr,2024-10,10,0,10,0,0,0,0
zagrebi.hr,2024-11,8,0,8,0,0,0,0
zagrebi.hr,2024-12,6,0,6,0,0,0,0
zagrebi.hr,2025-01,6,0,6,0,0,0,0
zagrebi.hr,2025-02,2,0,2,0,0,0,0
zagrebi.hr,2025-03,2,0,2,0,0,0,0
zagrebi.hr,2025-04,3,0,3,0,0,0,0
zagrebi.hr,2025-05,4,0,4,0,0,0,0
zagrebi.hr,2025-06,5,0,5,0,0,0,0
zagrebi.hr,2025-07,4,0,4,0,0,0,0
zagrebi.hr,2025-08,6,0,6,0,0,0,0
zagrebi.hr,2025-09,4,0,4,0,0,0,0
zagrebi.hr,2025-10,5,0,5,0,0,0,0
zagrebi.hr,2025-11,11,0,11,0,0,0,0
zagrebi.hr,2025-12,3,0,3,0,0,0,0
zagrebi.hr,2026-01,5,0,5,0,0,0,0
zagrebi.hr,2026-02,2,0,2,0,0,0,0
zagrebi.hr,2026-03,5,0,5,0,0,0,0
zagrebi.hr,2026-04,2,0,2,0,0,0,0
zagrebi.hr,2026-05,3,0,3,0,0,0,0
zagrebi.hr,2026-07,4,0,4,0,0,0,0
zagrebi.hr,2026-08,2,0,2,0,0,0,0
zamaaero.com,2021-01,9,0,9,0,0,0,0
zamaaero.com,2021-02,10,0,10,0,0,0,0
zamaaero.com,2021-03,10,0,10,0,0,0,0
zamaaero.com,2021-04,13,0,13,0,0,0,0
zamaaero.com,2021-05,9,0,9,0,0,0,0
zamaaero.com,2021-06,11,0,11,0,0,0,0
zamaaero.com,2021-07,11,0,11,0,0,0,0
zamaaero.com,2021-08,17,0,17,0,0,0,0
zamaaero.com,2021-09,12,0,12,0,0,0,0
zamaaero.com,2021-10,102,0,102,0,0,0,0
zamaaero.com,2021-11,245,0,245,0,0,0,0
zamaaero.com,2021-12,264,0,264,0,0,0,0
zamaaero.com,2022-01,224,0,224,0,0,0,0
zamaaero.com,2022-02,248,0,248,0,0,0,0
zamaaero.com,2022-03,261,0,261,0,0,0,0
zamaaero.com,2022-04,256,0,256,0,0,0,0
zamaaero.com,2022-05,280,0,280,0,0,0,0
zamaaero.com,2022-06,256,0,256,0,0,0,0
zamaaero.com,2022-07,240,0,240,0,0,0,0
zamaaero.com,2022-08,253,0,253,0,0,0,0
zamaaero.com,2022-09,232,0,232,0,0,0,0
zamaaero.com,2022-10,237,0,237,0,0,0,0
zamaaero.com,2022-11,259,0,259,0,0,0,0
zamaaero.com,2022-12,270,0,270,0,0,0,0
zamaaero.com,2023-01,273,0,273,0,0,0,0
zamaaero.com,2023-02,250,0,250,0,0,0,0
zamaaero.com,2023-03,250,0,250,0,0,0,0
zamaaero.com,2023-04,254,0,254,0,0,0,0
zamaaero.com,2023-05,259,0,259,0,0,0,0
zamaaero.com,2023-06,252,0,252,0,0,0,0
zamaaero.com,2023-07,278,0,278,0,0,0,0
zamaaero.com,2023-08,283,0,283,0,0,0,0
zamaaero.com,2023-09,263,0,263,0,0,0,0
zamaaero.com,2023-10,283,0,283,0,0,0,0
zamaaero.com,2023-11,289,0,289,0,0,0,0
zamaaero.com,2023-12,265,0,265,0,0,0,0
zamaaero.com,2024-01,242,0,242,0,0,0,0
zamaaero.com,2024-02,261,0,261,0,0,0,0
zamaaero.com,2024-03,271,0,271,0,0,0,0
zamaaero.com,2024-04,275,0,275,0,0,0,0
zamaaero.com,2024-05,277,0,277,0,0,0,0
zamaaero.com,2024-06,243,0,243,0,0,0,0
zamaaero.com,2024-07,268,0,268,0,0,0,0
zamaaero.com,2024-08,54,0,54,0,0,0,0
zaposlena.hr,2021-01,11,0,11,0,0,0,0
zaposlena.hr,2021-02,18,0,18,0,0,0,0
zaposlena.hr,2021-03,19,0,19,0,0,0,0
zaposlena.hr,2021-04,17,0,17,0,0,0,0
zaposlena.hr,2021-05,15,0,15,0,0,0,0
zaposlena.hr,2021-06,15,0,15,0,0,0,0
zaposlena.hr,2021-07,14,0,14,0,0,0,0
zaposlena.hr,2021-08,8,0,8,0,0,0,0
zaposlena.hr,2021-09,18,0,18,0,0,0,0
zaposlena.hr,2021-10,16,0,16,0,0,0,0
zaposlena.hr,2021-11,16,0,16,0,0,0,0
zaposlena.hr,2021-12,16,0,16,0,0,0,0
zaposlena.hr,2022-01,13,0,13,0,0,0,0
zaposlena.hr,2022-02,8,0,8,0,0,0,0
zaposlena.hr,2022-03,11,0,11,0,0,0,0
zaposlena.hr,2022-04,9,0,9,0,0,0,0
zaposlena.hr,2022-05,9,0,9,0,0,0,0
zaposlena.hr,2022-06,11,0,11,0,0,0,0
zaposlena.hr,2022-07,12,0,12,0,0,0,0
zaposlena.hr,2022-08,10,0,10,0,0,0,0
zaposlena.hr,2022-09,7,0,7,0,0,0,0
zaposlena.hr,2022-10,13,0,13,0,0,0,0
zaposlena.hr,2022-11,9,0,9,0,0,0,0
zaposlena.hr,2022-12,18,0,18,0,0,0,0
zaposlena.hr,2023-01,9,0,9,0,0,0,0
zaposlena.hr,2023-02,12,0,12,0,0,0,0
zaposlena.hr,2023-03,14,0,14,0,0,0,0
zaposlena.hr,2023-04,14,0,14,0,0,0,0
zaposlena.hr,2023-05,11,0,11,0,0,0,0
zaposlena.hr,2023-06,15,0,15,0,0,0,0
zaposlena.hr,2023-07,10,0,10,0,0,0,0
zaposlena.hr,2023-08,5,0,5,0,0,0,0
zaposlena.hr,2023-09,13,0,13,0,0,0,0
zaposlena.hr,2023-10,9,0,9,0,0,0,0
zaposlena.hr,2023-11,7,0,7,0,0,0,0
zaposlena.hr,2023-12,13,0,13,0,0,0,0
zaposlena.hr,2024-01,18,0,18,0,0,0,0
zaposlena.hr,2024-02,10,0,10,0,0,0,0
zaposlena.hr,2024-03,13,1,13,1,1,1,0
zaposlena.hr,2024-04,6,0,6,0,0,0,0
zaposlena.hr,2024-05,10,0,10,0,0,0,0
zaposlena.hr,2024-06,15,0,15,0,0,0,0
zaposlena.hr,2024-07,16,0,16,0,0,0,0
zaposlena.hr,2024-08,9,0,9,0,0,0,0
zaposlena.hr,2024-09,14,0,14,0,0,0,0
zaposlena.hr,2024-10,16,0,16,0,0,0,0
zaposlena.hr,2024-11,13,0,13,0,0,0,0
zaposlena.hr,2024-12,13,0,13,0,0,0,0
zaposlena.hr,2025-01,20,0,20,0,0,0,0
zaposlena.hr,2025-02,11,0,11,0,0,0,0
zaposlena.hr,2025-03,10,1,10,1,1,1,0
zaposlena.hr,2025-04,7,0,7,0,0,0,0
zaposlena.hr,2025-05,6,0,6,0,0,0,0
zaposlena.hr,2025-06,17,0,17,0,0,0,0
zaposlena.hr,2025-07,21,0,21,0,0,0,0
zaposlena.hr,2025-08,9,0,9,0,0,0,0
zaposlena.hr,2025-09,15,0,15,0,0,0,0
zaposlena.hr,2025-10,16,0,16,0,0,0,0
zaposlena.hr,2025-11,20,0,20,0,0,0,0
zaposlena.hr,2025-12,22,0,22,0,0,0,0
zaposlena.hr,2026-01,14,0,14,0,0,0,0
zaposlena.hr,2026-02,12,0,12,0,0,0,0
zaposlena.hr,2026-03,19,0,19,0,0,0,0
zaposlena.hr,2026-04,10,0,10,0,0,0,0
zaposlena.hr,2026-05,13,0,13,0,0,0,0
zaposlena.hr,2026-06,6,0,6,0,0,0,0
zaposlena.hr,2026-07,20,0,20,0,0,0,0
zaposlena.hr,2026-08,13,0,13,0,0,0,0
zaposlena.hr,2026-09,5,0,5,0,0,0,0
zastita.info,2021-01,91,0,91,0,0,0,0
zastita.info,2021-02,108,1,108,1,1,1,0
zastita.info,2021-03,122,0,122,0,0,0,0
zastita.info,2021-04,109,0,109,0,0,0,0
zastita.info,2021-05,100,0,100,0,0,0,0
zastita.info,2021-06,114,0,114,0,0,0,0
zastita.info,2021-07,95,0,95,0,0,0,0
zastita.info,2021-08,96,0,96,0,0,0,0
zastita.info,2021-09,131,0,131,0,0,0,0
zastita.info,2021-10,81,1,81,1,1,1,0
zastita.info,2021-11,108,0,108,0,0,0,0
zastita.info,2021-12,80,0,80,0,0,0,0
zastita.info,2022-01,82,0,82,0,0,0,0
zastita.info,2022-02,117,0,117,0,0,0,0
zastita.info,2022-03,108,2,108,2,2,2,0
zastita.info,2022-04,84,0,84,0,0,0,0
zastita.info,2022-05,90,1,90,1,1,1,0
zastita.info,2022-06,104,0,104,0,0,0,0
zastita.info,2022-07,90,3,90,3,3,3,1
zastita.info,2022-08,101,0,101,0,0,0,0
zastita.info,2022-09,112,0,112,0,0,0,0
zastita.info,2022-10,100,0,100,0,0,0,0
zastita.info,2022-11,105,0,105,0,0,0,0
zastita.info,2022-12,88,0,88,0,0,0,0
zastita.info,2023-01,94,1,94,1,1,1,0
zastita.info,2023-02,107,0,107,0,0,0,0
zastita.info,2023-03,104,1,104,1,1,1,0
zastita.info,2023-04,121,1,121,1,1,1,1
zastita.info,2023-05,102,0,102,0,0,0,0
zastita.info,2023-06,82,0,82,0,0,0,0
zastita.info,2023-07,97,0,97,0,0,0,0
zastita.info,2023-08,97,0,97,0,0,0,0
zastita.info,2023-09,113,1,113,1,1,1,0
zastita.info,2023-10,107,0,107,0,0,0,0
zastita.info,2023-11,82,0,82,0,0,0,0
zastita.info,2023-12,76,0,76,0,0,0,0
zastita.info,2024-01,100,0,100,0,0,0,0
zastita.info,2024-02,81,0,81,0,0,0,0
zastita.info,2024-03,100,0,100,0,0,0,0
zastita.info,2024-04,67,0,67,0,0,0,0
zastita.info,2024-05,107,0,107,0,0,0,0
zastita.info,2024-06,94,2,94,2,2,2,0
zastita.info,2024-07,80,0,80,0,0,0,0
zastita.info,2024-08,68,1,68,1,1,1,0
zastita.info,2024-09,92,2,92,2,2,2,0
zastita.info,2024-10,88,1,88,1,1,1,0
zastita.info,2024-11,101,2,101,2,2,2,0
zastita.info,2024-12,82,0,82,0,0,0,0
zastita.info,2025-01,96,2,96,2,2,2,0
zastita.info,2025-02,104,1,104,1,1,1,0
zastita.info,2025-03,93,2,93,2,2,2,0
zastita.info,2025-04,95,1,95,1,1,1,0
zastita.info,2025-05,85,0,85,0,0,0,0
zastita.info,2025-06,85,1,85,1,1,1,0
zastita.info,2025-07,85,0,85,0,0,0,0
zastita.info,2025-08,99,1,99,1,1,1,0
zastita.info,2025-09,117,0,117,0,0,0,0
zastita.info,2025-10,117,1,117,1,1,1,0
zastita.info,2025-11,101,1,101,1,1,1,0
zastita.info,2025-12,73,0,73,0,0,0,0
zastita.info,2026-01,82,1,82,1,1,1,1
zastita.info,2026-02,116,1,116,1,1,1,0
zastita.info,2026-03,113,1,113,1,1,1,0
zastita.info,2026-04,90,0,90,0,0,0,0
zastita.info,2026-05,106,0,106,0,0,0,0
zastita.info,2026-06,101,0,101,0,0,0,0
zastita.info,2026-07,86,1,86,1,1,1,0
zastita.info,2026-08,110,2,110,2,2,2,1
zastita.info,2026-09,29,0,29,0,0,0,0
zenskirecenziraj.com,2021-03,1,0,1,0,0,0,0
zenskirecenziraj.com,2021-04,2,0,2,0,0,0,0
zenskirecenziraj.com,2021-05,1,0,1,0,0,0,0
zenskirecenziraj.com,2024-01,4,0,4,0,0,0,0
zenskirecenziraj.com,2024-02,36,0,36,0,0,0,0
zenskirecenziraj.com,2024-03,134,0,134,0,0,0,0
zenskirecenziraj.com,2024-04,135,0,135,0,0,0,0
zenskirecenziraj.com,2024-05,144,0,144,0,0,0,0
zenskirecenziraj.com,2024-06,132,1,132,1,1,1,0
zenskirecenziraj.com,2024-07,118,0,118,0,0,0,0
zenskirecenziraj.com,2024-08,144,0,144,0,0,0,0
zenskirecenziraj.com,2024-09,149,0,149,0,0,0,0
zenskirecenziraj.com,2024-10,139,0,139,0,0,0,0
zenskirecenziraj.com,2024-11,73,0,73,0,0,0,0
zenskirecenziraj.com,2024-12,98,0,98,0,0,0,0
zenskirecenziraj.com,2025-01,85,0,85,0,0,0,0
zenskirecenziraj.com,2025-02,140,0,140,0,0,0,0
zenskirecenziraj.com,2025-03,119,0,119,0,0,0,0
zenskirecenziraj.com,2025-04,14,0,14,0,0,0,0
zenskirecenziraj.com,2025-05,92,0,92,0,0,0,0
zenskirecenziraj.com,2025-06,103,0,103,0,0,0,0
zenskirecenziraj.com,2025-07,117,0,117,0,0,0,0
zenskirecenziraj.com,2025-08,60,0,60,0,0,0,0
zenskirecenziraj.com,2025-09,82,0,82,0,0,0,0
zenskirecenziraj.com,2025-10,77,0,77,0,0,0,0
zenskirecenziraj.com,2025-11,60,0,60,0,0,0,0
zenskirecenziraj.com,2025-12,72,0,72,0,0,0,0
zenskirecenziraj.com,2026-01,76,0,76,0,0,0,0
zenskirecenziraj.com,2026-02,45,0,45,0,0,0,0
zenskirecenziraj.com,2026-03,26,0,26,0,0,0,0
zenskirecenziraj.com,2026-04,22,0,22,0,0,0,0
zenskirecenziraj.com,2026-05,77,0,77,0,0,0,0
zenskirecenziraj.com,2026-06,6,0,6,0,0,0,0
zenskirecenziraj.com,2026-07,28,0,28,0,0,0,0
zenskirecenziraj.com,2026-08,66,0,66,0,0,0,0
zenskirecenziraj.com,2026-09,39,0,39,0,0,0,0
zgexpress.net,2021-01,85,0,85,0,0,0,0
zgexpress.net,2021-02,72,0,72,0,0,0,0
zgexpress.net,2021-03,75,0,75,0,0,0,0
zgexpress.net,2021-04,77,0,77,0,0,0,0
zgexpress.net,2021-05,48,0,48,0,0,0,0
zgexpress.net,2021-06,29,0,29,0,0,0,0
zgexpress.net,2021-07,16,0,16,0,0,0,0
zgexpress.net,2021-08,15,0,15,0,0,0,0
zgexpress.net,2021-09,17,1,17,1,0,0,1
zgexpress.net,2021-10,39,0,39,0,0,0,0
zgexpress.net,2021-11,42,0,42,0,0,0,0
zgexpress.net,2021-12,28,0,28,0,0,0,0
zgexpress.net,2022-01,23,0,23,0,0,0,0
zgexpress.net,2022-02,23,0,23,0,0,0,0
zgexpress.net,2022-03,41,0,41,0,0,0,0
zgexpress.net,2022-04,54,1,54,1,1,1,0
zgexpress.net,2022-05,23,0,23,0,0,0,0
zgexpress.net,2022-06,18,0,18,0,0,0,0
zgexpress.net,2022-07,3,0,3,0,0,0,0
zgexpress.net,2022-08,5,0,5,0,0,0,0
zgexpress.net,2022-09,31,0,31,0,0,0,0
zgexpress.net,2022-10,29,3,29,3,3,3,2
zgexpress.net,2022-11,5,0,5,0,0,0,0
zgexpress.net,2022-12,2,0,2,0,0,0,0
zgexpress.net,2023-01,28,1,28,1,1,1,0
zgexpress.net,2023-02,25,0,25,0,0,0,0
zgexpress.net,2023-03,6,0,6,0,0,0,0
zgexpress.net,2023-04,6,0,6,0,0,0,0
zgexpress.net,2023-05,5,0,5,0,0,0,0
zgexpress.net,2023-06,89,0,89,0,0,0,0
zgexpress.net,2023-07,229,1,229,1,1,1,0
zgexpress.net,2023-08,230,0,230,0,0,0,0
zgexpress.net,2023-09,246,0,246,0,0,0,0
zgexpress.net,2023-10,217,0,217,0,0,0,0
zgexpress.net,2023-11,183,0,183,0,0,0,0
zgexpress.net,2023-12,230,1,230,1,1,1,0
zgexpress.net,2024-01,219,0,219,0,0,0,0
zgexpress.net,2024-02,224,0,224,0,0,0,0
zgexpress.net,2024-03,239,0,239,0,0,0,0
zgexpress.net,2024-04,194,0,194,0,0,0,0
zgexpress.net,2024-05,201,0,201,0,0,0,0
zgexpress.net,2024-06,204,1,204,1,1,1,0
zgexpress.net,2024-07,184,0,184,0,0,0,0
zgexpress.net,2024-08,139,0,139,0,0,0,0
zgexpress.net,2024-09,148,0,148,0,0,0,0
zgexpress.net,2024-10,16,0,16,0,0,0,0
zgexpress.net,2024-11,52,1,52,1,1,1,0
zgexpress.net,2025-04,25,0,25,0,0,0,0
zgexpress.net,2025-05,1,0,1,0,0,0,0
zgexpress.net,2025-06,1,0,1,0,0,0,0
zgexpress.net,2025-07,13,0,13,0,0,0,0
zgexpress.net,2025-08,19,0,19,0,0,0,0
zgexpress.net,2025-09,51,0,51,0,0,0,0
zgexpress.net,2025-10,41,0,41,0,0,0,0
zgexpress.net,2025-11,21,0,21,0,0,0,0
zgexpress.net,2025-12,42,0,42,0,0,0,0
zgexpress.net,2026-01,70,0,70,0,0,0,0
zgexpress.net,2026-02,81,0,81,0,0,0,0
zgexpress.net,2026-03,132,0,132,0,0,0,0
zgexpress.net,2026-04,120,0,120,0,0,0,0
zgexpress.net,2026-05,102,0,102,0,0,0,0
zgexpress.net,2026-06,80,0,80,0,0,0,0
zgexpress.net,2026-07,75,0,75,0,0,0,0
zgexpress.net,2026-08,137,0,137,0,0,0,0
zgexpress.net,2026-09,44,0,44,0,0,0,0
zgkult.eu,2022-08,1,0,1,0,0,0,0
zgprsten.hr,2021-01,146,0,146,0,0,0,0
zgprsten.hr,2021-02,187,0,187,0,0,0,0
zgprsten.hr,2021-03,144,0,144,0,0,0,0
zgprsten.hr,2021-04,117,0,117,0,0,0,0
zgprsten.hr,2021-05,12,0,12,0,0,0,0
ziher.hr,2021-01,61,0,61,0,0,0,0
ziher.hr,2021-02,145,0,145,0,0,0,0
ziher.hr,2021-03,182,0,182,0,0,0,0
ziher.hr,2021-04,127,0,127,0,0,0,0
ziher.hr,2021-05,68,0,68,0,0,0,0
ziher.hr,2021-06,51,0,51,0,0,0,0
ziher.hr,2021-07,82,0,82,0,0,0,0
ziher.hr,2021-08,73,0,73,0,0,0,0
ziher.hr,2021-09,73,0,73,0,0,0,0
ziher.hr,2021-10,78,0,78,0,0,0,0
ziher.hr,2021-11,72,0,72,0,0,0,0
ziher.hr,2021-12,62,0,62,0,0,0,0
ziher.hr,2022-01,38,0,38,0,0,0,0
ziher.hr,2022-02,56,0,56,0,0,0,0
ziher.hr,2022-03,47,0,47,0,0,0,0
ziher.hr,2022-04,34,0,34,0,0,0,0
ziher.hr,2022-05,49,0,49,0,0,0,0
ziher.hr,2022-06,14,0,14,0,0,0,0
ziher.hr,2022-07,14,0,14,0,0,0,0
ziher.hr,2022-08,68,0,68,0,0,0,0
ziher.hr,2022-09,74,0,74,0,0,0,0
ziher.hr,2022-10,22,0,22,0,0,0,0
ziher.hr,2022-11,38,0,38,0,0,0,0
ziher.hr,2022-12,38,0,38,0,0,0,0
ziher.hr,2023-01,17,0,17,0,0,0,0
ziher.hr,2023-02,28,0,28,0,0,0,0
ziher.hr,2023-03,25,0,25,0,0,0,0
ziher.hr,2023-04,18,0,18,0,0,0,0
ziher.hr,2023-05,19,0,19,0,0,0,0
ziher.hr,2023-06,14,0,14,0,0,0,0
ziher.hr,2023-07,15,0,15,0,0,0,0
ziher.hr,2023-08,11,0,11,0,0,0,0
ziher.hr,2023-09,16,0,16,0,0,0,0
ziher.hr,2023-10,19,0,19,0,0,0,0
ziher.hr,2023-11,26,0,26,0,0,0,0
ziher.hr,2023-12,29,0,29,0,0,0,0
ziher.hr,2024-01,40,0,40,0,0,0,0
ziher.hr,2024-02,18,0,18,0,0,0,0
ziher.hr,2024-03,10,0,10,0,0,0,0
ziher.hr,2024-04,13,0,13,0,0,0,0
ziher.hr,2024-05,9,0,9,0,0,0,0
ziher.hr,2024-06,12,0,12,0,0,0,0
ziher.hr,2024-07,8,0,8,0,0,0,0
ziher.hr,2024-08,6,0,6,0,0,0,0
ziher.hr,2024-09,9,0,9,0,0,0,0
ziher.hr,2024-10,27,0,27,0,0,0,0
ziher.hr,2024-11,32,0,32,0,0,0,0
ziher.hr,2024-12,44,0,44,0,0,0,0
ziher.hr,2025-01,6,0,6,0,0,0,0
ziher.hr,2025-02,5,0,5,0,0,0,0
ziher.hr,2025-03,78,0,78,0,0,0,0
ziher.hr,2025-04,133,0,133,0,0,0,0
ziher.hr,2025-05,158,0,158,0,0,0,0
ziher.hr,2025-06,95,0,95,0,0,0,0
ziher.hr,2025-07,134,0,134,0,0,0,0
ziher.hr,2025-08,102,0,102,0,0,0,0
ziher.hr,2025-09,157,0,157,0,0,0,0
ziher.hr,2025-10,160,0,160,0,0,0,0
ziher.hr,2025-11,140,0,140,0,0,0,0
ziher.hr,2025-12,111,0,111,0,0,0,0
ziher.hr,2026-01,125,0,125,0,0,0,0
ziher.hr,2026-02,80,0,80,0,0,0,0
ziher.hr,2026-03,120,0,120,0,0,0,0
ziher.hr,2026-04,118,0,118,0,0,0,0
ziher.hr,2026-05,123,0,123,0,0,0,0
ziher.hr,2026-06,86,0,86,0,0,0,0
ziher.hr,2026-07,110,0,110,0,0,0,0
ziher.hr,2026-08,68,0,68,0,0,0,0
ziher.hr,2026-09,35,0,35,0,0,0,0
zip.com.hr,2025-01,2,0,2,0,0,0,0
zip.com.hr,2025-09,1,0,1,0,0,0,0
zmaj.info,2024-08,2,0,2,0,0,0,0
zmaj.info,2024-11,1,0,1,0,0,0,0
zmaj.info,2025-03,1,0,1,0,0,0,0
znet.hr,2021-12,1,0,1,0,0,0,0
znet.hr,2024-01,5,0,5,0,0,0,0
znet.hr,2024-02,80,0,80,0,0,0,0
znet.hr,2024-03,474,2,474,2,2,2,0
znet.hr,2024-04,493,3,493,3,3,3,1
znet.hr,2024-05,469,8,469,8,8,8,0
znet.hr,2024-06,453,6,453,6,6,6,0
znet.hr,2024-07,519,8,519,8,8,8,2
znet.hr,2024-08,498,0,498,0,0,0,0
znet.hr,2024-09,592,7,592,7,7,7,1
znet.hr,2024-10,618,5,618,5,5,5,0
znet.hr,2024-11,520,0,520,0,0,0,0
znet.hr,2024-12,507,0,507,0,0,0,0
znet.hr,2025-01,468,7,468,7,7,7,1
znet.hr,2025-02,543,18,543,18,18,18,1
znet.hr,2025-03,479,3,479,3,3,3,0
znet.hr,2025-04,410,0,410,0,0,0,0
znet.hr,2025-05,390,2,390,2,2,2,0
znet.hr,2025-06,327,5,327,5,5,5,0
znet.hr,2025-07,370,4,370,4,4,4,0
znet.hr,2025-08,331,1,331,1,1,1,0
znet.hr,2025-09,365,3,365,3,3,3,0
znet.hr,2025-10,421,0,421,0,0,0,0
znet.hr,2025-11,456,0,456,0,0,0,0
znet.hr,2025-12,512,3,512,3,3,3,0
znet.hr,2026-01,291,13,291,13,13,13,1
znet.hr,2026-02,267,0,267,0,0,0,0
znet.hr,2026-03,349,4,349,4,4,4,1
znet.hr,2026-04,382,0,382,0,0,0,0
znet.hr,2026-05,343,0,343,0,0,0,0
znet.hr,2026-06,316,0,316,0,0,0,0
znet.hr,2026-07,287,0,287,0,0,0,0
znet.hr,2026-08,262,0,262,0,0,0,0
znet.hr,2026-09,81,0,81,0,0,0,0
zupan.hr,2021-01,2,0,2,0,0,0,0
zupan.hr,2021-02,2,0,2,0,0,0,0
zupanet.hr,2021-01,7,0,7,0,0,0,0
zupanet.hr,2021-02,16,0,16,0,0,0,0
zupcica.hr,2021-01,127,0,127,0,0,0,0
zupcica.hr,2021-02,147,0,147,0,0,0,0
zupcica.hr,2021-03,163,0,163,0,0,0,0
zupcica.hr,2021-04,156,0,156,0,0,0,0
zupcica.hr,2021-05,192,0,192,0,0,0,0
zupcica.hr,2021-06,141,0,141,0,0,0,0
zupcica.hr,2021-07,170,1,170,1,1,1,0
zupcica.hr,2021-08,147,0,147,0,0,0,0
zupcica.hr,2021-09,169,0,169,0,0,0,0
zupcica.hr,2021-10,213,0,213,0,0,0,0
zupcica.hr,2021-11,177,0,177,0,0,0,0
zupcica.hr,2021-12,167,0,167,0,0,0,0
zupcica.hr,2022-01,148,0,148,0,0,0,0
zupcica.hr,2022-02,138,0,138,0,0,0,0
zupcica.hr,2022-03,157,0,157,0,0,0,0
zupcica.hr,2022-04,125,0,125,0,0,0,0
zupcica.hr,2022-05,125,0,125,0,0,0,0
zupcica.hr,2022-06,90,0,90,0,0,0,0
zupcica.hr,2022-07,132,0,132,0,0,0,0
zupcica.hr,2022-08,105,0,105,0,0,0,0
zupcica.hr,2022-09,102,0,102,0,0,0,0
zupcica.hr,2022-10,116,0,116,0,0,0,0
zupcica.hr,2022-11,116,0,116,0,0,0,0
zupcica.hr,2022-12,146,0,146,0,0,0,0
zupcica.hr,2023-01,102,0,102,0,0,0,0
zupcica.hr,2023-02,96,0,96,0,0,0,0
zupcica.hr,2023-03,108,0,108,0,0,0,0
zupcica.hr,2023-04,83,0,83,0,0,0,0
zupcica.hr,2023-05,102,0,102,0,0,0,0
zupcica.hr,2023-06,97,0,97,0,0,0,0
zupcica.hr,2023-07,122,0,122,0,0,0,0
zupcica.hr,2023-08,109,0,109,0,0,0,0
zupcica.hr,2023-09,108,0,108,0,0,0,0
zupcica.hr,2023-10,112,0,112,0,0,0,0
zupcica.hr,2023-11,110,0,110,0,0,0,0
zupcica.hr,2023-12,116,0,116,0,0,0,0
zupcica.hr,2024-01,117,0,117,0,0,0,0
zupcica.hr,2024-02,119,0,119,0,0,0,0
zupcica.hr,2024-03,43,0,43,0,0,0,0
zupcica.hr,2024-04,61,0,61,0,0,0,0
zupcica.hr,2024-05,129,0,129,0,0,0,0
zupcica.hr,2024-06,97,0,97,0,0,0,0
zupcica.hr,2024-07,114,0,114,0,0,0,0
zupcica.hr,2024-08,64,0,64,0,0,0,0
zupcica.hr,2024-09,126,0,126,0,0,0,0
zupcica.hr,2024-10,121,0,121,0,0,0,0
zupcica.hr,2024-11,61,0,61,0,0,0,0
zupcica.hr,2024-12,91,0,91,0,0,0,0
zupcica.hr,2025-01,110,0,110,0,0,0,0
zupcica.hr,2025-02,127,0,127,0,0,0,0
zupcica.hr,2025-03,119,0,119,0,0,0,0
zupcica.hr,2025-04,117,0,117,0,0,0,0
zupcica.hr,2025-05,134,0,134,0,0,0,0
zupcica.hr,2025-06,119,0,119,0,0,0,0
zupcica.hr,2025-07,131,0,131,0,0,0,0
zupcica.hr,2025-08,127,0,127,0,0,0,0
zupcica.hr,2025-09,133,0,133,0,0,0,0
zupcica.hr,2025-10,128,0,128,0,0,0,0
zupcica.hr,2025-11,124,0,124,0,0,0,0
zupcica.hr,2025-12,162,0,162,0,0,0,0
zupcica.hr,2026-01,128,0,128,0,0,0,0
zupcica.hr,2026-02,133,0,133,0,0,0,0
zupcica.hr,2026-03,138,0,138,0,0,0,0
zupcica.hr,2026-04,136,0,136,0,0,0,0
zupcica.hr,2026-05,135,0,135,0,0,0,0
zupcica.hr,2026-06,124,0,124,0,0,0,0
zupcica.hr,2026-07,131,0,131,0,0,0,0
zupcica.hr,2026-08,123,0,123,0,0,0,0
zupcica.hr,2026-09,40,0,40,0,0,0,0
zupskiportal.hr,2021-01,1,0,1,0,0,0,0
zupskiportal.hr,2021-02,9,0,9,0,0,0,0
zupskiportal.hr,2021-03,9,0,9,0,0,0,0
zupskiportal.hr,2021-04,20,0,20,0,0,0,0
zupskiportal.hr,2021-05,4,0,4,0,0,0,0
zupskiportal.hr,2021-06,8,0,8,0,0,0,0
zupskiportal.hr,2021-07,15,0,15,0,0,0,0
zupskiportal.hr,2021-08,1,0,1,0,0,0,0
zupskiportal.hr,2021-09,18,0,18,0,0,0,0
zupskiportal.hr,2021-10,71,0,71,0,0,0,0
zupskiportal.hr,2021-11,92,0,92,0,0,0,0
zupskiportal.hr,2021-12,33,0,33,0,0,0,0
zupskiportal.hr,2022-01,30,0,30,0,0,0,0
zupskiportal.hr,2022-02,60,0,60,0,0,0,0
zupskiportal.hr,2022-03,74,0,74,0,0,0,0
zupskiportal.hr,2022-04,56,0,56,0,0,0,0
zupskiportal.hr,2022-05,43,0,43,0,0,0,0
zupskiportal.hr,2022-06,19,0,19,0,0,0,0
zupskiportal.hr,2022-07,26,0,26,0,0,0,0
zupskiportal.hr,2022-08,27,0,27,0,0,0,0
zupskiportal.hr,2022-09,28,0,28,0,0,0,0
zupskiportal.hr,2022-10,35,0,35,0,0,0,0
zupskiportal.hr,2022-11,30,0,30,0,0,0,0
zupskiportal.hr,2022-12,44,0,44,0,0,0,0
zupskiportal.hr,2023-01,18,0,18,0,0,0,0
zupskiportal.hr,2023-02,29,0,29,0,0,0,0
zupskiportal.hr,2023-03,40,0,40,0,0,0,0
zupskiportal.hr,2023-04,35,0,35,0,0,0,0
zupskiportal.hr,2023-05,30,0,30,0,0,0,0
zupskiportal.hr,2023-06,254,4,254,4,4,4,0
zupskiportal.hr,2023-07,409,6,409,6,6,6,0
zupskiportal.hr,2023-08,43,0,43,0,0,0,0
zupskiportal.hr,2023-09,33,0,33,0,0,0,0
zupskiportal.hr,2023-10,32,0,32,0,0,0,0
zupskiportal.hr,2023-11,23,0,23,0,0,0,0
zupskiportal.hr,2023-12,16,0,16,0,0,0,0
zupskiportal.hr,2024-01,30,0,30,0,0,0,0
zupskiportal.hr,2024-02,27,0,27,0,0,0,0
zupskiportal.hr,2024-03,21,0,21,0,0,0,0
zupskiportal.hr,2024-04,26,0,26,0,0,0,0
zupskiportal.hr,2024-05,28,0,28,0,0,0,0
zupskiportal.hr,2024-06,10,0,10,0,0,0,0
zupskiportal.hr,2024-07,24,0,24,0,0,0,0
zupskiportal.hr,2024-08,1,0,1,0,0,0,0
zupskiportal.hr,2024-11,18,0,18,0,0,0,0
zupskiportal.hr,2024-12,26,0,26,0,0,0,0
zupskiportal.hr,2025-01,18,0,18,0,0,0,0
zupskiportal.hr,2025-02,20,0,20,0,0,0,0
zupskiportal.hr,2025-03,15,0,15,0,0,0,0
zupskiportal.hr,2025-04,5,0,5,0,0,0,0
zupskiportal.hr,2025-05,11,0,11,0,0,0,0
zupskiportal.hr,2025-06,13,0,13,0,0,0,0
zupskiportal.hr,2025-07,10,0,10,0,0,0,0
zupskiportal.hr,2025-08,26,0,26,0,0,0,0
zupskiportal.hr,2025-09,21,0,21,0,0,0,0
zupskiportal.hr,2025-10,14,0,14,0,0,0,0
zupskiportal.hr,2025-11,8,0,8,0,0,0,0
zupskiportal.hr,2025-12,12,0,12,0,0,0,0
zupskiportal.hr,2026-01,18,0,18,0,0,0,0
zupskiportal.hr,2026-02,15,0,15,0,0,0,0
zupskiportal.hr,2026-03,6,0,6,0,0,0,0
zupskiportal.hr,2026-04,16,0,16,0,0,0,0
zupskiportal.hr,2026-05,57,0,57,0,0,0,0
zupskiportal.hr,2026-06,45,0,45,0,0,0,0
zupskiportal.hr,2026-07,34,0,34,0,0,0,0
zupskiportal.hr,2026-08,34,0,34,0,0,0,0
zupskiportal.hr,2026-09,19,0,19,0,0,0,0
