period_id,period_start,period_end,source_id,hnb_count,hnb_i,background_i,rate_per_10000,eligible,eligibility,rank,collection_regime,study_id,corpus_id,data_version,method_version,indicator_version,validation_status
pooled,2021-01,2026-08,01portal.hr,193,193,57305,33.679434604310266,1,eligible,48,mixed_boundary_2024_01,hnb-media,HNB_MEDIA,2026-09-21.1,1.0,HNB_MEDIA_INDICATORS_1.0,descriptive_archive_counts_not_independently_validated
pooled,2021-01,2026-08,023.hr,62,62,18954,32.71077345151419,1,eligible,51,mixed_boundary_2024_01,hnb-media,HNB_MEDIA,2026-09-21.1,1.0,HNB_MEDIA_INDICATORS_1.0,descriptive_archive_counts_not_independently_validated
pooled,2021-01,2026-08,034portal.hr,123,123,20524,59.9298382381602,1,eligible,23,mixed_boundary_2024_01,hnb-media,HNB_MEDIA,2026-09-21.1,1.0,HNB_MEDIA_INDICATORS_1.0,descriptive_archive_counts_not_independently_validated
pooled,2021-01,2026-08,035portal.hr,58,58,17641,32.87795476446914,1,eligible,50,mixed_boundary_2024_01,hnb-media,HNB_MEDIA,2026-09-21.1,1.0,HNB_MEDIA_INDICATORS_1.0,descriptive_archive_counts_not_independently_validated
pooled,2021-01,2026-08,044portal.hr,40,40,13581,29.452912156689493,0,below_ranking_threshold,,mixed_boundary_2024_01,hnb-media,HNB_MEDIA,2026-09-21.1,1.0,HNB_MEDIA_INDICATORS_1.0,descriptive_archive_counts_not_independently_validated
pooled,2021-01,2026-08,057info.hr,21,21,53733,3.908212830104405,0,below_ranking_threshold,,mixed_boundary_2024_01,hnb-media,HNB_MEDIA,2026-09-21.1,1.0,HNB_MEDIA_INDICATORS_1.0,descriptive_archive_counts_not_independently_validated
pooled,2021-01,2026-08,24sata.hr,962,962,480562,20.018228657280435,1,eligible,69,mixed_boundary_2024_01,hnb-media,HNB_MEDIA,2026-09-21.1,1.0,HNB_MEDIA_INDICATORS_1.0,descriptive_archive_counts_not_independently_validated
pooled,2021-01,2026-08,5g.hr,0,0,1,0.0,0,below_ranking_threshold,,mixed_boundary_2024_01,hnb-media,HNB_MEDIA,2026-09-21.1,1.0,HNB_MEDIA_INDICATORS_1.0,descriptive_archive_counts_not_independently_validated
pooled,2021-01,2026-08,5portal.hr,20,20,21821,9.165482791806058,0,below_ranking_threshold,,mixed_boundary_2024_01,hnb-media,HNB_MEDIA,2026-09-21.1,1.0,HNB_MEDIA_INDICATORS_1.0,descriptive_archive_counts_not_independently_validated
pooled,2021-01,2026-08,7dnevno.hr,445,445,59628,74.62936875293487,1,eligible,16,mixed_boundary_2024_01,hnb-media,HNB_MEDIA,2026-09-21.1,1.0,HNB_MEDIA_INDICATORS_1.0,descriptive_archive_counts_not_independently_validated
pooled,2021-01,2026-08,adria.fun,0,0,168,0.0,0,below_ranking_threshold,,mixed_boundary_2024_01,hnb-media,HNB_MEDIA,2026-09-21.1,1.0,HNB_MEDIA_INDICATORS_1.0,descriptive_archive_counts_not_independently_validated
pooled,2021-01,2026-08,advance.hr,1,1,14067,0.7108836283500392,0,below_ranking_threshold,,mixed_boundary_2024_01,hnb-media,HNB_MEDIA,2026-09-21.1,1.0,HNB_MEDIA_INDICATORS_1.0,descriptive_archive_counts_not_independently_validated
pooled,2021-01,2026-08,after5.hr,24,24,2822,85.04606661941885,0,below_ranking_threshold,,mixed_boundary_2024_01,hnb-media,HNB_MEDIA,2026-09-21.1,1.0,HNB_MEDIA_INDICATORS_1.0,descriptive_archive_counts_not_independently_validated
pooled,2021-01,2026-08,agroklub.com,4,4,32118,1.245407559623887,0,below_ranking_threshold,,mixed_boundary_2024_01,hnb-media,HNB_MEDIA,2026-09-21.1,1.0,HNB_MEDIA_INDICATORS_1.0,descriptive_archive_counts_not_independently_validated
pooled,2021-01,2026-08,agroportal.hr,0,0,2666,0.0,0,below_ranking_threshold,,mixed_boundary_2024_01,hnb-media,HNB_MEDIA,2026-09-21.1,1.0,HNB_MEDIA_INDICATORS_1.0,descriptive_archive_counts_not_independently_validated
pooled,2021-01,2026-08,aktivirajkarlovac.net,2,2,74,270.27027027027026,0,below_ranking_threshold,,mixed_boundary_2024_01,hnb-media,HNB_MEDIA,2026-09-21.1,1.0,HNB_MEDIA_INDICATORS_1.0,descriptive_archive_counts_not_independently_validated
pooled,2021-01,2026-08,antenazadar.hr,248,248,57039,43.47902312452883,1,eligible,37,mixed_boundary_2024_01,hnb-media,HNB_MEDIA,2026-09-21.1,1.0,HNB_MEDIA_INDICATORS_1.0,descriptive_archive_counts_not_independently_validated
pooled,2021-01,2026-08,apoliticni.hr,2,2,5855,3.4158838599487615,0,below_ranking_threshold,,mixed_boundary_2024_01,hnb-media,HNB_MEDIA,2026-09-21.1,1.0,HNB_MEDIA_INDICATORS_1.0,descriptive_archive_counts_not_independently_validated
pooled,2021-01,2026-08,arhivanalitika.hr,98,98,769,1274.3823146944083,0,below_ranking_threshold,,mixed_boundary_2024_01,hnb-media,HNB_MEDIA,2026-09-21.1,1.0,HNB_MEDIA_INDICATORS_1.0,descriptive_archive_counts_not_independently_validated
pooled,2021-01,2026-08,artkvart.hr,0,0,8,0.0,0,below_ranking_threshold,,mixed_boundary_2024_01,hnb-media,HNB_MEDIA,2026-09-21.1,1.0,HNB_MEDIA_INDICATORS_1.0,descriptive_archive_counts_not_independently_validated
pooled,2021-01,2026-08,autograf.hr,4,4,2780,14.388489208633093,0,below_ranking_threshold,,mixed_boundary_2024_01,hnb-media,HNB_MEDIA,2026-09-21.1,1.0,HNB_MEDIA_INDICATORS_1.0,descriptive_archive_counts_not_independently_validated
pooled,2021-01,2026-08,autoportal.hr,0,0,8013,0.0,0,below_ranking_threshold,,mixed_boundary_2024_01,hnb-media,HNB_MEDIA,2026-09-21.1,1.0,HNB_MEDIA_INDICATORS_1.0,descriptive_archive_counts_not_independently_validated
pooled,2021-01,2026-08,b-media.hr,18,18,556,323.7410071942446,0,below_ranking_threshold,,mixed_boundary_2024_01,hnb-media,HNB_MEDIA,2026-09-21.1,1.0,HNB_MEDIA_INDICATORS_1.0,descriptive_archive_counts_not_independently_validated
pooled,2021-01,2026-08,baranjainfo.hr,41,41,9274,44.209618287686006,0,below_ranking_threshold,,mixed_boundary_2024_01,hnb-media,HNB_MEDIA,2026-09-21.1,1.0,HNB_MEDIA_INDICATORS_1.0,descriptive_archive_counts_not_independently_validated
pooled,2021-01,2026-08,basketball.hr,0,0,1943,0.0,0,below_ranking_threshold,,mixed_boundary_2024_01,hnb-media,HNB_MEDIA,2026-09-21.1,1.0,HNB_MEDIA_INDICATORS_1.0,descriptive_archive_counts_not_independently_validated
pooled,2021-01,2026-08,baustela.hr,34,34,13355,25.458629726694124,0,below_ranking_threshold,,mixed_boundary_2024_01,hnb-media,HNB_MEDIA,2026-09-21.1,1.0,HNB_MEDIA_INDICATORS_1.0,descriptive_archive_counts_not_independently_validated
pooled,2021-01,2026-08,bbzinfo.hr,7,7,4335,16.147635524798154,0,below_ranking_threshold,,mixed_boundary_2024_01,hnb-media,HNB_MEDIA,2026-09-21.1,1.0,HNB_MEDIA_INDICATORS_1.0,descriptive_archive_counts_not_independently_validated
pooled,2021-01,2026-08,bebe.hr,0,0,1,0.0,0,below_ranking_threshold,,mixed_boundary_2024_01,hnb-media,HNB_MEDIA,2026-09-21.1,1.0,HNB_MEDIA_INDICATORS_1.0,descriptive_archive_counts_not_independently_validated
pooled,2021-01,2026-08,bilten.org,7,7,1266,55.292259083728275,0,below_ranking_threshold,,mixed_boundary_2024_01,hnb-media,HNB_MEDIA,2026-09-21.1,1.0,HNB_MEDIA_INDICATORS_1.0,descriptive_archive_counts_not_independently_validated
pooled,2021-01,2026-08,bitno.net,0,0,7284,0.0,0,below_ranking_threshold,,mixed_boundary_2024_01,hnb-media,HNB_MEDIA,2026-09-21.1,1.0,HNB_MEDIA_INDICATORS_1.0,descriptive_archive_counts_not_independently_validated
pooled,2021-01,2026-08,bjelovar.info,11,11,6996,15.723270440251572,0,below_ranking_threshold,,mixed_boundary_2024_01,hnb-media,HNB_MEDIA,2026-09-21.1,1.0,HNB_MEDIA_INDICATORS_1.0,descriptive_archive_counts_not_independently_validated
pooled,2021-01,2026-08,bjelovar.live,28,28,16335,17.14110805019896,0,below_ranking_threshold,,mixed_boundary_2024_01,hnb-media,HNB_MEDIA,2026-09-21.1,1.0,HNB_MEDIA_INDICATORS_1.0,descriptive_archive_counts_not_independently_validated
pooled,2021-01,2026-08,bjelovarac.hr,4,4,3613,11.071132023249378,0,below_ranking_threshold,,mixed_boundary_2024_01,hnb-media,HNB_MEDIA,2026-09-21.1,1.0,HNB_MEDIA_INDICATORS_1.0,descriptive_archive_counts_not_independently_validated
pooled,2021-01,2026-08,blagamisterije.com,0,0,8,0.0,0,below_ranking_threshold,,mixed_boundary_2024_01,hnb-media,HNB_MEDIA,2026-09-21.1,1.0,HNB_MEDIA_INDICATORS_1.0,descriptive_archive_counts_not_independently_validated
pooled,2021-01,2026-08,bodulija.net,0,0,12,0.0,0,below_ranking_threshold,,mixed_boundary_2024_01,hnb-media,HNB_MEDIA,2026-09-21.1,1.0,HNB_MEDIA_INDICATORS_1.0,descriptive_archive_counts_not_independently_validated
pooled,2021-01,2026-08,boljani.info,0,0,4,0.0,0,below_ranking_threshold,,mixed_boundary_2024_01,hnb-media,HNB_MEDIA,2026-09-21.1,1.0,HNB_MEDIA_INDICATORS_1.0,descriptive_archive_counts_not_independently_validated
pooled,2021-01,2026-08,book.hr,0,0,355,0.0,0,below_ranking_threshold,,mixed_boundary_2024_01,hnb-media,HNB_MEDIA,2026-09-21.1,1.0,HNB_MEDIA_INDICATORS_1.0,descriptive_archive_counts_not_independently_validated
pooled,2021-01,2026-08,booksa.hr,1,1,4185,2.3894862604540026,0,below_ranking_threshold,,mixed_boundary_2024_01,hnb-media,HNB_MEDIA,2026-09-21.1,1.0,HNB_MEDIA_INDICATORS_1.0,descriptive_archive_counts_not_independently_validated
pooled,2021-01,2026-08,braniteljski-portal.com,15,15,3293,45.551169146674766,0,below_ranking_threshold,,mixed_boundary_2024_01,hnb-media,HNB_MEDIA,2026-09-21.1,1.0,HNB_MEDIA_INDICATORS_1.0,descriptive_archive_counts_not_independently_validated
pooled,2021-01,2026-08,brodportal.hr,16,16,15064,10.621348911311737,0,below_ranking_threshold,,mixed_boundary_2024_01,hnb-media,HNB_MEDIA,2026-09-21.1,1.0,HNB_MEDIA_INDICATORS_1.0,descriptive_archive_counts_not_independently_validated
pooled,2021-01,2026-08,budica.info,5,5,1107,45.16711833785005,0,below_ranking_threshold,,mixed_boundary_2024_01,hnb-media,HNB_MEDIA,2026-09-21.1,1.0,HNB_MEDIA_INDICATORS_1.0,descriptive_archive_counts_not_independently_validated
pooled,2021-01,2026-08,budidobro.com,0,0,1876,0.0,0,below_ranking_threshold,,mixed_boundary_2024_01,hnb-media,HNB_MEDIA,2026-09-21.1,1.0,HNB_MEDIA_INDICATORS_1.0,descriptive_archive_counts_not_independently_validated
pooled,2021-01,2026-08,burin.hr,4,4,5911,6.7670444933175435,0,below_ranking_threshold,,mixed_boundary_2024_01,hnb-media,HNB_MEDIA,2026-09-21.1,1.0,HNB_MEDIA_INDICATORS_1.0,descriptive_archive_counts_not_independently_validated
pooled,2021-01,2026-08,buro247.hr,0,0,10534,0.0,0,below_ranking_threshold,,mixed_boundary_2024_01,hnb-media,HNB_MEDIA,2026-09-21.1,1.0,HNB_MEDIA_INDICATORS_1.0,descriptive_archive_counts_not_independently_validated
pooled,2021-01,2026-08,burzanautike.com,0,0,2666,0.0,0,below_ranking_threshold,,mixed_boundary_2024_01,hnb-media,HNB_MEDIA,2026-09-21.1,1.0,HNB_MEDIA_INDICATORS_1.0,descriptive_archive_counts_not_independently_validated
pooled,2021-01,2026-08,chill.hr,0,0,2,0.0,0,below_ranking_threshold,,mixed_boundary_2024_01,hnb-media,HNB_MEDIA,2026-09-21.1,1.0,HNB_MEDIA_INDICATORS_1.0,descriptive_archive_counts_not_independently_validated
pooled,2021-01,2026-08,cityportal.hr,13,13,17450,7.4498567335243555,0,below_ranking_threshold,,mixed_boundary_2024_01,hnb-media,HNB_MEDIA,2026-09-21.1,1.0,HNB_MEDIA_INDICATORS_1.0,descriptive_archive_counts_not_independently_validated
pooled,2021-01,2026-08,compas.com.hr,0,0,2310,0.0,0,below_ranking_threshold,,mixed_boundary_2024_01,hnb-media,HNB_MEDIA,2026-09-21.1,1.0,HNB_MEDIA_INDICATORS_1.0,descriptive_archive_counts_not_independently_validated
pooled,2021-01,2026-08,cool.hr,0,0,936,0.0,0,below_ranking_threshold,,mixed_boundary_2024_01,hnb-media,HNB_MEDIA,2026-09-21.1,1.0,HNB_MEDIA_INDICATORS_1.0,descriptive_archive_counts_not_independently_validated
pooled,2021-01,2026-08,cosmopolitan.hr,0,0,2127,0.0,0,below_ranking_threshold,,mixed_boundary_2024_01,hnb-media,HNB_MEDIA,2026-09-21.1,1.0,HNB_MEDIA_INDICATORS_1.0,descriptive_archive_counts_not_independently_validated
pooled,2021-01,2026-08,coverstyle.hr,7,7,10065,6.954793840039741,0,below_ranking_threshold,,mixed_boundary_2024_01,hnb-media,HNB_MEDIA,2026-09-21.1,1.0,HNB_MEDIA_INDICATORS_1.0,descriptive_archive_counts_not_independently_validated
pooled,2021-01,2026-08,crikva.hr,0,0,4867,0.0,0,below_ranking_threshold,,mixed_boundary_2024_01,hnb-media,HNB_MEDIA,2026-09-21.1,1.0,HNB_MEDIA_INDICATORS_1.0,descriptive_archive_counts_not_independently_validated
pooled,2021-01,2026-08,crnemambe.hr,0,0,218,0.0,0,below_ranking_threshold,,mixed_boundary_2024_01,hnb-media,HNB_MEDIA,2026-09-21.1,1.0,HNB_MEDIA_INDICATORS_1.0,descriptive_archive_counts_not_independently_validated
pooled,2021-01,2026-08,cro-kultura.com,0,0,1,0.0,0,below_ranking_threshold,,mixed_boundary_2024_01,hnb-media,HNB_MEDIA,2026-09-21.1,1.0,HNB_MEDIA_INDICATORS_1.0,descriptive_archive_counts_not_independently_validated
pooled,2021-01,2026-08,croatianaviation.com,0,0,14,0.0,0,below_ranking_threshold,,mixed_boundary_2024_01,hnb-media,HNB_MEDIA,2026-09-21.1,1.0,HNB_MEDIA_INDICATORS_1.0,descriptive_archive_counts_not_independently_validated
pooled,2021-01,2026-08,crol.hr,0,0,487,0.0,0,below_ranking_threshold,,mixed_boundary_2024_01,hnb-media,HNB_MEDIA,2026-09-21.1,1.0,HNB_MEDIA_INDICATORS_1.0,descriptive_archive_counts_not_independently_validated
pooled,2021-01,2026-08,cronika.hr,21,21,12387,16.953257447323807,0,below_ranking_threshold,,mixed_boundary_2024_01,hnb-media,HNB_MEDIA,2026-09-21.1,1.0,HNB_MEDIA_INDICATORS_1.0,descriptive_archive_counts_not_independently_validated
pooled,2021-01,2026-08,cybermed.hr,0,0,4313,0.0,0,below_ranking_threshold,,mixed_boundary_2024_01,hnb-media,HNB_MEDIA,2026-09-21.1,1.0,HNB_MEDIA_INDICATORS_1.0,descriptive_archive_counts_not_independently_validated
pooled,2021-01,2026-08,dalmacijadanas.hr,377,377,162246,23.236320155812777,1,eligible,67,mixed_boundary_2024_01,hnb-media,HNB_MEDIA,2026-09-21.1,1.0,HNB_MEDIA_INDICATORS_1.0,descriptive_archive_counts_not_independently_validated
pooled,2021-01,2026-08,dalmacijanews.hr,176,176,58424,30.124606326167328,1,eligible,56,mixed_boundary_2024_01,hnb-media,HNB_MEDIA,2026-09-21.1,1.0,HNB_MEDIA_INDICATORS_1.0,descriptive_archive_counts_not_independently_validated
pooled,2021-01,2026-08,dalmatinskiportal.hr,476,476,175509,27.121116296030404,1,eligible,58,mixed_boundary_2024_01,hnb-media,HNB_MEDIA,2026-09-21.1,1.0,HNB_MEDIA_INDICATORS_1.0,descriptive_archive_counts_not_independently_validated
pooled,2021-01,2026-08,danas.hr,4,4,519,77.07129094412332,0,below_ranking_threshold,,mixed_boundary_2024_01,hnb-media,HNB_MEDIA,2026-09-21.1,1.0,HNB_MEDIA_INDICATORS_1.0,descriptive_archive_counts_not_independently_validated
pooled,2021-01,2026-08,danica.hr,70,70,13998,50.00714387769681,1,eligible,28,mixed_boundary_2024_01,hnb-media,HNB_MEDIA,2026-09-21.1,1.0,HNB_MEDIA_INDICATORS_1.0,descriptive_archive_counts_not_independently_validated
pooled,2021-01,2026-08,dijalog.hr,0,0,10,0.0,0,below_ranking_threshold,,mixed_boundary_2024_01,hnb-media,HNB_MEDIA,2026-09-21.1,1.0,HNB_MEDIA_INDICATORS_1.0,descriptive_archive_counts_not_independently_validated
pooled,2021-01,2026-08,direktno.hr,1107,1107,187942,58.90115035489672,1,eligible,24,mixed_boundary_2024_01,hnb-media,HNB_MEDIA,2026-09-21.1,1.0,HNB_MEDIA_INDICATORS_1.0,descriptive_archive_counts_not_independently_validated
pooled,2021-01,2026-08,dizajn.hr,1,1,177,56.49717514124294,0,below_ranking_threshold,,mixed_boundary_2024_01,hnb-media,HNB_MEDIA,2026-09-21.1,1.0,HNB_MEDIA_INDICATORS_1.0,descriptive_archive_counts_not_independently_validated
pooled,2021-01,2026-08,dnevnik.hr,910,910,339869,26.775022140883692,1,eligible,59,mixed_boundary_2024_01,hnb-media,HNB_MEDIA,2026-09-21.1,1.0,HNB_MEDIA_INDICATORS_1.0,descriptive_archive_counts_not_independently_validated
pooled,2021-01,2026-08,dnevno.hr,947,947,178756,52.97724272192262,1,eligible,26,mixed_boundary_2024_01,hnb-media,HNB_MEDIA,2026-09-21.1,1.0,HNB_MEDIA_INDICATORS_1.0,descriptive_archive_counts_not_independently_validated
pooled,2021-01,2026-08,dobarzivot.net,0,0,181,0.0,0,below_ranking_threshold,,mixed_boundary_2024_01,hnb-media,HNB_MEDIA,2026-09-21.1,1.0,HNB_MEDIA_INDICATORS_1.0,descriptive_archive_counts_not_independently_validated
pooled,2021-01,2026-08,dokumentarni.net,0,0,1373,0.0,0,below_ranking_threshold,,mixed_boundary_2024_01,hnb-media,HNB_MEDIA,2026-09-21.1,1.0,HNB_MEDIA_INDICATORS_1.0,descriptive_archive_counts_not_independently_validated
pooled,2021-01,2026-08,domoljubni.hr,0,0,136,0.0,0,below_ranking_threshold,,mixed_boundary_2024_01,hnb-media,HNB_MEDIA,2026-09-21.1,1.0,HNB_MEDIA_INDICATORS_1.0,descriptive_archive_counts_not_independently_validated
pooled,2021-01,2026-08,domovinskirat.hr,0,0,199,0.0,0,below_ranking_threshold,,mixed_boundary_2024_01,hnb-media,HNB_MEDIA,2026-09-21.1,1.0,HNB_MEDIA_INDICATORS_1.0,descriptive_archive_counts_not_independently_validated
pooled,2021-01,2026-08,dubrovackidnevnik.hr,1,1,104,96.15384615384616,0,below_ranking_threshold,,mixed_boundary_2024_01,hnb-media,HNB_MEDIA,2026-09-21.1,1.0,HNB_MEDIA_INDICATORS_1.0,descriptive_archive_counts_not_independently_validated
pooled,2021-01,2026-08,dubrovnikinsider.hr,72,72,21408,33.63228699551569,1,eligible,49,mixed_boundary_2024_01,hnb-media,HNB_MEDIA,2026-09-21.1,1.0,HNB_MEDIA_INDICATORS_1.0,descriptive_archive_counts_not_independently_validated
pooled,2021-01,2026-08,dubrovniknet.hr,24,24,17925,13.389121338912133,0,below_ranking_threshold,,mixed_boundary_2024_01,hnb-media,HNB_MEDIA,2026-09-21.1,1.0,HNB_MEDIA_INDICATORS_1.0,descriptive_archive_counts_not_independently_validated
pooled,2021-01,2026-08,dubrovnikportal.com,28,28,13469,20.788477244041875,0,below_ranking_threshold,,mixed_boundary_2024_01,hnb-media,HNB_MEDIA,2026-09-21.1,1.0,HNB_MEDIA_INDICATORS_1.0,descriptive_archive_counts_not_independently_validated
pooled,2021-01,2026-08,dubrovnikpress.hr,14,14,9125,15.342465753424657,0,below_ranking_threshold,,mixed_boundary_2024_01,hnb-media,HNB_MEDIA,2026-09-21.1,1.0,HNB_MEDIA_INDICATORS_1.0,descriptive_archive_counts_not_independently_validated
pooled,2021-01,2026-08,dugopolje.org,2,2,171,116.95906432748538,0,below_ranking_threshold,,mixed_boundary_2024_01,hnb-media,HNB_MEDIA,2026-09-21.1,1.0,HNB_MEDIA_INDICATORS_1.0,descriptive_archive_counts_not_independently_validated
pooled,2021-01,2026-08,dugoselo.info,0,0,3,0.0,0,below_ranking_threshold,,mixed_boundary_2024_01,hnb-media,HNB_MEDIA,2026-09-21.1,1.0,HNB_MEDIA_INDICATORS_1.0,descriptive_archive_counts_not_independently_validated
pooled,2021-01,2026-08,dulist.hr,134,134,46462,28.840773104902933,1,eligible,57,mixed_boundary_2024_01,hnb-media,HNB_MEDIA,2026-09-21.1,1.0,HNB_MEDIA_INDICATORS_1.0,descriptive_archive_counts_not_independently_validated
pooled,2021-01,2026-08,ebrod.net,55,55,11953,46.013553082908054,1,eligible,34,mixed_boundary_2024_01,hnb-media,HNB_MEDIA,2026-09-21.1,1.0,HNB_MEDIA_INDICATORS_1.0,descriptive_archive_counts_not_independently_validated
pooled,2021-01,2026-08,egradnja.hr,0,0,6,0.0,0,below_ranking_threshold,,mixed_boundary_2024_01,hnb-media,HNB_MEDIA,2026-09-21.1,1.0,HNB_MEDIA_INDICATORS_1.0,descriptive_archive_counts_not_independently_validated
pooled,2021-01,2026-08,eivanec.com,25,25,14156,17.66035603277762,0,below_ranking_threshold,,mixed_boundary_2024_01,hnb-media,HNB_MEDIA,2026-09-21.1,1.0,HNB_MEDIA_INDICATORS_1.0,descriptive_archive_counts_not_independently_validated
pooled,2021-01,2026-08,ekovjesnik.hr,0,0,4078,0.0,0,below_ranking_threshold,,mixed_boundary_2024_01,hnb-media,HNB_MEDIA,2026-09-21.1,1.0,HNB_MEDIA_INDICATORS_1.0,descriptive_archive_counts_not_independently_validated
pooled,2021-01,2026-08,energetika-net.com,6,6,8117,7.391893556732783,0,below_ranking_threshold,,mixed_boundary_2024_01,hnb-media,HNB_MEDIA,2026-09-21.1,1.0,HNB_MEDIA_INDICATORS_1.0,descriptive_archive_counts_not_independently_validated
pooled,2021-01,2026-08,epodravina.hr,21,21,44002,4.772510340439071,0,below_ranking_threshold,,mixed_boundary_2024_01,hnb-media,HNB_MEDIA,2026-09-21.1,1.0,HNB_MEDIA_INDICATORS_1.0,descriptive_archive_counts_not_independently_validated
pooled,2021-01,2026-08,epoha.com.hr,2,2,587,34.07155025553663,0,below_ranking_threshold,,mixed_boundary_2024_01,hnb-media,HNB_MEDIA,2026-09-21.1,1.0,HNB_MEDIA_INDICATORS_1.0,descriptive_archive_counts_not_independently_validated
pooled,2021-01,2026-08,euractiv.hr,65,65,2845,228.47100175746925,0,below_ranking_threshold,,mixed_boundary_2024_01,hnb-media,HNB_MEDIA,2026-09-21.1,1.0,HNB_MEDIA_INDICATORS_1.0,descriptive_archive_counts_not_independently_validated
pooled,2021-01,2026-08,evarazdin.hr,44,44,36365,12.099546267014986,0,below_ranking_threshold,,mixed_boundary_2024_01,hnb-media,HNB_MEDIA,2026-09-21.1,1.0,HNB_MEDIA_INDICATORS_1.0,descriptive_archive_counts_not_independently_validated
pooled,2021-01,2026-08,evoprice.net,0,0,501,0.0,0,below_ranking_threshold,,mixed_boundary_2024_01,hnb-media,HNB_MEDIA,2026-09-21.1,1.0,HNB_MEDIA_INDICATORS_1.0,descriptive_archive_counts_not_independently_validated
pooled,2021-01,2026-08,faktograf.hr,35,35,3633,96.33911368015414,0,below_ranking_threshold,,mixed_boundary_2024_01,hnb-media,HNB_MEDIA,2026-09-21.1,1.0,HNB_MEDIA_INDICATORS_1.0,descriptive_archive_counts_not_independently_validated
pooled,2021-01,2026-08,ferata.hr,2,2,20599,0.9709209184911889,0,below_ranking_threshold,,mixed_boundary_2024_01,hnb-media,HNB_MEDIA,2026-09-21.1,1.0,HNB_MEDIA_INDICATORS_1.0,descriptive_archive_counts_not_independently_validated
pooled,2021-01,2026-08,fightsite.hr,0,0,25813,0.0,0,below_ranking_threshold,,mixed_boundary_2024_01,hnb-media,HNB_MEDIA,2026-09-21.1,1.0,HNB_MEDIA_INDICATORS_1.0,descriptive_archive_counts_not_independently_validated
pooled,2021-01,2026-08,fiuman.hr,23,23,25067,9.175409901464077,0,below_ranking_threshold,,mixed_boundary_2024_01,hnb-media,HNB_MEDIA,2026-09-21.1,1.0,HNB_MEDIA_INDICATORS_1.0,descriptive_archive_counts_not_independently_validated
pooled,2021-01,2026-08,forum.tm,7,7,822,85.15815085158151,0,below_ranking_threshold,,mixed_boundary_2024_01,hnb-media,HNB_MEDIA,2026-09-21.1,1.0,HNB_MEDIA_INDICATORS_1.0,descriptive_archive_counts_not_independently_validated
pooled,2021-01,2026-08,frendica.online,0,0,17,0.0,0,below_ranking_threshold,,mixed_boundary_2024_01,hnb-media,HNB_MEDIA,2026-09-21.1,1.0,HNB_MEDIA_INDICATORS_1.0,descriptive_archive_counts_not_independently_validated
pooled,2021-01,2026-08,gacka053.com,0,0,64,0.0,0,below_ranking_threshold,,mixed_boundary_2024_01,hnb-media,HNB_MEDIA,2026-09-21.1,1.0,HNB_MEDIA_INDICATORS_1.0,descriptive_archive_counts_not_independently_validated
pooled,2021-01,2026-08,gameperspectives.hr,0,0,2080,0.0,0,below_ranking_threshold,,mixed_boundary_2024_01,hnb-media,HNB_MEDIA,2026-09-21.1,1.0,HNB_MEDIA_INDICATORS_1.0,descriptive_archive_counts_not_independently_validated
pooled,2021-01,2026-08,generacija.hr,0,0,723,0.0,0,below_ranking_threshold,,mixed_boundary_2024_01,hnb-media,HNB_MEDIA,2026-09-21.1,1.0,HNB_MEDIA_INDICATORS_1.0,descriptive_archive_counts_not_independently_validated
pooled,2021-01,2026-08,geopolitika.news,5,5,18567,2.6929498572736574,0,below_ranking_threshold,,mixed_boundary_2024_01,hnb-media,HNB_MEDIA,2026-09-21.1,1.0,HNB_MEDIA_INDICATORS_1.0,descriptive_archive_counts_not_independently_validated
pooled,2021-01,2026-08,germanijak.hr,1,1,43054,0.23226645607841315,0,below_ranking_threshold,,mixed_boundary_2024_01,hnb-media,HNB_MEDIA,2026-09-21.1,1.0,HNB_MEDIA_INDICATORS_1.0,descriptive_archive_counts_not_independently_validated
pooled,2021-01,2026-08,glamur.tv,5,5,5259,9.507510933637574,0,below_ranking_threshold,,mixed_boundary_2024_01,hnb-media,HNB_MEDIA,2026-09-21.1,1.0,HNB_MEDIA_INDICATORS_1.0,descriptive_archive_counts_not_independently_validated
pooled,2021-01,2026-08,glas-slavonije.hr,994,994,157139,63.2560981042262,1,eligible,21,mixed_boundary_2024_01,hnb-media,HNB_MEDIA,2026-09-21.1,1.0,HNB_MEDIA_INDICATORS_1.0,descriptive_archive_counts_not_independently_validated
pooled,2021-01,2026-08,glasgacke.hr,15,15,14051,10.675396768913245,0,below_ranking_threshold,,mixed_boundary_2024_01,hnb-media,HNB_MEDIA,2026-09-21.1,1.0,HNB_MEDIA_INDICATORS_1.0,descriptive_archive_counts_not_independently_validated
pooled,2021-01,2026-08,glasgrada.hr,12,12,9090,13.201320132013201,0,below_ranking_threshold,,mixed_boundary_2024_01,hnb-media,HNB_MEDIA,2026-09-21.1,1.0,HNB_MEDIA_INDICATORS_1.0,descriptive_archive_counts_not_independently_validated
pooled,2021-01,2026-08,glasistre.hr,1419,1419,282547,50.22173302140883,1,eligible,27,mixed_boundary_2024_01,hnb-media,HNB_MEDIA,2026-09-21.1,1.0,HNB_MEDIA_INDICATORS_1.0,descriptive_archive_counts_not_independently_validated
pooled,2021-01,2026-08,glaslike.hr,9,9,4659,19.31745009658725,0,below_ranking_threshold,,mixed_boundary_2024_01,hnb-media,HNB_MEDIA,2026-09-21.1,1.0,HNB_MEDIA_INDICATORS_1.0,descriptive_archive_counts_not_independently_validated
pooled,2021-01,2026-08,glaspodravine.hr,27,27,14636,18.447663295982508,0,below_ranking_threshold,,mixed_boundary_2024_01,hnb-media,HNB_MEDIA,2026-09-21.1,1.0,HNB_MEDIA_INDICATORS_1.0,descriptive_archive_counts_not_independently_validated
pooled,2021-01,2026-08,glazba.hr,0,0,176,0.0,0,below_ranking_threshold,,mixed_boundary_2024_01,hnb-media,HNB_MEDIA,2026-09-21.1,1.0,HNB_MEDIA_INDICATORS_1.0,descriptive_archive_counts_not_independently_validated
pooled,2021-01,2026-08,glina.hr,0,0,1,0.0,0,below_ranking_threshold,,mixed_boundary_2024_01,hnb-media,HNB_MEDIA,2026-09-21.1,1.0,HNB_MEDIA_INDICATORS_1.0,descriptive_archive_counts_not_independently_validated
pooled,2021-01,2026-08,globalnovine.eu,2,2,1285,15.56420233463035,0,below_ranking_threshold,,mixed_boundary_2024_01,hnb-media,HNB_MEDIA,2026-09-21.1,1.0,HNB_MEDIA_INDICATORS_1.0,descriptive_archive_counts_not_independently_validated
pooled,2021-01,2026-08,gloria.hr,12,12,44420,2.7014858171994596,0,below_ranking_threshold,,mixed_boundary_2024_01,hnb-media,HNB_MEDIA,2026-09-21.1,1.0,HNB_MEDIA_INDICATORS_1.0,descriptive_archive_counts_not_independently_validated
pooled,2021-01,2026-08,gloriaglam.hr,0,0,4806,0.0,0,below_ranking_threshold,,mixed_boundary_2024_01,hnb-media,HNB_MEDIA,2026-09-21.1,1.0,HNB_MEDIA_INDICATORS_1.0,descriptive_archive_counts_not_independently_validated
pooled,2021-01,2026-08,gong.hr,0,0,472,0.0,0,below_ranking_threshold,,mixed_boundary_2024_01,hnb-media,HNB_MEDIA,2026-09-21.1,1.0,HNB_MEDIA_INDICATORS_1.0,descriptive_archive_counts_not_independently_validated
pooled,2021-01,2026-08,gorgonija.com,1,1,314,31.84713375796178,0,below_ranking_threshold,,mixed_boundary_2024_01,hnb-media,HNB_MEDIA,2026-09-21.1,1.0,HNB_MEDIA_INDICATORS_1.0,descriptive_archive_counts_not_independently_validated
pooled,2021-01,2026-08,gorica.info,4,4,3127,12.791813239526704,0,below_ranking_threshold,,mixed_boundary_2024_01,hnb-media,HNB_MEDIA,2026-09-21.1,1.0,HNB_MEDIA_INDICATORS_1.0,descriptive_archive_counts_not_independently_validated
pooled,2021-01,2026-08,gorskenovosti.net,3,3,2075,14.457831325301205,0,below_ranking_threshold,,mixed_boundary_2024_01,hnb-media,HNB_MEDIA,2026-09-21.1,1.0,HNB_MEDIA_INDICATORS_1.0,descriptive_archive_counts_not_independently_validated
pooled,2021-01,2026-08,grad-bjelovar.com,0,0,1,0.0,0,below_ranking_threshold,,mixed_boundary_2024_01,hnb-media,HNB_MEDIA,2026-09-21.1,1.0,HNB_MEDIA_INDICATORS_1.0,descriptive_archive_counts_not_independently_validated
pooled,2021-01,2026-08,grademoj.hr,0,0,1,0.0,0,below_ranking_threshold,,mixed_boundary_2024_01,hnb-media,HNB_MEDIA,2026-09-21.1,1.0,HNB_MEDIA_INDICATORS_1.0,descriptive_archive_counts_not_independently_validated
pooled,2021-01,2026-08,gradonacelnik.hr,1,1,9120,1.0964912280701755,0,below_ranking_threshold,,mixed_boundary_2024_01,hnb-media,HNB_MEDIA,2026-09-21.1,1.0,HNB_MEDIA_INDICATORS_1.0,descriptive_archive_counts_not_independently_validated
pooled,2021-01,2026-08,grazia.hr,4,4,15202,2.6312327325351927,0,below_ranking_threshold,,mixed_boundary_2024_01,hnb-media,HNB_MEDIA,2026-09-21.1,1.0,HNB_MEDIA_INDICATORS_1.0,descriptive_archive_counts_not_independently_validated
pooled,2021-01,2026-08,green.hr,1,1,6717,1.4887598630340926,0,below_ranking_threshold,,mixed_boundary_2024_01,hnb-media,HNB_MEDIA,2026-09-21.1,1.0,HNB_MEDIA_INDICATORS_1.0,descriptive_archive_counts_not_independently_validated
pooled,2021-01,2026-08,gric-gric.com,1,1,1217,8.216926869350862,0,below_ranking_threshold,,mixed_boundary_2024_01,hnb-media,HNB_MEDIA,2026-09-21.1,1.0,HNB_MEDIA_INDICATORS_1.0,descriptive_archive_counts_not_independently_validated
pooled,2021-01,2026-08,gspress.net,11,11,7495,14.67645096731154,0,below_ranking_threshold,,mixed_boundary_2024_01,hnb-media,HNB_MEDIA,2026-09-21.1,1.0,HNB_MEDIA_INDICATORS_1.0,descriptive_archive_counts_not_independently_validated
pooled,2021-01,2026-08,h-alter.org,5,5,2575,19.41747572815534,0,below_ranking_threshold,,mixed_boundary_2024_01,hnb-media,HNB_MEDIA,2026-09-21.1,1.0,HNB_MEDIA_INDICATORS_1.0,descriptive_archive_counts_not_independently_validated
pooled,2021-01,2026-08,haus.hr,0,0,130,0.0,0,below_ranking_threshold,,mixed_boundary_2024_01,hnb-media,HNB_MEDIA,2026-09-21.1,1.0,HNB_MEDIA_INDICATORS_1.0,descriptive_archive_counts_not_independently_validated
pooled,2021-01,2026-08,heritagecroatia.com,0,0,10,0.0,0,below_ranking_threshold,,mixed_boundary_2024_01,hnb-media,HNB_MEDIA,2026-09-21.1,1.0,HNB_MEDIA_INDICATORS_1.0,descriptive_archive_counts_not_independently_validated
pooled,2021-01,2026-08,hia.com.hr,206,206,27562,74.74058486321748,1,eligible,15,mixed_boundary_2024_01,hnb-media,HNB_MEDIA,2026-09-21.1,1.0,HNB_MEDIA_INDICATORS_1.0,descriptive_archive_counts_not_independently_validated
pooled,2021-01,2026-08,hina.hr,507,507,126660,40.028422548555184,1,eligible,41,mixed_boundary_2024_01,hnb-media,HNB_MEDIA,2026-09-21.1,1.0,HNB_MEDIA_INDICATORS_1.0,descriptive_archive_counts_not_independently_validated
pooled,2021-01,2026-08,hkm.hr,75,75,81977,9.148907620430121,1,eligible,78,mixed_boundary_2024_01,hnb-media,HNB_MEDIA,2026-09-21.1,1.0,HNB_MEDIA_INDICATORS_1.0,descriptive_archive_counts_not_independently_validated
pooled,2021-01,2026-08,hkv.hr,55,55,5527,99.5114890537362,1,eligible,9,mixed_boundary_2024_01,hnb-media,HNB_MEDIA,2026-09-21.1,1.0,HNB_MEDIA_INDICATORS_1.0,descriptive_archive_counts_not_independently_validated
pooled,2021-01,2026-08,hou.hr,2,2,103,194.1747572815534,0,below_ranking_threshold,,mixed_boundary_2024_01,hnb-media,HNB_MEDIA,2026-09-21.1,1.0,HNB_MEDIA_INDICATORS_1.0,descriptive_archive_counts_not_independently_validated
pooled,2021-01,2026-08,hrt.hr,1208,1208,288673,41.84665694401624,1,eligible,40,mixed_boundary_2024_01,hnb-media,HNB_MEDIA,2026-09-21.1,1.0,HNB_MEDIA_INDICATORS_1.0,descriptive_archive_counts_not_independently_validated
pooled,2021-01,2026-08,hrturizam.hr,55,55,9524,57.74884502309954,1,eligible,25,mixed_boundary_2024_01,hnb-media,HNB_MEDIA,2026-09-21.1,1.0,HNB_MEDIA_INDICATORS_1.0,descriptive_archive_counts_not_independently_validated
pooled,2021-01,2026-08,hrvatska-danas.com,488,488,68905,70.82214643349539,1,eligible,17,mixed_boundary_2024_01,hnb-media,HNB_MEDIA,2026-09-21.1,1.0,HNB_MEDIA_INDICATORS_1.0,descriptive_archive_counts_not_independently_validated
pooled,2021-01,2026-08,hrvatskauzivo.com,0,0,6,0.0,0,below_ranking_threshold,,mixed_boundary_2024_01,hnb-media,HNB_MEDIA,2026-09-21.1,1.0,HNB_MEDIA_INDICATORS_1.0,descriptive_archive_counts_not_independently_validated
pooled,2021-01,2026-08,hrvatski-glasnik.com,56,56,11612,48.22597313124354,1,eligible,31,mixed_boundary_2024_01,hnb-media,HNB_MEDIA,2026-09-21.1,1.0,HNB_MEDIA_INDICATORS_1.0,descriptive_archive_counts_not_independently_validated
pooled,2021-01,2026-08,huknet1.hr,0,0,1190,0.0,0,below_ranking_threshold,,mixed_boundary_2024_01,hnb-media,HNB_MEDIA,2026-09-21.1,1.0,HNB_MEDIA_INDICATORS_1.0,descriptive_archive_counts_not_independently_validated
pooled,2021-01,2026-08,ictbusiness.info,54,54,15990,33.771106941838646,1,eligible,47,mixed_boundary_2024_01,hnb-media,HNB_MEDIA,2026-09-21.1,1.0,HNB_MEDIA_INDICATORS_1.0,descriptive_archive_counts_not_independently_validated
pooled,2021-01,2026-08,icv.hr,79,79,48895,16.15707127518151,1,eligible,75,mixed_boundary_2024_01,hnb-media,HNB_MEDIA,2026-09-21.1,1.0,HNB_MEDIA_INDICATORS_1.0,descriptive_archive_counts_not_independently_validated
pooled,2021-01,2026-08,ideje.hr,18,18,524,343.51145038167937,0,below_ranking_threshold,,mixed_boundary_2024_01,hnb-media,HNB_MEDIA,2026-09-21.1,1.0,HNB_MEDIA_INDICATORS_1.0,descriptive_archive_counts_not_independently_validated
pooled,2021-01,2026-08,identitet.hr,1,1,218,45.87155963302752,0,below_ranking_threshold,,mixed_boundary_2024_01,hnb-media,HNB_MEDIA,2026-09-21.1,1.0,HNB_MEDIA_INDICATORS_1.0,descriptive_archive_counts_not_independently_validated
pooled,2021-01,2026-08,imperijal.net,54,54,2608,207.05521472392638,0,below_ranking_threshold,,mixed_boundary_2024_01,hnb-media,HNB_MEDIA,2026-09-21.1,1.0,HNB_MEDIA_INDICATORS_1.0,descriptive_archive_counts_not_independently_validated
pooled,2021-01,2026-08,in-portal.hr,12,12,9623,12.470123662059649,0,below_ranking_threshold,,mixed_boundary_2024_01,hnb-media,HNB_MEDIA,2026-09-21.1,1.0,HNB_MEDIA_INDICATORS_1.0,descriptive_archive_counts_not_independently_validated
pooled,2021-01,2026-08,index.hr,1651,1651,694335,23.77814743603592,1,eligible,66,mixed_boundary_2024_01,hnb-media,HNB_MEDIA,2026-09-21.1,1.0,HNB_MEDIA_INDICATORS_1.0,descriptive_archive_counts_not_independently_validated
pooled,2021-01,2026-08,indirektno.com,2,2,5054,3.957261574990107,0,below_ranking_threshold,,mixed_boundary_2024_01,hnb-media,HNB_MEDIA,2026-09-21.1,1.0,HNB_MEDIA_INDICATORS_1.0,descriptive_archive_counts_not_independently_validated
pooled,2021-01,2026-08,infovodice.com,1,1,3546,2.820078962210942,0,below_ranking_threshold,,mixed_boundary_2024_01,hnb-media,HNB_MEDIA,2026-09-21.1,1.0,HNB_MEDIA_INDICATORS_1.0,descriptive_archive_counts_not_independently_validated
pooled,2021-01,2026-08,infozona.hr,0,0,1262,0.0,0,below_ranking_threshold,,mixed_boundary_2024_01,hnb-media,HNB_MEDIA,2026-09-21.1,1.0,HNB_MEDIA_INDICATORS_1.0,descriptive_archive_counts_not_independently_validated
pooled,2021-01,2026-08,inverzija.net,0,0,1782,0.0,0,below_ranking_threshold,,mixed_boundary_2024_01,hnb-media,HNB_MEDIA,2026-09-21.1,1.0,HNB_MEDIA_INDICATORS_1.0,descriptive_archive_counts_not_independently_validated
pooled,2021-01,2026-08,ipress.hr,114,114,26678,42.73183896843842,1,eligible,39,mixed_boundary_2024_01,hnb-media,HNB_MEDIA,2026-09-21.1,1.0,HNB_MEDIA_INDICATORS_1.0,descriptive_archive_counts_not_independently_validated
pooled,2021-01,2026-08,istarski.hr,101,101,39353,25.665133534927453,1,eligible,62,mixed_boundary_2024_01,hnb-media,HNB_MEDIA,2026-09-21.1,1.0,HNB_MEDIA_INDICATORS_1.0,descriptive_archive_counts_not_independently_validated
pooled,2021-01,2026-08,istra24.hr,193,193,62638,30.811967176474344,1,eligible,55,mixed_boundary_2024_01,hnb-media,HNB_MEDIA,2026-09-21.1,1.0,HNB_MEDIA_INDICATORS_1.0,descriptive_archive_counts_not_independently_validated
pooled,2021-01,2026-08,istrage.hr,27,27,162,1666.6666666666667,0,below_ranking_threshold,,mixed_boundary_2024_01,hnb-media,HNB_MEDIA,2026-09-21.1,1.0,HNB_MEDIA_INDICATORS_1.0,descriptive_archive_counts_not_independently_validated
pooled,2021-01,2026-08,istrain.hr,206,206,58174,35.4110083542476,1,eligible,46,mixed_boundary_2024_01,hnb-media,HNB_MEDIA,2026-09-21.1,1.0,HNB_MEDIA_INDICATORS_1.0,descriptive_archive_counts_not_independently_validated
pooled,2021-01,2026-08,istriaterramagica.eu,8,8,8333,9.600384015360614,0,below_ranking_threshold,,mixed_boundary_2024_01,hnb-media,HNB_MEDIA,2026-09-21.1,1.0,HNB_MEDIA_INDICATORS_1.0,descriptive_archive_counts_not_independently_validated
pooled,2021-01,2026-08,jaskadanas.hr,1,1,2321,4.308487720809996,0,below_ranking_threshold,,mixed_boundary_2024_01,hnb-media,HNB_MEDIA,2026-09-21.1,1.0,HNB_MEDIA_INDICATORS_1.0,descriptive_archive_counts_not_independently_validated
pooled,2021-01,2026-08,journal.hr,21,21,30422,6.902899217671422,0,below_ranking_threshold,,mixed_boundary_2024_01,hnb-media,HNB_MEDIA,2026-09-21.1,1.0,HNB_MEDIA_INDICATORS_1.0,descriptive_archive_counts_not_independently_validated
pooled,2021-01,2026-08,jutarnji.hr,1508,1508,474457,31.783702211159284,1,eligible,53,mixed_boundary_2024_01,hnb-media,HNB_MEDIA,2026-09-21.1,1.0,HNB_MEDIA_INDICATORS_1.0,descriptive_archive_counts_not_independently_validated
pooled,2021-01,2026-08,juzni.hr,3,3,72,416.6666666666667,0,below_ranking_threshold,,mixed_boundary_2024_01,hnb-media,HNB_MEDIA,2026-09-21.1,1.0,HNB_MEDIA_INDICATORS_1.0,descriptive_archive_counts_not_independently_validated
pooled,2021-01,2026-08,kalelargainfo.hr,1,1,1251,7.9936051159072745,0,below_ranking_threshold,,mixed_boundary_2024_01,hnb-media,HNB_MEDIA,2026-09-21.1,1.0,HNB_MEDIA_INDICATORS_1.0,descriptive_archive_counts_not_independently_validated
pooled,2021-01,2026-08,kampanja.net,0,0,402,0.0,0,below_ranking_threshold,,mixed_boundary_2024_01,hnb-media,HNB_MEDIA,2026-09-21.1,1.0,HNB_MEDIA_INDICATORS_1.0,descriptive_archive_counts_not_independently_validated
pooled,2021-01,2026-08,kanal5.hr,0,0,1,0.0,0,below_ranking_threshold,,mixed_boundary_2024_01,hnb-media,HNB_MEDIA,2026-09-21.1,1.0,HNB_MEDIA_INDICATORS_1.0,descriptive_archive_counts_not_independently_validated
pooled,2021-01,2026-08,karlobag.eu,0,0,2,0.0,0,below_ranking_threshold,,mixed_boundary_2024_01,hnb-media,HNB_MEDIA,2026-09-21.1,1.0,HNB_MEDIA_INDICATORS_1.0,descriptive_archive_counts_not_independently_validated
pooled,2021-01,2026-08,karlovacki.hr,9,9,21150,4.25531914893617,0,below_ranking_threshold,,mixed_boundary_2024_01,hnb-media,HNB_MEDIA,2026-09-21.1,1.0,HNB_MEDIA_INDICATORS_1.0,descriptive_archive_counts_not_independently_validated
pooled,2021-01,2026-08,kepesujsag.com,0,0,810,0.0,0,below_ranking_threshold,,mixed_boundary_2024_01,hnb-media,HNB_MEDIA,2026-09-21.1,1.0,HNB_MEDIA_INDICATORS_1.0,descriptive_archive_counts_not_independently_validated
pooled,2021-01,2026-08,kigo.hr,28,28,4861,57.60131660152232,0,below_ranking_threshold,,mixed_boundary_2024_01,hnb-media,HNB_MEDIA,2026-09-21.1,1.0,HNB_MEDIA_INDICATORS_1.0,descriptive_archive_counts_not_independently_validated
pooled,2021-01,2026-08,klikaj.hr,38,38,44561,8.52763627387177,0,below_ranking_threshold,,mixed_boundary_2024_01,hnb-media,HNB_MEDIA,2026-09-21.1,1.0,HNB_MEDIA_INDICATORS_1.0,descriptive_archive_counts_not_independently_validated
pooled,2021-01,2026-08,klikni.hr,30,30,17499,17.143836790673753,0,below_ranking_threshold,,mixed_boundary_2024_01,hnb-media,HNB_MEDIA,2026-09-21.1,1.0,HNB_MEDIA_INDICATORS_1.0,descriptive_archive_counts_not_independently_validated
pooled,2021-01,2026-08,klikni.news,34,34,5289,64.2843637738703,0,below_ranking_threshold,,mixed_boundary_2024_01,hnb-media,HNB_MEDIA,2026-09-21.1,1.0,HNB_MEDIA_INDICATORS_1.0,descriptive_archive_counts_not_independently_validated
pooled,2021-01,2026-08,klikploce.com.hr,0,0,7,0.0,0,below_ranking_threshold,,mixed_boundary_2024_01,hnb-media,HNB_MEDIA,2026-09-21.1,1.0,HNB_MEDIA_INDICATORS_1.0,descriptive_archive_counts_not_independently_validated
pooled,2021-01,2026-08,kodex.hr,0,0,1,0.0,0,below_ranking_threshold,,mixed_boundary_2024_01,hnb-media,HNB_MEDIA,2026-09-21.1,1.0,HNB_MEDIA_INDICATORS_1.0,descriptive_archive_counts_not_independently_validated
pooled,2021-01,2026-08,komarilos.com,8,8,2787,28.70470039468963,0,below_ranking_threshold,,mixed_boundary_2024_01,hnb-media,HNB_MEDIA,2026-09-21.1,1.0,HNB_MEDIA_INDICATORS_1.0,descriptive_archive_counts_not_independently_validated
pooled,2021-01,2026-08,kritika-hdp.hr,0,0,25,0.0,0,below_ranking_threshold,,mixed_boundary_2024_01,hnb-media,HNB_MEDIA,2026-09-21.1,1.0,HNB_MEDIA_INDICATORS_1.0,descriptive_archive_counts_not_independently_validated
pooled,2021-01,2026-08,krizevci.info,0,0,7423,0.0,0,below_ranking_threshold,,mixed_boundary_2024_01,hnb-media,HNB_MEDIA,2026-09-21.1,1.0,HNB_MEDIA_INDICATORS_1.0,descriptive_archive_counts_not_independently_validated
pooled,2021-01,2026-08,krizevci.tv,0,0,384,0.0,0,below_ranking_threshold,,mixed_boundary_2024_01,hnb-media,HNB_MEDIA,2026-09-21.1,1.0,HNB_MEDIA_INDICATORS_1.0,descriptive_archive_counts_not_independently_validated
pooled,2021-01,2026-08,kronikevg.com,6,6,15361,3.9059957034047263,0,below_ranking_threshold,,mixed_boundary_2024_01,hnb-media,HNB_MEDIA,2026-09-21.1,1.0,HNB_MEDIA_INDICATORS_1.0,descriptive_archive_counts_not_independently_validated
pooled,2021-01,2026-08,krugaresnica.info,0,0,807,0.0,0,below_ranking_threshold,,mixed_boundary_2024_01,hnb-media,HNB_MEDIA,2026-09-21.1,1.0,HNB_MEDIA_INDICATORS_1.0,descriptive_archive_counts_not_independently_validated
pooled,2021-01,2026-08,kulturistra.hr,0,0,1631,0.0,0,below_ranking_threshold,,mixed_boundary_2024_01,hnb-media,HNB_MEDIA,2026-09-21.1,1.0,HNB_MEDIA_INDICATORS_1.0,descriptive_archive_counts_not_independently_validated
pooled,2021-01,2026-08,kulturpunkt.hr,1,1,3510,2.849002849002849,0,below_ranking_threshold,,mixed_boundary_2024_01,hnb-media,HNB_MEDIA,2026-09-21.1,1.0,HNB_MEDIA_INDICATORS_1.0,descriptive_archive_counts_not_independently_validated
pooled,2021-01,2026-08,labinskakomuna.eu,3,3,3729,8.045052292839904,0,below_ranking_threshold,,mixed_boundary_2024_01,hnb-media,HNB_MEDIA,2026-09-21.1,1.0,HNB_MEDIA_INDICATORS_1.0,descriptive_archive_counts_not_independently_validated
pooled,2021-01,2026-08,labinstina.info,1,1,6730,1.485884101040119,0,below_ranking_threshold,,mixed_boundary_2024_01,hnb-media,HNB_MEDIA,2026-09-21.1,1.0,HNB_MEDIA_INDICATORS_1.0,descriptive_archive_counts_not_independently_validated
pooled,2021-01,2026-08,laudato.hr,2,2,20878,0.9579461634256154,0,below_ranking_threshold,,mixed_boundary_2024_01,hnb-media,HNB_MEDIA,2026-09-21.1,1.0,HNB_MEDIA_INDICATORS_1.0,descriptive_archive_counts_not_independently_validated
pooled,2021-01,2026-08,lavoce.hr,31,31,11629,26.65749419554562,0,below_ranking_threshold,,mixed_boundary_2024_01,hnb-media,HNB_MEDIA,2026-09-21.1,1.0,HNB_MEDIA_INDICATORS_1.0,descriptive_archive_counts_not_independently_validated
pooled,2021-01,2026-08,libar.media,0,0,1,0.0,0,below_ranking_threshold,,mixed_boundary_2024_01,hnb-media,HNB_MEDIA,2026-09-21.1,1.0,HNB_MEDIA_INDICATORS_1.0,descriptive_archive_counts_not_independently_validated
pooled,2021-01,2026-08,libela.org,1,1,420,23.80952380952381,0,below_ranking_threshold,,mixed_boundary_2024_01,hnb-media,HNB_MEDIA,2026-09-21.1,1.0,HNB_MEDIA_INDICATORS_1.0,descriptive_archive_counts_not_independently_validated
pooled,2021-01,2026-08,liberal.hr,9,9,1010,89.10891089108911,0,below_ranking_threshold,,mixed_boundary_2024_01,hnb-media,HNB_MEDIA,2026-09-21.1,1.0,HNB_MEDIA_INDICATORS_1.0,descriptive_archive_counts_not_independently_validated
pooled,2021-01,2026-08,liberoportal.hr,14,14,16289,8.594757198109154,0,below_ranking_threshold,,mixed_boundary_2024_01,hnb-media,HNB_MEDIA,2026-09-21.1,1.0,HNB_MEDIA_INDICATORS_1.0,descriptive_archive_counts_not_independently_validated
pooled,2021-01,2026-08,licegrada.hr,0,0,333,0.0,0,below_ranking_threshold,,mixed_boundary_2024_01,hnb-media,HNB_MEDIA,2026-09-21.1,1.0,HNB_MEDIA_INDICATORS_1.0,descriptive_archive_counts_not_independently_validated
pooled,2021-01,2026-08,lider.media,178,178,6475,274.9034749034749,1,eligible,2,mixed_boundary_2024_01,hnb-media,HNB_MEDIA,2026-09-21.1,1.0,HNB_MEDIA_INDICATORS_1.0,descriptive_archive_counts_not_independently_validated
pooled,2021-01,2026-08,lifebuzz.hr,1,1,500,20.0,0,below_ranking_threshold,,mixed_boundary_2024_01,hnb-media,HNB_MEDIA,2026-09-21.1,1.0,HNB_MEDIA_INDICATORS_1.0,descriptive_archive_counts_not_independently_validated
pooled,2021-01,2026-08,lika-express.hr,0,0,5343,0.0,0,below_ranking_threshold,,mixed_boundary_2024_01,hnb-media,HNB_MEDIA,2026-09-21.1,1.0,HNB_MEDIA_INDICATORS_1.0,descriptive_archive_counts_not_independently_validated
pooled,2021-01,2026-08,lika-online.com,1,1,4314,2.3180343069077423,0,below_ranking_threshold,,mixed_boundary_2024_01,hnb-media,HNB_MEDIA,2026-09-21.1,1.0,HNB_MEDIA_INDICATORS_1.0,descriptive_archive_counts_not_independently_validated
pooled,2021-01,2026-08,likaclub.eu,67,67,13764,48.67770996803255,1,eligible,30,mixed_boundary_2024_01,hnb-media,HNB_MEDIA,2026-09-21.1,1.0,HNB_MEDIA_INDICATORS_1.0,descriptive_archive_counts_not_independently_validated
pooled,2021-01,2026-08,likaportal.com,0,0,80,0.0,0,below_ranking_threshold,,mixed_boundary_2024_01,hnb-media,HNB_MEDIA,2026-09-21.1,1.0,HNB_MEDIA_INDICATORS_1.0,descriptive_archive_counts_not_independently_validated
pooled,2021-01,2026-08,likemetkovic.hr,32,32,11754,27.2247745448358,0,below_ranking_threshold,,mixed_boundary_2024_01,hnb-media,HNB_MEDIA,2026-09-21.1,1.0,HNB_MEDIA_INDICATORS_1.0,descriptive_archive_counts_not_independently_validated
pooled,2021-01,2026-08,lipadona.com,2,2,6917,2.891426919184618,0,below_ranking_threshold,,mixed_boundary_2024_01,hnb-media,HNB_MEDIA,2026-09-21.1,1.0,HNB_MEDIA_INDICATORS_1.0,descriptive_archive_counts_not_independently_validated
pooled,2021-01,2026-08,lokalnevijesti.hr,0,0,1,0.0,0,below_ranking_threshold,,mixed_boundary_2024_01,hnb-media,HNB_MEDIA,2026-09-21.1,1.0,HNB_MEDIA_INDICATORS_1.0,descriptive_archive_counts_not_independently_validated
pooled,2021-01,2026-08,lupiga.com,10,10,2237,44.70272686633885,0,below_ranking_threshold,,mixed_boundary_2024_01,hnb-media,HNB_MEDIA,2026-09-21.1,1.0,HNB_MEDIA_INDICATORS_1.0,descriptive_archive_counts_not_independently_validated
pooled,2021-01,2026-08,makarska-danas.com,21,21,9818,21.389284986759016,0,below_ranking_threshold,,mixed_boundary_2024_01,hnb-media,HNB_MEDIA,2026-09-21.1,1.0,HNB_MEDIA_INDICATORS_1.0,descriptive_archive_counts_not_independently_validated
pooled,2021-01,2026-08,matica.hr,1,1,2141,4.670714619336758,0,below_ranking_threshold,,mixed_boundary_2024_01,hnb-media,HNB_MEDIA,2026-09-21.1,1.0,HNB_MEDIA_INDICATORS_1.0,descriptive_archive_counts_not_independently_validated
pooled,2021-01,2026-08,mediadaily.biz,3,3,10368,2.8935185185185186,0,below_ranking_threshold,,mixed_boundary_2024_01,hnb-media,HNB_MEDIA,2026-09-21.1,1.0,HNB_MEDIA_INDICATORS_1.0,descriptive_archive_counts_not_independently_validated
pooled,2021-01,2026-08,medjimurjepress.net,45,45,42589,10.56610861959661,0,below_ranking_threshold,,mixed_boundary_2024_01,hnb-media,HNB_MEDIA,2026-09-21.1,1.0,HNB_MEDIA_INDICATORS_1.0,descriptive_archive_counts_not_independently_validated
pooled,2021-01,2026-08,medjimurski.hr,85,85,45156,18.82363362565329,1,eligible,71,mixed_boundary_2024_01,hnb-media,HNB_MEDIA,2026-09-21.1,1.0,HNB_MEDIA_INDICATORS_1.0,descriptive_archive_counts_not_independently_validated
pooled,2021-01,2026-08,mega-media.hr,15,15,6112,24.541884816753928,0,below_ranking_threshold,,mixed_boundary_2024_01,hnb-media,HNB_MEDIA,2026-09-21.1,1.0,HNB_MEDIA_INDICATORS_1.0,descriptive_archive_counts_not_independently_validated
pooled,2021-01,2026-08,metkovic-news.com,4,4,11291,3.5426445841820917,0,below_ranking_threshold,,mixed_boundary_2024_01,hnb-media,HNB_MEDIA,2026-09-21.1,1.0,HNB_MEDIA_INDICATORS_1.0,descriptive_archive_counts_not_independently_validated
pooled,2021-01,2026-08,metkovicnet.com,0,0,3,0.0,0,below_ranking_threshold,,mixed_boundary_2024_01,hnb-media,HNB_MEDIA,2026-09-21.1,1.0,HNB_MEDIA_INDICATORS_1.0,descriptive_archive_counts_not_independently_validated
pooled,2021-01,2026-08,metropolitan.hr,0,0,3,0.0,0,below_ranking_threshold,,mixed_boundary_2024_01,hnb-media,HNB_MEDIA,2026-09-21.1,1.0,HNB_MEDIA_INDICATORS_1.0,descriptive_archive_counts_not_independently_validated
pooled,2021-01,2026-08,mimladi.hr,0,0,12,0.0,0,below_ranking_threshold,,mixed_boundary_2024_01,hnb-media,HNB_MEDIA,2026-09-21.1,1.0,HNB_MEDIA_INDICATORS_1.0,descriptive_archive_counts_not_independently_validated
pooled,2021-01,2026-08,mirovina.hr,150,150,14538,103.17787866281469,1,eligible,8,mixed_boundary_2024_01,hnb-media,HNB_MEDIA,2026-09-21.1,1.0,HNB_MEDIA_INDICATORS_1.0,descriptive_archive_counts_not_independently_validated
pooled,2021-01,2026-08,mixmagadria.com,0,0,40,0.0,0,below_ranking_threshold,,mixed_boundary_2024_01,hnb-media,HNB_MEDIA,2026-09-21.1,1.0,HNB_MEDIA_INDICATORS_1.0,descriptive_archive_counts_not_independently_validated
pooled,2021-01,2026-08,mnovine.hr,90,90,57195,15.735641227380016,1,eligible,76,mixed_boundary_2024_01,hnb-media,HNB_MEDIA,2026-09-21.1,1.0,HNB_MEDIA_INDICATORS_1.0,descriptive_archive_counts_not_independently_validated
pooled,2021-01,2026-08,moja-domovina.net,0,0,8,0.0,0,below_ranking_threshold,,mixed_boundary_2024_01,hnb-media,HNB_MEDIA,2026-09-21.1,1.0,HNB_MEDIA_INDICATORS_1.0,descriptive_archive_counts_not_independently_validated
pooled,2021-01,2026-08,mojadalmacija.com,0,0,1044,0.0,0,below_ranking_threshold,,mixed_boundary_2024_01,hnb-media,HNB_MEDIA,2026-09-21.1,1.0,HNB_MEDIA_INDICATORS_1.0,descriptive_archive_counts_not_independently_validated
pooled,2021-01,2026-08,moje-djakovo.com,4,4,7670,5.215123859191656,0,below_ranking_threshold,,mixed_boundary_2024_01,hnb-media,HNB_MEDIA,2026-09-21.1,1.0,HNB_MEDIA_INDICATORS_1.0,descriptive_archive_counts_not_independently_validated
pooled,2021-01,2026-08,mojevrijeme.hr,29,29,8419,34.44589618719563,0,below_ranking_threshold,,mixed_boundary_2024_01,hnb-media,HNB_MEDIA,2026-09-21.1,1.0,HNB_MEDIA_INDICATORS_1.0,descriptive_archive_counts_not_independently_validated
pooled,2021-01,2026-08,mojportal.hr,23,23,16374,14.046659337974837,0,below_ranking_threshold,,mixed_boundary_2024_01,hnb-media,HNB_MEDIA,2026-09-21.1,1.0,HNB_MEDIA_INDICATORS_1.0,descriptive_archive_counts_not_independently_validated
pooled,2021-01,2026-08,mojzagreb.info,17,17,3687,46.107946840249525,0,below_ranking_threshold,,mixed_boundary_2024_01,hnb-media,HNB_MEDIA,2026-09-21.1,1.0,HNB_MEDIA_INDICATORS_1.0,descriptive_archive_counts_not_independently_validated
pooled,2021-01,2026-08,mok.hr,16,16,9591,16.682306328849965,0,below_ranking_threshold,,mixed_boundary_2024_01,hnb-media,HNB_MEDIA,2026-09-21.1,1.0,HNB_MEDIA_INDICATORS_1.0,descriptive_archive_counts_not_independently_validated
pooled,2021-01,2026-08,morski.hr,46,46,37313,12.328143006458875,0,below_ranking_threshold,,mixed_boundary_2024_01,hnb-media,HNB_MEDIA,2026-09-21.1,1.0,HNB_MEDIA_INDICATORS_1.0,descriptive_archive_counts_not_independently_validated
pooled,2021-01,2026-08,motorevija.com.hr,0,0,560,0.0,0,below_ranking_threshold,,mixed_boundary_2024_01,hnb-media,HNB_MEDIA,2026-09-21.1,1.0,HNB_MEDIA_INDICATORS_1.0,descriptive_archive_counts_not_independently_validated
pooled,2021-01,2026-08,msm.hr,0,0,24,0.0,0,below_ranking_threshold,,mixed_boundary_2024_01,hnb-media,HNB_MEDIA,2026-09-21.1,1.0,HNB_MEDIA_INDICATORS_1.0,descriptive_archive_counts_not_independently_validated
pooled,2021-01,2026-08,muralist.hr,33,33,18967,17.398639742711023,0,below_ranking_threshold,,mixed_boundary_2024_01,hnb-media,HNB_MEDIA,2026-09-21.1,1.0,HNB_MEDIA_INDICATORS_1.0,descriptive_archive_counts_not_independently_validated
pooled,2021-01,2026-08,music-box.hr,0,0,2198,0.0,0,below_ranking_threshold,,mixed_boundary_2024_01,hnb-media,HNB_MEDIA,2026-09-21.1,1.0,HNB_MEDIA_INDICATORS_1.0,descriptive_archive_counts_not_independently_validated
pooled,2021-01,2026-08,mvinfo.hr,1,1,4975,2.0100502512562812,0,below_ranking_threshold,,mixed_boundary_2024_01,hnb-media,HNB_MEDIA,2026-09-21.1,1.0,HNB_MEDIA_INDICATORS_1.0,descriptive_archive_counts_not_independently_validated
pooled,2021-01,2026-08,nacional.hr,1082,1082,162777,66.47130737143453,1,eligible,20,mixed_boundary_2024_01,hnb-media,HNB_MEDIA,2026-09-21.1,1.0,HNB_MEDIA_INDICATORS_1.0,descriptive_archive_counts_not_independently_validated
pooled,2021-01,2026-08,nacionalno.hr,99,99,8607,115.02265597769258,1,eligible,5,mixed_boundary_2024_01,hnb-media,HNB_MEDIA,2026-09-21.1,1.0,HNB_MEDIA_INDICATORS_1.0,descriptive_archive_counts_not_independently_validated
pooled,2021-01,2026-08,najboljeknjige.com,0,0,660,0.0,0,below_ranking_threshold,,mixed_boundary_2024_01,hnb-media,HNB_MEDIA,2026-09-21.1,1.0,HNB_MEDIA_INDICATORS_1.0,descriptive_archive_counts_not_independently_validated
pooled,2021-01,2026-08,narod.hr,242,242,55815,43.35752037982621,1,eligible,38,mixed_boundary_2024_01,hnb-media,HNB_MEDIA,2026-09-21.1,1.0,HNB_MEDIA_INDICATORS_1.0,descriptive_archive_counts_not_independently_validated
pooled,2021-01,2026-08,nasabujstina.com,27,27,5660,47.70318021201413,0,below_ranking_threshold,,mixed_boundary_2024_01,hnb-media,HNB_MEDIA,2026-09-21.1,1.0,HNB_MEDIA_INDICATORS_1.0,descriptive_archive_counts_not_independently_validated
pooled,2021-01,2026-08,nasice.com,9,9,12052,7.467640225688682,0,below_ranking_threshold,,mixed_boundary_2024_01,hnb-media,HNB_MEDIA,2026-09-21.1,1.0,HNB_MEDIA_INDICATORS_1.0,descriptive_archive_counts_not_independently_validated
pooled,2021-01,2026-08,nasiskolji.hr,0,0,1887,0.0,0,below_ranking_threshold,,mixed_boundary_2024_01,hnb-media,HNB_MEDIA,2026-09-21.1,1.0,HNB_MEDIA_INDICATORS_1.0,descriptive_archive_counts_not_independently_validated
pooled,2021-01,2026-08,naturala.hr,3,3,3386,8.860011813349084,0,below_ranking_threshold,,mixed_boundary_2024_01,hnb-media,HNB_MEDIA,2026-09-21.1,1.0,HNB_MEDIA_INDICATORS_1.0,descriptive_archive_counts_not_independently_validated
pooled,2021-01,2026-08,nemo-casopis.com,0,0,1,0.0,0,below_ranking_threshold,,mixed_boundary_2024_01,hnb-media,HNB_MEDIA,2026-09-21.1,1.0,HNB_MEDIA_INDICATORS_1.0,descriptive_archive_counts_not_independently_validated
pooled,2021-01,2026-08,net.hr,676,676,348582,19.392854479003507,1,eligible,70,mixed_boundary_2024_01,hnb-media,HNB_MEDIA,2026-09-21.1,1.0,HNB_MEDIA_INDICATORS_1.0,descriptive_archive_counts_not_independently_validated
pooled,2021-01,2026-08,netokracija.com,18,18,3229,55.74481263549087,0,below_ranking_threshold,,mixed_boundary_2024_01,hnb-media,HNB_MEDIA,2026-09-21.1,1.0,HNB_MEDIA_INDICATORS_1.0,descriptive_archive_counts_not_independently_validated
pooled,2021-01,2026-08,nismosame.com,0,0,8,0.0,0,below_ranking_threshold,,mixed_boundary_2024_01,hnb-media,HNB_MEDIA,2026-09-21.1,1.0,HNB_MEDIA_INDICATORS_1.0,descriptive_archive_counts_not_independently_validated
pooled,2021-01,2026-08,nizagorjemalo.hr,0,0,16,0.0,0,below_ranking_threshold,,mixed_boundary_2024_01,hnb-media,HNB_MEDIA,2026-09-21.1,1.0,HNB_MEDIA_INDICATORS_1.0,descriptive_archive_counts_not_independently_validated
pooled,2021-01,2026-08,nogometplus.net,0,0,4704,0.0,0,below_ranking_threshold,,mixed_boundary_2024_01,hnb-media,HNB_MEDIA,2026-09-21.1,1.0,HNB_MEDIA_INDICATORS_1.0,descriptive_archive_counts_not_independently_validated
pooled,2021-01,2026-08,novagra.hr,23,23,7346,31.309556221072693,0,below_ranking_threshold,,mixed_boundary_2024_01,hnb-media,HNB_MEDIA,2026-09-21.1,1.0,HNB_MEDIA_INDICATORS_1.0,descriptive_archive_counts_not_independently_validated
pooled,2021-01,2026-08,novagradiska.eu,1,1,2314,4.32152117545376,0,below_ranking_threshold,,mixed_boundary_2024_01,hnb-media,HNB_MEDIA,2026-09-21.1,1.0,HNB_MEDIA_INDICATORS_1.0,descriptive_archive_counts_not_independently_validated
pooled,2021-01,2026-08,novilist.hr,1506,1506,318107,47.342560836448115,1,eligible,33,mixed_boundary_2024_01,hnb-media,HNB_MEDIA,2026-09-21.1,1.0,HNB_MEDIA_INDICATORS_1.0,descriptive_archive_counts_not_independently_validated
pooled,2021-01,2026-08,noviradio.hr,14,14,11600,12.068965517241379,0,below_ranking_threshold,,mixed_boundary_2024_01,hnb-media,HNB_MEDIA,2026-09-21.1,1.0,HNB_MEDIA_INDICATORS_1.0,descriptive_archive_counts_not_independently_validated
pooled,2021-01,2026-08,novo.hr,225,225,19995,112.52813203300825,1,eligible,6,mixed_boundary_2024_01,hnb-media,HNB_MEDIA,2026-09-21.1,1.0,HNB_MEDIA_INDICATORS_1.0,descriptive_archive_counts_not_independently_validated
pooled,2021-01,2026-08,novosti.hr,77,77,24254,31.747340644842087,1,eligible,54,mixed_boundary_2024_01,hnb-media,HNB_MEDIA,2026-09-21.1,1.0,HNB_MEDIA_INDICATORS_1.0,descriptive_archive_counts_not_independently_validated
pooled,2021-01,2026-08,objektivno.hr,97,97,4248,228.3427495291902,0,below_ranking_threshold,,mixed_boundary_2024_01,hnb-media,HNB_MEDIA,2026-09-21.1,1.0,HNB_MEDIA_INDICATORS_1.0,descriptive_archive_counts_not_independently_validated
pooled,2021-01,2026-08,obris.org,3,3,1604,18.703241895261847,0,below_ranking_threshold,,mixed_boundary_2024_01,hnb-media,HNB_MEDIA,2026-09-21.1,1.0,HNB_MEDIA_INDICATORS_1.0,descriptive_archive_counts_not_independently_validated
pooled,2021-01,2026-08,ogportal.com,246,246,35000,70.28571428571429,1,eligible,18,mixed_boundary_2024_01,hnb-media,HNB_MEDIA,2026-09-21.1,1.0,HNB_MEDIA_INDICATORS_1.0,descriptive_archive_counts_not_independently_validated
pooled,2021-01,2026-08,ogulin.eu,0,0,672,0.0,0,below_ranking_threshold,,mixed_boundary_2024_01,hnb-media,HNB_MEDIA,2026-09-21.1,1.0,HNB_MEDIA_INDICATORS_1.0,descriptive_archive_counts_not_independently_validated
pooled,2021-01,2026-08,orioninfovk.com,0,0,463,0.0,0,below_ranking_threshold,,mixed_boundary_2024_01,hnb-media,HNB_MEDIA,2026-09-21.1,1.0,HNB_MEDIA_INDICATORS_1.0,descriptive_archive_counts_not_independently_validated
pooled,2021-01,2026-08,osijekexpress.com,42,42,17669,23.77044541287,0,below_ranking_threshold,,mixed_boundary_2024_01,hnb-media,HNB_MEDIA,2026-09-21.1,1.0,HNB_MEDIA_INDICATORS_1.0,descriptive_archive_counts_not_independently_validated
pooled,2021-01,2026-08,osijeknews.hr,46,46,11328,40.60734463276836,0,below_ranking_threshold,,mixed_boundary_2024_01,hnb-media,HNB_MEDIA,2026-09-21.1,1.0,HNB_MEDIA_INDICATORS_1.0,descriptive_archive_counts_not_independently_validated
pooled,2021-01,2026-08,otoci.eu,1,1,3355,2.9806259314456036,0,below_ranking_threshold,,mixed_boundary_2024_01,hnb-media,HNB_MEDIA,2026-09-21.1,1.0,HNB_MEDIA_INDICATORS_1.0,descriptive_archive_counts_not_independently_validated
pooled,2021-01,2026-08,otoci.net,3,3,8181,3.6670333700036672,0,below_ranking_threshold,,mixed_boundary_2024_01,hnb-media,HNB_MEDIA,2026-09-21.1,1.0,HNB_MEDIA_INDICATORS_1.0,descriptive_archive_counts_not_independently_validated
pooled,2021-01,2026-08,otvoreno.hr,250,250,31378,79.67365670214801,1,eligible,13,mixed_boundary_2024_01,hnb-media,HNB_MEDIA,2026-09-21.1,1.0,HNB_MEDIA_INDICATORS_1.0,descriptive_archive_counts_not_independently_validated
pooled,2021-01,2026-08,p-portal.net,2,2,1152,17.36111111111111,0,below_ranking_threshold,,mixed_boundary_2024_01,hnb-media,HNB_MEDIA,2026-09-21.1,1.0,HNB_MEDIA_INDICATORS_1.0,descriptive_archive_counts_not_independently_validated
pooled,2021-01,2026-08,pakrackilist.hr,1,1,4423,2.2609088853719195,0,below_ranking_threshold,,mixed_boundary_2024_01,hnb-media,HNB_MEDIA,2026-09-21.1,1.0,HNB_MEDIA_INDICATORS_1.0,descriptive_archive_counts_not_independently_validated
pooled,2021-01,2026-08,panopticum.hr,47,47,4644,101.20585701981051,0,below_ranking_threshold,,mixed_boundary_2024_01,hnb-media,HNB_MEDIA,2026-09-21.1,1.0,HNB_MEDIA_INDICATORS_1.0,descriptive_archive_counts_not_independently_validated
pooled,2021-01,2026-08,paraf.hr,20,20,1616,123.76237623762377,0,below_ranking_threshold,,mixed_boundary_2024_01,hnb-media,HNB_MEDIA,2026-09-21.1,1.0,HNB_MEDIA_INDICATORS_1.0,descriptive_archive_counts_not_independently_validated
pooled,2021-01,2026-08,parentium.com,12,12,13022,9.215174320380894,0,below_ranking_threshold,,mixed_boundary_2024_01,hnb-media,HNB_MEDIA,2026-09-21.1,1.0,HNB_MEDIA_INDICATORS_1.0,descriptive_archive_counts_not_independently_validated
pooled,2021-01,2026-08,pcchip.hr,0,0,7992,0.0,0,below_ranking_threshold,,mixed_boundary_2024_01,hnb-media,HNB_MEDIA,2026-09-21.1,1.0,HNB_MEDIA_INDICATORS_1.0,descriptive_archive_counts_not_independently_validated
pooled,2021-01,2026-08,phralipen.hr,0,0,149,0.0,0,below_ranking_threshold,,mixed_boundary_2024_01,hnb-media,HNB_MEDIA,2026-09-21.1,1.0,HNB_MEDIA_INDICATORS_1.0,descriptive_archive_counts_not_independently_validated
pooled,2021-01,2026-08,ploce.com.hr,9,9,3956,22.75025278058645,0,below_ranking_threshold,,mixed_boundary_2024_01,hnb-media,HNB_MEDIA,2026-09-21.1,1.0,HNB_MEDIA_INDICATORS_1.0,descriptive_archive_counts_not_independently_validated
pooled,2021-01,2026-08,plusportal.hr,36,36,10203,35.283740076448105,0,below_ranking_threshold,,mixed_boundary_2024_01,hnb-media,HNB_MEDIA,2026-09-21.1,1.0,HNB_MEDIA_INDICATORS_1.0,descriptive_archive_counts_not_independently_validated
pooled,2021-01,2026-08,podravski.hr,47,47,37754,12.449012025215872,0,below_ranking_threshold,,mixed_boundary_2024_01,hnb-media,HNB_MEDIA,2026-09-21.1,1.0,HNB_MEDIA_INDICATORS_1.0,descriptive_archive_counts_not_independently_validated
pooled,2021-01,2026-08,poduckun.net,16,16,22673,7.056851762007675,0,below_ranking_threshold,,mixed_boundary_2024_01,hnb-media,HNB_MEDIA,2026-09-21.1,1.0,HNB_MEDIA_INDICATORS_1.0,descriptive_archive_counts_not_independently_validated
pooled,2021-01,2026-08,pogled.hr,15,15,455,329.6703296703297,0,below_ranking_threshold,,mixed_boundary_2024_01,hnb-media,HNB_MEDIA,2026-09-21.1,1.0,HNB_MEDIA_INDICATORS_1.0,descriptive_archive_counts_not_independently_validated
pooled,2021-01,2026-08,pomaknigranice.hr,0,0,1,0.0,0,below_ranking_threshold,,mixed_boundary_2024_01,hnb-media,HNB_MEDIA,2026-09-21.1,1.0,HNB_MEDIA_INDICATORS_1.0,descriptive_archive_counts_not_independently_validated
pooled,2021-01,2026-08,porestina.info,9,9,12689,7.092757506501695,0,below_ranking_threshold,,mixed_boundary_2024_01,hnb-media,HNB_MEDIA,2026-09-21.1,1.0,HNB_MEDIA_INDICATORS_1.0,descriptive_archive_counts_not_independently_validated
pooled,2021-01,2026-08,portal-ostro.hr,0,0,397,0.0,0,below_ranking_threshold,,mixed_boundary_2024_01,hnb-media,HNB_MEDIA,2026-09-21.1,1.0,HNB_MEDIA_INDICATORS_1.0,descriptive_archive_counts_not_independently_validated
pooled,2021-01,2026-08,portal.hr,50,50,18926,26.418683292824685,1,eligible,61,mixed_boundary_2024_01,hnb-media,HNB_MEDIA,2026-09-21.1,1.0,HNB_MEDIA_INDICATORS_1.0,descriptive_archive_counts_not_independently_validated
pooled,2021-01,2026-08,portal53.hr,1,1,11568,0.8644536652835408,0,below_ranking_threshold,,mixed_boundary_2024_01,hnb-media,HNB_MEDIA,2026-09-21.1,1.0,HNB_MEDIA_INDICATORS_1.0,descriptive_archive_counts_not_independently_validated
pooled,2021-01,2026-08,portalnovosti.com,72,72,16221,44.38690586277048,1,eligible,35,mixed_boundary_2024_01,hnb-media,HNB_MEDIA,2026-09-21.1,1.0,HNB_MEDIA_INDICATORS_1.0,descriptive_archive_counts_not_independently_validated
pooled,2021-01,2026-08,portalzdravlje.hr,0,0,2820,0.0,0,below_ranking_threshold,,mixed_boundary_2024_01,hnb-media,HNB_MEDIA,2026-09-21.1,1.0,HNB_MEDIA_INDICATORS_1.0,descriptive_archive_counts_not_independently_validated
pooled,2021-01,2026-08,portofon.com,2,2,3326,6.013229104028864,0,below_ranking_threshold,,mixed_boundary_2024_01,hnb-media,HNB_MEDIA,2026-09-21.1,1.0,HNB_MEDIA_INDICATORS_1.0,descriptive_archive_counts_not_independently_validated
pooled,2021-01,2026-08,portos.hr,1,1,261,38.31417624521073,0,below_ranking_threshold,,mixed_boundary_2024_01,hnb-media,HNB_MEDIA,2026-09-21.1,1.0,HNB_MEDIA_INDICATORS_1.0,descriptive_archive_counts_not_independently_validated
pooled,2021-01,2026-08,poslovni-savjetnik.com,47,47,5155,91.17361784675073,0,below_ranking_threshold,,mixed_boundary_2024_01,hnb-media,HNB_MEDIA,2026-09-21.1,1.0,HNB_MEDIA_INDICATORS_1.0,descriptive_archive_counts_not_independently_validated
pooled,2021-01,2026-08,poslovni.hr,1582,1582,71961,219.84130292797488,1,eligible,3,mixed_boundary_2024_01,hnb-media,HNB_MEDIA,2026-09-21.1,1.0,HNB_MEDIA_INDICATORS_1.0,descriptive_archive_counts_not_independently_validated
pooled,2021-01,2026-08,poslovnifm.com,135,135,4461,302.62273032952254,0,below_ranking_threshold,,mixed_boundary_2024_01,hnb-media,HNB_MEDIA,2026-09-21.1,1.0,HNB_MEDIA_INDICATORS_1.0,descriptive_archive_counts_not_independently_validated
pooled,2021-01,2026-08,poslovnipuls.com,106,106,5320,199.24812030075188,1,eligible,4,mixed_boundary_2024_01,hnb-media,HNB_MEDIA,2026-09-21.1,1.0,HNB_MEDIA_INDICATORS_1.0,descriptive_archive_counts_not_independently_validated
pooled,2021-01,2026-08,povijest.hr,0,0,3535,0.0,0,below_ranking_threshold,,mixed_boundary_2024_01,hnb-media,HNB_MEDIA,2026-09-21.1,1.0,HNB_MEDIA_INDICATORS_1.0,descriptive_archive_counts_not_independently_validated
pooled,2021-01,2026-08,pozega.eu,7,7,15293,4.577257568822337,0,below_ranking_threshold,,mixed_boundary_2024_01,hnb-media,HNB_MEDIA,2026-09-21.1,1.0,HNB_MEDIA_INDICATORS_1.0,descriptive_archive_counts_not_independently_validated
pooled,2021-01,2026-08,pozeska-kronika.hr,11,11,14365,7.657500870170553,0,below_ranking_threshold,,mixed_boundary_2024_01,hnb-media,HNB_MEDIA,2026-09-21.1,1.0,HNB_MEDIA_INDICATORS_1.0,descriptive_archive_counts_not_independently_validated
pooled,2021-01,2026-08,pozeski.hr,16,16,12725,12.573673870333987,0,below_ranking_threshold,,mixed_boundary_2024_01,hnb-media,HNB_MEDIA,2026-09-21.1,1.0,HNB_MEDIA_INDICATORS_1.0,descriptive_archive_counts_not_independently_validated
pooled,2021-01,2026-08,pozeskivodic.com,0,0,723,0.0,0,below_ranking_threshold,,mixed_boundary_2024_01,hnb-media,HNB_MEDIA,2026-09-21.1,1.0,HNB_MEDIA_INDICATORS_1.0,descriptive_archive_counts_not_independently_validated
pooled,2021-01,2026-08,press032.com,4,4,8275,4.833836858006042,0,below_ranking_threshold,,mixed_boundary_2024_01,hnb-media,HNB_MEDIA,2026-09-21.1,1.0,HNB_MEDIA_INDICATORS_1.0,descriptive_archive_counts_not_independently_validated
pooled,2021-01,2026-08,prglas.com,3,3,404,74.25742574257426,0,below_ranking_threshold,,mixed_boundary_2024_01,hnb-media,HNB_MEDIA,2026-09-21.1,1.0,HNB_MEDIA_INDICATORS_1.0,descriptive_archive_counts_not_independently_validated
pooled,2021-01,2026-08,prigorski.hr,559,559,155644,35.91529387576778,1,eligible,45,mixed_boundary_2024_01,hnb-media,HNB_MEDIA,2026-09-21.1,1.0,HNB_MEDIA_INDICATORS_1.0,descriptive_archive_counts_not_independently_validated
pooled,2021-01,2026-08,prigorskiradio.hr,3,3,1158,25.906735751295336,0,below_ranking_threshold,,mixed_boundary_2024_01,hnb-media,HNB_MEDIA,2026-09-21.1,1.0,HNB_MEDIA_INDICATORS_1.0,descriptive_archive_counts_not_independently_validated
pooled,2021-01,2026-08,promise.hr,30,30,1700,176.47058823529412,0,below_ranking_threshold,,mixed_boundary_2024_01,hnb-media,HNB_MEDIA,2026-09-21.1,1.0,HNB_MEDIA_INDICATORS_1.0,descriptive_archive_counts_not_independently_validated
pooled,2021-01,2026-08,ps-portal.eu,5,5,3945,12.67427122940431,0,below_ranking_threshold,,mixed_boundary_2024_01,hnb-media,HNB_MEDIA,2026-09-21.1,1.0,HNB_MEDIA_INDICATORS_1.0,descriptive_archive_counts_not_independently_validated
pooled,2021-01,2026-08,pulskasvakodnevnica.com,0,0,7,0.0,0,below_ranking_threshold,,mixed_boundary_2024_01,hnb-media,HNB_MEDIA,2026-09-21.1,1.0,HNB_MEDIA_INDICATORS_1.0,descriptive_archive_counts_not_independently_validated
pooled,2021-01,2026-08,rabdanas.hr,0,0,18,0.0,0,below_ranking_threshold,,mixed_boundary_2024_01,hnb-media,HNB_MEDIA,2026-09-21.1,1.0,HNB_MEDIA_INDICATORS_1.0,descriptive_archive_counts_not_independently_validated
pooled,2021-01,2026-08,radio-banovina.hr,127,127,20386,62.29765525360541,1,eligible,22,mixed_boundary_2024_01,hnb-media,HNB_MEDIA,2026-09-21.1,1.0,HNB_MEDIA_INDICATORS_1.0,descriptive_archive_counts_not_independently_validated
pooled,2021-01,2026-08,radio-borovo.hr,0,0,11,0.0,0,below_ranking_threshold,,mixed_boundary_2024_01,hnb-media,HNB_MEDIA,2026-09-21.1,1.0,HNB_MEDIA_INDICATORS_1.0,descriptive_archive_counts_not_independently_validated
pooled,2021-01,2026-08,radio-gospic.com,0,0,3,0.0,0,below_ranking_threshold,,mixed_boundary_2024_01,hnb-media,HNB_MEDIA,2026-09-21.1,1.0,HNB_MEDIA_INDICATORS_1.0,descriptive_archive_counts_not_independently_validated
pooled,2021-01,2026-08,radio-mreznica.hr,9,9,13425,6.70391061452514,0,below_ranking_threshold,,mixed_boundary_2024_01,hnb-media,HNB_MEDIA,2026-09-21.1,1.0,HNB_MEDIA_INDICATORS_1.0,descriptive_archive_counts_not_independently_validated
pooled,2021-01,2026-08,radio105.hr,0,0,2,0.0,0,below_ranking_threshold,,mixed_boundary_2024_01,hnb-media,HNB_MEDIA,2026-09-21.1,1.0,HNB_MEDIA_INDICATORS_1.0,descriptive_archive_counts_not_independently_validated
pooled,2021-01,2026-08,radio808.com,12,12,161,745.3416149068323,0,below_ranking_threshold,,mixed_boundary_2024_01,hnb-media,HNB_MEDIA,2026-09-21.1,1.0,HNB_MEDIA_INDICATORS_1.0,descriptive_archive_counts_not_independently_validated
pooled,2021-01,2026-08,radiong.hr,37,37,13352,27.711204313960454,0,below_ranking_threshold,,mixed_boundary_2024_01,hnb-media,HNB_MEDIA,2026-09-21.1,1.0,HNB_MEDIA_INDICATORS_1.0,descriptive_archive_counts_not_independently_validated
pooled,2021-01,2026-08,radiopag.hr,1,1,2618,3.819709702062643,0,below_ranking_threshold,,mixed_boundary_2024_01,hnb-media,HNB_MEDIA,2026-09-21.1,1.0,HNB_MEDIA_INDICATORS_1.0,descriptive_archive_counts_not_independently_validated
pooled,2021-01,2026-08,radioprkos.hr,0,0,21,0.0,0,below_ranking_threshold,,mixed_boundary_2024_01,hnb-media,HNB_MEDIA,2026-09-21.1,1.0,HNB_MEDIA_INDICATORS_1.0,descriptive_archive_counts_not_independently_validated
pooled,2021-01,2026-08,radiosamobor.hr,1,1,5386,1.856665428889714,0,below_ranking_threshold,,mixed_boundary_2024_01,hnb-media,HNB_MEDIA,2026-09-21.1,1.0,HNB_MEDIA_INDICATORS_1.0,descriptive_archive_counts_not_independently_validated
pooled,2021-01,2026-08,radiostudent.hr,0,0,76,0.0,0,below_ranking_threshold,,mixed_boundary_2024_01,hnb-media,HNB_MEDIA,2026-09-21.1,1.0,HNB_MEDIA_INDICATORS_1.0,descriptive_archive_counts_not_independently_validated
pooled,2021-01,2026-08,radnickaprava.org,2,2,1016,19.68503937007874,0,below_ranking_threshold,,mixed_boundary_2024_01,hnb-media,HNB_MEDIA,2026-09-21.1,1.0,HNB_MEDIA_INDICATORS_1.0,descriptive_archive_counts_not_independently_validated
pooled,2021-01,2026-08,ravnododna.com,0,0,17222,0.0,0,below_ranking_threshold,,mixed_boundary_2024_01,hnb-media,HNB_MEDIA,2026-09-21.1,1.0,HNB_MEDIA_INDICATORS_1.0,descriptive_archive_counts_not_independently_validated
pooled,2021-01,2026-08,razvojni.hr,0,0,1,0.0,0,below_ranking_threshold,,mixed_boundary_2024_01,hnb-media,HNB_MEDIA,2026-09-21.1,1.0,HNB_MEDIA_INDICATORS_1.0,descriptive_archive_counts_not_independently_validated
pooled,2021-01,2026-08,reci.hr,0,0,629,0.0,0,below_ranking_threshold,,mixed_boundary_2024_01,hnb-media,HNB_MEDIA,2026-09-21.1,1.0,HNB_MEDIA_INDICATORS_1.0,descriptive_archive_counts_not_independently_validated
pooled,2021-01,2026-08,regionalexpress.hr,15,15,6962,21.545532892846882,0,below_ranking_threshold,,mixed_boundary_2024_01,hnb-media,HNB_MEDIA,2026-09-21.1,1.0,HNB_MEDIA_INDICATORS_1.0,descriptive_archive_counts_not_independently_validated
pooled,2021-01,2026-08,regionalni.com,63,63,33803,18.637399047421827,1,eligible,72,mixed_boundary_2024_01,hnb-media,HNB_MEDIA,2026-09-21.1,1.0,HNB_MEDIA_INDICATORS_1.0,descriptive_archive_counts_not_independently_validated
pooled,2021-01,2026-08,regionalni.hr,8,8,2801,28.56122813280971,0,below_ranking_threshold,,mixed_boundary_2024_01,hnb-media,HNB_MEDIA,2026-09-21.1,1.0,HNB_MEDIA_INDICATORS_1.0,descriptive_archive_counts_not_independently_validated
pooled,2021-01,2026-08,rep.hr,15,15,4327,34.666050381326556,0,below_ranking_threshold,,mixed_boundary_2024_01,hnb-media,HNB_MEDIA,2026-09-21.1,1.0,HNB_MEDIA_INDICATORS_1.0,descriptive_archive_counts_not_independently_validated
pooled,2021-01,2026-08,reporter.hr,0,0,3,0.0,0,below_ranking_threshold,,mixed_boundary_2024_01,hnb-media,HNB_MEDIA,2026-09-21.1,1.0,HNB_MEDIA_INDICATORS_1.0,descriptive_archive_counts_not_independently_validated
pooled,2021-01,2026-08,restartaj.org,0,0,15,0.0,0,below_ranking_threshold,,mixed_boundary_2024_01,hnb-media,HNB_MEDIA,2026-09-21.1,1.0,HNB_MEDIA_INDICATORS_1.0,descriptive_archive_counts_not_independently_validated
pooled,2021-01,2026-08,rijekadanas.com,16,16,38473,4.158760689314584,0,below_ranking_threshold,,mixed_boundary_2024_01,hnb-media,HNB_MEDIA,2026-09-21.1,1.0,HNB_MEDIA_INDICATORS_1.0,descriptive_archive_counts_not_independently_validated
pooled,2021-01,2026-08,riprsten.com,1,1,3011,3.3211557622052474,0,below_ranking_threshold,,mixed_boundary_2024_01,hnb-media,HNB_MEDIA,2026-09-21.1,1.0,HNB_MEDIA_INDICATORS_1.0,descriptive_archive_counts_not_independently_validated
pooled,2021-01,2026-08,rivijeranews.hr,0,0,99,0.0,0,below_ranking_threshold,,mixed_boundary_2024_01,hnb-media,HNB_MEDIA,2026-09-21.1,1.0,HNB_MEDIA_INDICATORS_1.0,descriptive_archive_counts_not_independently_validated
pooled,2021-01,2026-08,romi.hr,0,0,242,0.0,0,below_ranking_threshold,,mixed_boundary_2024_01,hnb-media,HNB_MEDIA,2026-09-21.1,1.0,HNB_MEDIA_INDICATORS_1.0,descriptive_archive_counts_not_independently_validated
pooled,2021-01,2026-08,rtl.hr,313,313,118176,26.485919306796642,1,eligible,60,mixed_boundary_2024_01,hnb-media,HNB_MEDIA,2026-09-21.1,1.0,HNB_MEDIA_INDICATORS_1.0,descriptive_archive_counts_not_independently_validated
pooled,2021-01,2026-08,sabh.hr,10,10,3857,25.926886180969664,0,below_ranking_threshold,,mixed_boundary_2024_01,hnb-media,HNB_MEDIA,2026-09-21.1,1.0,HNB_MEDIA_INDICATORS_1.0,descriptive_archive_counts_not_independently_validated
pooled,2021-01,2026-08,savjeti.hr,9,9,468,192.30769230769232,0,below_ranking_threshold,,mixed_boundary_2024_01,hnb-media,HNB_MEDIA,2026-09-21.1,1.0,HNB_MEDIA_INDICATORS_1.0,descriptive_archive_counts_not_independently_validated
pooled,2021-01,2026-08,scubalife.hr,0,0,1885,0.0,0,below_ranking_threshold,,mixed_boundary_2024_01,hnb-media,HNB_MEDIA,2026-09-21.1,1.0,HNB_MEDIA_INDICATORS_1.0,descriptive_archive_counts_not_independently_validated
pooled,2021-01,2026-08,senjskabura.hr,1,1,1131,8.841732979664014,0,below_ranking_threshold,,mixed_boundary_2024_01,hnb-media,HNB_MEDIA,2026-09-21.1,1.0,HNB_MEDIA_INDICATORS_1.0,descriptive_archive_counts_not_independently_validated
pooled,2021-01,2026-08,sesvete-danas.hr,5,5,3608,13.858093126385809,0,below_ranking_threshold,,mixed_boundary_2024_01,hnb-media,HNB_MEDIA,2026-09-21.1,1.0,HNB_MEDIA_INDICATORS_1.0,descriptive_archive_counts_not_independently_validated
pooled,2021-01,2026-08,she.hr,5,5,12898,3.876570010854396,0,below_ranking_threshold,,mixed_boundary_2024_01,hnb-media,HNB_MEDIA,2026-09-21.1,1.0,HNB_MEDIA_INDICATORS_1.0,descriptive_archive_counts_not_independently_validated
pooled,2021-01,2026-08,sibenik.in,283,283,78513,36.044986180632506,1,eligible,44,mixed_boundary_2024_01,hnb-media,HNB_MEDIA,2026-09-21.1,1.0,HNB_MEDIA_INDICATORS_1.0,descriptive_archive_counts_not_independently_validated
pooled,2021-01,2026-08,sibenskikanal.hr,0,0,1402,0.0,0,below_ranking_threshold,,mixed_boundary_2024_01,hnb-media,HNB_MEDIA,2026-09-21.1,1.0,HNB_MEDIA_INDICATORS_1.0,descriptive_archive_counts_not_independently_validated
pooled,2021-01,2026-08,sibenskiportal.hr,35,35,30012,11.662001865920299,0,below_ranking_threshold,,mixed_boundary_2024_01,hnb-media,HNB_MEDIA,2026-09-21.1,1.0,HNB_MEDIA_INDICATORS_1.0,descriptive_archive_counts_not_independently_validated
pooled,2021-01,2026-08,sinjskarera.hr,2,2,9122,2.1925016443762333,0,below_ranking_threshold,,mixed_boundary_2024_01,hnb-media,HNB_MEDIA,2026-09-21.1,1.0,HNB_MEDIA_INDICATORS_1.0,descriptive_archive_counts_not_independently_validated
pooled,2021-01,2026-08,sisak.info,4,4,10676,3.7467216185837393,0,below_ranking_threshold,,mixed_boundary_2024_01,hnb-media,HNB_MEDIA,2026-09-21.1,1.0,HNB_MEDIA_INDICATORS_1.0,descriptive_archive_counts_not_independently_validated
pooled,2021-01,2026-08,sisakportal.hr,1,1,6903,1.4486455164421266,0,below_ranking_threshold,,mixed_boundary_2024_01,hnb-media,HNB_MEDIA,2026-09-21.1,1.0,HNB_MEDIA_INDICATORS_1.0,descriptive_archive_counts_not_independently_validated
pooled,2021-01,2026-08,sjever.hr,86,86,48858,17.602030373736135,1,eligible,74,mixed_boundary_2024_01,hnb-media,HNB_MEDIA,2026-09-21.1,1.0,HNB_MEDIA_INDICATORS_1.0,descriptive_archive_counts_not_independently_validated
pooled,2021-01,2026-08,sjeverni.info,87,87,34010,25.580711555424877,1,eligible,63,mixed_boundary_2024_01,hnb-media,HNB_MEDIA,2026-09-21.1,1.0,HNB_MEDIA_INDICATORS_1.0,descriptive_archive_counts_not_independently_validated
pooled,2021-01,2026-08,sjeverozapad.hr,0,0,1,0.0,0,below_ranking_threshold,,mixed_boundary_2024_01,hnb-media,HNB_MEDIA,2026-09-21.1,1.0,HNB_MEDIA_INDICATORS_1.0,descriptive_archive_counts_not_independently_validated
pooled,2021-01,2026-08,skitnice.hr,0,0,5,0.0,0,below_ranking_threshold,,mixed_boundary_2024_01,hnb-media,HNB_MEDIA,2026-09-21.1,1.0,HNB_MEDIA_INDICATORS_1.0,descriptive_archive_counts_not_independently_validated
pooled,2021-01,2026-08,slavonijainfo.com,65,65,16386,39.6680092762114,1,eligible,42,mixed_boundary_2024_01,hnb-media,HNB_MEDIA,2026-09-21.1,1.0,HNB_MEDIA_INDICATORS_1.0,descriptive_archive_counts_not_independently_validated
pooled,2021-01,2026-08,slavonski.hr,3,3,3438,8.726003490401396,0,below_ranking_threshold,,mixed_boundary_2024_01,hnb-media,HNB_MEDIA,2026-09-21.1,1.0,HNB_MEDIA_INDICATORS_1.0,descriptive_archive_counts_not_independently_validated
pooled,2021-01,2026-08,sloboda.hr,19,19,1258,151.03338632750396,0,below_ranking_threshold,,mixed_boundary_2024_01,hnb-media,HNB_MEDIA,2026-09-21.1,1.0,HNB_MEDIA_INDICATORS_1.0,descriptive_archive_counts_not_independently_validated
pooled,2021-01,2026-08,slobodnadalmacija.hr,1087,1087,448281,24.24818361697239,1,eligible,64,mixed_boundary_2024_01,hnb-media,HNB_MEDIA,2026-09-21.1,1.0,HNB_MEDIA_INDICATORS_1.0,descriptive_archive_counts_not_independently_validated
pooled,2021-01,2026-08,sound-report.com,0,0,2704,0.0,0,below_ranking_threshold,,mixed_boundary_2024_01,hnb-media,HNB_MEDIA,2026-09-21.1,1.0,HNB_MEDIA_INDICATORS_1.0,descriptive_archive_counts_not_independently_validated
pooled,2021-01,2026-08,split.com.hr,1,1,1916,5.219206680584551,0,below_ranking_threshold,,mixed_boundary_2024_01,hnb-media,HNB_MEDIA,2026-09-21.1,1.0,HNB_MEDIA_INDICATORS_1.0,descriptive_archive_counts_not_independently_validated
pooled,2021-01,2026-08,sportalo.hr,1,1,19059,0.5246864998163597,0,below_ranking_threshold,,mixed_boundary_2024_01,hnb-media,HNB_MEDIA,2026-09-21.1,1.0,HNB_MEDIA_INDICATORS_1.0,descriptive_archive_counts_not_independently_validated
pooled,2021-01,2026-08,sportcom.hr,3,3,34941,0.8585901948999742,0,below_ranking_threshold,,mixed_boundary_2024_01,hnb-media,HNB_MEDIA,2026-09-21.1,1.0,HNB_MEDIA_INDICATORS_1.0,descriptive_archive_counts_not_independently_validated
pooled,2021-01,2026-08,sportnet.hr,0,0,42385,0.0,0,below_ranking_threshold,,mixed_boundary_2024_01,hnb-media,HNB_MEDIA,2026-09-21.1,1.0,HNB_MEDIA_INDICATORS_1.0,descriptive_archive_counts_not_independently_validated
pooled,2021-01,2026-08,sportnews.hr,1,1,2746,3.641660597232338,0,below_ranking_threshold,,mixed_boundary_2024_01,hnb-media,HNB_MEDIA,2026-09-21.1,1.0,HNB_MEDIA_INDICATORS_1.0,descriptive_archive_counts_not_independently_validated
pooled,2021-01,2026-08,srbi.hr,0,0,575,0.0,0,below_ranking_threshold,,mixed_boundary_2024_01,hnb-media,HNB_MEDIA,2026-09-21.1,1.0,HNB_MEDIA_INDICATORS_1.0,descriptive_archive_counts_not_independently_validated
pooled,2021-01,2026-08,srednja.hr,22,22,22230,9.896536212325685,0,below_ranking_threshold,,mixed_boundary_2024_01,hnb-media,HNB_MEDIA,2026-09-21.1,1.0,HNB_MEDIA_INDICATORS_1.0,descriptive_archive_counts_not_independently_validated
pooled,2021-01,2026-08,startnews.hr,15,15,3159,47.48338081671415,0,below_ranking_threshold,,mixed_boundary_2024_01,hnb-media,HNB_MEDIA,2026-09-21.1,1.0,HNB_MEDIA_INDICATORS_1.0,descriptive_archive_counts_not_independently_validated
pooled,2021-01,2026-08,story.hr,19,19,96218,1.9746824918414434,0,below_ranking_threshold,,mixed_boundary_2024_01,hnb-media,HNB_MEDIA,2026-09-21.1,1.0,HNB_MEDIA_INDICATORS_1.0,descriptive_archive_counts_not_independently_validated
pooled,2021-01,2026-08,storybook.hr,0,0,1,0.0,0,below_ranking_threshold,,mixed_boundary_2024_01,hnb-media,HNB_MEDIA,2026-09-21.1,1.0,HNB_MEDIA_INDICATORS_1.0,descriptive_archive_counts_not_independently_validated
pooled,2021-01,2026-08,stratego.hr,1,1,38,263.1578947368421,0,below_ranking_threshold,,mixed_boundary_2024_01,hnb-media,HNB_MEDIA,2026-09-21.1,1.0,HNB_MEDIA_INDICATORS_1.0,descriptive_archive_counts_not_independently_validated
pooled,2021-01,2026-08,studentski.hr,53,53,25069,21.141649048625794,1,eligible,68,mixed_boundary_2024_01,hnb-media,HNB_MEDIA,2026-09-21.1,1.0,HNB_MEDIA_INDICATORS_1.0,descriptive_archive_counts_not_independently_validated
pooled,2021-01,2026-08,studioeuropa.online,2,2,107,186.9158878504673,0,below_ranking_threshold,,mixed_boundary_2024_01,hnb-media,HNB_MEDIA,2026-09-21.1,1.0,HNB_MEDIA_INDICATORS_1.0,descriptive_archive_counts_not_independently_validated
pooled,2021-01,2026-08,stv.hr,8,8,8300,9.63855421686747,0,below_ranking_threshold,,mixed_boundary_2024_01,hnb-media,HNB_MEDIA,2026-09-21.1,1.0,HNB_MEDIA_INDICATORS_1.0,descriptive_archive_counts_not_independently_validated
pooled,2021-01,2026-08,superportal.hr,19,19,11099,17.11865933867916,0,below_ranking_threshold,,mixed_boundary_2024_01,hnb-media,HNB_MEDIA,2026-09-21.1,1.0,HNB_MEDIA_INDICATORS_1.0,descriptive_archive_counts_not_independently_validated
pooled,2021-01,2026-08,svijet.hr,66,66,5881,112.22581193674546,1,eligible,7,mixed_boundary_2024_01,hnb-media,HNB_MEDIA,2026-09-21.1,1.0,HNB_MEDIA_INDICATORS_1.0,descriptive_archive_counts_not_independently_validated
pooled,2021-01,2026-08,svijetsigurnosti.com,4,4,972,41.1522633744856,0,below_ranking_threshold,,mixed_boundary_2024_01,hnb-media,HNB_MEDIA,2026-09-21.1,1.0,HNB_MEDIA_INDICATORS_1.0,descriptive_archive_counts_not_independently_validated
pooled,2021-01,2026-08,teklic.hr,46,46,32163,14.302148431427417,0,below_ranking_threshold,,mixed_boundary_2024_01,hnb-media,HNB_MEDIA,2026-09-21.1,1.0,HNB_MEDIA_INDICATORS_1.0,descriptive_archive_counts_not_independently_validated
pooled,2021-01,2026-08,telegram.hr,868,868,177020,49.03400745678454,1,eligible,29,mixed_boundary_2024_01,hnb-media,HNB_MEDIA,2026-09-21.1,1.0,HNB_MEDIA_INDICATORS_1.0,descriptive_archive_counts_not_independently_validated
pooled,2021-01,2026-08,teleskop.hr,158,158,16935,93.29790374963095,1,eligible,10,mixed_boundary_2024_01,hnb-media,HNB_MEDIA,2026-09-21.1,1.0,HNB_MEDIA_INDICATORS_1.0,descriptive_archive_counts_not_independently_validated
pooled,2021-01,2026-08,thebestshop.hr,0,0,259,0.0,0,below_ranking_threshold,,mixed_boundary_2024_01,hnb-media,HNB_MEDIA,2026-09-21.1,1.0,HNB_MEDIA_INDICATORS_1.0,descriptive_archive_counts_not_independently_validated
pooled,2021-01,2026-08,thedubrovniktimes.com,4,4,423,94.56264775413712,0,below_ranking_threshold,,mixed_boundary_2024_01,hnb-media,HNB_MEDIA,2026-09-21.1,1.0,HNB_MEDIA_INDICATORS_1.0,descriptive_archive_counts_not_independently_validated
pooled,2021-01,2026-08,tiramola-media.info,2,2,1332,15.015015015015015,0,below_ranking_threshold,,mixed_boundary_2024_01,hnb-media,HNB_MEDIA,2026-09-21.1,1.0,HNB_MEDIA_INDICATORS_1.0,descriptive_archive_counts_not_independently_validated
pooled,2021-01,2026-08,tjedno.hr,7,7,2531,27.657052548399843,0,below_ranking_threshold,,mixed_boundary_2024_01,hnb-media,HNB_MEDIA,2026-09-21.1,1.0,HNB_MEDIA_INDICATORS_1.0,descriptive_archive_counts_not_independently_validated
pooled,2021-01,2026-08,tockanai.hr,216,216,7821,276.1795166858458,1,eligible,1,mixed_boundary_2024_01,hnb-media,HNB_MEDIA,2026-09-21.1,1.0,HNB_MEDIA_INDICATORS_1.0,descriptive_archive_counts_not_independently_validated
pooled,2021-01,2026-08,torpedo.media,30,30,36969,8.114907084313884,0,below_ranking_threshold,,mixed_boundary_2024_01,hnb-media,HNB_MEDIA,2026-09-21.1,1.0,HNB_MEDIA_INDICATORS_1.0,descriptive_archive_counts_not_independently_validated
pooled,2021-01,2026-08,total-croatia-news.com,0,0,1,0.0,0,below_ranking_threshold,,mixed_boundary_2024_01,hnb-media,HNB_MEDIA,2026-09-21.1,1.0,HNB_MEDIA_INDICATORS_1.0,descriptive_archive_counts_not_independently_validated
pooled,2021-01,2026-08,totalinfo.hr,386,386,49772,77.55364461946476,1,eligible,14,mixed_boundary_2024_01,hnb-media,HNB_MEDIA,2026-09-21.1,1.0,HNB_MEDIA_INDICATORS_1.0,descriptive_archive_counts_not_independently_validated
pooled,2021-01,2026-08,tportal.hr,1694,1694,356816,47.47544953141115,1,eligible,32,mixed_boundary_2024_01,hnb-media,HNB_MEDIA,2026-09-21.1,1.0,HNB_MEDIA_INDICATORS_1.0,descriptive_archive_counts_not_independently_validated
pooled,2021-01,2026-08,trend.com.hr,8,8,13977,5.723688917507333,0,below_ranking_threshold,,mixed_boundary_2024_01,hnb-media,HNB_MEDIA,2026-09-21.1,1.0,HNB_MEDIA_INDICATORS_1.0,descriptive_archive_counts_not_independently_validated
pooled,2021-01,2026-08,tris.com.hr,50,50,5573,89.71828458639871,1,eligible,11,mixed_boundary_2024_01,hnb-media,HNB_MEDIA,2026-09-21.1,1.0,HNB_MEDIA_INDICATORS_1.0,descriptive_archive_counts_not_independently_validated
pooled,2021-01,2026-08,tunera.info,1,1,11863,0.8429570934839417,0,below_ranking_threshold,,mixed_boundary_2024_01,hnb-media,HNB_MEDIA,2026-09-21.1,1.0,HNB_MEDIA_INDICATORS_1.0,descriptive_archive_counts_not_independently_validated
pooled,2021-01,2026-08,turistickeprice.hr,0,0,2813,0.0,0,below_ranking_threshold,,mixed_boundary_2024_01,hnb-media,HNB_MEDIA,2026-09-21.1,1.0,HNB_MEDIA_INDICATORS_1.0,descriptive_archive_counts_not_independently_validated
pooled,2021-01,2026-08,turizam.media,0,0,3,0.0,0,below_ranking_threshold,,mixed_boundary_2024_01,hnb-media,HNB_MEDIA,2026-09-21.1,1.0,HNB_MEDIA_INDICATORS_1.0,descriptive_archive_counts_not_independently_validated
pooled,2021-01,2026-08,turizmoteka.hr,55,55,12595,43.66812227074236,1,eligible,36,mixed_boundary_2024_01,hnb-media,HNB_MEDIA,2026-09-21.1,1.0,HNB_MEDIA_INDICATORS_1.0,descriptive_archive_counts_not_independently_validated
pooled,2021-01,2026-08,valpovstina.info,2,2,4911,4.072490327835472,0,below_ranking_threshold,,mixed_boundary_2024_01,hnb-media,HNB_MEDIA,2026-09-21.1,1.0,HNB_MEDIA_INDICATORS_1.0,descriptive_archive_counts_not_independently_validated
pooled,2021-01,2026-08,varazdin-express.com.hr,0,0,6,0.0,0,below_ranking_threshold,,mixed_boundary_2024_01,hnb-media,HNB_MEDIA,2026-09-21.1,1.0,HNB_MEDIA_INDICATORS_1.0,descriptive_archive_counts_not_independently_validated
pooled,2021-01,2026-08,varazdinske-vijesti.hr,83,83,54195,15.315065965494972,1,eligible,77,mixed_boundary_2024_01,hnb-media,HNB_MEDIA,2026-09-21.1,1.0,HNB_MEDIA_INDICATORS_1.0,descriptive_archive_counts_not_independently_validated
pooled,2021-01,2026-08,vecernji.hr,1189,1189,370218,32.1162126098677,1,eligible,52,mixed_boundary_2024_01,hnb-media,HNB_MEDIA,2026-09-21.1,1.0,HNB_MEDIA_INDICATORS_1.0,descriptive_archive_counts_not_independently_validated
pooled,2021-01,2026-08,vgdanas.hr,4,4,17461,2.290819540690682,0,below_ranking_threshold,,mixed_boundary_2024_01,hnb-media,HNB_MEDIA,2026-09-21.1,1.0,HNB_MEDIA_INDICATORS_1.0,descriptive_archive_counts_not_independently_validated
pooled,2021-01,2026-08,vgradu.hr,0,0,5,0.0,0,below_ranking_threshold,,mixed_boundary_2024_01,hnb-media,HNB_MEDIA,2026-09-21.1,1.0,HNB_MEDIA_INDICATORS_1.0,descriptive_archive_counts_not_independently_validated
pooled,2021-01,2026-08,vidi.hr,7,7,8631,8.110300081103,0,below_ranking_threshold,,mixed_boundary_2024_01,hnb-media,HNB_MEDIA,2026-09-21.1,1.0,HNB_MEDIA_INDICATORS_1.0,descriptive_archive_counts_not_independently_validated
pooled,2021-01,2026-08,vinkulja.hr,28,28,12268,22.823606129768503,0,below_ranking_threshold,,mixed_boundary_2024_01,hnb-media,HNB_MEDIA,2026-09-21.1,1.0,HNB_MEDIA_INDICATORS_1.0,descriptive_archive_counts_not_independently_validated
pooled,2021-01,2026-08,virovitica.net,15,15,3445,43.54136429608128,0,below_ranking_threshold,,mixed_boundary_2024_01,hnb-media,HNB_MEDIA,2026-09-21.1,1.0,HNB_MEDIA_INDICATORS_1.0,descriptive_archive_counts_not_independently_validated
pooled,2021-01,2026-08,vitamini.hr,0,0,34,0.0,0,below_ranking_threshold,,mixed_boundary_2024_01,hnb-media,HNB_MEDIA,2026-09-21.1,1.0,HNB_MEDIA_INDICATORS_1.0,descriptive_archive_counts_not_independently_validated
pooled,2021-01,2026-08,vizkultura.hr,0,0,982,0.0,0,below_ranking_threshold,,mixed_boundary_2024_01,hnb-media,HNB_MEDIA,2026-09-21.1,1.0,HNB_MEDIA_INDICATORS_1.0,descriptive_archive_counts_not_independently_validated
pooled,2021-01,2026-08,vjera.hr,0,0,20,0.0,0,below_ranking_threshold,,mixed_boundary_2024_01,hnb-media,HNB_MEDIA,2026-09-21.1,1.0,HNB_MEDIA_INDICATORS_1.0,descriptive_archive_counts_not_independently_validated
pooled,2021-01,2026-08,vodnjanski.info,1,1,415,24.096385542168676,0,below_ranking_threshold,,mixed_boundary_2024_01,hnb-media,HNB_MEDIA,2026-09-21.1,1.0,HNB_MEDIA_INDICATORS_1.0,descriptive_archive_counts_not_independently_validated
pooled,2021-01,2026-08,vogueadria.com,0,0,9318,0.0,0,below_ranking_threshold,,mixed_boundary_2024_01,hnb-media,HNB_MEDIA,2026-09-21.1,1.0,HNB_MEDIA_INDICATORS_1.0,descriptive_archive_counts_not_independently_validated
pooled,2021-01,2026-08,volimivanic.info,0,0,2014,0.0,0,below_ranking_threshold,,mixed_boundary_2024_01,hnb-media,HNB_MEDIA,2026-09-21.1,1.0,HNB_MEDIA_INDICATORS_1.0,descriptive_archive_counts_not_independently_validated
pooled,2021-01,2026-08,voxfeminae.net,1,1,1474,6.784260515603799,0,below_ranking_threshold,,mixed_boundary_2024_01,hnb-media,HNB_MEDIA,2026-09-21.1,1.0,HNB_MEDIA_INDICATORS_1.0,descriptive_archive_counts_not_independently_validated
pooled,2021-01,2026-08,vzaktualno.hr,55,55,31232,17.610143442622952,1,eligible,73,mixed_boundary_2024_01,hnb-media,HNB_MEDIA,2026-09-21.1,1.0,HNB_MEDIA_INDICATORS_1.0,descriptive_archive_counts_not_independently_validated
pooled,2021-01,2026-08,wall.hr,0,0,3232,0.0,0,below_ranking_threshold,,mixed_boundary_2024_01,hnb-media,HNB_MEDIA,2026-09-21.1,1.0,HNB_MEDIA_INDICATORS_1.0,descriptive_archive_counts_not_independently_validated
pooled,2021-01,2026-08,womeninadria.com,56,56,8106,69.08462867012089,1,eligible,19,mixed_boundary_2024_01,hnb-media,HNB_MEDIA,2026-09-21.1,1.0,HNB_MEDIA_INDICATORS_1.0,descriptive_archive_counts_not_independently_validated
pooled,2021-01,2026-08,xpress.hr,0,0,30,0.0,0,below_ranking_threshold,,mixed_boundary_2024_01,hnb-media,HNB_MEDIA,2026-09-21.1,1.0,HNB_MEDIA_INDICATORS_1.0,descriptive_archive_counts_not_independently_validated
pooled,2021-01,2026-08,zadarnews.hr,2,2,1212,16.501650165016503,0,below_ranking_threshold,,mixed_boundary_2024_01,hnb-media,HNB_MEDIA,2026-09-21.1,1.0,HNB_MEDIA_INDICATORS_1.0,descriptive_archive_counts_not_independently_validated
pooled,2021-01,2026-08,zadarskiportal.com,18,18,7959,22.615906520919715,0,below_ranking_threshold,,mixed_boundary_2024_01,hnb-media,HNB_MEDIA,2026-09-21.1,1.0,HNB_MEDIA_INDICATORS_1.0,descriptive_archive_counts_not_independently_validated
pooled,2021-01,2026-08,zadarskitjednik.hr,29,29,6407,45.26299360074918,0,below_ranking_threshold,,mixed_boundary_2024_01,hnb-media,HNB_MEDIA,2026-09-21.1,1.0,HNB_MEDIA_INDICATORS_1.0,descriptive_archive_counts_not_independently_validated
pooled,2021-01,2026-08,zagorje.com,154,154,64690,23.805843252434688,1,eligible,65,mixed_boundary_2024_01,hnb-media,HNB_MEDIA,2026-09-21.1,1.0,HNB_MEDIA_INDICATORS_1.0,descriptive_archive_counts_not_independently_validated
pooled,2021-01,2026-08,zagreb.info,330,330,90926,36.293249455601256,1,eligible,43,mixed_boundary_2024_01,hnb-media,HNB_MEDIA,2026-09-21.1,1.0,HNB_MEDIA_INDICATORS_1.0,descriptive_archive_counts_not_independently_validated
pooled,2021-01,2026-08,zagrebancija.com,4,4,2723,14.689680499449137,0,below_ranking_threshold,,mixed_boundary_2024_01,hnb-media,HNB_MEDIA,2026-09-21.1,1.0,HNB_MEDIA_INDICATORS_1.0,descriptive_archive_counts_not_independently_validated
pooled,2021-01,2026-08,zagrebi.hr,0,0,143,0.0,0,below_ranking_threshold,,mixed_boundary_2024_01,hnb-media,HNB_MEDIA,2026-09-21.1,1.0,HNB_MEDIA_INDICATORS_1.0,descriptive_archive_counts_not_independently_validated
pooled,2021-01,2026-08,zamaaero.com,0,0,8819,0.0,0,below_ranking_threshold,,mixed_boundary_2024_01,hnb-media,HNB_MEDIA,2026-09-21.1,1.0,HNB_MEDIA_INDICATORS_1.0,descriptive_archive_counts_not_independently_validated
pooled,2021-01,2026-08,zaposlena.hr,2,2,879,22.753128555176335,0,below_ranking_threshold,,mixed_boundary_2024_01,hnb-media,HNB_MEDIA,2026-09-21.1,1.0,HNB_MEDIA_INDICATORS_1.0,descriptive_archive_counts_not_independently_validated
pooled,2021-01,2026-08,zastita.info,36,36,6612,54.4464609800363,0,below_ranking_threshold,,mixed_boundary_2024_01,hnb-media,HNB_MEDIA,2026-09-21.1,1.0,HNB_MEDIA_INDICATORS_1.0,descriptive_archive_counts_not_independently_validated
pooled,2021-01,2026-08,zenskirecenziraj.com,1,1,2677,3.7355248412401942,0,below_ranking_threshold,,mixed_boundary_2024_01,hnb-media,HNB_MEDIA,2026-09-21.1,1.0,HNB_MEDIA_INDICATORS_1.0,descriptive_archive_counts_not_independently_validated
pooled,2021-01,2026-08,zgexpress.net,10,10,5125,19.51219512195122,0,below_ranking_threshold,,mixed_boundary_2024_01,hnb-media,HNB_MEDIA,2026-09-21.1,1.0,HNB_MEDIA_INDICATORS_1.0,descriptive_archive_counts_not_independently_validated
pooled,2021-01,2026-08,zgkult.eu,0,0,1,0.0,0,below_ranking_threshold,,mixed_boundary_2024_01,hnb-media,HNB_MEDIA,2026-09-21.1,1.0,HNB_MEDIA_INDICATORS_1.0,descriptive_archive_counts_not_independently_validated
pooled,2021-01,2026-08,zgprsten.hr,0,0,606,0.0,0,below_ranking_threshold,,mixed_boundary_2024_01,hnb-media,HNB_MEDIA,2026-09-21.1,1.0,HNB_MEDIA_INDICATORS_1.0,descriptive_archive_counts_not_independently_validated
pooled,2021-01,2026-08,ziher.hr,0,0,4140,0.0,0,below_ranking_threshold,,mixed_boundary_2024_01,hnb-media,HNB_MEDIA,2026-09-21.1,1.0,HNB_MEDIA_INDICATORS_1.0,descriptive_archive_counts_not_independently_validated
pooled,2021-01,2026-08,zip.com.hr,0,0,3,0.0,0,below_ranking_threshold,,mixed_boundary_2024_01,hnb-media,HNB_MEDIA,2026-09-21.1,1.0,HNB_MEDIA_INDICATORS_1.0,descriptive_archive_counts_not_independently_validated
pooled,2021-01,2026-08,zmaj.info,0,0,4,0.0,0,below_ranking_threshold,,mixed_boundary_2024_01,hnb-media,HNB_MEDIA,2026-09-21.1,1.0,HNB_MEDIA_INDICATORS_1.0,descriptive_archive_counts_not_independently_validated
pooled,2021-01,2026-08,znet.hr,102,102,12798,79.69995311767464,1,eligible,12,mixed_boundary_2024_01,hnb-media,HNB_MEDIA,2026-09-21.1,1.0,HNB_MEDIA_INDICATORS_1.0,descriptive_archive_counts_not_independently_validated
pooled,2021-01,2026-08,zupan.hr,0,0,4,0.0,0,below_ranking_threshold,,mixed_boundary_2024_01,hnb-media,HNB_MEDIA,2026-09-21.1,1.0,HNB_MEDIA_INDICATORS_1.0,descriptive_archive_counts_not_independently_validated
pooled,2021-01,2026-08,zupanet.hr,0,0,23,0.0,0,below_ranking_threshold,,mixed_boundary_2024_01,hnb-media,HNB_MEDIA,2026-09-21.1,1.0,HNB_MEDIA_INDICATORS_1.0,descriptive_archive_counts_not_independently_validated
pooled,2021-01,2026-08,zupcica.hr,1,1,8456,1.1825922421948911,0,below_ranking_threshold,,mixed_boundary_2024_01,hnb-media,HNB_MEDIA,2026-09-21.1,1.0,HNB_MEDIA_INDICATORS_1.0,descriptive_archive_counts_not_independently_validated
pooled,2021-01,2026-08,zupskiportal.hr,10,10,2324,43.029259896729776,0,below_ranking_threshold,,mixed_boundary_2024_01,hnb-media,HNB_MEDIA,2026-09-21.1,1.0,HNB_MEDIA_INDICATORS_1.0,descriptive_archive_counts_not_independently_validated
legacy,2021-01,2023-12,01portal.hr,107,107,29457,36.3241334827036,1,eligible,36,legacy,hnb-media,HNB_MEDIA,2026-09-21.1,1.0,HNB_MEDIA_INDICATORS_1.0,descriptive_archive_counts_not_independently_validated
legacy,2021-01,2023-12,034portal.hr,116,116,13971,83.02913177295827,1,eligible,10,legacy,hnb-media,HNB_MEDIA,2026-09-21.1,1.0,HNB_MEDIA_INDICATORS_1.0,descriptive_archive_counts_not_independently_validated
legacy,2021-01,2023-12,035portal.hr,38,38,11147,34.089889656409795,0,below_ranking_threshold,,legacy,hnb-media,HNB_MEDIA,2026-09-21.1,1.0,HNB_MEDIA_INDICATORS_1.0,descriptive_archive_counts_not_independently_validated
legacy,2021-01,2023-12,044portal.hr,36,36,9177,39.22850604772802,0,below_ranking_threshold,,legacy,hnb-media,HNB_MEDIA,2026-09-21.1,1.0,HNB_MEDIA_INDICATORS_1.0,descriptive_archive_counts_not_independently_validated
legacy,2021-01,2023-12,057info.hr,21,21,34106,6.157274379874509,0,below_ranking_threshold,,legacy,hnb-media,HNB_MEDIA,2026-09-21.1,1.0,HNB_MEDIA_INDICATORS_1.0,descriptive_archive_counts_not_independently_validated
legacy,2021-01,2023-12,24sata.hr,537,537,222194,24.168069344806792,1,eligible,52,legacy,hnb-media,HNB_MEDIA,2026-09-21.1,1.0,HNB_MEDIA_INDICATORS_1.0,descriptive_archive_counts_not_independently_validated
legacy,2021-01,2023-12,5portal.hr,17,17,13425,12.66294227188082,0,below_ranking_threshold,,legacy,hnb-media,HNB_MEDIA,2026-09-21.1,1.0,HNB_MEDIA_INDICATORS_1.0,descriptive_archive_counts_not_independently_validated
legacy,2021-01,2023-12,7dnevno.hr,389,389,47064,82.65340812510624,1,eligible,11,legacy,hnb-media,HNB_MEDIA,2026-09-21.1,1.0,HNB_MEDIA_INDICATORS_1.0,descriptive_archive_counts_not_independently_validated
legacy,2021-01,2023-12,adria.fun,0,0,156,0.0,0,below_ranking_threshold,,legacy,hnb-media,HNB_MEDIA,2026-09-21.1,1.0,HNB_MEDIA_INDICATORS_1.0,descriptive_archive_counts_not_independently_validated
legacy,2021-01,2023-12,advance.hr,1,1,8579,1.1656370206317752,0,below_ranking_threshold,,legacy,hnb-media,HNB_MEDIA,2026-09-21.1,1.0,HNB_MEDIA_INDICATORS_1.0,descriptive_archive_counts_not_independently_validated
legacy,2021-01,2023-12,after5.hr,0,0,4,0.0,0,below_ranking_threshold,,legacy,hnb-media,HNB_MEDIA,2026-09-21.1,1.0,HNB_MEDIA_INDICATORS_1.0,descriptive_archive_counts_not_independently_validated
legacy,2021-01,2023-12,agroklub.com,3,3,22566,1.329433661260303,0,below_ranking_threshold,,legacy,hnb-media,HNB_MEDIA,2026-09-21.1,1.0,HNB_MEDIA_INDICATORS_1.0,descriptive_archive_counts_not_independently_validated
legacy,2021-01,2023-12,agroportal.hr,0,0,2033,0.0,0,below_ranking_threshold,,legacy,hnb-media,HNB_MEDIA,2026-09-21.1,1.0,HNB_MEDIA_INDICATORS_1.0,descriptive_archive_counts_not_independently_validated
legacy,2021-01,2023-12,aktivirajkarlovac.net,2,2,74,270.27027027027026,0,below_ranking_threshold,,legacy,hnb-media,HNB_MEDIA,2026-09-21.1,1.0,HNB_MEDIA_INDICATORS_1.0,descriptive_archive_counts_not_independently_validated
legacy,2021-01,2023-12,antenazadar.hr,206,206,29910,68.87328652624541,1,eligible,14,legacy,hnb-media,HNB_MEDIA,2026-09-21.1,1.0,HNB_MEDIA_INDICATORS_1.0,descriptive_archive_counts_not_independently_validated
legacy,2021-01,2023-12,apoliticni.hr,1,1,5516,1.8129079042784626,0,below_ranking_threshold,,legacy,hnb-media,HNB_MEDIA,2026-09-21.1,1.0,HNB_MEDIA_INDICATORS_1.0,descriptive_archive_counts_not_independently_validated
legacy,2021-01,2023-12,arhivanalitika.hr,46,46,434,1059.9078341013824,0,below_ranking_threshold,,legacy,hnb-media,HNB_MEDIA,2026-09-21.1,1.0,HNB_MEDIA_INDICATORS_1.0,descriptive_archive_counts_not_independently_validated
legacy,2021-01,2023-12,artkvart.hr,0,0,3,0.0,0,below_ranking_threshold,,legacy,hnb-media,HNB_MEDIA,2026-09-21.1,1.0,HNB_MEDIA_INDICATORS_1.0,descriptive_archive_counts_not_independently_validated
legacy,2021-01,2023-12,autograf.hr,1,1,899,11.123470522803114,0,below_ranking_threshold,,legacy,hnb-media,HNB_MEDIA,2026-09-21.1,1.0,HNB_MEDIA_INDICATORS_1.0,descriptive_archive_counts_not_independently_validated
legacy,2021-01,2023-12,autoportal.hr,0,0,4481,0.0,0,below_ranking_threshold,,legacy,hnb-media,HNB_MEDIA,2026-09-21.1,1.0,HNB_MEDIA_INDICATORS_1.0,descriptive_archive_counts_not_independently_validated
legacy,2021-01,2023-12,b-media.hr,18,18,556,323.7410071942446,0,below_ranking_threshold,,legacy,hnb-media,HNB_MEDIA,2026-09-21.1,1.0,HNB_MEDIA_INDICATORS_1.0,descriptive_archive_counts_not_independently_validated
legacy,2021-01,2023-12,baranjainfo.hr,37,37,6758,54.749926013613496,0,below_ranking_threshold,,legacy,hnb-media,HNB_MEDIA,2026-09-21.1,1.0,HNB_MEDIA_INDICATORS_1.0,descriptive_archive_counts_not_independently_validated
legacy,2021-01,2023-12,basketball.hr,0,0,1845,0.0,0,below_ranking_threshold,,legacy,hnb-media,HNB_MEDIA,2026-09-21.1,1.0,HNB_MEDIA_INDICATORS_1.0,descriptive_archive_counts_not_independently_validated
legacy,2021-01,2023-12,baustela.hr,23,23,5978,38.47440615590499,0,below_ranking_threshold,,legacy,hnb-media,HNB_MEDIA,2026-09-21.1,1.0,HNB_MEDIA_INDICATORS_1.0,descriptive_archive_counts_not_independently_validated
legacy,2021-01,2023-12,bilten.org,7,7,1063,65.8513640639699,0,below_ranking_threshold,,legacy,hnb-media,HNB_MEDIA,2026-09-21.1,1.0,HNB_MEDIA_INDICATORS_1.0,descriptive_archive_counts_not_independently_validated
legacy,2021-01,2023-12,bjelovar.info,0,0,145,0.0,0,below_ranking_threshold,,legacy,hnb-media,HNB_MEDIA,2026-09-21.1,1.0,HNB_MEDIA_INDICATORS_1.0,descriptive_archive_counts_not_independently_validated
legacy,2021-01,2023-12,bjelovar.live,25,25,10284,24.309607156748346,0,below_ranking_threshold,,legacy,hnb-media,HNB_MEDIA,2026-09-21.1,1.0,HNB_MEDIA_INDICATORS_1.0,descriptive_archive_counts_not_independently_validated
legacy,2021-01,2023-12,bjelovarac.hr,4,4,2876,13.908205841446453,0,below_ranking_threshold,,legacy,hnb-media,HNB_MEDIA,2026-09-21.1,1.0,HNB_MEDIA_INDICATORS_1.0,descriptive_archive_counts_not_independently_validated
legacy,2021-01,2023-12,blagamisterije.com,0,0,8,0.0,0,below_ranking_threshold,,legacy,hnb-media,HNB_MEDIA,2026-09-21.1,1.0,HNB_MEDIA_INDICATORS_1.0,descriptive_archive_counts_not_independently_validated
legacy,2021-01,2023-12,bodulija.net,0,0,7,0.0,0,below_ranking_threshold,,legacy,hnb-media,HNB_MEDIA,2026-09-21.1,1.0,HNB_MEDIA_INDICATORS_1.0,descriptive_archive_counts_not_independently_validated
legacy,2021-01,2023-12,boljani.info,0,0,1,0.0,0,below_ranking_threshold,,legacy,hnb-media,HNB_MEDIA,2026-09-21.1,1.0,HNB_MEDIA_INDICATORS_1.0,descriptive_archive_counts_not_independently_validated
legacy,2021-01,2023-12,book.hr,0,0,347,0.0,0,below_ranking_threshold,,legacy,hnb-media,HNB_MEDIA,2026-09-21.1,1.0,HNB_MEDIA_INDICATORS_1.0,descriptive_archive_counts_not_independently_validated
legacy,2021-01,2023-12,booksa.hr,0,0,2335,0.0,0,below_ranking_threshold,,legacy,hnb-media,HNB_MEDIA,2026-09-21.1,1.0,HNB_MEDIA_INDICATORS_1.0,descriptive_archive_counts_not_independently_validated
legacy,2021-01,2023-12,braniteljski-portal.com,15,15,3293,45.551169146674766,0,below_ranking_threshold,,legacy,hnb-media,HNB_MEDIA,2026-09-21.1,1.0,HNB_MEDIA_INDICATORS_1.0,descriptive_archive_counts_not_independently_validated
legacy,2021-01,2023-12,brodportal.hr,11,11,11236,9.78996084015664,0,below_ranking_threshold,,legacy,hnb-media,HNB_MEDIA,2026-09-21.1,1.0,HNB_MEDIA_INDICATORS_1.0,descriptive_archive_counts_not_independently_validated
legacy,2021-01,2023-12,budidobro.com,0,0,683,0.0,0,below_ranking_threshold,,legacy,hnb-media,HNB_MEDIA,2026-09-21.1,1.0,HNB_MEDIA_INDICATORS_1.0,descriptive_archive_counts_not_independently_validated
legacy,2021-01,2023-12,burin.hr,3,3,2035,14.742014742014742,0,below_ranking_threshold,,legacy,hnb-media,HNB_MEDIA,2026-09-21.1,1.0,HNB_MEDIA_INDICATORS_1.0,descriptive_archive_counts_not_independently_validated
legacy,2021-01,2023-12,buro247.hr,0,0,6984,0.0,0,below_ranking_threshold,,legacy,hnb-media,HNB_MEDIA,2026-09-21.1,1.0,HNB_MEDIA_INDICATORS_1.0,descriptive_archive_counts_not_independently_validated
legacy,2021-01,2023-12,burzanautike.com,0,0,1395,0.0,0,below_ranking_threshold,,legacy,hnb-media,HNB_MEDIA,2026-09-21.1,1.0,HNB_MEDIA_INDICATORS_1.0,descriptive_archive_counts_not_independently_validated
legacy,2021-01,2023-12,chill.hr,0,0,1,0.0,0,below_ranking_threshold,,legacy,hnb-media,HNB_MEDIA,2026-09-21.1,1.0,HNB_MEDIA_INDICATORS_1.0,descriptive_archive_counts_not_independently_validated
legacy,2021-01,2023-12,cityportal.hr,5,5,9159,5.459111256687411,0,below_ranking_threshold,,legacy,hnb-media,HNB_MEDIA,2026-09-21.1,1.0,HNB_MEDIA_INDICATORS_1.0,descriptive_archive_counts_not_independently_validated
legacy,2021-01,2023-12,cool.hr,0,0,730,0.0,0,below_ranking_threshold,,legacy,hnb-media,HNB_MEDIA,2026-09-21.1,1.0,HNB_MEDIA_INDICATORS_1.0,descriptive_archive_counts_not_independently_validated
legacy,2021-01,2023-12,cosmopolitan.hr,0,0,2119,0.0,0,below_ranking_threshold,,legacy,hnb-media,HNB_MEDIA,2026-09-21.1,1.0,HNB_MEDIA_INDICATORS_1.0,descriptive_archive_counts_not_independently_validated
legacy,2021-01,2023-12,coverstyle.hr,2,2,4085,4.8959608323133414,0,below_ranking_threshold,,legacy,hnb-media,HNB_MEDIA,2026-09-21.1,1.0,HNB_MEDIA_INDICATORS_1.0,descriptive_archive_counts_not_independently_validated
legacy,2021-01,2023-12,crikva.hr,0,0,2204,0.0,0,below_ranking_threshold,,legacy,hnb-media,HNB_MEDIA,2026-09-21.1,1.0,HNB_MEDIA_INDICATORS_1.0,descriptive_archive_counts_not_independently_validated
legacy,2021-01,2023-12,crnemambe.hr,0,0,218,0.0,0,below_ranking_threshold,,legacy,hnb-media,HNB_MEDIA,2026-09-21.1,1.0,HNB_MEDIA_INDICATORS_1.0,descriptive_archive_counts_not_independently_validated
legacy,2021-01,2023-12,cro-kultura.com,0,0,1,0.0,0,below_ranking_threshold,,legacy,hnb-media,HNB_MEDIA,2026-09-21.1,1.0,HNB_MEDIA_INDICATORS_1.0,descriptive_archive_counts_not_independently_validated
legacy,2021-01,2023-12,croatianaviation.com,0,0,11,0.0,0,below_ranking_threshold,,legacy,hnb-media,HNB_MEDIA,2026-09-21.1,1.0,HNB_MEDIA_INDICATORS_1.0,descriptive_archive_counts_not_independently_validated
legacy,2021-01,2023-12,crol.hr,0,0,425,0.0,0,below_ranking_threshold,,legacy,hnb-media,HNB_MEDIA,2026-09-21.1,1.0,HNB_MEDIA_INDICATORS_1.0,descriptive_archive_counts_not_independently_validated
legacy,2021-01,2023-12,cronika.hr,14,14,10531,13.29408413256101,0,below_ranking_threshold,,legacy,hnb-media,HNB_MEDIA,2026-09-21.1,1.0,HNB_MEDIA_INDICATORS_1.0,descriptive_archive_counts_not_independently_validated
legacy,2021-01,2023-12,cybermed.hr,0,0,1464,0.0,0,below_ranking_threshold,,legacy,hnb-media,HNB_MEDIA,2026-09-21.1,1.0,HNB_MEDIA_INDICATORS_1.0,descriptive_archive_counts_not_independently_validated
legacy,2021-01,2023-12,dalmacijadanas.hr,230,230,88056,26.11974198237485,1,eligible,51,legacy,hnb-media,HNB_MEDIA,2026-09-21.1,1.0,HNB_MEDIA_INDICATORS_1.0,descriptive_archive_counts_not_independently_validated
legacy,2021-01,2023-12,dalmacijanews.hr,103,103,29398,35.036397033811824,1,eligible,38,legacy,hnb-media,HNB_MEDIA,2026-09-21.1,1.0,HNB_MEDIA_INDICATORS_1.0,descriptive_archive_counts_not_independently_validated
legacy,2021-01,2023-12,dalmatinskiportal.hr,311,311,101561,30.621990724786087,1,eligible,45,legacy,hnb-media,HNB_MEDIA,2026-09-21.1,1.0,HNB_MEDIA_INDICATORS_1.0,descriptive_archive_counts_not_independently_validated
legacy,2021-01,2023-12,danas.hr,2,2,102,196.07843137254903,0,below_ranking_threshold,,legacy,hnb-media,HNB_MEDIA,2026-09-21.1,1.0,HNB_MEDIA_INDICATORS_1.0,descriptive_archive_counts_not_independently_validated
legacy,2021-01,2023-12,danica.hr,48,48,8286,57.92903692976104,0,below_ranking_threshold,,legacy,hnb-media,HNB_MEDIA,2026-09-21.1,1.0,HNB_MEDIA_INDICATORS_1.0,descriptive_archive_counts_not_independently_validated
legacy,2021-01,2023-12,direktno.hr,677,677,115669,58.52907866411917,1,eligible,19,legacy,hnb-media,HNB_MEDIA,2026-09-21.1,1.0,HNB_MEDIA_INDICATORS_1.0,descriptive_archive_counts_not_independently_validated
legacy,2021-01,2023-12,dnevnik.hr,446,446,164777,27.06688433458553,1,eligible,47,legacy,hnb-media,HNB_MEDIA,2026-09-21.1,1.0,HNB_MEDIA_INDICATORS_1.0,descriptive_archive_counts_not_independently_validated
legacy,2021-01,2023-12,dnevno.hr,630,630,112183,56.158241444782185,1,eligible,21,legacy,hnb-media,HNB_MEDIA,2026-09-21.1,1.0,HNB_MEDIA_INDICATORS_1.0,descriptive_archive_counts_not_independently_validated
legacy,2021-01,2023-12,dokumentarni.net,0,0,1105,0.0,0,below_ranking_threshold,,legacy,hnb-media,HNB_MEDIA,2026-09-21.1,1.0,HNB_MEDIA_INDICATORS_1.0,descriptive_archive_counts_not_independently_validated
legacy,2021-01,2023-12,domoljubni.hr,0,0,23,0.0,0,below_ranking_threshold,,legacy,hnb-media,HNB_MEDIA,2026-09-21.1,1.0,HNB_MEDIA_INDICATORS_1.0,descriptive_archive_counts_not_independently_validated
legacy,2021-01,2023-12,domovinskirat.hr,0,0,194,0.0,0,below_ranking_threshold,,legacy,hnb-media,HNB_MEDIA,2026-09-21.1,1.0,HNB_MEDIA_INDICATORS_1.0,descriptive_archive_counts_not_independently_validated
legacy,2021-01,2023-12,dubrovnikinsider.hr,57,57,14232,40.05059021922428,1,eligible,33,legacy,hnb-media,HNB_MEDIA,2026-09-21.1,1.0,HNB_MEDIA_INDICATORS_1.0,descriptive_archive_counts_not_independently_validated
legacy,2021-01,2023-12,dubrovniknet.hr,0,0,2,0.0,0,below_ranking_threshold,,legacy,hnb-media,HNB_MEDIA,2026-09-21.1,1.0,HNB_MEDIA_INDICATORS_1.0,descriptive_archive_counts_not_independently_validated
legacy,2021-01,2023-12,dubrovnikportal.com,16,16,7955,20.113136392206158,0,below_ranking_threshold,,legacy,hnb-media,HNB_MEDIA,2026-09-21.1,1.0,HNB_MEDIA_INDICATORS_1.0,descriptive_archive_counts_not_independently_validated
legacy,2021-01,2023-12,dubrovnikpress.hr,13,13,7138,18.212384421406558,0,below_ranking_threshold,,legacy,hnb-media,HNB_MEDIA,2026-09-21.1,1.0,HNB_MEDIA_INDICATORS_1.0,descriptive_archive_counts_not_independently_validated
legacy,2021-01,2023-12,dugopolje.org,2,2,131,152.67175572519085,0,below_ranking_threshold,,legacy,hnb-media,HNB_MEDIA,2026-09-21.1,1.0,HNB_MEDIA_INDICATORS_1.0,descriptive_archive_counts_not_independently_validated
legacy,2021-01,2023-12,dugoselo.info,0,0,3,0.0,0,below_ranking_threshold,,legacy,hnb-media,HNB_MEDIA,2026-09-21.1,1.0,HNB_MEDIA_INDICATORS_1.0,descriptive_archive_counts_not_independently_validated
legacy,2021-01,2023-12,dulist.hr,83,83,24479,33.90661383226439,1,eligible,39,legacy,hnb-media,HNB_MEDIA,2026-09-21.1,1.0,HNB_MEDIA_INDICATORS_1.0,descriptive_archive_counts_not_independently_validated
legacy,2021-01,2023-12,ebrod.net,42,42,7420,56.60377358490566,0,below_ranking_threshold,,legacy,hnb-media,HNB_MEDIA,2026-09-21.1,1.0,HNB_MEDIA_INDICATORS_1.0,descriptive_archive_counts_not_independently_validated
legacy,2021-01,2023-12,egradnja.hr,0,0,3,0.0,0,below_ranking_threshold,,legacy,hnb-media,HNB_MEDIA,2026-09-21.1,1.0,HNB_MEDIA_INDICATORS_1.0,descriptive_archive_counts_not_independently_validated
legacy,2021-01,2023-12,eivanec.com,9,9,2719,33.10040456050018,0,below_ranking_threshold,,legacy,hnb-media,HNB_MEDIA,2026-09-21.1,1.0,HNB_MEDIA_INDICATORS_1.0,descriptive_archive_counts_not_independently_validated
legacy,2021-01,2023-12,ekovjesnik.hr,0,0,2848,0.0,0,below_ranking_threshold,,legacy,hnb-media,HNB_MEDIA,2026-09-21.1,1.0,HNB_MEDIA_INDICATORS_1.0,descriptive_archive_counts_not_independently_validated
legacy,2021-01,2023-12,energetika-net.com,2,2,4417,4.527960153950645,0,below_ranking_threshold,,legacy,hnb-media,HNB_MEDIA,2026-09-21.1,1.0,HNB_MEDIA_INDICATORS_1.0,descriptive_archive_counts_not_independently_validated
legacy,2021-01,2023-12,epodravina.hr,13,13,25686,5.061122790625244,0,below_ranking_threshold,,legacy,hnb-media,HNB_MEDIA,2026-09-21.1,1.0,HNB_MEDIA_INDICATORS_1.0,descriptive_archive_counts_not_independently_validated
legacy,2021-01,2023-12,epoha.com.hr,2,2,433,46.18937644341801,0,below_ranking_threshold,,legacy,hnb-media,HNB_MEDIA,2026-09-21.1,1.0,HNB_MEDIA_INDICATORS_1.0,descriptive_archive_counts_not_independently_validated
legacy,2021-01,2023-12,euractiv.hr,59,59,2371,248.84015183466892,0,below_ranking_threshold,,legacy,hnb-media,HNB_MEDIA,2026-09-21.1,1.0,HNB_MEDIA_INDICATORS_1.0,descriptive_archive_counts_not_independently_validated
legacy,2021-01,2023-12,evarazdin.hr,29,29,17415,16.652311225954637,0,below_ranking_threshold,,legacy,hnb-media,HNB_MEDIA,2026-09-21.1,1.0,HNB_MEDIA_INDICATORS_1.0,descriptive_archive_counts_not_independently_validated
legacy,2021-01,2023-12,faktograf.hr,14,14,2011,69.617105917454,0,below_ranking_threshold,,legacy,hnb-media,HNB_MEDIA,2026-09-21.1,1.0,HNB_MEDIA_INDICATORS_1.0,descriptive_archive_counts_not_independently_validated
legacy,2021-01,2023-12,ferata.hr,2,2,13469,1.4848912317172767,0,below_ranking_threshold,,legacy,hnb-media,HNB_MEDIA,2026-09-21.1,1.0,HNB_MEDIA_INDICATORS_1.0,descriptive_archive_counts_not_independently_validated
legacy,2021-01,2023-12,fightsite.hr,0,0,14039,0.0,0,below_ranking_threshold,,legacy,hnb-media,HNB_MEDIA,2026-09-21.1,1.0,HNB_MEDIA_INDICATORS_1.0,descriptive_archive_counts_not_independently_validated
legacy,2021-01,2023-12,fiuman.hr,11,11,10848,10.140117994100295,0,below_ranking_threshold,,legacy,hnb-media,HNB_MEDIA,2026-09-21.1,1.0,HNB_MEDIA_INDICATORS_1.0,descriptive_archive_counts_not_independently_validated
legacy,2021-01,2023-12,forum.tm,5,5,476,105.04201680672269,0,below_ranking_threshold,,legacy,hnb-media,HNB_MEDIA,2026-09-21.1,1.0,HNB_MEDIA_INDICATORS_1.0,descriptive_archive_counts_not_independently_validated
legacy,2021-01,2023-12,frendica.online,0,0,17,0.0,0,below_ranking_threshold,,legacy,hnb-media,HNB_MEDIA,2026-09-21.1,1.0,HNB_MEDIA_INDICATORS_1.0,descriptive_archive_counts_not_independently_validated
legacy,2021-01,2023-12,gameperspectives.hr,0,0,1264,0.0,0,below_ranking_threshold,,legacy,hnb-media,HNB_MEDIA,2026-09-21.1,1.0,HNB_MEDIA_INDICATORS_1.0,descriptive_archive_counts_not_independently_validated
legacy,2021-01,2023-12,generacija.hr,0,0,457,0.0,0,below_ranking_threshold,,legacy,hnb-media,HNB_MEDIA,2026-09-21.1,1.0,HNB_MEDIA_INDICATORS_1.0,descriptive_archive_counts_not_independently_validated
legacy,2021-01,2023-12,geopolitika.news,3,3,12821,2.3399110833788317,0,below_ranking_threshold,,legacy,hnb-media,HNB_MEDIA,2026-09-21.1,1.0,HNB_MEDIA_INDICATORS_1.0,descriptive_archive_counts_not_independently_validated
legacy,2021-01,2023-12,germanijak.hr,0,0,2803,0.0,0,below_ranking_threshold,,legacy,hnb-media,HNB_MEDIA,2026-09-21.1,1.0,HNB_MEDIA_INDICATORS_1.0,descriptive_archive_counts_not_independently_validated
legacy,2021-01,2023-12,glas-slavonije.hr,454,454,80644,56.296810674073704,1,eligible,20,legacy,hnb-media,HNB_MEDIA,2026-09-21.1,1.0,HNB_MEDIA_INDICATORS_1.0,descriptive_archive_counts_not_independently_validated
legacy,2021-01,2023-12,glasgacke.hr,9,9,8158,11.03211571463594,0,below_ranking_threshold,,legacy,hnb-media,HNB_MEDIA,2026-09-21.1,1.0,HNB_MEDIA_INDICATORS_1.0,descriptive_archive_counts_not_independently_validated
legacy,2021-01,2023-12,glasgrada.hr,8,8,6569,12.178413761607551,0,below_ranking_threshold,,legacy,hnb-media,HNB_MEDIA,2026-09-21.1,1.0,HNB_MEDIA_INDICATORS_1.0,descriptive_archive_counts_not_independently_validated
legacy,2021-01,2023-12,glasistre.hr,919,919,189061,48.60865011821581,1,eligible,26,legacy,hnb-media,HNB_MEDIA,2026-09-21.1,1.0,HNB_MEDIA_INDICATORS_1.0,descriptive_archive_counts_not_independently_validated
legacy,2021-01,2023-12,glaslike.hr,5,5,2947,16.9664065151001,0,below_ranking_threshold,,legacy,hnb-media,HNB_MEDIA,2026-09-21.1,1.0,HNB_MEDIA_INDICATORS_1.0,descriptive_archive_counts_not_independently_validated
legacy,2021-01,2023-12,glaspodravine.hr,25,25,11063,22.597848684805207,0,below_ranking_threshold,,legacy,hnb-media,HNB_MEDIA,2026-09-21.1,1.0,HNB_MEDIA_INDICATORS_1.0,descriptive_archive_counts_not_independently_validated
legacy,2021-01,2023-12,glazba.hr,0,0,143,0.0,0,below_ranking_threshold,,legacy,hnb-media,HNB_MEDIA,2026-09-21.1,1.0,HNB_MEDIA_INDICATORS_1.0,descriptive_archive_counts_not_independently_validated
legacy,2021-01,2023-12,glina.hr,0,0,1,0.0,0,below_ranking_threshold,,legacy,hnb-media,HNB_MEDIA,2026-09-21.1,1.0,HNB_MEDIA_INDICATORS_1.0,descriptive_archive_counts_not_independently_validated
legacy,2021-01,2023-12,globalnovine.eu,1,1,159,62.893081761006286,0,below_ranking_threshold,,legacy,hnb-media,HNB_MEDIA,2026-09-21.1,1.0,HNB_MEDIA_INDICATORS_1.0,descriptive_archive_counts_not_independently_validated
legacy,2021-01,2023-12,gloria.hr,9,9,29320,3.069577080491132,0,below_ranking_threshold,,legacy,hnb-media,HNB_MEDIA,2026-09-21.1,1.0,HNB_MEDIA_INDICATORS_1.0,descriptive_archive_counts_not_independently_validated
legacy,2021-01,2023-12,gloriaglam.hr,0,0,4650,0.0,0,below_ranking_threshold,,legacy,hnb-media,HNB_MEDIA,2026-09-21.1,1.0,HNB_MEDIA_INDICATORS_1.0,descriptive_archive_counts_not_independently_validated
legacy,2021-01,2023-12,gong.hr,0,0,53,0.0,0,below_ranking_threshold,,legacy,hnb-media,HNB_MEDIA,2026-09-21.1,1.0,HNB_MEDIA_INDICATORS_1.0,descriptive_archive_counts_not_independently_validated
legacy,2021-01,2023-12,gorgonija.com,0,0,2,0.0,0,below_ranking_threshold,,legacy,hnb-media,HNB_MEDIA,2026-09-21.1,1.0,HNB_MEDIA_INDICATORS_1.0,descriptive_archive_counts_not_independently_validated
legacy,2021-01,2023-12,gorica.info,0,0,4,0.0,0,below_ranking_threshold,,legacy,hnb-media,HNB_MEDIA,2026-09-21.1,1.0,HNB_MEDIA_INDICATORS_1.0,descriptive_archive_counts_not_independently_validated
legacy,2021-01,2023-12,gorskenovosti.net,2,2,1325,15.09433962264151,0,below_ranking_threshold,,legacy,hnb-media,HNB_MEDIA,2026-09-21.1,1.0,HNB_MEDIA_INDICATORS_1.0,descriptive_archive_counts_not_independently_validated
legacy,2021-01,2023-12,grad-bjelovar.com,0,0,1,0.0,0,below_ranking_threshold,,legacy,hnb-media,HNB_MEDIA,2026-09-21.1,1.0,HNB_MEDIA_INDICATORS_1.0,descriptive_archive_counts_not_independently_validated
legacy,2021-01,2023-12,gradonacelnik.hr,0,0,1533,0.0,0,below_ranking_threshold,,legacy,hnb-media,HNB_MEDIA,2026-09-21.1,1.0,HNB_MEDIA_INDICATORS_1.0,descriptive_archive_counts_not_independently_validated
legacy,2021-01,2023-12,grazia.hr,2,2,8943,2.2363860002236384,0,below_ranking_threshold,,legacy,hnb-media,HNB_MEDIA,2026-09-21.1,1.0,HNB_MEDIA_INDICATORS_1.0,descriptive_archive_counts_not_independently_validated
legacy,2021-01,2023-12,green.hr,1,1,4618,2.1654395842356,0,below_ranking_threshold,,legacy,hnb-media,HNB_MEDIA,2026-09-21.1,1.0,HNB_MEDIA_INDICATORS_1.0,descriptive_archive_counts_not_independently_validated
legacy,2021-01,2023-12,gric-gric.com,1,1,998,10.02004008016032,0,below_ranking_threshold,,legacy,hnb-media,HNB_MEDIA,2026-09-21.1,1.0,HNB_MEDIA_INDICATORS_1.0,descriptive_archive_counts_not_independently_validated
legacy,2021-01,2023-12,gspress.net,11,11,6380,17.24137931034483,0,below_ranking_threshold,,legacy,hnb-media,HNB_MEDIA,2026-09-21.1,1.0,HNB_MEDIA_INDICATORS_1.0,descriptive_archive_counts_not_independently_validated
legacy,2021-01,2023-12,h-alter.org,1,1,285,35.08771929824562,0,below_ranking_threshold,,legacy,hnb-media,HNB_MEDIA,2026-09-21.1,1.0,HNB_MEDIA_INDICATORS_1.0,descriptive_archive_counts_not_independently_validated
legacy,2021-01,2023-12,heritagecroatia.com,0,0,10,0.0,0,below_ranking_threshold,,legacy,hnb-media,HNB_MEDIA,2026-09-21.1,1.0,HNB_MEDIA_INDICATORS_1.0,descriptive_archive_counts_not_independently_validated
legacy,2021-01,2023-12,hia.com.hr,151,151,15774,95.72714593635095,1,eligible,8,legacy,hnb-media,HNB_MEDIA,2026-09-21.1,1.0,HNB_MEDIA_INDICATORS_1.0,descriptive_archive_counts_not_independently_validated
legacy,2021-01,2023-12,hina.hr,267,267,53077,50.30427492134069,1,eligible,24,legacy,hnb-media,HNB_MEDIA,2026-09-21.1,1.0,HNB_MEDIA_INDICATORS_1.0,descriptive_archive_counts_not_independently_validated
legacy,2021-01,2023-12,hkm.hr,67,67,49529,13.527428375295282,1,eligible,55,legacy,hnb-media,HNB_MEDIA,2026-09-21.1,1.0,HNB_MEDIA_INDICATORS_1.0,descriptive_archive_counts_not_independently_validated
legacy,2021-01,2023-12,hkv.hr,54,54,5488,98.39650145772595,1,eligible,7,legacy,hnb-media,HNB_MEDIA,2026-09-21.1,1.0,HNB_MEDIA_INDICATORS_1.0,descriptive_archive_counts_not_independently_validated
legacy,2021-01,2023-12,hou.hr,2,2,24,833.3333333333334,0,below_ranking_threshold,,legacy,hnb-media,HNB_MEDIA,2026-09-21.1,1.0,HNB_MEDIA_INDICATORS_1.0,descriptive_archive_counts_not_independently_validated
legacy,2021-01,2023-12,hrt.hr,671,671,156144,42.97315298698637,1,eligible,30,legacy,hnb-media,HNB_MEDIA,2026-09-21.1,1.0,HNB_MEDIA_INDICATORS_1.0,descriptive_archive_counts_not_independently_validated
legacy,2021-01,2023-12,hrturizam.hr,19,19,4987,38.09905754962904,0,below_ranking_threshold,,legacy,hnb-media,HNB_MEDIA,2026-09-21.1,1.0,HNB_MEDIA_INDICATORS_1.0,descriptive_archive_counts_not_independently_validated
legacy,2021-01,2023-12,hrvatska-danas.com,459,459,62834,73.04962281567305,1,eligible,13,legacy,hnb-media,HNB_MEDIA,2026-09-21.1,1.0,HNB_MEDIA_INDICATORS_1.0,descriptive_archive_counts_not_independently_validated
legacy,2021-01,2023-12,hrvatski-glasnik.com,1,1,371,26.954177897574123,0,below_ranking_threshold,,legacy,hnb-media,HNB_MEDIA,2026-09-21.1,1.0,HNB_MEDIA_INDICATORS_1.0,descriptive_archive_counts_not_independently_validated
legacy,2021-01,2023-12,huknet1.hr,0,0,849,0.0,0,below_ranking_threshold,,legacy,hnb-media,HNB_MEDIA,2026-09-21.1,1.0,HNB_MEDIA_INDICATORS_1.0,descriptive_archive_counts_not_independently_validated
legacy,2021-01,2023-12,ictbusiness.info,30,30,8651,34.67807189920241,0,below_ranking_threshold,,legacy,hnb-media,HNB_MEDIA,2026-09-21.1,1.0,HNB_MEDIA_INDICATORS_1.0,descriptive_archive_counts_not_independently_validated
legacy,2021-01,2023-12,icv.hr,56,56,30522,18.347421532009697,1,eligible,53,legacy,hnb-media,HNB_MEDIA,2026-09-21.1,1.0,HNB_MEDIA_INDICATORS_1.0,descriptive_archive_counts_not_independently_validated
legacy,2021-01,2023-12,ideje.hr,9,9,201,447.76119402985074,0,below_ranking_threshold,,legacy,hnb-media,HNB_MEDIA,2026-09-21.1,1.0,HNB_MEDIA_INDICATORS_1.0,descriptive_archive_counts_not_independently_validated
legacy,2021-01,2023-12,identitet.hr,1,1,193,51.81347150259067,0,below_ranking_threshold,,legacy,hnb-media,HNB_MEDIA,2026-09-21.1,1.0,HNB_MEDIA_INDICATORS_1.0,descriptive_archive_counts_not_independently_validated
legacy,2021-01,2023-12,imperijal.net,31,31,1421,218.15622800844477,0,below_ranking_threshold,,legacy,hnb-media,HNB_MEDIA,2026-09-21.1,1.0,HNB_MEDIA_INDICATORS_1.0,descriptive_archive_counts_not_independently_validated
legacy,2021-01,2023-12,in-portal.hr,4,4,5845,6.8434559452523525,0,below_ranking_threshold,,legacy,hnb-media,HNB_MEDIA,2026-09-21.1,1.0,HNB_MEDIA_INDICATORS_1.0,descriptive_archive_counts_not_independently_validated
legacy,2021-01,2023-12,index.hr,1110,1110,343766,32.2894061658221,1,eligible,43,legacy,hnb-media,HNB_MEDIA,2026-09-21.1,1.0,HNB_MEDIA_INDICATORS_1.0,descriptive_archive_counts_not_independently_validated
legacy,2021-01,2023-12,indirektno.com,0,0,2,0.0,0,below_ranking_threshold,,legacy,hnb-media,HNB_MEDIA,2026-09-21.1,1.0,HNB_MEDIA_INDICATORS_1.0,descriptive_archive_counts_not_independently_validated
legacy,2021-01,2023-12,infovodice.com,1,1,376,26.595744680851062,0,below_ranking_threshold,,legacy,hnb-media,HNB_MEDIA,2026-09-21.1,1.0,HNB_MEDIA_INDICATORS_1.0,descriptive_archive_counts_not_independently_validated
legacy,2021-01,2023-12,infozona.hr,0,0,889,0.0,0,below_ranking_threshold,,legacy,hnb-media,HNB_MEDIA,2026-09-21.1,1.0,HNB_MEDIA_INDICATORS_1.0,descriptive_archive_counts_not_independently_validated
legacy,2021-01,2023-12,inverzija.net,0,0,1069,0.0,0,below_ranking_threshold,,legacy,hnb-media,HNB_MEDIA,2026-09-21.1,1.0,HNB_MEDIA_INDICATORS_1.0,descriptive_archive_counts_not_independently_validated
legacy,2021-01,2023-12,ipress.hr,68,68,14975,45.40901502504174,1,eligible,29,legacy,hnb-media,HNB_MEDIA,2026-09-21.1,1.0,HNB_MEDIA_INDICATORS_1.0,descriptive_archive_counts_not_independently_validated
legacy,2021-01,2023-12,istarski.hr,18,18,10476,17.18213058419244,0,below_ranking_threshold,,legacy,hnb-media,HNB_MEDIA,2026-09-21.1,1.0,HNB_MEDIA_INDICATORS_1.0,descriptive_archive_counts_not_independently_validated
legacy,2021-01,2023-12,istra24.hr,92,92,26123,35.21800712016231,1,eligible,37,legacy,hnb-media,HNB_MEDIA,2026-09-21.1,1.0,HNB_MEDIA_INDICATORS_1.0,descriptive_archive_counts_not_independently_validated
legacy,2021-01,2023-12,istrage.hr,24,24,73,3287.671232876712,0,below_ranking_threshold,,legacy,hnb-media,HNB_MEDIA,2026-09-21.1,1.0,HNB_MEDIA_INDICATORS_1.0,descriptive_archive_counts_not_independently_validated
legacy,2021-01,2023-12,istrain.hr,100,100,30199,33.11367926090268,1,eligible,40,legacy,hnb-media,HNB_MEDIA,2026-09-21.1,1.0,HNB_MEDIA_INDICATORS_1.0,descriptive_archive_counts_not_independently_validated
legacy,2021-01,2023-12,istriaterramagica.eu,0,0,49,0.0,0,below_ranking_threshold,,legacy,hnb-media,HNB_MEDIA,2026-09-21.1,1.0,HNB_MEDIA_INDICATORS_1.0,descriptive_archive_counts_not_independently_validated
legacy,2021-01,2023-12,jaskadanas.hr,1,1,1522,6.570302233902759,0,below_ranking_threshold,,legacy,hnb-media,HNB_MEDIA,2026-09-21.1,1.0,HNB_MEDIA_INDICATORS_1.0,descriptive_archive_counts_not_independently_validated
legacy,2021-01,2023-12,journal.hr,6,6,16119,3.7223152801042247,0,below_ranking_threshold,,legacy,hnb-media,HNB_MEDIA,2026-09-21.1,1.0,HNB_MEDIA_INDICATORS_1.0,descriptive_archive_counts_not_independently_validated
legacy,2021-01,2023-12,jutarnji.hr,960,960,256244,37.46429184683349,1,eligible,34,legacy,hnb-media,HNB_MEDIA,2026-09-21.1,1.0,HNB_MEDIA_INDICATORS_1.0,descriptive_archive_counts_not_independently_validated
legacy,2021-01,2023-12,juzni.hr,0,0,8,0.0,0,below_ranking_threshold,,legacy,hnb-media,HNB_MEDIA,2026-09-21.1,1.0,HNB_MEDIA_INDICATORS_1.0,descriptive_archive_counts_not_independently_validated
legacy,2021-01,2023-12,kalelargainfo.hr,1,1,520,19.23076923076923,0,below_ranking_threshold,,legacy,hnb-media,HNB_MEDIA,2026-09-21.1,1.0,HNB_MEDIA_INDICATORS_1.0,descriptive_archive_counts_not_independently_validated
legacy,2021-01,2023-12,kanal5.hr,0,0,1,0.0,0,below_ranking_threshold,,legacy,hnb-media,HNB_MEDIA,2026-09-21.1,1.0,HNB_MEDIA_INDICATORS_1.0,descriptive_archive_counts_not_independently_validated
legacy,2021-01,2023-12,karlobag.eu,0,0,1,0.0,0,below_ranking_threshold,,legacy,hnb-media,HNB_MEDIA,2026-09-21.1,1.0,HNB_MEDIA_INDICATORS_1.0,descriptive_archive_counts_not_independently_validated
legacy,2021-01,2023-12,karlovacki.hr,7,7,11377,6.1527643491254285,0,below_ranking_threshold,,legacy,hnb-media,HNB_MEDIA,2026-09-21.1,1.0,HNB_MEDIA_INDICATORS_1.0,descriptive_archive_counts_not_independently_validated
legacy,2021-01,2023-12,kepesujsag.com,0,0,478,0.0,0,below_ranking_threshold,,legacy,hnb-media,HNB_MEDIA,2026-09-21.1,1.0,HNB_MEDIA_INDICATORS_1.0,descriptive_archive_counts_not_independently_validated
legacy,2021-01,2023-12,klikaj.hr,29,29,25635,11.312658474741564,0,below_ranking_threshold,,legacy,hnb-media,HNB_MEDIA,2026-09-21.1,1.0,HNB_MEDIA_INDICATORS_1.0,descriptive_archive_counts_not_independently_validated
legacy,2021-01,2023-12,klikni.hr,11,11,5039,21.82972812065886,0,below_ranking_threshold,,legacy,hnb-media,HNB_MEDIA,2026-09-21.1,1.0,HNB_MEDIA_INDICATORS_1.0,descriptive_archive_counts_not_independently_validated
legacy,2021-01,2023-12,klikni.news,34,34,3178,106.98552548772813,0,below_ranking_threshold,,legacy,hnb-media,HNB_MEDIA,2026-09-21.1,1.0,HNB_MEDIA_INDICATORS_1.0,descriptive_archive_counts_not_independently_validated
legacy,2021-01,2023-12,klikploce.com.hr,0,0,4,0.0,0,below_ranking_threshold,,legacy,hnb-media,HNB_MEDIA,2026-09-21.1,1.0,HNB_MEDIA_INDICATORS_1.0,descriptive_archive_counts_not_independently_validated
legacy,2021-01,2023-12,kritika-hdp.hr,0,0,25,0.0,0,below_ranking_threshold,,legacy,hnb-media,HNB_MEDIA,2026-09-21.1,1.0,HNB_MEDIA_INDICATORS_1.0,descriptive_archive_counts_not_independently_validated
legacy,2021-01,2023-12,krizevci.info,0,0,3697,0.0,0,below_ranking_threshold,,legacy,hnb-media,HNB_MEDIA,2026-09-21.1,1.0,HNB_MEDIA_INDICATORS_1.0,descriptive_archive_counts_not_independently_validated
legacy,2021-01,2023-12,kronikevg.com,2,2,8852,2.2593764121102575,0,below_ranking_threshold,,legacy,hnb-media,HNB_MEDIA,2026-09-21.1,1.0,HNB_MEDIA_INDICATORS_1.0,descriptive_archive_counts_not_independently_validated
legacy,2021-01,2023-12,kulturpunkt.hr,0,0,1667,0.0,0,below_ranking_threshold,,legacy,hnb-media,HNB_MEDIA,2026-09-21.1,1.0,HNB_MEDIA_INDICATORS_1.0,descriptive_archive_counts_not_independently_validated
legacy,2021-01,2023-12,labinstina.info,1,1,435,22.988505747126435,0,below_ranking_threshold,,legacy,hnb-media,HNB_MEDIA,2026-09-21.1,1.0,HNB_MEDIA_INDICATORS_1.0,descriptive_archive_counts_not_independently_validated
legacy,2021-01,2023-12,laudato.hr,0,0,12433,0.0,0,below_ranking_threshold,,legacy,hnb-media,HNB_MEDIA,2026-09-21.1,1.0,HNB_MEDIA_INDICATORS_1.0,descriptive_archive_counts_not_independently_validated
legacy,2021-01,2023-12,libar.media,0,0,1,0.0,0,below_ranking_threshold,,legacy,hnb-media,HNB_MEDIA,2026-09-21.1,1.0,HNB_MEDIA_INDICATORS_1.0,descriptive_archive_counts_not_independently_validated
legacy,2021-01,2023-12,liberal.hr,0,0,76,0.0,0,below_ranking_threshold,,legacy,hnb-media,HNB_MEDIA,2026-09-21.1,1.0,HNB_MEDIA_INDICATORS_1.0,descriptive_archive_counts_not_independently_validated
legacy,2021-01,2023-12,liberoportal.hr,13,13,12426,10.461934653146628,0,below_ranking_threshold,,legacy,hnb-media,HNB_MEDIA,2026-09-21.1,1.0,HNB_MEDIA_INDICATORS_1.0,descriptive_archive_counts_not_independently_validated
legacy,2021-01,2023-12,lider.media,178,178,6474,274.94593759654003,1,eligible,1,legacy,hnb-media,HNB_MEDIA,2026-09-21.1,1.0,HNB_MEDIA_INDICATORS_1.0,descriptive_archive_counts_not_independently_validated
legacy,2021-01,2023-12,lika-express.hr,0,0,2933,0.0,0,below_ranking_threshold,,legacy,hnb-media,HNB_MEDIA,2026-09-21.1,1.0,HNB_MEDIA_INDICATORS_1.0,descriptive_archive_counts_not_independently_validated
legacy,2021-01,2023-12,lika-online.com,1,1,4312,2.3191094619666046,0,below_ranking_threshold,,legacy,hnb-media,HNB_MEDIA,2026-09-21.1,1.0,HNB_MEDIA_INDICATORS_1.0,descriptive_archive_counts_not_independently_validated
legacy,2021-01,2023-12,likaclub.eu,49,49,8920,54.93273542600897,0,below_ranking_threshold,,legacy,hnb-media,HNB_MEDIA,2026-09-21.1,1.0,HNB_MEDIA_INDICATORS_1.0,descriptive_archive_counts_not_independently_validated
legacy,2021-01,2023-12,likemetkovic.hr,25,25,7129,35.06803198204517,0,below_ranking_threshold,,legacy,hnb-media,HNB_MEDIA,2026-09-21.1,1.0,HNB_MEDIA_INDICATORS_1.0,descriptive_archive_counts_not_independently_validated
legacy,2021-01,2023-12,lipadona.com,1,1,4545,2.2002200220022003,0,below_ranking_threshold,,legacy,hnb-media,HNB_MEDIA,2026-09-21.1,1.0,HNB_MEDIA_INDICATORS_1.0,descriptive_archive_counts_not_independently_validated
legacy,2021-01,2023-12,lokalnevijesti.hr,0,0,1,0.0,0,below_ranking_threshold,,legacy,hnb-media,HNB_MEDIA,2026-09-21.1,1.0,HNB_MEDIA_INDICATORS_1.0,descriptive_archive_counts_not_independently_validated
legacy,2021-01,2023-12,lupiga.com,6,6,1273,47.132757266300075,0,below_ranking_threshold,,legacy,hnb-media,HNB_MEDIA,2026-09-21.1,1.0,HNB_MEDIA_INDICATORS_1.0,descriptive_archive_counts_not_independently_validated
legacy,2021-01,2023-12,makarska-danas.com,21,21,9818,21.389284986759016,0,below_ranking_threshold,,legacy,hnb-media,HNB_MEDIA,2026-09-21.1,1.0,HNB_MEDIA_INDICATORS_1.0,descriptive_archive_counts_not_independently_validated
legacy,2021-01,2023-12,matica.hr,1,1,2127,4.701457451810061,0,below_ranking_threshold,,legacy,hnb-media,HNB_MEDIA,2026-09-21.1,1.0,HNB_MEDIA_INDICATORS_1.0,descriptive_archive_counts_not_independently_validated
legacy,2021-01,2023-12,mediadaily.biz,2,2,7129,2.8054425585636134,0,below_ranking_threshold,,legacy,hnb-media,HNB_MEDIA,2026-09-21.1,1.0,HNB_MEDIA_INDICATORS_1.0,descriptive_archive_counts_not_independently_validated
legacy,2021-01,2023-12,medjimurjepress.net,31,31,27071,11.451368623249973,0,below_ranking_threshold,,legacy,hnb-media,HNB_MEDIA,2026-09-21.1,1.0,HNB_MEDIA_INDICATORS_1.0,descriptive_archive_counts_not_independently_validated
legacy,2021-01,2023-12,medjimurski.hr,58,58,18290,31.711317659923456,1,eligible,44,legacy,hnb-media,HNB_MEDIA,2026-09-21.1,1.0,HNB_MEDIA_INDICATORS_1.0,descriptive_archive_counts_not_independently_validated
legacy,2021-01,2023-12,mega-media.hr,8,8,3070,26.058631921824105,0,below_ranking_threshold,,legacy,hnb-media,HNB_MEDIA,2026-09-21.1,1.0,HNB_MEDIA_INDICATORS_1.0,descriptive_archive_counts_not_independently_validated
legacy,2021-01,2023-12,metkovic-news.com,2,2,6605,3.028009084027252,0,below_ranking_threshold,,legacy,hnb-media,HNB_MEDIA,2026-09-21.1,1.0,HNB_MEDIA_INDICATORS_1.0,descriptive_archive_counts_not_independently_validated
legacy,2021-01,2023-12,metkovicnet.com,0,0,3,0.0,0,below_ranking_threshold,,legacy,hnb-media,HNB_MEDIA,2026-09-21.1,1.0,HNB_MEDIA_INDICATORS_1.0,descriptive_archive_counts_not_independently_validated
legacy,2021-01,2023-12,metropolitan.hr,0,0,3,0.0,0,below_ranking_threshold,,legacy,hnb-media,HNB_MEDIA,2026-09-21.1,1.0,HNB_MEDIA_INDICATORS_1.0,descriptive_archive_counts_not_independently_validated
legacy,2021-01,2023-12,mimladi.hr,0,0,11,0.0,0,below_ranking_threshold,,legacy,hnb-media,HNB_MEDIA,2026-09-21.1,1.0,HNB_MEDIA_INDICATORS_1.0,descriptive_archive_counts_not_independently_validated
legacy,2021-01,2023-12,mirovina.hr,74,74,7011,105.54842390529168,1,eligible,6,legacy,hnb-media,HNB_MEDIA,2026-09-21.1,1.0,HNB_MEDIA_INDICATORS_1.0,descriptive_archive_counts_not_independently_validated
legacy,2021-01,2023-12,mixmagadria.com,0,0,39,0.0,0,below_ranking_threshold,,legacy,hnb-media,HNB_MEDIA,2026-09-21.1,1.0,HNB_MEDIA_INDICATORS_1.0,descriptive_archive_counts_not_independently_validated
legacy,2021-01,2023-12,mnovine.hr,54,54,20612,26.19833106928003,1,eligible,49,legacy,hnb-media,HNB_MEDIA,2026-09-21.1,1.0,HNB_MEDIA_INDICATORS_1.0,descriptive_archive_counts_not_independently_validated
legacy,2021-01,2023-12,moja-domovina.net,0,0,7,0.0,0,below_ranking_threshold,,legacy,hnb-media,HNB_MEDIA,2026-09-21.1,1.0,HNB_MEDIA_INDICATORS_1.0,descriptive_archive_counts_not_independently_validated
legacy,2021-01,2023-12,moje-djakovo.com,1,1,4409,2.2680880018144705,0,below_ranking_threshold,,legacy,hnb-media,HNB_MEDIA,2026-09-21.1,1.0,HNB_MEDIA_INDICATORS_1.0,descriptive_archive_counts_not_independently_validated
legacy,2021-01,2023-12,mojevrijeme.hr,15,15,3271,45.85753592173647,0,below_ranking_threshold,,legacy,hnb-media,HNB_MEDIA,2026-09-21.1,1.0,HNB_MEDIA_INDICATORS_1.0,descriptive_archive_counts_not_independently_validated
legacy,2021-01,2023-12,mojportal.hr,14,14,6666,21.002100210021002,0,below_ranking_threshold,,legacy,hnb-media,HNB_MEDIA,2026-09-21.1,1.0,HNB_MEDIA_INDICATORS_1.0,descriptive_archive_counts_not_independently_validated
legacy,2021-01,2023-12,mojzagreb.info,10,10,2844,35.16174402250352,0,below_ranking_threshold,,legacy,hnb-media,HNB_MEDIA,2026-09-21.1,1.0,HNB_MEDIA_INDICATORS_1.0,descriptive_archive_counts_not_independently_validated
legacy,2021-01,2023-12,mok.hr,13,13,7028,18.497438816163914,0,below_ranking_threshold,,legacy,hnb-media,HNB_MEDIA,2026-09-21.1,1.0,HNB_MEDIA_INDICATORS_1.0,descriptive_archive_counts_not_independently_validated
legacy,2021-01,2023-12,morski.hr,22,22,16069,13.69095774472587,0,below_ranking_threshold,,legacy,hnb-media,HNB_MEDIA,2026-09-21.1,1.0,HNB_MEDIA_INDICATORS_1.0,descriptive_archive_counts_not_independently_validated
legacy,2021-01,2023-12,motorevija.com.hr,0,0,380,0.0,0,below_ranking_threshold,,legacy,hnb-media,HNB_MEDIA,2026-09-21.1,1.0,HNB_MEDIA_INDICATORS_1.0,descriptive_archive_counts_not_independently_validated
legacy,2021-01,2023-12,msm.hr,0,0,2,0.0,0,below_ranking_threshold,,legacy,hnb-media,HNB_MEDIA,2026-09-21.1,1.0,HNB_MEDIA_INDICATORS_1.0,descriptive_archive_counts_not_independently_validated
legacy,2021-01,2023-12,muralist.hr,20,20,11146,17.943656917279743,0,below_ranking_threshold,,legacy,hnb-media,HNB_MEDIA,2026-09-21.1,1.0,HNB_MEDIA_INDICATORS_1.0,descriptive_archive_counts_not_independently_validated
legacy,2021-01,2023-12,music-box.hr,0,0,546,0.0,0,below_ranking_threshold,,legacy,hnb-media,HNB_MEDIA,2026-09-21.1,1.0,HNB_MEDIA_INDICATORS_1.0,descriptive_archive_counts_not_independently_validated
legacy,2021-01,2023-12,mvinfo.hr,1,1,2892,3.4578146611341634,0,below_ranking_threshold,,legacy,hnb-media,HNB_MEDIA,2026-09-21.1,1.0,HNB_MEDIA_INDICATORS_1.0,descriptive_archive_counts_not_independently_validated
legacy,2021-01,2023-12,nacional.hr,724,724,106315,68.0995155904623,1,eligible,16,legacy,hnb-media,HNB_MEDIA,2026-09-21.1,1.0,HNB_MEDIA_INDICATORS_1.0,descriptive_archive_counts_not_independently_validated
legacy,2021-01,2023-12,nacionalno.hr,98,98,8335,117.57648470305939,1,eligible,4,legacy,hnb-media,HNB_MEDIA,2026-09-21.1,1.0,HNB_MEDIA_INDICATORS_1.0,descriptive_archive_counts_not_independently_validated
legacy,2021-01,2023-12,najboljeknjige.com,0,0,318,0.0,0,below_ranking_threshold,,legacy,hnb-media,HNB_MEDIA,2026-09-21.1,1.0,HNB_MEDIA_INDICATORS_1.0,descriptive_archive_counts_not_independently_validated
legacy,2021-01,2023-12,narod.hr,173,173,33131,52.216956928556336,1,eligible,22,legacy,hnb-media,HNB_MEDIA,2026-09-21.1,1.0,HNB_MEDIA_INDICATORS_1.0,descriptive_archive_counts_not_independently_validated
legacy,2021-01,2023-12,nasabujstina.com,22,22,4331,50.79658277534057,0,below_ranking_threshold,,legacy,hnb-media,HNB_MEDIA,2026-09-21.1,1.0,HNB_MEDIA_INDICATORS_1.0,descriptive_archive_counts_not_independently_validated
legacy,2021-01,2023-12,nasice.com,0,0,185,0.0,0,below_ranking_threshold,,legacy,hnb-media,HNB_MEDIA,2026-09-21.1,1.0,HNB_MEDIA_INDICATORS_1.0,descriptive_archive_counts_not_independently_validated
legacy,2021-01,2023-12,nasiskolji.hr,0,0,1070,0.0,0,below_ranking_threshold,,legacy,hnb-media,HNB_MEDIA,2026-09-21.1,1.0,HNB_MEDIA_INDICATORS_1.0,descriptive_archive_counts_not_independently_validated
legacy,2021-01,2023-12,naturala.hr,1,1,872,11.46788990825688,0,below_ranking_threshold,,legacy,hnb-media,HNB_MEDIA,2026-09-21.1,1.0,HNB_MEDIA_INDICATORS_1.0,descriptive_archive_counts_not_independently_validated
legacy,2021-01,2023-12,net.hr,153,153,83606,18.30012200081334,1,eligible,54,legacy,hnb-media,HNB_MEDIA,2026-09-21.1,1.0,HNB_MEDIA_INDICATORS_1.0,descriptive_archive_counts_not_independently_validated
legacy,2021-01,2023-12,netokracija.com,13,13,2283,56.94261936049058,0,below_ranking_threshold,,legacy,hnb-media,HNB_MEDIA,2026-09-21.1,1.0,HNB_MEDIA_INDICATORS_1.0,descriptive_archive_counts_not_independently_validated
legacy,2021-01,2023-12,nismosame.com,0,0,8,0.0,0,below_ranking_threshold,,legacy,hnb-media,HNB_MEDIA,2026-09-21.1,1.0,HNB_MEDIA_INDICATORS_1.0,descriptive_archive_counts_not_independently_validated
legacy,2021-01,2023-12,nizagorjemalo.hr,0,0,13,0.0,0,below_ranking_threshold,,legacy,hnb-media,HNB_MEDIA,2026-09-21.1,1.0,HNB_MEDIA_INDICATORS_1.0,descriptive_archive_counts_not_independently_validated
legacy,2021-01,2023-12,nogometplus.net,0,0,3703,0.0,0,below_ranking_threshold,,legacy,hnb-media,HNB_MEDIA,2026-09-21.1,1.0,HNB_MEDIA_INDICATORS_1.0,descriptive_archive_counts_not_independently_validated
legacy,2021-01,2023-12,novagra.hr,12,12,4955,24.217961654894047,0,below_ranking_threshold,,legacy,hnb-media,HNB_MEDIA,2026-09-21.1,1.0,HNB_MEDIA_INDICATORS_1.0,descriptive_archive_counts_not_independently_validated
legacy,2021-01,2023-12,novagradiska.eu,0,0,944,0.0,0,below_ranking_threshold,,legacy,hnb-media,HNB_MEDIA,2026-09-21.1,1.0,HNB_MEDIA_INDICATORS_1.0,descriptive_archive_counts_not_independently_validated
legacy,2021-01,2023-12,novilist.hr,767,767,151230,50.71745024135423,1,eligible,23,legacy,hnb-media,HNB_MEDIA,2026-09-21.1,1.0,HNB_MEDIA_INDICATORS_1.0,descriptive_archive_counts_not_independently_validated
legacy,2021-01,2023-12,noviradio.hr,14,14,9727,14.392926904492649,0,below_ranking_threshold,,legacy,hnb-media,HNB_MEDIA,2026-09-21.1,1.0,HNB_MEDIA_INDICATORS_1.0,descriptive_archive_counts_not_independently_validated
legacy,2021-01,2023-12,novo.hr,177,177,14840,119.2722371967655,1,eligible,3,legacy,hnb-media,HNB_MEDIA,2026-09-21.1,1.0,HNB_MEDIA_INDICATORS_1.0,descriptive_archive_counts_not_independently_validated
legacy,2021-01,2023-12,novosti.hr,69,69,14211,48.553937090985855,1,eligible,27,legacy,hnb-media,HNB_MEDIA,2026-09-21.1,1.0,HNB_MEDIA_INDICATORS_1.0,descriptive_archive_counts_not_independently_validated
legacy,2021-01,2023-12,objektivno.hr,91,91,3783,240.54982817869416,0,below_ranking_threshold,,legacy,hnb-media,HNB_MEDIA,2026-09-21.1,1.0,HNB_MEDIA_INDICATORS_1.0,descriptive_archive_counts_not_independently_validated
legacy,2021-01,2023-12,obris.org,3,3,791,37.92667509481669,0,below_ranking_threshold,,legacy,hnb-media,HNB_MEDIA,2026-09-21.1,1.0,HNB_MEDIA_INDICATORS_1.0,descriptive_archive_counts_not_independently_validated
legacy,2021-01,2023-12,ogportal.com,147,147,16849,87.24553385957624,1,eligible,9,legacy,hnb-media,HNB_MEDIA,2026-09-21.1,1.0,HNB_MEDIA_INDICATORS_1.0,descriptive_archive_counts_not_independently_validated
legacy,2021-01,2023-12,ogulin.eu,0,0,376,0.0,0,below_ranking_threshold,,legacy,hnb-media,HNB_MEDIA,2026-09-21.1,1.0,HNB_MEDIA_INDICATORS_1.0,descriptive_archive_counts_not_independently_validated
legacy,2021-01,2023-12,orioninfovk.com,0,0,2,0.0,0,below_ranking_threshold,,legacy,hnb-media,HNB_MEDIA,2026-09-21.1,1.0,HNB_MEDIA_INDICATORS_1.0,descriptive_archive_counts_not_independently_validated
legacy,2021-01,2023-12,osijekexpress.com,16,16,4337,36.891860733225734,0,below_ranking_threshold,,legacy,hnb-media,HNB_MEDIA,2026-09-21.1,1.0,HNB_MEDIA_INDICATORS_1.0,descriptive_archive_counts_not_independently_validated
legacy,2021-01,2023-12,osijeknews.hr,24,24,6526,36.77597303095311,0,below_ranking_threshold,,legacy,hnb-media,HNB_MEDIA,2026-09-21.1,1.0,HNB_MEDIA_INDICATORS_1.0,descriptive_archive_counts_not_independently_validated
legacy,2021-01,2023-12,otoci.eu,1,1,1908,5.241090146750524,0,below_ranking_threshold,,legacy,hnb-media,HNB_MEDIA,2026-09-21.1,1.0,HNB_MEDIA_INDICATORS_1.0,descriptive_archive_counts_not_independently_validated
legacy,2021-01,2023-12,otoci.net,1,1,4876,2.0508613617719442,0,below_ranking_threshold,,legacy,hnb-media,HNB_MEDIA,2026-09-21.1,1.0,HNB_MEDIA_INDICATORS_1.0,descriptive_archive_counts_not_independently_validated
legacy,2021-01,2023-12,otvoreno.hr,250,250,31378,79.67365670214801,1,eligible,12,legacy,hnb-media,HNB_MEDIA,2026-09-21.1,1.0,HNB_MEDIA_INDICATORS_1.0,descriptive_archive_counts_not_independently_validated
legacy,2021-01,2023-12,p-portal.net,2,2,518,38.61003861003861,0,below_ranking_threshold,,legacy,hnb-media,HNB_MEDIA,2026-09-21.1,1.0,HNB_MEDIA_INDICATORS_1.0,descriptive_archive_counts_not_independently_validated
legacy,2021-01,2023-12,pakrackilist.hr,0,0,2078,0.0,0,below_ranking_threshold,,legacy,hnb-media,HNB_MEDIA,2026-09-21.1,1.0,HNB_MEDIA_INDICATORS_1.0,descriptive_archive_counts_not_independently_validated
legacy,2021-01,2023-12,panopticum.hr,26,26,2947,88.22531387852052,0,below_ranking_threshold,,legacy,hnb-media,HNB_MEDIA,2026-09-21.1,1.0,HNB_MEDIA_INDICATORS_1.0,descriptive_archive_counts_not_independently_validated
legacy,2021-01,2023-12,paraf.hr,16,16,1500,106.66666666666667,0,below_ranking_threshold,,legacy,hnb-media,HNB_MEDIA,2026-09-21.1,1.0,HNB_MEDIA_INDICATORS_1.0,descriptive_archive_counts_not_independently_validated
legacy,2021-01,2023-12,parentium.com,11,11,8319,13.22274311816324,0,below_ranking_threshold,,legacy,hnb-media,HNB_MEDIA,2026-09-21.1,1.0,HNB_MEDIA_INDICATORS_1.0,descriptive_archive_counts_not_independently_validated
legacy,2021-01,2023-12,pcchip.hr,0,0,4231,0.0,0,below_ranking_threshold,,legacy,hnb-media,HNB_MEDIA,2026-09-21.1,1.0,HNB_MEDIA_INDICATORS_1.0,descriptive_archive_counts_not_independently_validated
legacy,2021-01,2023-12,phralipen.hr,0,0,148,0.0,0,below_ranking_threshold,,legacy,hnb-media,HNB_MEDIA,2026-09-21.1,1.0,HNB_MEDIA_INDICATORS_1.0,descriptive_archive_counts_not_independently_validated
legacy,2021-01,2023-12,ploce.com.hr,4,4,1275,31.372549019607842,0,below_ranking_threshold,,legacy,hnb-media,HNB_MEDIA,2026-09-21.1,1.0,HNB_MEDIA_INDICATORS_1.0,descriptive_archive_counts_not_independently_validated
legacy,2021-01,2023-12,plusportal.hr,6,6,1767,33.95585738539898,0,below_ranking_threshold,,legacy,hnb-media,HNB_MEDIA,2026-09-21.1,1.0,HNB_MEDIA_INDICATORS_1.0,descriptive_archive_counts_not_independently_validated
legacy,2021-01,2023-12,podravski.hr,24,24,21920,10.94890510948905,0,below_ranking_threshold,,legacy,hnb-media,HNB_MEDIA,2026-09-21.1,1.0,HNB_MEDIA_INDICATORS_1.0,descriptive_archive_counts_not_independently_validated
legacy,2021-01,2023-12,poduckun.net,8,8,11031,7.252289003716798,0,below_ranking_threshold,,legacy,hnb-media,HNB_MEDIA,2026-09-21.1,1.0,HNB_MEDIA_INDICATORS_1.0,descriptive_archive_counts_not_independently_validated
legacy,2021-01,2023-12,porestina.info,9,9,7333,12.27328514932497,0,below_ranking_threshold,,legacy,hnb-media,HNB_MEDIA,2026-09-21.1,1.0,HNB_MEDIA_INDICATORS_1.0,descriptive_archive_counts_not_independently_validated
legacy,2021-01,2023-12,portal-ostro.hr,0,0,215,0.0,0,below_ranking_threshold,,legacy,hnb-media,HNB_MEDIA,2026-09-21.1,1.0,HNB_MEDIA_INDICATORS_1.0,descriptive_archive_counts_not_independently_validated
legacy,2021-01,2023-12,portal53.hr,1,1,7182,1.392369813422445,0,below_ranking_threshold,,legacy,hnb-media,HNB_MEDIA,2026-09-21.1,1.0,HNB_MEDIA_INDICATORS_1.0,descriptive_archive_counts_not_independently_validated
legacy,2021-01,2023-12,portalnovosti.com,45,45,7508,59.93606819392648,0,below_ranking_threshold,,legacy,hnb-media,HNB_MEDIA,2026-09-21.1,1.0,HNB_MEDIA_INDICATORS_1.0,descriptive_archive_counts_not_independently_validated
legacy,2021-01,2023-12,portalzdravlje.hr,0,0,1232,0.0,0,below_ranking_threshold,,legacy,hnb-media,HNB_MEDIA,2026-09-21.1,1.0,HNB_MEDIA_INDICATORS_1.0,descriptive_archive_counts_not_independently_validated
legacy,2021-01,2023-12,portofon.com,1,1,1254,7.974481658692185,0,below_ranking_threshold,,legacy,hnb-media,HNB_MEDIA,2026-09-21.1,1.0,HNB_MEDIA_INDICATORS_1.0,descriptive_archive_counts_not_independently_validated
legacy,2021-01,2023-12,poslovni-savjetnik.com,22,22,2790,78.85304659498208,0,below_ranking_threshold,,legacy,hnb-media,HNB_MEDIA,2026-09-21.1,1.0,HNB_MEDIA_INDICATORS_1.0,descriptive_archive_counts_not_independently_validated
legacy,2021-01,2023-12,poslovni.hr,805,805,37632,213.91369047619048,1,eligible,2,legacy,hnb-media,HNB_MEDIA,2026-09-21.1,1.0,HNB_MEDIA_INDICATORS_1.0,descriptive_archive_counts_not_independently_validated
legacy,2021-01,2023-12,poslovnifm.com,114,114,2768,411.84971098265896,0,below_ranking_threshold,,legacy,hnb-media,HNB_MEDIA,2026-09-21.1,1.0,HNB_MEDIA_INDICATORS_1.0,descriptive_archive_counts_not_independently_validated
legacy,2021-01,2023-12,poslovnipuls.com,79,79,2775,284.68468468468467,0,below_ranking_threshold,,legacy,hnb-media,HNB_MEDIA,2026-09-21.1,1.0,HNB_MEDIA_INDICATORS_1.0,descriptive_archive_counts_not_independently_validated
legacy,2021-01,2023-12,povijest.hr,0,0,3535,0.0,0,below_ranking_threshold,,legacy,hnb-media,HNB_MEDIA,2026-09-21.1,1.0,HNB_MEDIA_INDICATORS_1.0,descriptive_archive_counts_not_independently_validated
legacy,2021-01,2023-12,pozega.eu,2,2,6567,3.0455306837216387,0,below_ranking_threshold,,legacy,hnb-media,HNB_MEDIA,2026-09-21.1,1.0,HNB_MEDIA_INDICATORS_1.0,descriptive_archive_counts_not_independently_validated
legacy,2021-01,2023-12,pozeska-kronika.hr,6,6,7919,7.576714231594899,0,below_ranking_threshold,,legacy,hnb-media,HNB_MEDIA,2026-09-21.1,1.0,HNB_MEDIA_INDICATORS_1.0,descriptive_archive_counts_not_independently_validated
legacy,2021-01,2023-12,pozeski.hr,14,14,6852,20.431990659661412,0,below_ranking_threshold,,legacy,hnb-media,HNB_MEDIA,2026-09-21.1,1.0,HNB_MEDIA_INDICATORS_1.0,descriptive_archive_counts_not_independently_validated
legacy,2021-01,2023-12,pozeskivodic.com,0,0,13,0.0,0,below_ranking_threshold,,legacy,hnb-media,HNB_MEDIA,2026-09-21.1,1.0,HNB_MEDIA_INDICATORS_1.0,descriptive_archive_counts_not_independently_validated
legacy,2021-01,2023-12,press032.com,2,2,3727,5.3662463107056615,0,below_ranking_threshold,,legacy,hnb-media,HNB_MEDIA,2026-09-21.1,1.0,HNB_MEDIA_INDICATORS_1.0,descriptive_archive_counts_not_independently_validated
legacy,2021-01,2023-12,prglas.com,3,3,368,81.52173913043478,0,below_ranking_threshold,,legacy,hnb-media,HNB_MEDIA,2026-09-21.1,1.0,HNB_MEDIA_INDICATORS_1.0,descriptive_archive_counts_not_independently_validated
legacy,2021-01,2023-12,prigorski.hr,328,328,87920,37.306642402183805,1,eligible,35,legacy,hnb-media,HNB_MEDIA,2026-09-21.1,1.0,HNB_MEDIA_INDICATORS_1.0,descriptive_archive_counts_not_independently_validated
legacy,2021-01,2023-12,prigorskiradio.hr,3,3,1158,25.906735751295336,0,below_ranking_threshold,,legacy,hnb-media,HNB_MEDIA,2026-09-21.1,1.0,HNB_MEDIA_INDICATORS_1.0,descriptive_archive_counts_not_independently_validated
legacy,2021-01,2023-12,promise.hr,21,21,1119,187.66756032171583,0,below_ranking_threshold,,legacy,hnb-media,HNB_MEDIA,2026-09-21.1,1.0,HNB_MEDIA_INDICATORS_1.0,descriptive_archive_counts_not_independently_validated
legacy,2021-01,2023-12,ps-portal.eu,5,5,3405,14.684287812041116,0,below_ranking_threshold,,legacy,hnb-media,HNB_MEDIA,2026-09-21.1,1.0,HNB_MEDIA_INDICATORS_1.0,descriptive_archive_counts_not_independently_validated
legacy,2021-01,2023-12,pulskasvakodnevnica.com,0,0,5,0.0,0,below_ranking_threshold,,legacy,hnb-media,HNB_MEDIA,2026-09-21.1,1.0,HNB_MEDIA_INDICATORS_1.0,descriptive_archive_counts_not_independently_validated
legacy,2021-01,2023-12,radio-banovina.hr,110,110,16071,68.44626967830253,1,eligible,15,legacy,hnb-media,HNB_MEDIA,2026-09-21.1,1.0,HNB_MEDIA_INDICATORS_1.0,descriptive_archive_counts_not_independently_validated
legacy,2021-01,2023-12,radio-borovo.hr,0,0,11,0.0,0,below_ranking_threshold,,legacy,hnb-media,HNB_MEDIA,2026-09-21.1,1.0,HNB_MEDIA_INDICATORS_1.0,descriptive_archive_counts_not_independently_validated
legacy,2021-01,2023-12,radio-gospic.com,0,0,2,0.0,0,below_ranking_threshold,,legacy,hnb-media,HNB_MEDIA,2026-09-21.1,1.0,HNB_MEDIA_INDICATORS_1.0,descriptive_archive_counts_not_independently_validated
legacy,2021-01,2023-12,radio-mreznica.hr,9,9,10207,8.817478201234447,0,below_ranking_threshold,,legacy,hnb-media,HNB_MEDIA,2026-09-21.1,1.0,HNB_MEDIA_INDICATORS_1.0,descriptive_archive_counts_not_independently_validated
legacy,2021-01,2023-12,radio808.com,0,0,65,0.0,0,below_ranking_threshold,,legacy,hnb-media,HNB_MEDIA,2026-09-21.1,1.0,HNB_MEDIA_INDICATORS_1.0,descriptive_archive_counts_not_independently_validated
legacy,2021-01,2023-12,radiong.hr,25,25,6971,35.862860421747236,0,below_ranking_threshold,,legacy,hnb-media,HNB_MEDIA,2026-09-21.1,1.0,HNB_MEDIA_INDICATORS_1.0,descriptive_archive_counts_not_independently_validated
legacy,2021-01,2023-12,radiopag.hr,0,0,882,0.0,0,below_ranking_threshold,,legacy,hnb-media,HNB_MEDIA,2026-09-21.1,1.0,HNB_MEDIA_INDICATORS_1.0,descriptive_archive_counts_not_independently_validated
legacy,2021-01,2023-12,radioprkos.hr,0,0,20,0.0,0,below_ranking_threshold,,legacy,hnb-media,HNB_MEDIA,2026-09-21.1,1.0,HNB_MEDIA_INDICATORS_1.0,descriptive_archive_counts_not_independently_validated
legacy,2021-01,2023-12,radiosamobor.hr,0,0,1374,0.0,0,below_ranking_threshold,,legacy,hnb-media,HNB_MEDIA,2026-09-21.1,1.0,HNB_MEDIA_INDICATORS_1.0,descriptive_archive_counts_not_independently_validated
legacy,2021-01,2023-12,radiostudent.hr,0,0,76,0.0,0,below_ranking_threshold,,legacy,hnb-media,HNB_MEDIA,2026-09-21.1,1.0,HNB_MEDIA_INDICATORS_1.0,descriptive_archive_counts_not_independently_validated
legacy,2021-01,2023-12,radnickaprava.org,2,2,654,30.581039755351682,0,below_ranking_threshold,,legacy,hnb-media,HNB_MEDIA,2026-09-21.1,1.0,HNB_MEDIA_INDICATORS_1.0,descriptive_archive_counts_not_independently_validated
legacy,2021-01,2023-12,ravnododna.com,0,0,8382,0.0,0,below_ranking_threshold,,legacy,hnb-media,HNB_MEDIA,2026-09-21.1,1.0,HNB_MEDIA_INDICATORS_1.0,descriptive_archive_counts_not_independently_validated
legacy,2021-01,2023-12,razvojni.hr,0,0,1,0.0,0,below_ranking_threshold,,legacy,hnb-media,HNB_MEDIA,2026-09-21.1,1.0,HNB_MEDIA_INDICATORS_1.0,descriptive_archive_counts_not_independently_validated
legacy,2021-01,2023-12,reci.hr,0,0,527,0.0,0,below_ranking_threshold,,legacy,hnb-media,HNB_MEDIA,2026-09-21.1,1.0,HNB_MEDIA_INDICATORS_1.0,descriptive_archive_counts_not_independently_validated
legacy,2021-01,2023-12,regionalexpress.hr,15,15,6958,21.557918942224777,0,below_ranking_threshold,,legacy,hnb-media,HNB_MEDIA,2026-09-21.1,1.0,HNB_MEDIA_INDICATORS_1.0,descriptive_archive_counts_not_independently_validated
legacy,2021-01,2023-12,regionalni.com,32,32,20833,15.360245763932223,0,below_ranking_threshold,,legacy,hnb-media,HNB_MEDIA,2026-09-21.1,1.0,HNB_MEDIA_INDICATORS_1.0,descriptive_archive_counts_not_independently_validated
legacy,2021-01,2023-12,rep.hr,15,15,4248,35.31073446327684,0,below_ranking_threshold,,legacy,hnb-media,HNB_MEDIA,2026-09-21.1,1.0,HNB_MEDIA_INDICATORS_1.0,descriptive_archive_counts_not_independently_validated
legacy,2021-01,2023-12,rijekadanas.com,14,14,25628,5.462775089745591,0,below_ranking_threshold,,legacy,hnb-media,HNB_MEDIA,2026-09-21.1,1.0,HNB_MEDIA_INDICATORS_1.0,descriptive_archive_counts_not_independently_validated
legacy,2021-01,2023-12,riprsten.com,0,0,2294,0.0,0,below_ranking_threshold,,legacy,hnb-media,HNB_MEDIA,2026-09-21.1,1.0,HNB_MEDIA_INDICATORS_1.0,descriptive_archive_counts_not_independently_validated
legacy,2021-01,2023-12,rivijeranews.hr,0,0,99,0.0,0,below_ranking_threshold,,legacy,hnb-media,HNB_MEDIA,2026-09-21.1,1.0,HNB_MEDIA_INDICATORS_1.0,descriptive_archive_counts_not_independently_validated
legacy,2021-01,2023-12,romi.hr,0,0,175,0.0,0,below_ranking_threshold,,legacy,hnb-media,HNB_MEDIA,2026-09-21.1,1.0,HNB_MEDIA_INDICATORS_1.0,descriptive_archive_counts_not_independently_validated
legacy,2021-01,2023-12,rtl.hr,312,312,96419,32.35876746284446,1,eligible,42,legacy,hnb-media,HNB_MEDIA,2026-09-21.1,1.0,HNB_MEDIA_INDICATORS_1.0,descriptive_archive_counts_not_independently_validated
legacy,2021-01,2023-12,sabh.hr,9,9,3193,28.186658315064204,0,below_ranking_threshold,,legacy,hnb-media,HNB_MEDIA,2026-09-21.1,1.0,HNB_MEDIA_INDICATORS_1.0,descriptive_archive_counts_not_independently_validated
legacy,2021-01,2023-12,savjeti.hr,8,8,328,243.90243902439025,0,below_ranking_threshold,,legacy,hnb-media,HNB_MEDIA,2026-09-21.1,1.0,HNB_MEDIA_INDICATORS_1.0,descriptive_archive_counts_not_independently_validated
legacy,2021-01,2023-12,scubalife.hr,0,0,778,0.0,0,below_ranking_threshold,,legacy,hnb-media,HNB_MEDIA,2026-09-21.1,1.0,HNB_MEDIA_INDICATORS_1.0,descriptive_archive_counts_not_independently_validated
legacy,2021-01,2023-12,senjskabura.hr,0,0,185,0.0,0,below_ranking_threshold,,legacy,hnb-media,HNB_MEDIA,2026-09-21.1,1.0,HNB_MEDIA_INDICATORS_1.0,descriptive_archive_counts_not_independently_validated
legacy,2021-01,2023-12,sesvete-danas.hr,1,1,592,16.89189189189189,0,below_ranking_threshold,,legacy,hnb-media,HNB_MEDIA,2026-09-21.1,1.0,HNB_MEDIA_INDICATORS_1.0,descriptive_archive_counts_not_independently_validated
legacy,2021-01,2023-12,she.hr,3,3,6856,4.3757292882147025,0,below_ranking_threshold,,legacy,hnb-media,HNB_MEDIA,2026-09-21.1,1.0,HNB_MEDIA_INDICATORS_1.0,descriptive_archive_counts_not_independently_validated
legacy,2021-01,2023-12,sibenik.in,215,215,45778,46.96579142819695,1,eligible,28,legacy,hnb-media,HNB_MEDIA,2026-09-21.1,1.0,HNB_MEDIA_INDICATORS_1.0,descriptive_archive_counts_not_independently_validated
legacy,2021-01,2023-12,sibenskiportal.hr,28,28,23798,11.765694596184554,0,below_ranking_threshold,,legacy,hnb-media,HNB_MEDIA,2026-09-21.1,1.0,HNB_MEDIA_INDICATORS_1.0,descriptive_archive_counts_not_independently_validated
legacy,2021-01,2023-12,sinjskarera.hr,0,0,4018,0.0,0,below_ranking_threshold,,legacy,hnb-media,HNB_MEDIA,2026-09-21.1,1.0,HNB_MEDIA_INDICATORS_1.0,descriptive_archive_counts_not_independently_validated
legacy,2021-01,2023-12,sisak.info,3,3,7757,3.8674745391259506,0,below_ranking_threshold,,legacy,hnb-media,HNB_MEDIA,2026-09-21.1,1.0,HNB_MEDIA_INDICATORS_1.0,descriptive_archive_counts_not_independently_validated
legacy,2021-01,2023-12,sisakportal.hr,1,1,3979,2.5131942699170646,0,below_ranking_threshold,,legacy,hnb-media,HNB_MEDIA,2026-09-21.1,1.0,HNB_MEDIA_INDICATORS_1.0,descriptive_archive_counts_not_independently_validated
legacy,2021-01,2023-12,sjever.hr,61,61,22746,26.81790204871186,1,eligible,48,legacy,hnb-media,HNB_MEDIA,2026-09-21.1,1.0,HNB_MEDIA_INDICATORS_1.0,descriptive_archive_counts_not_independently_validated
legacy,2021-01,2023-12,sjeverni.info,38,38,11277,33.69690520528509,0,below_ranking_threshold,,legacy,hnb-media,HNB_MEDIA,2026-09-21.1,1.0,HNB_MEDIA_INDICATORS_1.0,descriptive_archive_counts_not_independently_validated
legacy,2021-01,2023-12,sjeverozapad.hr,0,0,1,0.0,0,below_ranking_threshold,,legacy,hnb-media,HNB_MEDIA,2026-09-21.1,1.0,HNB_MEDIA_INDICATORS_1.0,descriptive_archive_counts_not_independently_validated
legacy,2021-01,2023-12,skitnice.hr,0,0,5,0.0,0,below_ranking_threshold,,legacy,hnb-media,HNB_MEDIA,2026-09-21.1,1.0,HNB_MEDIA_INDICATORS_1.0,descriptive_archive_counts_not_independently_validated
legacy,2021-01,2023-12,slavonijainfo.com,51,51,12210,41.76904176904177,1,eligible,31,legacy,hnb-media,HNB_MEDIA,2026-09-21.1,1.0,HNB_MEDIA_INDICATORS_1.0,descriptive_archive_counts_not_independently_validated
legacy,2021-01,2023-12,sloboda.hr,19,19,1237,153.59741309620048,0,below_ranking_threshold,,legacy,hnb-media,HNB_MEDIA,2026-09-21.1,1.0,HNB_MEDIA_INDICATORS_1.0,descriptive_archive_counts_not_independently_validated
legacy,2021-01,2023-12,slobodnadalmacija.hr,788,788,240445,32.7725675310362,1,eligible,41,legacy,hnb-media,HNB_MEDIA,2026-09-21.1,1.0,HNB_MEDIA_INDICATORS_1.0,descriptive_archive_counts_not_independently_validated
legacy,2021-01,2023-12,split.com.hr,0,0,1252,0.0,0,below_ranking_threshold,,legacy,hnb-media,HNB_MEDIA,2026-09-21.1,1.0,HNB_MEDIA_INDICATORS_1.0,descriptive_archive_counts_not_independently_validated
legacy,2021-01,2023-12,sportalo.hr,1,1,13995,0.7145409074669525,0,below_ranking_threshold,,legacy,hnb-media,HNB_MEDIA,2026-09-21.1,1.0,HNB_MEDIA_INDICATORS_1.0,descriptive_archive_counts_not_independently_validated
legacy,2021-01,2023-12,sportcom.hr,3,3,19414,1.5452766045122077,0,below_ranking_threshold,,legacy,hnb-media,HNB_MEDIA,2026-09-21.1,1.0,HNB_MEDIA_INDICATORS_1.0,descriptive_archive_counts_not_independently_validated
legacy,2021-01,2023-12,sportnet.hr,0,0,10541,0.0,0,below_ranking_threshold,,legacy,hnb-media,HNB_MEDIA,2026-09-21.1,1.0,HNB_MEDIA_INDICATORS_1.0,descriptive_archive_counts_not_independently_validated
legacy,2021-01,2023-12,sportnews.hr,0,0,1845,0.0,0,below_ranking_threshold,,legacy,hnb-media,HNB_MEDIA,2026-09-21.1,1.0,HNB_MEDIA_INDICATORS_1.0,descriptive_archive_counts_not_independently_validated
legacy,2021-01,2023-12,srednja.hr,9,9,11743,7.664140338925317,0,below_ranking_threshold,,legacy,hnb-media,HNB_MEDIA,2026-09-21.1,1.0,HNB_MEDIA_INDICATORS_1.0,descriptive_archive_counts_not_independently_validated
legacy,2021-01,2023-12,startnews.hr,12,12,1961,61.193268740438555,0,below_ranking_threshold,,legacy,hnb-media,HNB_MEDIA,2026-09-21.1,1.0,HNB_MEDIA_INDICATORS_1.0,descriptive_archive_counts_not_independently_validated
legacy,2021-01,2023-12,story.hr,8,8,55857,1.4322287269276903,0,below_ranking_threshold,,legacy,hnb-media,HNB_MEDIA,2026-09-21.1,1.0,HNB_MEDIA_INDICATORS_1.0,descriptive_archive_counts_not_independently_validated
legacy,2021-01,2023-12,stratego.hr,0,0,3,0.0,0,below_ranking_threshold,,legacy,hnb-media,HNB_MEDIA,2026-09-21.1,1.0,HNB_MEDIA_INDICATORS_1.0,descriptive_archive_counts_not_independently_validated
legacy,2021-01,2023-12,studentski.hr,26,26,15274,17.02239099122692,0,below_ranking_threshold,,legacy,hnb-media,HNB_MEDIA,2026-09-21.1,1.0,HNB_MEDIA_INDICATORS_1.0,descriptive_archive_counts_not_independently_validated
legacy,2021-01,2023-12,studioeuropa.online,2,2,51,392.15686274509807,0,below_ranking_threshold,,legacy,hnb-media,HNB_MEDIA,2026-09-21.1,1.0,HNB_MEDIA_INDICATORS_1.0,descriptive_archive_counts_not_independently_validated
legacy,2021-01,2023-12,stv.hr,8,8,5781,13.838436256702993,0,below_ranking_threshold,,legacy,hnb-media,HNB_MEDIA,2026-09-21.1,1.0,HNB_MEDIA_INDICATORS_1.0,descriptive_archive_counts_not_independently_validated
legacy,2021-01,2023-12,superportal.hr,19,19,8342,22.776312634859746,0,below_ranking_threshold,,legacy,hnb-media,HNB_MEDIA,2026-09-21.1,1.0,HNB_MEDIA_INDICATORS_1.0,descriptive_archive_counts_not_independently_validated
legacy,2021-01,2023-12,teklic.hr,31,31,20425,15.177478580171359,0,below_ranking_threshold,,legacy,hnb-media,HNB_MEDIA,2026-09-21.1,1.0,HNB_MEDIA_INDICATORS_1.0,descriptive_archive_counts_not_independently_validated
legacy,2021-01,2023-12,telegram.hr,418,418,85177,49.074280615659156,1,eligible,25,legacy,hnb-media,HNB_MEDIA,2026-09-21.1,1.0,HNB_MEDIA_INDICATORS_1.0,descriptive_archive_counts_not_independently_validated
legacy,2021-01,2023-12,teleskop.hr,107,107,10048,106.48885350318471,1,eligible,5,legacy,hnb-media,HNB_MEDIA,2026-09-21.1,1.0,HNB_MEDIA_INDICATORS_1.0,descriptive_archive_counts_not_independently_validated
legacy,2021-01,2023-12,thebestshop.hr,0,0,259,0.0,0,below_ranking_threshold,,legacy,hnb-media,HNB_MEDIA,2026-09-21.1,1.0,HNB_MEDIA_INDICATORS_1.0,descriptive_archive_counts_not_independently_validated
legacy,2021-01,2023-12,tiramola-media.info,0,0,318,0.0,0,below_ranking_threshold,,legacy,hnb-media,HNB_MEDIA,2026-09-21.1,1.0,HNB_MEDIA_INDICATORS_1.0,descriptive_archive_counts_not_independently_validated
legacy,2021-01,2023-12,tjedno.hr,5,5,1825,27.397260273972602,0,below_ranking_threshold,,legacy,hnb-media,HNB_MEDIA,2026-09-21.1,1.0,HNB_MEDIA_INDICATORS_1.0,descriptive_archive_counts_not_independently_validated
legacy,2021-01,2023-12,tockanai.hr,140,140,4356,321.3957759412305,0,below_ranking_threshold,,legacy,hnb-media,HNB_MEDIA,2026-09-21.1,1.0,HNB_MEDIA_INDICATORS_1.0,descriptive_archive_counts_not_independently_validated
legacy,2021-01,2023-12,torpedo.media,17,17,17103,9.939776647371806,0,below_ranking_threshold,,legacy,hnb-media,HNB_MEDIA,2026-09-21.1,1.0,HNB_MEDIA_INDICATORS_1.0,descriptive_archive_counts_not_independently_validated
legacy,2021-01,2023-12,total-croatia-news.com,0,0,1,0.0,0,below_ranking_threshold,,legacy,hnb-media,HNB_MEDIA,2026-09-21.1,1.0,HNB_MEDIA_INDICATORS_1.0,descriptive_archive_counts_not_independently_validated
legacy,2021-01,2023-12,totalinfo.hr,179,179,29623,60.42602032204706,1,eligible,18,legacy,hnb-media,HNB_MEDIA,2026-09-21.1,1.0,HNB_MEDIA_INDICATORS_1.0,descriptive_archive_counts_not_independently_validated
legacy,2021-01,2023-12,tportal.hr,1013,1013,165806,61.095497147268496,1,eligible,17,legacy,hnb-media,HNB_MEDIA,2026-09-21.1,1.0,HNB_MEDIA_INDICATORS_1.0,descriptive_archive_counts_not_independently_validated
legacy,2021-01,2023-12,trend.com.hr,7,7,9215,7.59631036353771,0,below_ranking_threshold,,legacy,hnb-media,HNB_MEDIA,2026-09-21.1,1.0,HNB_MEDIA_INDICATORS_1.0,descriptive_archive_counts_not_independently_validated
legacy,2021-01,2023-12,tris.com.hr,40,40,3461,115.57353366079168,0,below_ranking_threshold,,legacy,hnb-media,HNB_MEDIA,2026-09-21.1,1.0,HNB_MEDIA_INDICATORS_1.0,descriptive_archive_counts_not_independently_validated
legacy,2021-01,2023-12,tunera.info,1,1,5437,1.8392495861688432,0,below_ranking_threshold,,legacy,hnb-media,HNB_MEDIA,2026-09-21.1,1.0,HNB_MEDIA_INDICATORS_1.0,descriptive_archive_counts_not_independently_validated
legacy,2021-01,2023-12,turistickeprice.hr,0,0,749,0.0,0,below_ranking_threshold,,legacy,hnb-media,HNB_MEDIA,2026-09-21.1,1.0,HNB_MEDIA_INDICATORS_1.0,descriptive_archive_counts_not_independently_validated
legacy,2021-01,2023-12,turizam.media,0,0,2,0.0,0,below_ranking_threshold,,legacy,hnb-media,HNB_MEDIA,2026-09-21.1,1.0,HNB_MEDIA_INDICATORS_1.0,descriptive_archive_counts_not_independently_validated
legacy,2021-01,2023-12,turizmoteka.hr,32,32,7626,41.96170993968004,0,below_ranking_threshold,,legacy,hnb-media,HNB_MEDIA,2026-09-21.1,1.0,HNB_MEDIA_INDICATORS_1.0,descriptive_archive_counts_not_independently_validated
legacy,2021-01,2023-12,varazdin-express.com.hr,0,0,6,0.0,0,below_ranking_threshold,,legacy,hnb-media,HNB_MEDIA,2026-09-21.1,1.0,HNB_MEDIA_INDICATORS_1.0,descriptive_archive_counts_not_independently_validated
legacy,2021-01,2023-12,varazdinske-vijesti.hr,46,46,28270,16.271666077113547,0,below_ranking_threshold,,legacy,hnb-media,HNB_MEDIA,2026-09-21.1,1.0,HNB_MEDIA_INDICATORS_1.0,descriptive_archive_counts_not_independently_validated
legacy,2021-01,2023-12,vecernji.hr,746,746,179221,41.62458640449501,1,eligible,32,legacy,hnb-media,HNB_MEDIA,2026-09-21.1,1.0,HNB_MEDIA_INDICATORS_1.0,descriptive_archive_counts_not_independently_validated
legacy,2021-01,2023-12,vgdanas.hr,4,4,9708,4.120313143798929,0,below_ranking_threshold,,legacy,hnb-media,HNB_MEDIA,2026-09-21.1,1.0,HNB_MEDIA_INDICATORS_1.0,descriptive_archive_counts_not_independently_validated
legacy,2021-01,2023-12,vgradu.hr,0,0,5,0.0,0,below_ranking_threshold,,legacy,hnb-media,HNB_MEDIA,2026-09-21.1,1.0,HNB_MEDIA_INDICATORS_1.0,descriptive_archive_counts_not_independently_validated
legacy,2021-01,2023-12,vidi.hr,2,2,4524,4.420866489832007,0,below_ranking_threshold,,legacy,hnb-media,HNB_MEDIA,2026-09-21.1,1.0,HNB_MEDIA_INDICATORS_1.0,descriptive_archive_counts_not_independently_validated
legacy,2021-01,2023-12,vinkulja.hr,4,4,4584,8.726003490401396,0,below_ranking_threshold,,legacy,hnb-media,HNB_MEDIA,2026-09-21.1,1.0,HNB_MEDIA_INDICATORS_1.0,descriptive_archive_counts_not_independently_validated
legacy,2021-01,2023-12,virovitica.net,0,0,1,0.0,0,below_ranking_threshold,,legacy,hnb-media,HNB_MEDIA,2026-09-21.1,1.0,HNB_MEDIA_INDICATORS_1.0,descriptive_archive_counts_not_independently_validated
legacy,2021-01,2023-12,vitamini.hr,0,0,33,0.0,0,below_ranking_threshold,,legacy,hnb-media,HNB_MEDIA,2026-09-21.1,1.0,HNB_MEDIA_INDICATORS_1.0,descriptive_archive_counts_not_independently_validated
legacy,2021-01,2023-12,vizkultura.hr,0,0,317,0.0,0,below_ranking_threshold,,legacy,hnb-media,HNB_MEDIA,2026-09-21.1,1.0,HNB_MEDIA_INDICATORS_1.0,descriptive_archive_counts_not_independently_validated
legacy,2021-01,2023-12,vjera.hr,0,0,20,0.0,0,below_ranking_threshold,,legacy,hnb-media,HNB_MEDIA,2026-09-21.1,1.0,HNB_MEDIA_INDICATORS_1.0,descriptive_archive_counts_not_independently_validated
legacy,2021-01,2023-12,vodnjanski.info,0,0,400,0.0,0,below_ranking_threshold,,legacy,hnb-media,HNB_MEDIA,2026-09-21.1,1.0,HNB_MEDIA_INDICATORS_1.0,descriptive_archive_counts_not_independently_validated
legacy,2021-01,2023-12,volimivanic.info,0,0,1125,0.0,0,below_ranking_threshold,,legacy,hnb-media,HNB_MEDIA,2026-09-21.1,1.0,HNB_MEDIA_INDICATORS_1.0,descriptive_archive_counts_not_independently_validated
legacy,2021-01,2023-12,voxfeminae.net,0,0,944,0.0,0,below_ranking_threshold,,legacy,hnb-media,HNB_MEDIA,2026-09-21.1,1.0,HNB_MEDIA_INDICATORS_1.0,descriptive_archive_counts_not_independently_validated
legacy,2021-01,2023-12,vzaktualno.hr,41,41,15312,26.776384535005224,0,below_ranking_threshold,,legacy,hnb-media,HNB_MEDIA,2026-09-21.1,1.0,HNB_MEDIA_INDICATORS_1.0,descriptive_archive_counts_not_independently_validated
legacy,2021-01,2023-12,wall.hr,0,0,2611,0.0,0,below_ranking_threshold,,legacy,hnb-media,HNB_MEDIA,2026-09-21.1,1.0,HNB_MEDIA_INDICATORS_1.0,descriptive_archive_counts_not_independently_validated
legacy,2021-01,2023-12,womeninadria.com,17,17,3651,46.56258559298822,0,below_ranking_threshold,,legacy,hnb-media,HNB_MEDIA,2026-09-21.1,1.0,HNB_MEDIA_INDICATORS_1.0,descriptive_archive_counts_not_independently_validated
legacy,2021-01,2023-12,zadarnews.hr,0,0,1,0.0,0,below_ranking_threshold,,legacy,hnb-media,HNB_MEDIA,2026-09-21.1,1.0,HNB_MEDIA_INDICATORS_1.0,descriptive_archive_counts_not_independently_validated
legacy,2021-01,2023-12,zadarskiportal.com,3,3,3978,7.541478129713424,0,below_ranking_threshold,,legacy,hnb-media,HNB_MEDIA,2026-09-21.1,1.0,HNB_MEDIA_INDICATORS_1.0,descriptive_archive_counts_not_independently_validated
legacy,2021-01,2023-12,zadarskitjednik.hr,0,0,4,0.0,0,below_ranking_threshold,,legacy,hnb-media,HNB_MEDIA,2026-09-21.1,1.0,HNB_MEDIA_INDICATORS_1.0,descriptive_archive_counts_not_independently_validated
legacy,2021-01,2023-12,zagorje.com,76,76,29021,26.187932876193102,1,eligible,50,legacy,hnb-media,HNB_MEDIA,2026-09-21.1,1.0,HNB_MEDIA_INDICATORS_1.0,descriptive_archive_counts_not_independently_validated
legacy,2021-01,2023-12,zagreb.info,133,133,46107,28.84594530114733,1,eligible,46,legacy,hnb-media,HNB_MEDIA,2026-09-21.1,1.0,HNB_MEDIA_INDICATORS_1.0,descriptive_archive_counts_not_independently_validated
legacy,2021-01,2023-12,zagrebancija.com,3,3,1938,15.479876160990711,0,below_ranking_threshold,,legacy,hnb-media,HNB_MEDIA,2026-09-21.1,1.0,HNB_MEDIA_INDICATORS_1.0,descriptive_archive_counts_not_independently_validated
legacy,2021-01,2023-12,zagrebi.hr,0,0,1,0.0,0,below_ranking_threshold,,legacy,hnb-media,HNB_MEDIA,2026-09-21.1,1.0,HNB_MEDIA_INDICATORS_1.0,descriptive_archive_counts_not_independently_validated
legacy,2021-01,2023-12,zamaaero.com,0,0,6928,0.0,0,below_ranking_threshold,,legacy,hnb-media,HNB_MEDIA,2026-09-21.1,1.0,HNB_MEDIA_INDICATORS_1.0,descriptive_archive_counts_not_independently_validated
legacy,2021-01,2023-12,zaposlena.hr,0,0,445,0.0,0,below_ranking_threshold,,legacy,hnb-media,HNB_MEDIA,2026-09-21.1,1.0,HNB_MEDIA_INDICATORS_1.0,descriptive_archive_counts_not_independently_validated
legacy,2021-01,2023-12,zastita.info,12,12,3598,33.35186214563647,0,below_ranking_threshold,,legacy,hnb-media,HNB_MEDIA,2026-09-21.1,1.0,HNB_MEDIA_INDICATORS_1.0,descriptive_archive_counts_not_independently_validated
legacy,2021-01,2023-12,zenskirecenziraj.com,0,0,4,0.0,0,below_ranking_threshold,,legacy,hnb-media,HNB_MEDIA,2026-09-21.1,1.0,HNB_MEDIA_INDICATORS_1.0,descriptive_archive_counts_not_independently_validated
legacy,2021-01,2023-12,zgexpress.net,8,8,2294,34.873583260680036,0,below_ranking_threshold,,legacy,hnb-media,HNB_MEDIA,2026-09-21.1,1.0,HNB_MEDIA_INDICATORS_1.0,descriptive_archive_counts_not_independently_validated
legacy,2021-01,2023-12,zgkult.eu,0,0,1,0.0,0,below_ranking_threshold,,legacy,hnb-media,HNB_MEDIA,2026-09-21.1,1.0,HNB_MEDIA_INDICATORS_1.0,descriptive_archive_counts_not_independently_validated
legacy,2021-01,2023-12,zgprsten.hr,0,0,606,0.0,0,below_ranking_threshold,,legacy,hnb-media,HNB_MEDIA,2026-09-21.1,1.0,HNB_MEDIA_INDICATORS_1.0,descriptive_archive_counts_not_independently_validated
legacy,2021-01,2023-12,ziher.hr,0,0,1803,0.0,0,below_ranking_threshold,,legacy,hnb-media,HNB_MEDIA,2026-09-21.1,1.0,HNB_MEDIA_INDICATORS_1.0,descriptive_archive_counts_not_independently_validated
legacy,2021-01,2023-12,znet.hr,0,0,1,0.0,0,below_ranking_threshold,,legacy,hnb-media,HNB_MEDIA,2026-09-21.1,1.0,HNB_MEDIA_INDICATORS_1.0,descriptive_archive_counts_not_independently_validated
legacy,2021-01,2023-12,zupan.hr,0,0,4,0.0,0,below_ranking_threshold,,legacy,hnb-media,HNB_MEDIA,2026-09-21.1,1.0,HNB_MEDIA_INDICATORS_1.0,descriptive_archive_counts_not_independently_validated
legacy,2021-01,2023-12,zupanet.hr,0,0,23,0.0,0,below_ranking_threshold,,legacy,hnb-media,HNB_MEDIA,2026-09-21.1,1.0,HNB_MEDIA_INDICATORS_1.0,descriptive_archive_counts_not_independently_validated
legacy,2021-01,2023-12,zupcica.hr,1,1,4734,2.1123785382340516,0,below_ranking_threshold,,legacy,hnb-media,HNB_MEDIA,2026-09-21.1,1.0,HNB_MEDIA_INDICATORS_1.0,descriptive_archive_counts_not_independently_validated
legacy,2021-01,2023-12,zupskiportal.hr,10,10,1715,58.309037900874635,0,below_ranking_threshold,,legacy,hnb-media,HNB_MEDIA,2026-09-21.1,1.0,HNB_MEDIA_INDICATORS_1.0,descriptive_archive_counts_not_independently_validated
api,2024-01,2026-08,01portal.hr,86,86,27848,30.8819304797472,1,eligible,25,api,hnb-media,HNB_MEDIA,2026-09-21.1,1.0,HNB_MEDIA_INDICATORS_1.0,descriptive_archive_counts_not_independently_validated
api,2024-01,2026-08,023.hr,62,62,18954,32.71077345151419,1,eligible,23,api,hnb-media,HNB_MEDIA,2026-09-21.1,1.0,HNB_MEDIA_INDICATORS_1.0,descriptive_archive_counts_not_independently_validated
api,2024-01,2026-08,034portal.hr,7,7,6553,10.682130321989929,0,below_ranking_threshold,,api,hnb-media,HNB_MEDIA,2026-09-21.1,1.0,HNB_MEDIA_INDICATORS_1.0,descriptive_archive_counts_not_independently_validated
api,2024-01,2026-08,035portal.hr,20,20,6494,30.797659377887282,0,below_ranking_threshold,,api,hnb-media,HNB_MEDIA,2026-09-21.1,1.0,HNB_MEDIA_INDICATORS_1.0,descriptive_archive_counts_not_independently_validated
api,2024-01,2026-08,044portal.hr,4,4,4404,9.082652134423252,0,below_ranking_threshold,,api,hnb-media,HNB_MEDIA,2026-09-21.1,1.0,HNB_MEDIA_INDICATORS_1.0,descriptive_archive_counts_not_independently_validated
api,2024-01,2026-08,057info.hr,0,0,19627,0.0,0,below_ranking_threshold,,api,hnb-media,HNB_MEDIA,2026-09-21.1,1.0,HNB_MEDIA_INDICATORS_1.0,descriptive_archive_counts_not_independently_validated
api,2024-01,2026-08,24sata.hr,425,425,258368,16.449405499133018,1,eligible,40,api,hnb-media,HNB_MEDIA,2026-09-21.1,1.0,HNB_MEDIA_INDICATORS_1.0,descriptive_archive_counts_not_independently_validated
api,2024-01,2026-08,5g.hr,0,0,1,0.0,0,below_ranking_threshold,,api,hnb-media,HNB_MEDIA,2026-09-21.1,1.0,HNB_MEDIA_INDICATORS_1.0,descriptive_archive_counts_not_independently_validated
api,2024-01,2026-08,5portal.hr,3,3,8396,3.5731300619342545,0,below_ranking_threshold,,api,hnb-media,HNB_MEDIA,2026-09-21.1,1.0,HNB_MEDIA_INDICATORS_1.0,descriptive_archive_counts_not_independently_validated
api,2024-01,2026-08,7dnevno.hr,56,56,12564,44.57179242279529,1,eligible,16,api,hnb-media,HNB_MEDIA,2026-09-21.1,1.0,HNB_MEDIA_INDICATORS_1.0,descriptive_archive_counts_not_independently_validated
api,2024-01,2026-08,adria.fun,0,0,12,0.0,0,below_ranking_threshold,,api,hnb-media,HNB_MEDIA,2026-09-21.1,1.0,HNB_MEDIA_INDICATORS_1.0,descriptive_archive_counts_not_independently_validated
api,2024-01,2026-08,advance.hr,0,0,5488,0.0,0,below_ranking_threshold,,api,hnb-media,HNB_MEDIA,2026-09-21.1,1.0,HNB_MEDIA_INDICATORS_1.0,descriptive_archive_counts_not_independently_validated
api,2024-01,2026-08,after5.hr,24,24,2818,85.16678495386799,0,below_ranking_threshold,,api,hnb-media,HNB_MEDIA,2026-09-21.1,1.0,HNB_MEDIA_INDICATORS_1.0,descriptive_archive_counts_not_independently_validated
api,2024-01,2026-08,agroklub.com,1,1,9552,1.0469011725293131,0,below_ranking_threshold,,api,hnb-media,HNB_MEDIA,2026-09-21.1,1.0,HNB_MEDIA_INDICATORS_1.0,descriptive_archive_counts_not_independently_validated
api,2024-01,2026-08,agroportal.hr,0,0,633,0.0,0,below_ranking_threshold,,api,hnb-media,HNB_MEDIA,2026-09-21.1,1.0,HNB_MEDIA_INDICATORS_1.0,descriptive_archive_counts_not_independently_validated
api,2024-01,2026-08,antenazadar.hr,42,42,27129,15.481587968594493,0,below_ranking_threshold,,api,hnb-media,HNB_MEDIA,2026-09-21.1,1.0,HNB_MEDIA_INDICATORS_1.0,descriptive_archive_counts_not_independently_validated
api,2024-01,2026-08,apoliticni.hr,1,1,339,29.49852507374631,0,below_ranking_threshold,,api,hnb-media,HNB_MEDIA,2026-09-21.1,1.0,HNB_MEDIA_INDICATORS_1.0,descriptive_archive_counts_not_independently_validated
api,2024-01,2026-08,arhivanalitika.hr,52,52,335,1552.2388059701493,0,below_ranking_threshold,,api,hnb-media,HNB_MEDIA,2026-09-21.1,1.0,HNB_MEDIA_INDICATORS_1.0,descriptive_archive_counts_not_independently_validated
api,2024-01,2026-08,artkvart.hr,0,0,5,0.0,0,below_ranking_threshold,,api,hnb-media,HNB_MEDIA,2026-09-21.1,1.0,HNB_MEDIA_INDICATORS_1.0,descriptive_archive_counts_not_independently_validated
api,2024-01,2026-08,autograf.hr,3,3,1881,15.94896331738437,0,below_ranking_threshold,,api,hnb-media,HNB_MEDIA,2026-09-21.1,1.0,HNB_MEDIA_INDICATORS_1.0,descriptive_archive_counts_not_independently_validated
api,2024-01,2026-08,autoportal.hr,0,0,3532,0.0,0,below_ranking_threshold,,api,hnb-media,HNB_MEDIA,2026-09-21.1,1.0,HNB_MEDIA_INDICATORS_1.0,descriptive_archive_counts_not_independently_validated
api,2024-01,2026-08,baranjainfo.hr,4,4,2516,15.89825119236884,0,below_ranking_threshold,,api,hnb-media,HNB_MEDIA,2026-09-21.1,1.0,HNB_MEDIA_INDICATORS_1.0,descriptive_archive_counts_not_independently_validated
api,2024-01,2026-08,basketball.hr,0,0,98,0.0,0,below_ranking_threshold,,api,hnb-media,HNB_MEDIA,2026-09-21.1,1.0,HNB_MEDIA_INDICATORS_1.0,descriptive_archive_counts_not_independently_validated
api,2024-01,2026-08,baustela.hr,11,11,7377,14.911210519181239,0,below_ranking_threshold,,api,hnb-media,HNB_MEDIA,2026-09-21.1,1.0,HNB_MEDIA_INDICATORS_1.0,descriptive_archive_counts_not_independently_validated
api,2024-01,2026-08,bbzinfo.hr,7,7,4335,16.147635524798154,0,below_ranking_threshold,,api,hnb-media,HNB_MEDIA,2026-09-21.1,1.0,HNB_MEDIA_INDICATORS_1.0,descriptive_archive_counts_not_independently_validated
api,2024-01,2026-08,bebe.hr,0,0,1,0.0,0,below_ranking_threshold,,api,hnb-media,HNB_MEDIA,2026-09-21.1,1.0,HNB_MEDIA_INDICATORS_1.0,descriptive_archive_counts_not_independently_validated
api,2024-01,2026-08,bilten.org,0,0,203,0.0,0,below_ranking_threshold,,api,hnb-media,HNB_MEDIA,2026-09-21.1,1.0,HNB_MEDIA_INDICATORS_1.0,descriptive_archive_counts_not_independently_validated
api,2024-01,2026-08,bitno.net,0,0,7284,0.0,0,below_ranking_threshold,,api,hnb-media,HNB_MEDIA,2026-09-21.1,1.0,HNB_MEDIA_INDICATORS_1.0,descriptive_archive_counts_not_independently_validated
api,2024-01,2026-08,bjelovar.info,11,11,6851,16.056050211647936,0,below_ranking_threshold,,api,hnb-media,HNB_MEDIA,2026-09-21.1,1.0,HNB_MEDIA_INDICATORS_1.0,descriptive_archive_counts_not_independently_validated
api,2024-01,2026-08,bjelovar.live,3,3,6051,4.95785820525533,0,below_ranking_threshold,,api,hnb-media,HNB_MEDIA,2026-09-21.1,1.0,HNB_MEDIA_INDICATORS_1.0,descriptive_archive_counts_not_independently_validated
api,2024-01,2026-08,bjelovarac.hr,0,0,737,0.0,0,below_ranking_threshold,,api,hnb-media,HNB_MEDIA,2026-09-21.1,1.0,HNB_MEDIA_INDICATORS_1.0,descriptive_archive_counts_not_independently_validated
api,2024-01,2026-08,bodulija.net,0,0,5,0.0,0,below_ranking_threshold,,api,hnb-media,HNB_MEDIA,2026-09-21.1,1.0,HNB_MEDIA_INDICATORS_1.0,descriptive_archive_counts_not_independently_validated
api,2024-01,2026-08,boljani.info,0,0,3,0.0,0,below_ranking_threshold,,api,hnb-media,HNB_MEDIA,2026-09-21.1,1.0,HNB_MEDIA_INDICATORS_1.0,descriptive_archive_counts_not_independently_validated
api,2024-01,2026-08,book.hr,0,0,8,0.0,0,below_ranking_threshold,,api,hnb-media,HNB_MEDIA,2026-09-21.1,1.0,HNB_MEDIA_INDICATORS_1.0,descriptive_archive_counts_not_independently_validated
api,2024-01,2026-08,booksa.hr,1,1,1850,5.405405405405405,0,below_ranking_threshold,,api,hnb-media,HNB_MEDIA,2026-09-21.1,1.0,HNB_MEDIA_INDICATORS_1.0,descriptive_archive_counts_not_independently_validated
api,2024-01,2026-08,brodportal.hr,5,5,3828,13.061650992685475,0,below_ranking_threshold,,api,hnb-media,HNB_MEDIA,2026-09-21.1,1.0,HNB_MEDIA_INDICATORS_1.0,descriptive_archive_counts_not_independently_validated
api,2024-01,2026-08,budica.info,5,5,1107,45.16711833785005,0,below_ranking_threshold,,api,hnb-media,HNB_MEDIA,2026-09-21.1,1.0,HNB_MEDIA_INDICATORS_1.0,descriptive_archive_counts_not_independently_validated
api,2024-01,2026-08,budidobro.com,0,0,1193,0.0,0,below_ranking_threshold,,api,hnb-media,HNB_MEDIA,2026-09-21.1,1.0,HNB_MEDIA_INDICATORS_1.0,descriptive_archive_counts_not_independently_validated
api,2024-01,2026-08,burin.hr,1,1,3876,2.579979360165119,0,below_ranking_threshold,,api,hnb-media,HNB_MEDIA,2026-09-21.1,1.0,HNB_MEDIA_INDICATORS_1.0,descriptive_archive_counts_not_independently_validated
api,2024-01,2026-08,buro247.hr,0,0,3550,0.0,0,below_ranking_threshold,,api,hnb-media,HNB_MEDIA,2026-09-21.1,1.0,HNB_MEDIA_INDICATORS_1.0,descriptive_archive_counts_not_independently_validated
api,2024-01,2026-08,burzanautike.com,0,0,1271,0.0,0,below_ranking_threshold,,api,hnb-media,HNB_MEDIA,2026-09-21.1,1.0,HNB_MEDIA_INDICATORS_1.0,descriptive_archive_counts_not_independently_validated
api,2024-01,2026-08,chill.hr,0,0,1,0.0,0,below_ranking_threshold,,api,hnb-media,HNB_MEDIA,2026-09-21.1,1.0,HNB_MEDIA_INDICATORS_1.0,descriptive_archive_counts_not_independently_validated
api,2024-01,2026-08,cityportal.hr,8,8,8291,9.649017006392473,0,below_ranking_threshold,,api,hnb-media,HNB_MEDIA,2026-09-21.1,1.0,HNB_MEDIA_INDICATORS_1.0,descriptive_archive_counts_not_independently_validated
api,2024-01,2026-08,compas.com.hr,0,0,2310,0.0,0,below_ranking_threshold,,api,hnb-media,HNB_MEDIA,2026-09-21.1,1.0,HNB_MEDIA_INDICATORS_1.0,descriptive_archive_counts_not_independently_validated
api,2024-01,2026-08,cool.hr,0,0,206,0.0,0,below_ranking_threshold,,api,hnb-media,HNB_MEDIA,2026-09-21.1,1.0,HNB_MEDIA_INDICATORS_1.0,descriptive_archive_counts_not_independently_validated
api,2024-01,2026-08,cosmopolitan.hr,0,0,8,0.0,0,below_ranking_threshold,,api,hnb-media,HNB_MEDIA,2026-09-21.1,1.0,HNB_MEDIA_INDICATORS_1.0,descriptive_archive_counts_not_independently_validated
api,2024-01,2026-08,coverstyle.hr,5,5,5980,8.361204013377927,0,below_ranking_threshold,,api,hnb-media,HNB_MEDIA,2026-09-21.1,1.0,HNB_MEDIA_INDICATORS_1.0,descriptive_archive_counts_not_independently_validated
api,2024-01,2026-08,crikva.hr,0,0,2663,0.0,0,below_ranking_threshold,,api,hnb-media,HNB_MEDIA,2026-09-21.1,1.0,HNB_MEDIA_INDICATORS_1.0,descriptive_archive_counts_not_independently_validated
api,2024-01,2026-08,croatianaviation.com,0,0,3,0.0,0,below_ranking_threshold,,api,hnb-media,HNB_MEDIA,2026-09-21.1,1.0,HNB_MEDIA_INDICATORS_1.0,descriptive_archive_counts_not_independently_validated
api,2024-01,2026-08,crol.hr,0,0,62,0.0,0,below_ranking_threshold,,api,hnb-media,HNB_MEDIA,2026-09-21.1,1.0,HNB_MEDIA_INDICATORS_1.0,descriptive_archive_counts_not_independently_validated
api,2024-01,2026-08,cronika.hr,7,7,1856,37.71551724137931,0,below_ranking_threshold,,api,hnb-media,HNB_MEDIA,2026-09-21.1,1.0,HNB_MEDIA_INDICATORS_1.0,descriptive_archive_counts_not_independently_validated
api,2024-01,2026-08,cybermed.hr,0,0,2849,0.0,0,below_ranking_threshold,,api,hnb-media,HNB_MEDIA,2026-09-21.1,1.0,HNB_MEDIA_INDICATORS_1.0,descriptive_archive_counts_not_independently_validated
api,2024-01,2026-08,dalmacijadanas.hr,147,147,74190,19.813991103922362,1,eligible,38,api,hnb-media,HNB_MEDIA,2026-09-21.1,1.0,HNB_MEDIA_INDICATORS_1.0,descriptive_archive_counts_not_independently_validated
api,2024-01,2026-08,dalmacijanews.hr,73,73,29026,25.149865637704128,1,eligible,31,api,hnb-media,HNB_MEDIA,2026-09-21.1,1.0,HNB_MEDIA_INDICATORS_1.0,descriptive_archive_counts_not_independently_validated
api,2024-01,2026-08,dalmatinskiportal.hr,165,165,73948,22.312976686320116,1,eligible,35,api,hnb-media,HNB_MEDIA,2026-09-21.1,1.0,HNB_MEDIA_INDICATORS_1.0,descriptive_archive_counts_not_independently_validated
api,2024-01,2026-08,danas.hr,2,2,417,47.961630695443645,0,below_ranking_threshold,,api,hnb-media,HNB_MEDIA,2026-09-21.1,1.0,HNB_MEDIA_INDICATORS_1.0,descriptive_archive_counts_not_independently_validated
api,2024-01,2026-08,danica.hr,22,22,5712,38.515406162464984,0,below_ranking_threshold,,api,hnb-media,HNB_MEDIA,2026-09-21.1,1.0,HNB_MEDIA_INDICATORS_1.0,descriptive_archive_counts_not_independently_validated
api,2024-01,2026-08,dijalog.hr,0,0,10,0.0,0,below_ranking_threshold,,api,hnb-media,HNB_MEDIA,2026-09-21.1,1.0,HNB_MEDIA_INDICATORS_1.0,descriptive_archive_counts_not_independently_validated
api,2024-01,2026-08,direktno.hr,430,430,72273,59.49663083032391,1,eligible,9,api,hnb-media,HNB_MEDIA,2026-09-21.1,1.0,HNB_MEDIA_INDICATORS_1.0,descriptive_archive_counts_not_independently_validated
api,2024-01,2026-08,dizajn.hr,1,1,177,56.49717514124294,0,below_ranking_threshold,,api,hnb-media,HNB_MEDIA,2026-09-21.1,1.0,HNB_MEDIA_INDICATORS_1.0,descriptive_archive_counts_not_independently_validated
api,2024-01,2026-08,dnevnik.hr,464,464,175092,26.50035409955909,1,eligible,29,api,hnb-media,HNB_MEDIA,2026-09-21.1,1.0,HNB_MEDIA_INDICATORS_1.0,descriptive_archive_counts_not_independently_validated
api,2024-01,2026-08,dnevno.hr,317,317,66573,47.61690174695447,1,eligible,14,api,hnb-media,HNB_MEDIA,2026-09-21.1,1.0,HNB_MEDIA_INDICATORS_1.0,descriptive_archive_counts_not_independently_validated
api,2024-01,2026-08,dobarzivot.net,0,0,181,0.0,0,below_ranking_threshold,,api,hnb-media,HNB_MEDIA,2026-09-21.1,1.0,HNB_MEDIA_INDICATORS_1.0,descriptive_archive_counts_not_independently_validated
api,2024-01,2026-08,dokumentarni.net,0,0,268,0.0,0,below_ranking_threshold,,api,hnb-media,HNB_MEDIA,2026-09-21.1,1.0,HNB_MEDIA_INDICATORS_1.0,descriptive_archive_counts_not_independently_validated
api,2024-01,2026-08,domoljubni.hr,0,0,113,0.0,0,below_ranking_threshold,,api,hnb-media,HNB_MEDIA,2026-09-21.1,1.0,HNB_MEDIA_INDICATORS_1.0,descriptive_archive_counts_not_independently_validated
api,2024-01,2026-08,domovinskirat.hr,0,0,5,0.0,0,below_ranking_threshold,,api,hnb-media,HNB_MEDIA,2026-09-21.1,1.0,HNB_MEDIA_INDICATORS_1.0,descriptive_archive_counts_not_independently_validated
api,2024-01,2026-08,dubrovackidnevnik.hr,1,1,104,96.15384615384616,0,below_ranking_threshold,,api,hnb-media,HNB_MEDIA,2026-09-21.1,1.0,HNB_MEDIA_INDICATORS_1.0,descriptive_archive_counts_not_independently_validated
api,2024-01,2026-08,dubrovnikinsider.hr,15,15,7176,20.903010033444815,0,below_ranking_threshold,,api,hnb-media,HNB_MEDIA,2026-09-21.1,1.0,HNB_MEDIA_INDICATORS_1.0,descriptive_archive_counts_not_independently_validated
api,2024-01,2026-08,dubrovniknet.hr,24,24,17923,13.390615410366568,0,below_ranking_threshold,,api,hnb-media,HNB_MEDIA,2026-09-21.1,1.0,HNB_MEDIA_INDICATORS_1.0,descriptive_archive_counts_not_independently_validated
api,2024-01,2026-08,dubrovnikportal.com,12,12,5514,21.76278563656148,0,below_ranking_threshold,,api,hnb-media,HNB_MEDIA,2026-09-21.1,1.0,HNB_MEDIA_INDICATORS_1.0,descriptive_archive_counts_not_independently_validated
api,2024-01,2026-08,dubrovnikpress.hr,1,1,1987,5.032712632108707,0,below_ranking_threshold,,api,hnb-media,HNB_MEDIA,2026-09-21.1,1.0,HNB_MEDIA_INDICATORS_1.0,descriptive_archive_counts_not_independently_validated
api,2024-01,2026-08,dugopolje.org,0,0,40,0.0,0,below_ranking_threshold,,api,hnb-media,HNB_MEDIA,2026-09-21.1,1.0,HNB_MEDIA_INDICATORS_1.0,descriptive_archive_counts_not_independently_validated
api,2024-01,2026-08,dulist.hr,51,51,21983,23.19974525769913,1,eligible,33,api,hnb-media,HNB_MEDIA,2026-09-21.1,1.0,HNB_MEDIA_INDICATORS_1.0,descriptive_archive_counts_not_independently_validated
api,2024-01,2026-08,ebrod.net,13,13,4533,28.67857930730201,0,below_ranking_threshold,,api,hnb-media,HNB_MEDIA,2026-09-21.1,1.0,HNB_MEDIA_INDICATORS_1.0,descriptive_archive_counts_not_independently_validated
api,2024-01,2026-08,egradnja.hr,0,0,3,0.0,0,below_ranking_threshold,,api,hnb-media,HNB_MEDIA,2026-09-21.1,1.0,HNB_MEDIA_INDICATORS_1.0,descriptive_archive_counts_not_independently_validated
api,2024-01,2026-08,eivanec.com,16,16,11437,13.989682609075807,0,below_ranking_threshold,,api,hnb-media,HNB_MEDIA,2026-09-21.1,1.0,HNB_MEDIA_INDICATORS_1.0,descriptive_archive_counts_not_independently_validated
api,2024-01,2026-08,ekovjesnik.hr,0,0,1230,0.0,0,below_ranking_threshold,,api,hnb-media,HNB_MEDIA,2026-09-21.1,1.0,HNB_MEDIA_INDICATORS_1.0,descriptive_archive_counts_not_independently_validated
api,2024-01,2026-08,energetika-net.com,4,4,3700,10.81081081081081,0,below_ranking_threshold,,api,hnb-media,HNB_MEDIA,2026-09-21.1,1.0,HNB_MEDIA_INDICATORS_1.0,descriptive_archive_counts_not_independently_validated
api,2024-01,2026-08,epodravina.hr,8,8,18316,4.3677658877484165,0,below_ranking_threshold,,api,hnb-media,HNB_MEDIA,2026-09-21.1,1.0,HNB_MEDIA_INDICATORS_1.0,descriptive_archive_counts_not_independently_validated
api,2024-01,2026-08,epoha.com.hr,0,0,154,0.0,0,below_ranking_threshold,,api,hnb-media,HNB_MEDIA,2026-09-21.1,1.0,HNB_MEDIA_INDICATORS_1.0,descriptive_archive_counts_not_independently_validated
api,2024-01,2026-08,euractiv.hr,6,6,474,126.58227848101266,0,below_ranking_threshold,,api,hnb-media,HNB_MEDIA,2026-09-21.1,1.0,HNB_MEDIA_INDICATORS_1.0,descriptive_archive_counts_not_independently_validated
api,2024-01,2026-08,evarazdin.hr,15,15,18950,7.915567282321899,0,below_ranking_threshold,,api,hnb-media,HNB_MEDIA,2026-09-21.1,1.0,HNB_MEDIA_INDICATORS_1.0,descriptive_archive_counts_not_independently_validated
api,2024-01,2026-08,evoprice.net,0,0,501,0.0,0,below_ranking_threshold,,api,hnb-media,HNB_MEDIA,2026-09-21.1,1.0,HNB_MEDIA_INDICATORS_1.0,descriptive_archive_counts_not_independently_validated
api,2024-01,2026-08,faktograf.hr,21,21,1622,129.46979038224416,0,below_ranking_threshold,,api,hnb-media,HNB_MEDIA,2026-09-21.1,1.0,HNB_MEDIA_INDICATORS_1.0,descriptive_archive_counts_not_independently_validated
api,2024-01,2026-08,ferata.hr,0,0,7130,0.0,0,below_ranking_threshold,,api,hnb-media,HNB_MEDIA,2026-09-21.1,1.0,HNB_MEDIA_INDICATORS_1.0,descriptive_archive_counts_not_independently_validated
api,2024-01,2026-08,fightsite.hr,0,0,11774,0.0,0,below_ranking_threshold,,api,hnb-media,HNB_MEDIA,2026-09-21.1,1.0,HNB_MEDIA_INDICATORS_1.0,descriptive_archive_counts_not_independently_validated
api,2024-01,2026-08,fiuman.hr,12,12,14219,8.43941205429355,0,below_ranking_threshold,,api,hnb-media,HNB_MEDIA,2026-09-21.1,1.0,HNB_MEDIA_INDICATORS_1.0,descriptive_archive_counts_not_independently_validated
api,2024-01,2026-08,forum.tm,2,2,346,57.80346820809248,0,below_ranking_threshold,,api,hnb-media,HNB_MEDIA,2026-09-21.1,1.0,HNB_MEDIA_INDICATORS_1.0,descriptive_archive_counts_not_independently_validated
api,2024-01,2026-08,gacka053.com,0,0,64,0.0,0,below_ranking_threshold,,api,hnb-media,HNB_MEDIA,2026-09-21.1,1.0,HNB_MEDIA_INDICATORS_1.0,descriptive_archive_counts_not_independently_validated
api,2024-01,2026-08,gameperspectives.hr,0,0,816,0.0,0,below_ranking_threshold,,api,hnb-media,HNB_MEDIA,2026-09-21.1,1.0,HNB_MEDIA_INDICATORS_1.0,descriptive_archive_counts_not_independently_validated
api,2024-01,2026-08,generacija.hr,0,0,266,0.0,0,below_ranking_threshold,,api,hnb-media,HNB_MEDIA,2026-09-21.1,1.0,HNB_MEDIA_INDICATORS_1.0,descriptive_archive_counts_not_independently_validated
api,2024-01,2026-08,geopolitika.news,2,2,5746,3.4806822137138878,0,below_ranking_threshold,,api,hnb-media,HNB_MEDIA,2026-09-21.1,1.0,HNB_MEDIA_INDICATORS_1.0,descriptive_archive_counts_not_independently_validated
api,2024-01,2026-08,germanijak.hr,1,1,40251,0.24844103252093117,0,below_ranking_threshold,,api,hnb-media,HNB_MEDIA,2026-09-21.1,1.0,HNB_MEDIA_INDICATORS_1.0,descriptive_archive_counts_not_independently_validated
api,2024-01,2026-08,glamur.tv,5,5,5259,9.507510933637574,0,below_ranking_threshold,,api,hnb-media,HNB_MEDIA,2026-09-21.1,1.0,HNB_MEDIA_INDICATORS_1.0,descriptive_archive_counts_not_independently_validated
api,2024-01,2026-08,glas-slavonije.hr,540,540,76495,70.59284920583045,1,eligible,7,api,hnb-media,HNB_MEDIA,2026-09-21.1,1.0,HNB_MEDIA_INDICATORS_1.0,descriptive_archive_counts_not_independently_validated
api,2024-01,2026-08,glasgacke.hr,6,6,5893,10.18157135584592,0,below_ranking_threshold,,api,hnb-media,HNB_MEDIA,2026-09-21.1,1.0,HNB_MEDIA_INDICATORS_1.0,descriptive_archive_counts_not_independently_validated
api,2024-01,2026-08,glasgrada.hr,4,4,2521,15.866719555731853,0,below_ranking_threshold,,api,hnb-media,HNB_MEDIA,2026-09-21.1,1.0,HNB_MEDIA_INDICATORS_1.0,descriptive_archive_counts_not_independently_validated
api,2024-01,2026-08,glasistre.hr,500,500,93486,53.483944119975185,1,eligible,11,api,hnb-media,HNB_MEDIA,2026-09-21.1,1.0,HNB_MEDIA_INDICATORS_1.0,descriptive_archive_counts_not_independently_validated
api,2024-01,2026-08,glaslike.hr,4,4,1712,23.364485981308412,0,below_ranking_threshold,,api,hnb-media,HNB_MEDIA,2026-09-21.1,1.0,HNB_MEDIA_INDICATORS_1.0,descriptive_archive_counts_not_independently_validated
api,2024-01,2026-08,glaspodravine.hr,2,2,3573,5.5975370836831795,0,below_ranking_threshold,,api,hnb-media,HNB_MEDIA,2026-09-21.1,1.0,HNB_MEDIA_INDICATORS_1.0,descriptive_archive_counts_not_independently_validated
api,2024-01,2026-08,glazba.hr,0,0,33,0.0,0,below_ranking_threshold,,api,hnb-media,HNB_MEDIA,2026-09-21.1,1.0,HNB_MEDIA_INDICATORS_1.0,descriptive_archive_counts_not_independently_validated
api,2024-01,2026-08,globalnovine.eu,1,1,1126,8.880994671403197,0,below_ranking_threshold,,api,hnb-media,HNB_MEDIA,2026-09-21.1,1.0,HNB_MEDIA_INDICATORS_1.0,descriptive_archive_counts_not_independently_validated
api,2024-01,2026-08,gloria.hr,3,3,15100,1.9867549668874172,0,below_ranking_threshold,,api,hnb-media,HNB_MEDIA,2026-09-21.1,1.0,HNB_MEDIA_INDICATORS_1.0,descriptive_archive_counts_not_independently_validated
api,2024-01,2026-08,gloriaglam.hr,0,0,156,0.0,0,below_ranking_threshold,,api,hnb-media,HNB_MEDIA,2026-09-21.1,1.0,HNB_MEDIA_INDICATORS_1.0,descriptive_archive_counts_not_independently_validated
api,2024-01,2026-08,gong.hr,0,0,419,0.0,0,below_ranking_threshold,,api,hnb-media,HNB_MEDIA,2026-09-21.1,1.0,HNB_MEDIA_INDICATORS_1.0,descriptive_archive_counts_not_independently_validated
api,2024-01,2026-08,gorgonija.com,1,1,312,32.05128205128205,0,below_ranking_threshold,,api,hnb-media,HNB_MEDIA,2026-09-21.1,1.0,HNB_MEDIA_INDICATORS_1.0,descriptive_archive_counts_not_independently_validated
api,2024-01,2026-08,gorica.info,4,4,3123,12.808197246237592,0,below_ranking_threshold,,api,hnb-media,HNB_MEDIA,2026-09-21.1,1.0,HNB_MEDIA_INDICATORS_1.0,descriptive_archive_counts_not_independently_validated
api,2024-01,2026-08,gorskenovosti.net,1,1,750,13.333333333333334,0,below_ranking_threshold,,api,hnb-media,HNB_MEDIA,2026-09-21.1,1.0,HNB_MEDIA_INDICATORS_1.0,descriptive_archive_counts_not_independently_validated
api,2024-01,2026-08,grademoj.hr,0,0,1,0.0,0,below_ranking_threshold,,api,hnb-media,HNB_MEDIA,2026-09-21.1,1.0,HNB_MEDIA_INDICATORS_1.0,descriptive_archive_counts_not_independently_validated
api,2024-01,2026-08,gradonacelnik.hr,1,1,7587,1.3180440226703571,0,below_ranking_threshold,,api,hnb-media,HNB_MEDIA,2026-09-21.1,1.0,HNB_MEDIA_INDICATORS_1.0,descriptive_archive_counts_not_independently_validated
api,2024-01,2026-08,grazia.hr,2,2,6259,3.1953986259785907,0,below_ranking_threshold,,api,hnb-media,HNB_MEDIA,2026-09-21.1,1.0,HNB_MEDIA_INDICATORS_1.0,descriptive_archive_counts_not_independently_validated
api,2024-01,2026-08,green.hr,0,0,2099,0.0,0,below_ranking_threshold,,api,hnb-media,HNB_MEDIA,2026-09-21.1,1.0,HNB_MEDIA_INDICATORS_1.0,descriptive_archive_counts_not_independently_validated
api,2024-01,2026-08,gric-gric.com,0,0,219,0.0,0,below_ranking_threshold,,api,hnb-media,HNB_MEDIA,2026-09-21.1,1.0,HNB_MEDIA_INDICATORS_1.0,descriptive_archive_counts_not_independently_validated
api,2024-01,2026-08,gspress.net,0,0,1115,0.0,0,below_ranking_threshold,,api,hnb-media,HNB_MEDIA,2026-09-21.1,1.0,HNB_MEDIA_INDICATORS_1.0,descriptive_archive_counts_not_independently_validated
api,2024-01,2026-08,h-alter.org,4,4,2290,17.467248908296945,0,below_ranking_threshold,,api,hnb-media,HNB_MEDIA,2026-09-21.1,1.0,HNB_MEDIA_INDICATORS_1.0,descriptive_archive_counts_not_independently_validated
api,2024-01,2026-08,haus.hr,0,0,130,0.0,0,below_ranking_threshold,,api,hnb-media,HNB_MEDIA,2026-09-21.1,1.0,HNB_MEDIA_INDICATORS_1.0,descriptive_archive_counts_not_independently_validated
api,2024-01,2026-08,hia.com.hr,55,55,11788,46.65761791652528,1,eligible,15,api,hnb-media,HNB_MEDIA,2026-09-21.1,1.0,HNB_MEDIA_INDICATORS_1.0,descriptive_archive_counts_not_independently_validated
api,2024-01,2026-08,hina.hr,240,240,73583,32.61622929209192,1,eligible,24,api,hnb-media,HNB_MEDIA,2026-09-21.1,1.0,HNB_MEDIA_INDICATORS_1.0,descriptive_archive_counts_not_independently_validated
api,2024-01,2026-08,hkm.hr,8,8,32448,2.465483234714004,0,below_ranking_threshold,,api,hnb-media,HNB_MEDIA,2026-09-21.1,1.0,HNB_MEDIA_INDICATORS_1.0,descriptive_archive_counts_not_independently_validated
api,2024-01,2026-08,hkv.hr,1,1,39,256.4102564102564,0,below_ranking_threshold,,api,hnb-media,HNB_MEDIA,2026-09-21.1,1.0,HNB_MEDIA_INDICATORS_1.0,descriptive_archive_counts_not_independently_validated
api,2024-01,2026-08,hou.hr,0,0,79,0.0,0,below_ranking_threshold,,api,hnb-media,HNB_MEDIA,2026-09-21.1,1.0,HNB_MEDIA_INDICATORS_1.0,descriptive_archive_counts_not_independently_validated
api,2024-01,2026-08,hrt.hr,537,537,132529,40.51943348248308,1,eligible,19,api,hnb-media,HNB_MEDIA,2026-09-21.1,1.0,HNB_MEDIA_INDICATORS_1.0,descriptive_archive_counts_not_independently_validated
api,2024-01,2026-08,hrturizam.hr,36,36,4537,79.34758651091029,0,below_ranking_threshold,,api,hnb-media,HNB_MEDIA,2026-09-21.1,1.0,HNB_MEDIA_INDICATORS_1.0,descriptive_archive_counts_not_independently_validated
api,2024-01,2026-08,hrvatska-danas.com,29,29,6071,47.76807774666447,0,below_ranking_threshold,,api,hnb-media,HNB_MEDIA,2026-09-21.1,1.0,HNB_MEDIA_INDICATORS_1.0,descriptive_archive_counts_not_independently_validated
api,2024-01,2026-08,hrvatskauzivo.com,0,0,6,0.0,0,below_ranking_threshold,,api,hnb-media,HNB_MEDIA,2026-09-21.1,1.0,HNB_MEDIA_INDICATORS_1.0,descriptive_archive_counts_not_independently_validated
api,2024-01,2026-08,hrvatski-glasnik.com,55,55,11241,48.92803131394004,1,eligible,13,api,hnb-media,HNB_MEDIA,2026-09-21.1,1.0,HNB_MEDIA_INDICATORS_1.0,descriptive_archive_counts_not_independently_validated
api,2024-01,2026-08,huknet1.hr,0,0,341,0.0,0,below_ranking_threshold,,api,hnb-media,HNB_MEDIA,2026-09-21.1,1.0,HNB_MEDIA_INDICATORS_1.0,descriptive_archive_counts_not_independently_validated
api,2024-01,2026-08,ictbusiness.info,24,24,7339,32.70200299768361,0,below_ranking_threshold,,api,hnb-media,HNB_MEDIA,2026-09-21.1,1.0,HNB_MEDIA_INDICATORS_1.0,descriptive_archive_counts_not_independently_validated
api,2024-01,2026-08,icv.hr,23,23,18373,12.518369346323409,0,below_ranking_threshold,,api,hnb-media,HNB_MEDIA,2026-09-21.1,1.0,HNB_MEDIA_INDICATORS_1.0,descriptive_archive_counts_not_independently_validated
api,2024-01,2026-08,ideje.hr,9,9,323,278.6377708978328,0,below_ranking_threshold,,api,hnb-media,HNB_MEDIA,2026-09-21.1,1.0,HNB_MEDIA_INDICATORS_1.0,descriptive_archive_counts_not_independently_validated
api,2024-01,2026-08,identitet.hr,0,0,25,0.0,0,below_ranking_threshold,,api,hnb-media,HNB_MEDIA,2026-09-21.1,1.0,HNB_MEDIA_INDICATORS_1.0,descriptive_archive_counts_not_independently_validated
api,2024-01,2026-08,imperijal.net,23,23,1187,193.76579612468407,0,below_ranking_threshold,,api,hnb-media,HNB_MEDIA,2026-09-21.1,1.0,HNB_MEDIA_INDICATORS_1.0,descriptive_archive_counts_not_independently_validated
api,2024-01,2026-08,in-portal.hr,8,8,3778,21.175224986765485,0,below_ranking_threshold,,api,hnb-media,HNB_MEDIA,2026-09-21.1,1.0,HNB_MEDIA_INDICATORS_1.0,descriptive_archive_counts_not_independently_validated
api,2024-01,2026-08,index.hr,541,541,350569,15.432054745285521,1,eligible,41,api,hnb-media,HNB_MEDIA,2026-09-21.1,1.0,HNB_MEDIA_INDICATORS_1.0,descriptive_archive_counts_not_independently_validated
api,2024-01,2026-08,indirektno.com,2,2,5052,3.9588281868566906,0,below_ranking_threshold,,api,hnb-media,HNB_MEDIA,2026-09-21.1,1.0,HNB_MEDIA_INDICATORS_1.0,descriptive_archive_counts_not_independently_validated
api,2024-01,2026-08,infovodice.com,0,0,3170,0.0,0,below_ranking_threshold,,api,hnb-media,HNB_MEDIA,2026-09-21.1,1.0,HNB_MEDIA_INDICATORS_1.0,descriptive_archive_counts_not_independently_validated
api,2024-01,2026-08,infozona.hr,0,0,373,0.0,0,below_ranking_threshold,,api,hnb-media,HNB_MEDIA,2026-09-21.1,1.0,HNB_MEDIA_INDICATORS_1.0,descriptive_archive_counts_not_independently_validated
api,2024-01,2026-08,inverzija.net,0,0,713,0.0,0,below_ranking_threshold,,api,hnb-media,HNB_MEDIA,2026-09-21.1,1.0,HNB_MEDIA_INDICATORS_1.0,descriptive_archive_counts_not_independently_validated
api,2024-01,2026-08,ipress.hr,46,46,11703,39.30616081346663,0,below_ranking_threshold,,api,hnb-media,HNB_MEDIA,2026-09-21.1,1.0,HNB_MEDIA_INDICATORS_1.0,descriptive_archive_counts_not_independently_validated
api,2024-01,2026-08,istarski.hr,83,83,28877,28.74259791529591,1,eligible,27,api,hnb-media,HNB_MEDIA,2026-09-21.1,1.0,HNB_MEDIA_INDICATORS_1.0,descriptive_archive_counts_not_independently_validated
api,2024-01,2026-08,istra24.hr,101,101,36515,27.65986580857182,1,eligible,28,api,hnb-media,HNB_MEDIA,2026-09-21.1,1.0,HNB_MEDIA_INDICATORS_1.0,descriptive_archive_counts_not_independently_validated
api,2024-01,2026-08,istrage.hr,3,3,89,337.07865168539325,0,below_ranking_threshold,,api,hnb-media,HNB_MEDIA,2026-09-21.1,1.0,HNB_MEDIA_INDICATORS_1.0,descriptive_archive_counts_not_independently_validated
api,2024-01,2026-08,istrain.hr,106,106,27975,37.890974084003574,1,eligible,20,api,hnb-media,HNB_MEDIA,2026-09-21.1,1.0,HNB_MEDIA_INDICATORS_1.0,descriptive_archive_counts_not_independently_validated
api,2024-01,2026-08,istriaterramagica.eu,8,8,8284,9.657170449058427,0,below_ranking_threshold,,api,hnb-media,HNB_MEDIA,2026-09-21.1,1.0,HNB_MEDIA_INDICATORS_1.0,descriptive_archive_counts_not_independently_validated
api,2024-01,2026-08,jaskadanas.hr,0,0,799,0.0,0,below_ranking_threshold,,api,hnb-media,HNB_MEDIA,2026-09-21.1,1.0,HNB_MEDIA_INDICATORS_1.0,descriptive_archive_counts_not_independently_validated
api,2024-01,2026-08,journal.hr,15,15,14303,10.48731035447109,0,below_ranking_threshold,,api,hnb-media,HNB_MEDIA,2026-09-21.1,1.0,HNB_MEDIA_INDICATORS_1.0,descriptive_archive_counts_not_independently_validated
api,2024-01,2026-08,jutarnji.hr,548,548,218213,25.113077589327858,1,eligible,32,api,hnb-media,HNB_MEDIA,2026-09-21.1,1.0,HNB_MEDIA_INDICATORS_1.0,descriptive_archive_counts_not_independently_validated
api,2024-01,2026-08,juzni.hr,3,3,64,468.75,0,below_ranking_threshold,,api,hnb-media,HNB_MEDIA,2026-09-21.1,1.0,HNB_MEDIA_INDICATORS_1.0,descriptive_archive_counts_not_independently_validated
api,2024-01,2026-08,kalelargainfo.hr,0,0,731,0.0,0,below_ranking_threshold,,api,hnb-media,HNB_MEDIA,2026-09-21.1,1.0,HNB_MEDIA_INDICATORS_1.0,descriptive_archive_counts_not_independently_validated
api,2024-01,2026-08,kampanja.net,0,0,402,0.0,0,below_ranking_threshold,,api,hnb-media,HNB_MEDIA,2026-09-21.1,1.0,HNB_MEDIA_INDICATORS_1.0,descriptive_archive_counts_not_independently_validated
api,2024-01,2026-08,karlobag.eu,0,0,1,0.0,0,below_ranking_threshold,,api,hnb-media,HNB_MEDIA,2026-09-21.1,1.0,HNB_MEDIA_INDICATORS_1.0,descriptive_archive_counts_not_independently_validated
api,2024-01,2026-08,karlovacki.hr,2,2,9773,2.0464545175483475,0,below_ranking_threshold,,api,hnb-media,HNB_MEDIA,2026-09-21.1,1.0,HNB_MEDIA_INDICATORS_1.0,descriptive_archive_counts_not_independently_validated
api,2024-01,2026-08,kepesujsag.com,0,0,332,0.0,0,below_ranking_threshold,,api,hnb-media,HNB_MEDIA,2026-09-21.1,1.0,HNB_MEDIA_INDICATORS_1.0,descriptive_archive_counts_not_independently_validated
api,2024-01,2026-08,kigo.hr,28,28,4861,57.60131660152232,0,below_ranking_threshold,,api,hnb-media,HNB_MEDIA,2026-09-21.1,1.0,HNB_MEDIA_INDICATORS_1.0,descriptive_archive_counts_not_independently_validated
api,2024-01,2026-08,klikaj.hr,9,9,18926,4.755362992708443,0,below_ranking_threshold,,api,hnb-media,HNB_MEDIA,2026-09-21.1,1.0,HNB_MEDIA_INDICATORS_1.0,descriptive_archive_counts_not_independently_validated
api,2024-01,2026-08,klikni.hr,19,19,12460,15.248796147672552,0,below_ranking_threshold,,api,hnb-media,HNB_MEDIA,2026-09-21.1,1.0,HNB_MEDIA_INDICATORS_1.0,descriptive_archive_counts_not_independently_validated
api,2024-01,2026-08,klikni.news,0,0,2111,0.0,0,below_ranking_threshold,,api,hnb-media,HNB_MEDIA,2026-09-21.1,1.0,HNB_MEDIA_INDICATORS_1.0,descriptive_archive_counts_not_independently_validated
api,2024-01,2026-08,klikploce.com.hr,0,0,3,0.0,0,below_ranking_threshold,,api,hnb-media,HNB_MEDIA,2026-09-21.1,1.0,HNB_MEDIA_INDICATORS_1.0,descriptive_archive_counts_not_independently_validated
api,2024-01,2026-08,kodex.hr,0,0,1,0.0,0,below_ranking_threshold,,api,hnb-media,HNB_MEDIA,2026-09-21.1,1.0,HNB_MEDIA_INDICATORS_1.0,descriptive_archive_counts_not_independently_validated
api,2024-01,2026-08,komarilos.com,8,8,2787,28.70470039468963,0,below_ranking_threshold,,api,hnb-media,HNB_MEDIA,2026-09-21.1,1.0,HNB_MEDIA_INDICATORS_1.0,descriptive_archive_counts_not_independently_validated
api,2024-01,2026-08,krizevci.info,0,0,3726,0.0,0,below_ranking_threshold,,api,hnb-media,HNB_MEDIA,2026-09-21.1,1.0,HNB_MEDIA_INDICATORS_1.0,descriptive_archive_counts_not_independently_validated
api,2024-01,2026-08,krizevci.tv,0,0,384,0.0,0,below_ranking_threshold,,api,hnb-media,HNB_MEDIA,2026-09-21.1,1.0,HNB_MEDIA_INDICATORS_1.0,descriptive_archive_counts_not_independently_validated
api,2024-01,2026-08,kronikevg.com,4,4,6509,6.145337225380243,0,below_ranking_threshold,,api,hnb-media,HNB_MEDIA,2026-09-21.1,1.0,HNB_MEDIA_INDICATORS_1.0,descriptive_archive_counts_not_independently_validated
api,2024-01,2026-08,krugaresnica.info,0,0,807,0.0,0,below_ranking_threshold,,api,hnb-media,HNB_MEDIA,2026-09-21.1,1.0,HNB_MEDIA_INDICATORS_1.0,descriptive_archive_counts_not_independently_validated
api,2024-01,2026-08,kulturistra.hr,0,0,1631,0.0,0,below_ranking_threshold,,api,hnb-media,HNB_MEDIA,2026-09-21.1,1.0,HNB_MEDIA_INDICATORS_1.0,descriptive_archive_counts_not_independently_validated
api,2024-01,2026-08,kulturpunkt.hr,1,1,1843,5.425935973955507,0,below_ranking_threshold,,api,hnb-media,HNB_MEDIA,2026-09-21.1,1.0,HNB_MEDIA_INDICATORS_1.0,descriptive_archive_counts_not_independently_validated
api,2024-01,2026-08,labinskakomuna.eu,3,3,3729,8.045052292839904,0,below_ranking_threshold,,api,hnb-media,HNB_MEDIA,2026-09-21.1,1.0,HNB_MEDIA_INDICATORS_1.0,descriptive_archive_counts_not_independently_validated
api,2024-01,2026-08,labinstina.info,0,0,6295,0.0,0,below_ranking_threshold,,api,hnb-media,HNB_MEDIA,2026-09-21.1,1.0,HNB_MEDIA_INDICATORS_1.0,descriptive_archive_counts_not_independently_validated
api,2024-01,2026-08,laudato.hr,2,2,8445,2.3682652457075193,0,below_ranking_threshold,,api,hnb-media,HNB_MEDIA,2026-09-21.1,1.0,HNB_MEDIA_INDICATORS_1.0,descriptive_archive_counts_not_independently_validated
api,2024-01,2026-08,lavoce.hr,31,31,11629,26.65749419554562,0,below_ranking_threshold,,api,hnb-media,HNB_MEDIA,2026-09-21.1,1.0,HNB_MEDIA_INDICATORS_1.0,descriptive_archive_counts_not_independently_validated
api,2024-01,2026-08,libela.org,1,1,420,23.80952380952381,0,below_ranking_threshold,,api,hnb-media,HNB_MEDIA,2026-09-21.1,1.0,HNB_MEDIA_INDICATORS_1.0,descriptive_archive_counts_not_independently_validated
api,2024-01,2026-08,liberal.hr,9,9,934,96.35974304068523,0,below_ranking_threshold,,api,hnb-media,HNB_MEDIA,2026-09-21.1,1.0,HNB_MEDIA_INDICATORS_1.0,descriptive_archive_counts_not_independently_validated
api,2024-01,2026-08,liberoportal.hr,1,1,3863,2.588661661920787,0,below_ranking_threshold,,api,hnb-media,HNB_MEDIA,2026-09-21.1,1.0,HNB_MEDIA_INDICATORS_1.0,descriptive_archive_counts_not_independently_validated
api,2024-01,2026-08,licegrada.hr,0,0,333,0.0,0,below_ranking_threshold,,api,hnb-media,HNB_MEDIA,2026-09-21.1,1.0,HNB_MEDIA_INDICATORS_1.0,descriptive_archive_counts_not_independently_validated
api,2024-01,2026-08,lider.media,0,0,1,0.0,0,below_ranking_threshold,,api,hnb-media,HNB_MEDIA,2026-09-21.1,1.0,HNB_MEDIA_INDICATORS_1.0,descriptive_archive_counts_not_independently_validated
api,2024-01,2026-08,lifebuzz.hr,1,1,500,20.0,0,below_ranking_threshold,,api,hnb-media,HNB_MEDIA,2026-09-21.1,1.0,HNB_MEDIA_INDICATORS_1.0,descriptive_archive_counts_not_independently_validated
api,2024-01,2026-08,lika-express.hr,0,0,2410,0.0,0,below_ranking_threshold,,api,hnb-media,HNB_MEDIA,2026-09-21.1,1.0,HNB_MEDIA_INDICATORS_1.0,descriptive_archive_counts_not_independently_validated
api,2024-01,2026-08,lika-online.com,0,0,2,0.0,0,below_ranking_threshold,,api,hnb-media,HNB_MEDIA,2026-09-21.1,1.0,HNB_MEDIA_INDICATORS_1.0,descriptive_archive_counts_not_independently_validated
api,2024-01,2026-08,likaclub.eu,18,18,4844,37.15937241948803,0,below_ranking_threshold,,api,hnb-media,HNB_MEDIA,2026-09-21.1,1.0,HNB_MEDIA_INDICATORS_1.0,descriptive_archive_counts_not_independently_validated
api,2024-01,2026-08,likaportal.com,0,0,80,0.0,0,below_ranking_threshold,,api,hnb-media,HNB_MEDIA,2026-09-21.1,1.0,HNB_MEDIA_INDICATORS_1.0,descriptive_archive_counts_not_independently_validated
api,2024-01,2026-08,likemetkovic.hr,7,7,4625,15.135135135135135,0,below_ranking_threshold,,api,hnb-media,HNB_MEDIA,2026-09-21.1,1.0,HNB_MEDIA_INDICATORS_1.0,descriptive_archive_counts_not_independently_validated
api,2024-01,2026-08,lipadona.com,1,1,2372,4.2158516020236085,0,below_ranking_threshold,,api,hnb-media,HNB_MEDIA,2026-09-21.1,1.0,HNB_MEDIA_INDICATORS_1.0,descriptive_archive_counts_not_independently_validated
api,2024-01,2026-08,lupiga.com,4,4,964,41.49377593360996,0,below_ranking_threshold,,api,hnb-media,HNB_MEDIA,2026-09-21.1,1.0,HNB_MEDIA_INDICATORS_1.0,descriptive_archive_counts_not_independently_validated
api,2024-01,2026-08,matica.hr,0,0,14,0.0,0,below_ranking_threshold,,api,hnb-media,HNB_MEDIA,2026-09-21.1,1.0,HNB_MEDIA_INDICATORS_1.0,descriptive_archive_counts_not_independently_validated
api,2024-01,2026-08,mediadaily.biz,1,1,3239,3.0873726458783577,0,below_ranking_threshold,,api,hnb-media,HNB_MEDIA,2026-09-21.1,1.0,HNB_MEDIA_INDICATORS_1.0,descriptive_archive_counts_not_independently_validated
api,2024-01,2026-08,medjimurjepress.net,14,14,15518,9.02178115736564,0,below_ranking_threshold,,api,hnb-media,HNB_MEDIA,2026-09-21.1,1.0,HNB_MEDIA_INDICATORS_1.0,descriptive_archive_counts_not_independently_validated
api,2024-01,2026-08,medjimurski.hr,27,27,26866,10.049877168167944,0,below_ranking_threshold,,api,hnb-media,HNB_MEDIA,2026-09-21.1,1.0,HNB_MEDIA_INDICATORS_1.0,descriptive_archive_counts_not_independently_validated
api,2024-01,2026-08,mega-media.hr,7,7,3042,23.011176857330703,0,below_ranking_threshold,,api,hnb-media,HNB_MEDIA,2026-09-21.1,1.0,HNB_MEDIA_INDICATORS_1.0,descriptive_archive_counts_not_independently_validated
api,2024-01,2026-08,metkovic-news.com,2,2,4686,4.2680324370465215,0,below_ranking_threshold,,api,hnb-media,HNB_MEDIA,2026-09-21.1,1.0,HNB_MEDIA_INDICATORS_1.0,descriptive_archive_counts_not_independently_validated
api,2024-01,2026-08,mimladi.hr,0,0,1,0.0,0,below_ranking_threshold,,api,hnb-media,HNB_MEDIA,2026-09-21.1,1.0,HNB_MEDIA_INDICATORS_1.0,descriptive_archive_counts_not_independently_validated
api,2024-01,2026-08,mirovina.hr,76,76,7527,100.96984190248439,1,eligible,4,api,hnb-media,HNB_MEDIA,2026-09-21.1,1.0,HNB_MEDIA_INDICATORS_1.0,descriptive_archive_counts_not_independently_validated
api,2024-01,2026-08,mixmagadria.com,0,0,1,0.0,0,below_ranking_threshold,,api,hnb-media,HNB_MEDIA,2026-09-21.1,1.0,HNB_MEDIA_INDICATORS_1.0,descriptive_archive_counts_not_independently_validated
api,2024-01,2026-08,mnovine.hr,36,36,36583,9.840636361151354,0,below_ranking_threshold,,api,hnb-media,HNB_MEDIA,2026-09-21.1,1.0,HNB_MEDIA_INDICATORS_1.0,descriptive_archive_counts_not_independently_validated
api,2024-01,2026-08,moja-domovina.net,0,0,1,0.0,0,below_ranking_threshold,,api,hnb-media,HNB_MEDIA,2026-09-21.1,1.0,HNB_MEDIA_INDICATORS_1.0,descriptive_archive_counts_not_independently_validated
api,2024-01,2026-08,mojadalmacija.com,0,0,1044,0.0,0,below_ranking_threshold,,api,hnb-media,HNB_MEDIA,2026-09-21.1,1.0,HNB_MEDIA_INDICATORS_1.0,descriptive_archive_counts_not_independently_validated
api,2024-01,2026-08,moje-djakovo.com,3,3,3261,9.19963201471941,0,below_ranking_threshold,,api,hnb-media,HNB_MEDIA,2026-09-21.1,1.0,HNB_MEDIA_INDICATORS_1.0,descriptive_archive_counts_not_independently_validated
api,2024-01,2026-08,mojevrijeme.hr,14,14,5148,27.195027195027194,0,below_ranking_threshold,,api,hnb-media,HNB_MEDIA,2026-09-21.1,1.0,HNB_MEDIA_INDICATORS_1.0,descriptive_archive_counts_not_independently_validated
api,2024-01,2026-08,mojportal.hr,9,9,9708,9.27070457354759,0,below_ranking_threshold,,api,hnb-media,HNB_MEDIA,2026-09-21.1,1.0,HNB_MEDIA_INDICATORS_1.0,descriptive_archive_counts_not_independently_validated
api,2024-01,2026-08,mojzagreb.info,7,7,843,83.03677342823251,0,below_ranking_threshold,,api,hnb-media,HNB_MEDIA,2026-09-21.1,1.0,HNB_MEDIA_INDICATORS_1.0,descriptive_archive_counts_not_independently_validated
api,2024-01,2026-08,mok.hr,3,3,2563,11.705033164260632,0,below_ranking_threshold,,api,hnb-media,HNB_MEDIA,2026-09-21.1,1.0,HNB_MEDIA_INDICATORS_1.0,descriptive_archive_counts_not_independently_validated
api,2024-01,2026-08,morski.hr,24,24,21244,11.29730747505178,0,below_ranking_threshold,,api,hnb-media,HNB_MEDIA,2026-09-21.1,1.0,HNB_MEDIA_INDICATORS_1.0,descriptive_archive_counts_not_independently_validated
api,2024-01,2026-08,motorevija.com.hr,0,0,180,0.0,0,below_ranking_threshold,,api,hnb-media,HNB_MEDIA,2026-09-21.1,1.0,HNB_MEDIA_INDICATORS_1.0,descriptive_archive_counts_not_independently_validated
api,2024-01,2026-08,msm.hr,0,0,22,0.0,0,below_ranking_threshold,,api,hnb-media,HNB_MEDIA,2026-09-21.1,1.0,HNB_MEDIA_INDICATORS_1.0,descriptive_archive_counts_not_independently_validated
api,2024-01,2026-08,muralist.hr,13,13,7821,16.621915356092572,0,below_ranking_threshold,,api,hnb-media,HNB_MEDIA,2026-09-21.1,1.0,HNB_MEDIA_INDICATORS_1.0,descriptive_archive_counts_not_independently_validated
api,2024-01,2026-08,music-box.hr,0,0,1652,0.0,0,below_ranking_threshold,,api,hnb-media,HNB_MEDIA,2026-09-21.1,1.0,HNB_MEDIA_INDICATORS_1.0,descriptive_archive_counts_not_independently_validated
api,2024-01,2026-08,mvinfo.hr,0,0,2083,0.0,0,below_ranking_threshold,,api,hnb-media,HNB_MEDIA,2026-09-21.1,1.0,HNB_MEDIA_INDICATORS_1.0,descriptive_archive_counts_not_independently_validated
api,2024-01,2026-08,nacional.hr,358,358,56462,63.405476249512944,1,eligible,8,api,hnb-media,HNB_MEDIA,2026-09-21.1,1.0,HNB_MEDIA_INDICATORS_1.0,descriptive_archive_counts_not_independently_validated
api,2024-01,2026-08,nacionalno.hr,1,1,272,36.76470588235294,0,below_ranking_threshold,,api,hnb-media,HNB_MEDIA,2026-09-21.1,1.0,HNB_MEDIA_INDICATORS_1.0,descriptive_archive_counts_not_independently_validated
api,2024-01,2026-08,najboljeknjige.com,0,0,342,0.0,0,below_ranking_threshold,,api,hnb-media,HNB_MEDIA,2026-09-21.1,1.0,HNB_MEDIA_INDICATORS_1.0,descriptive_archive_counts_not_independently_validated
api,2024-01,2026-08,narod.hr,69,69,22684,30.417915711514723,1,eligible,26,api,hnb-media,HNB_MEDIA,2026-09-21.1,1.0,HNB_MEDIA_INDICATORS_1.0,descriptive_archive_counts_not_independently_validated
api,2024-01,2026-08,nasabujstina.com,5,5,1329,37.62227238525207,0,below_ranking_threshold,,api,hnb-media,HNB_MEDIA,2026-09-21.1,1.0,HNB_MEDIA_INDICATORS_1.0,descriptive_archive_counts_not_independently_validated
api,2024-01,2026-08,nasice.com,9,9,11867,7.58405662762282,0,below_ranking_threshold,,api,hnb-media,HNB_MEDIA,2026-09-21.1,1.0,HNB_MEDIA_INDICATORS_1.0,descriptive_archive_counts_not_independently_validated
api,2024-01,2026-08,nasiskolji.hr,0,0,817,0.0,0,below_ranking_threshold,,api,hnb-media,HNB_MEDIA,2026-09-21.1,1.0,HNB_MEDIA_INDICATORS_1.0,descriptive_archive_counts_not_independently_validated
api,2024-01,2026-08,naturala.hr,2,2,2514,7.955449482895784,0,below_ranking_threshold,,api,hnb-media,HNB_MEDIA,2026-09-21.1,1.0,HNB_MEDIA_INDICATORS_1.0,descriptive_archive_counts_not_independently_validated
api,2024-01,2026-08,nemo-casopis.com,0,0,1,0.0,0,below_ranking_threshold,,api,hnb-media,HNB_MEDIA,2026-09-21.1,1.0,HNB_MEDIA_INDICATORS_1.0,descriptive_archive_counts_not_independently_validated
api,2024-01,2026-08,net.hr,523,523,264976,19.737636616146368,1,eligible,39,api,hnb-media,HNB_MEDIA,2026-09-21.1,1.0,HNB_MEDIA_INDICATORS_1.0,descriptive_archive_counts_not_independently_validated
api,2024-01,2026-08,netokracija.com,5,5,946,52.854122621564485,0,below_ranking_threshold,,api,hnb-media,HNB_MEDIA,2026-09-21.1,1.0,HNB_MEDIA_INDICATORS_1.0,descriptive_archive_counts_not_independently_validated
api,2024-01,2026-08,nizagorjemalo.hr,0,0,3,0.0,0,below_ranking_threshold,,api,hnb-media,HNB_MEDIA,2026-09-21.1,1.0,HNB_MEDIA_INDICATORS_1.0,descriptive_archive_counts_not_independently_validated
api,2024-01,2026-08,nogometplus.net,0,0,1001,0.0,0,below_ranking_threshold,,api,hnb-media,HNB_MEDIA,2026-09-21.1,1.0,HNB_MEDIA_INDICATORS_1.0,descriptive_archive_counts_not_independently_validated
api,2024-01,2026-08,novagra.hr,11,11,2391,46.00585529067336,0,below_ranking_threshold,,api,hnb-media,HNB_MEDIA,2026-09-21.1,1.0,HNB_MEDIA_INDICATORS_1.0,descriptive_archive_counts_not_independently_validated
api,2024-01,2026-08,novagradiska.eu,1,1,1370,7.299270072992701,0,below_ranking_threshold,,api,hnb-media,HNB_MEDIA,2026-09-21.1,1.0,HNB_MEDIA_INDICATORS_1.0,descriptive_archive_counts_not_independently_validated
api,2024-01,2026-08,novilist.hr,739,739,166877,44.28411344882758,1,eligible,17,api,hnb-media,HNB_MEDIA,2026-09-21.1,1.0,HNB_MEDIA_INDICATORS_1.0,descriptive_archive_counts_not_independently_validated
api,2024-01,2026-08,noviradio.hr,0,0,1873,0.0,0,below_ranking_threshold,,api,hnb-media,HNB_MEDIA,2026-09-21.1,1.0,HNB_MEDIA_INDICATORS_1.0,descriptive_archive_counts_not_independently_validated
api,2024-01,2026-08,novo.hr,48,48,5155,93.11348205625606,0,below_ranking_threshold,,api,hnb-media,HNB_MEDIA,2026-09-21.1,1.0,HNB_MEDIA_INDICATORS_1.0,descriptive_archive_counts_not_independently_validated
api,2024-01,2026-08,novosti.hr,8,8,10043,7.96574728666733,0,below_ranking_threshold,,api,hnb-media,HNB_MEDIA,2026-09-21.1,1.0,HNB_MEDIA_INDICATORS_1.0,descriptive_archive_counts_not_independently_validated
api,2024-01,2026-08,objektivno.hr,6,6,465,129.03225806451613,0,below_ranking_threshold,,api,hnb-media,HNB_MEDIA,2026-09-21.1,1.0,HNB_MEDIA_INDICATORS_1.0,descriptive_archive_counts_not_independently_validated
api,2024-01,2026-08,obris.org,0,0,813,0.0,0,below_ranking_threshold,,api,hnb-media,HNB_MEDIA,2026-09-21.1,1.0,HNB_MEDIA_INDICATORS_1.0,descriptive_archive_counts_not_independently_validated
api,2024-01,2026-08,ogportal.com,99,99,18151,54.542449451820836,1,eligible,10,api,hnb-media,HNB_MEDIA,2026-09-21.1,1.0,HNB_MEDIA_INDICATORS_1.0,descriptive_archive_counts_not_independently_validated
api,2024-01,2026-08,ogulin.eu,0,0,296,0.0,0,below_ranking_threshold,,api,hnb-media,HNB_MEDIA,2026-09-21.1,1.0,HNB_MEDIA_INDICATORS_1.0,descriptive_archive_counts_not_independently_validated
api,2024-01,2026-08,orioninfovk.com,0,0,461,0.0,0,below_ranking_threshold,,api,hnb-media,HNB_MEDIA,2026-09-21.1,1.0,HNB_MEDIA_INDICATORS_1.0,descriptive_archive_counts_not_independently_validated
api,2024-01,2026-08,osijekexpress.com,26,26,13332,19.501950195019504,0,below_ranking_threshold,,api,hnb-media,HNB_MEDIA,2026-09-21.1,1.0,HNB_MEDIA_INDICATORS_1.0,descriptive_archive_counts_not_independently_validated
api,2024-01,2026-08,osijeknews.hr,22,22,4802,45.814244064972925,0,below_ranking_threshold,,api,hnb-media,HNB_MEDIA,2026-09-21.1,1.0,HNB_MEDIA_INDICATORS_1.0,descriptive_archive_counts_not_independently_validated
api,2024-01,2026-08,otoci.eu,0,0,1447,0.0,0,below_ranking_threshold,,api,hnb-media,HNB_MEDIA,2026-09-21.1,1.0,HNB_MEDIA_INDICATORS_1.0,descriptive_archive_counts_not_independently_validated
api,2024-01,2026-08,otoci.net,2,2,3305,6.05143721633888,0,below_ranking_threshold,,api,hnb-media,HNB_MEDIA,2026-09-21.1,1.0,HNB_MEDIA_INDICATORS_1.0,descriptive_archive_counts_not_independently_validated
api,2024-01,2026-08,p-portal.net,0,0,634,0.0,0,below_ranking_threshold,,api,hnb-media,HNB_MEDIA,2026-09-21.1,1.0,HNB_MEDIA_INDICATORS_1.0,descriptive_archive_counts_not_independently_validated
api,2024-01,2026-08,pakrackilist.hr,1,1,2345,4.264392324093817,0,below_ranking_threshold,,api,hnb-media,HNB_MEDIA,2026-09-21.1,1.0,HNB_MEDIA_INDICATORS_1.0,descriptive_archive_counts_not_independently_validated
api,2024-01,2026-08,panopticum.hr,21,21,1697,123.74779021803182,0,below_ranking_threshold,,api,hnb-media,HNB_MEDIA,2026-09-21.1,1.0,HNB_MEDIA_INDICATORS_1.0,descriptive_archive_counts_not_independently_validated
api,2024-01,2026-08,paraf.hr,4,4,116,344.82758620689657,0,below_ranking_threshold,,api,hnb-media,HNB_MEDIA,2026-09-21.1,1.0,HNB_MEDIA_INDICATORS_1.0,descriptive_archive_counts_not_independently_validated
api,2024-01,2026-08,parentium.com,1,1,4703,2.12630236019562,0,below_ranking_threshold,,api,hnb-media,HNB_MEDIA,2026-09-21.1,1.0,HNB_MEDIA_INDICATORS_1.0,descriptive_archive_counts_not_independently_validated
api,2024-01,2026-08,pcchip.hr,0,0,3761,0.0,0,below_ranking_threshold,,api,hnb-media,HNB_MEDIA,2026-09-21.1,1.0,HNB_MEDIA_INDICATORS_1.0,descriptive_archive_counts_not_independently_validated
api,2024-01,2026-08,phralipen.hr,0,0,1,0.0,0,below_ranking_threshold,,api,hnb-media,HNB_MEDIA,2026-09-21.1,1.0,HNB_MEDIA_INDICATORS_1.0,descriptive_archive_counts_not_independently_validated
api,2024-01,2026-08,ploce.com.hr,5,5,2681,18.649757553151808,0,below_ranking_threshold,,api,hnb-media,HNB_MEDIA,2026-09-21.1,1.0,HNB_MEDIA_INDICATORS_1.0,descriptive_archive_counts_not_independently_validated
api,2024-01,2026-08,plusportal.hr,30,30,8436,35.56187766714083,0,below_ranking_threshold,,api,hnb-media,HNB_MEDIA,2026-09-21.1,1.0,HNB_MEDIA_INDICATORS_1.0,descriptive_archive_counts_not_independently_validated
api,2024-01,2026-08,podravski.hr,23,23,15834,14.525704180876595,0,below_ranking_threshold,,api,hnb-media,HNB_MEDIA,2026-09-21.1,1.0,HNB_MEDIA_INDICATORS_1.0,descriptive_archive_counts_not_independently_validated
api,2024-01,2026-08,poduckun.net,8,8,11642,6.8716715341006696,0,below_ranking_threshold,,api,hnb-media,HNB_MEDIA,2026-09-21.1,1.0,HNB_MEDIA_INDICATORS_1.0,descriptive_archive_counts_not_independently_validated
api,2024-01,2026-08,pogled.hr,15,15,455,329.6703296703297,0,below_ranking_threshold,,api,hnb-media,HNB_MEDIA,2026-09-21.1,1.0,HNB_MEDIA_INDICATORS_1.0,descriptive_archive_counts_not_independently_validated
api,2024-01,2026-08,pomaknigranice.hr,0,0,1,0.0,0,below_ranking_threshold,,api,hnb-media,HNB_MEDIA,2026-09-21.1,1.0,HNB_MEDIA_INDICATORS_1.0,descriptive_archive_counts_not_independently_validated
api,2024-01,2026-08,porestina.info,0,0,5356,0.0,0,below_ranking_threshold,,api,hnb-media,HNB_MEDIA,2026-09-21.1,1.0,HNB_MEDIA_INDICATORS_1.0,descriptive_archive_counts_not_independently_validated
api,2024-01,2026-08,portal-ostro.hr,0,0,182,0.0,0,below_ranking_threshold,,api,hnb-media,HNB_MEDIA,2026-09-21.1,1.0,HNB_MEDIA_INDICATORS_1.0,descriptive_archive_counts_not_independently_validated
api,2024-01,2026-08,portal.hr,50,50,18926,26.418683292824685,1,eligible,30,api,hnb-media,HNB_MEDIA,2026-09-21.1,1.0,HNB_MEDIA_INDICATORS_1.0,descriptive_archive_counts_not_independently_validated
api,2024-01,2026-08,portal53.hr,0,0,4386,0.0,0,below_ranking_threshold,,api,hnb-media,HNB_MEDIA,2026-09-21.1,1.0,HNB_MEDIA_INDICATORS_1.0,descriptive_archive_counts_not_independently_validated
api,2024-01,2026-08,portalnovosti.com,27,27,8713,30.988178583725468,0,below_ranking_threshold,,api,hnb-media,HNB_MEDIA,2026-09-21.1,1.0,HNB_MEDIA_INDICATORS_1.0,descriptive_archive_counts_not_independently_validated
api,2024-01,2026-08,portalzdravlje.hr,0,0,1588,0.0,0,below_ranking_threshold,,api,hnb-media,HNB_MEDIA,2026-09-21.1,1.0,HNB_MEDIA_INDICATORS_1.0,descriptive_archive_counts_not_independently_validated
api,2024-01,2026-08,portofon.com,1,1,2072,4.826254826254826,0,below_ranking_threshold,,api,hnb-media,HNB_MEDIA,2026-09-21.1,1.0,HNB_MEDIA_INDICATORS_1.0,descriptive_archive_counts_not_independently_validated
api,2024-01,2026-08,portos.hr,1,1,261,38.31417624521073,0,below_ranking_threshold,,api,hnb-media,HNB_MEDIA,2026-09-21.1,1.0,HNB_MEDIA_INDICATORS_1.0,descriptive_archive_counts_not_independently_validated
api,2024-01,2026-08,poslovni-savjetnik.com,25,25,2365,105.70824524312897,0,below_ranking_threshold,,api,hnb-media,HNB_MEDIA,2026-09-21.1,1.0,HNB_MEDIA_INDICATORS_1.0,descriptive_archive_counts_not_independently_validated
api,2024-01,2026-08,poslovni.hr,777,777,34329,226.33924670103994,1,eligible,1,api,hnb-media,HNB_MEDIA,2026-09-21.1,1.0,HNB_MEDIA_INDICATORS_1.0,descriptive_archive_counts_not_independently_validated
api,2024-01,2026-08,poslovnifm.com,21,21,1693,124.04016538688718,0,below_ranking_threshold,,api,hnb-media,HNB_MEDIA,2026-09-21.1,1.0,HNB_MEDIA_INDICATORS_1.0,descriptive_archive_counts_not_independently_validated
api,2024-01,2026-08,poslovnipuls.com,27,27,2545,106.09037328094303,0,below_ranking_threshold,,api,hnb-media,HNB_MEDIA,2026-09-21.1,1.0,HNB_MEDIA_INDICATORS_1.0,descriptive_archive_counts_not_independently_validated
api,2024-01,2026-08,pozega.eu,5,5,8726,5.730002292000917,0,below_ranking_threshold,,api,hnb-media,HNB_MEDIA,2026-09-21.1,1.0,HNB_MEDIA_INDICATORS_1.0,descriptive_archive_counts_not_independently_validated
api,2024-01,2026-08,pozeska-kronika.hr,5,5,6446,7.756748371082842,0,below_ranking_threshold,,api,hnb-media,HNB_MEDIA,2026-09-21.1,1.0,HNB_MEDIA_INDICATORS_1.0,descriptive_archive_counts_not_independently_validated
api,2024-01,2026-08,pozeski.hr,2,2,5873,3.4054146092286737,0,below_ranking_threshold,,api,hnb-media,HNB_MEDIA,2026-09-21.1,1.0,HNB_MEDIA_INDICATORS_1.0,descriptive_archive_counts_not_independently_validated
api,2024-01,2026-08,pozeskivodic.com,0,0,710,0.0,0,below_ranking_threshold,,api,hnb-media,HNB_MEDIA,2026-09-21.1,1.0,HNB_MEDIA_INDICATORS_1.0,descriptive_archive_counts_not_independently_validated
api,2024-01,2026-08,press032.com,2,2,4548,4.397537379067722,0,below_ranking_threshold,,api,hnb-media,HNB_MEDIA,2026-09-21.1,1.0,HNB_MEDIA_INDICATORS_1.0,descriptive_archive_counts_not_independently_validated
api,2024-01,2026-08,prglas.com,0,0,36,0.0,0,below_ranking_threshold,,api,hnb-media,HNB_MEDIA,2026-09-21.1,1.0,HNB_MEDIA_INDICATORS_1.0,descriptive_archive_counts_not_independently_validated
api,2024-01,2026-08,prigorski.hr,231,231,67724,34.10903077195677,1,eligible,22,api,hnb-media,HNB_MEDIA,2026-09-21.1,1.0,HNB_MEDIA_INDICATORS_1.0,descriptive_archive_counts_not_independently_validated
api,2024-01,2026-08,promise.hr,9,9,581,154.9053356282272,0,below_ranking_threshold,,api,hnb-media,HNB_MEDIA,2026-09-21.1,1.0,HNB_MEDIA_INDICATORS_1.0,descriptive_archive_counts_not_independently_validated
api,2024-01,2026-08,ps-portal.eu,0,0,540,0.0,0,below_ranking_threshold,,api,hnb-media,HNB_MEDIA,2026-09-21.1,1.0,HNB_MEDIA_INDICATORS_1.0,descriptive_archive_counts_not_independently_validated
api,2024-01,2026-08,pulskasvakodnevnica.com,0,0,2,0.0,0,below_ranking_threshold,,api,hnb-media,HNB_MEDIA,2026-09-21.1,1.0,HNB_MEDIA_INDICATORS_1.0,descriptive_archive_counts_not_independently_validated
api,2024-01,2026-08,rabdanas.hr,0,0,18,0.0,0,below_ranking_threshold,,api,hnb-media,HNB_MEDIA,2026-09-21.1,1.0,HNB_MEDIA_INDICATORS_1.0,descriptive_archive_counts_not_independently_validated
api,2024-01,2026-08,radio-banovina.hr,17,17,4315,39.39745075318656,0,below_ranking_threshold,,api,hnb-media,HNB_MEDIA,2026-09-21.1,1.0,HNB_MEDIA_INDICATORS_1.0,descriptive_archive_counts_not_independently_validated
api,2024-01,2026-08,radio-gospic.com,0,0,1,0.0,0,below_ranking_threshold,,api,hnb-media,HNB_MEDIA,2026-09-21.1,1.0,HNB_MEDIA_INDICATORS_1.0,descriptive_archive_counts_not_independently_validated
api,2024-01,2026-08,radio-mreznica.hr,0,0,3218,0.0,0,below_ranking_threshold,,api,hnb-media,HNB_MEDIA,2026-09-21.1,1.0,HNB_MEDIA_INDICATORS_1.0,descriptive_archive_counts_not_independently_validated
api,2024-01,2026-08,radio105.hr,0,0,2,0.0,0,below_ranking_threshold,,api,hnb-media,HNB_MEDIA,2026-09-21.1,1.0,HNB_MEDIA_INDICATORS_1.0,descriptive_archive_counts_not_independently_validated
api,2024-01,2026-08,radio808.com,12,12,96,1250.0,0,below_ranking_threshold,,api,hnb-media,HNB_MEDIA,2026-09-21.1,1.0,HNB_MEDIA_INDICATORS_1.0,descriptive_archive_counts_not_independently_validated
api,2024-01,2026-08,radiong.hr,12,12,6381,18.805829807240244,0,below_ranking_threshold,,api,hnb-media,HNB_MEDIA,2026-09-21.1,1.0,HNB_MEDIA_INDICATORS_1.0,descriptive_archive_counts_not_independently_validated
api,2024-01,2026-08,radiopag.hr,1,1,1736,5.76036866359447,0,below_ranking_threshold,,api,hnb-media,HNB_MEDIA,2026-09-21.1,1.0,HNB_MEDIA_INDICATORS_1.0,descriptive_archive_counts_not_independently_validated
api,2024-01,2026-08,radioprkos.hr,0,0,1,0.0,0,below_ranking_threshold,,api,hnb-media,HNB_MEDIA,2026-09-21.1,1.0,HNB_MEDIA_INDICATORS_1.0,descriptive_archive_counts_not_independently_validated
api,2024-01,2026-08,radiosamobor.hr,1,1,4012,2.4925224327018944,0,below_ranking_threshold,,api,hnb-media,HNB_MEDIA,2026-09-21.1,1.0,HNB_MEDIA_INDICATORS_1.0,descriptive_archive_counts_not_independently_validated
api,2024-01,2026-08,radnickaprava.org,0,0,362,0.0,0,below_ranking_threshold,,api,hnb-media,HNB_MEDIA,2026-09-21.1,1.0,HNB_MEDIA_INDICATORS_1.0,descriptive_archive_counts_not_independently_validated
api,2024-01,2026-08,ravnododna.com,0,0,8840,0.0,0,below_ranking_threshold,,api,hnb-media,HNB_MEDIA,2026-09-21.1,1.0,HNB_MEDIA_INDICATORS_1.0,descriptive_archive_counts_not_independently_validated
api,2024-01,2026-08,reci.hr,0,0,102,0.0,0,below_ranking_threshold,,api,hnb-media,HNB_MEDIA,2026-09-21.1,1.0,HNB_MEDIA_INDICATORS_1.0,descriptive_archive_counts_not_independently_validated
api,2024-01,2026-08,regionalexpress.hr,0,0,4,0.0,0,below_ranking_threshold,,api,hnb-media,HNB_MEDIA,2026-09-21.1,1.0,HNB_MEDIA_INDICATORS_1.0,descriptive_archive_counts_not_independently_validated
api,2024-01,2026-08,regionalni.com,31,31,12970,23.901310717039323,0,below_ranking_threshold,,api,hnb-media,HNB_MEDIA,2026-09-21.1,1.0,HNB_MEDIA_INDICATORS_1.0,descriptive_archive_counts_not_independently_validated
api,2024-01,2026-08,regionalni.hr,8,8,2801,28.56122813280971,0,below_ranking_threshold,,api,hnb-media,HNB_MEDIA,2026-09-21.1,1.0,HNB_MEDIA_INDICATORS_1.0,descriptive_archive_counts_not_independently_validated
api,2024-01,2026-08,rep.hr,0,0,79,0.0,0,below_ranking_threshold,,api,hnb-media,HNB_MEDIA,2026-09-21.1,1.0,HNB_MEDIA_INDICATORS_1.0,descriptive_archive_counts_not_independently_validated
api,2024-01,2026-08,reporter.hr,0,0,3,0.0,0,below_ranking_threshold,,api,hnb-media,HNB_MEDIA,2026-09-21.1,1.0,HNB_MEDIA_INDICATORS_1.0,descriptive_archive_counts_not_independently_validated
api,2024-01,2026-08,restartaj.org,0,0,15,0.0,0,below_ranking_threshold,,api,hnb-media,HNB_MEDIA,2026-09-21.1,1.0,HNB_MEDIA_INDICATORS_1.0,descriptive_archive_counts_not_independently_validated
api,2024-01,2026-08,rijekadanas.com,2,2,12845,1.5570260801868432,0,below_ranking_threshold,,api,hnb-media,HNB_MEDIA,2026-09-21.1,1.0,HNB_MEDIA_INDICATORS_1.0,descriptive_archive_counts_not_independently_validated
api,2024-01,2026-08,riprsten.com,1,1,717,13.94700139470014,0,below_ranking_threshold,,api,hnb-media,HNB_MEDIA,2026-09-21.1,1.0,HNB_MEDIA_INDICATORS_1.0,descriptive_archive_counts_not_independently_validated
api,2024-01,2026-08,romi.hr,0,0,67,0.0,0,below_ranking_threshold,,api,hnb-media,HNB_MEDIA,2026-09-21.1,1.0,HNB_MEDIA_INDICATORS_1.0,descriptive_archive_counts_not_independently_validated
api,2024-01,2026-08,rtl.hr,1,1,21757,0.4596221905593602,0,below_ranking_threshold,,api,hnb-media,HNB_MEDIA,2026-09-21.1,1.0,HNB_MEDIA_INDICATORS_1.0,descriptive_archive_counts_not_independently_validated
api,2024-01,2026-08,sabh.hr,1,1,664,15.060240963855422,0,below_ranking_threshold,,api,hnb-media,HNB_MEDIA,2026-09-21.1,1.0,HNB_MEDIA_INDICATORS_1.0,descriptive_archive_counts_not_independently_validated
api,2024-01,2026-08,savjeti.hr,1,1,140,71.42857142857143,0,below_ranking_threshold,,api,hnb-media,HNB_MEDIA,2026-09-21.1,1.0,HNB_MEDIA_INDICATORS_1.0,descriptive_archive_counts_not_independently_validated
api,2024-01,2026-08,scubalife.hr,0,0,1107,0.0,0,below_ranking_threshold,,api,hnb-media,HNB_MEDIA,2026-09-21.1,1.0,HNB_MEDIA_INDICATORS_1.0,descriptive_archive_counts_not_independently_validated
api,2024-01,2026-08,senjskabura.hr,1,1,946,10.570824524312897,0,below_ranking_threshold,,api,hnb-media,HNB_MEDIA,2026-09-21.1,1.0,HNB_MEDIA_INDICATORS_1.0,descriptive_archive_counts_not_independently_validated
api,2024-01,2026-08,sesvete-danas.hr,4,4,3016,13.26259946949602,0,below_ranking_threshold,,api,hnb-media,HNB_MEDIA,2026-09-21.1,1.0,HNB_MEDIA_INDICATORS_1.0,descriptive_archive_counts_not_independently_validated
api,2024-01,2026-08,she.hr,2,2,6042,3.3101621979476996,0,below_ranking_threshold,,api,hnb-media,HNB_MEDIA,2026-09-21.1,1.0,HNB_MEDIA_INDICATORS_1.0,descriptive_archive_counts_not_independently_validated
api,2024-01,2026-08,sibenik.in,68,68,32735,20.772873071635864,1,eligible,37,api,hnb-media,HNB_MEDIA,2026-09-21.1,1.0,HNB_MEDIA_INDICATORS_1.0,descriptive_archive_counts_not_independently_validated
api,2024-01,2026-08,sibenskikanal.hr,0,0,1402,0.0,0,below_ranking_threshold,,api,hnb-media,HNB_MEDIA,2026-09-21.1,1.0,HNB_MEDIA_INDICATORS_1.0,descriptive_archive_counts_not_independently_validated
api,2024-01,2026-08,sibenskiportal.hr,7,7,6214,11.26488574187319,0,below_ranking_threshold,,api,hnb-media,HNB_MEDIA,2026-09-21.1,1.0,HNB_MEDIA_INDICATORS_1.0,descriptive_archive_counts_not_independently_validated
api,2024-01,2026-08,sinjskarera.hr,2,2,5104,3.9184952978056424,0,below_ranking_threshold,,api,hnb-media,HNB_MEDIA,2026-09-21.1,1.0,HNB_MEDIA_INDICATORS_1.0,descriptive_archive_counts_not_independently_validated
api,2024-01,2026-08,sisak.info,1,1,2919,3.4258307639602603,0,below_ranking_threshold,,api,hnb-media,HNB_MEDIA,2026-09-21.1,1.0,HNB_MEDIA_INDICATORS_1.0,descriptive_archive_counts_not_independently_validated
api,2024-01,2026-08,sisakportal.hr,0,0,2924,0.0,0,below_ranking_threshold,,api,hnb-media,HNB_MEDIA,2026-09-21.1,1.0,HNB_MEDIA_INDICATORS_1.0,descriptive_archive_counts_not_independently_validated
api,2024-01,2026-08,sjever.hr,25,25,26112,9.574142156862745,0,below_ranking_threshold,,api,hnb-media,HNB_MEDIA,2026-09-21.1,1.0,HNB_MEDIA_INDICATORS_1.0,descriptive_archive_counts_not_independently_validated
api,2024-01,2026-08,sjeverni.info,49,49,22733,21.554568248801303,0,below_ranking_threshold,,api,hnb-media,HNB_MEDIA,2026-09-21.1,1.0,HNB_MEDIA_INDICATORS_1.0,descriptive_archive_counts_not_independently_validated
api,2024-01,2026-08,slavonijainfo.com,14,14,4176,33.524904214559385,0,below_ranking_threshold,,api,hnb-media,HNB_MEDIA,2026-09-21.1,1.0,HNB_MEDIA_INDICATORS_1.0,descriptive_archive_counts_not_independently_validated
api,2024-01,2026-08,slavonski.hr,3,3,3438,8.726003490401396,0,below_ranking_threshold,,api,hnb-media,HNB_MEDIA,2026-09-21.1,1.0,HNB_MEDIA_INDICATORS_1.0,descriptive_archive_counts_not_independently_validated
api,2024-01,2026-08,sloboda.hr,0,0,21,0.0,0,below_ranking_threshold,,api,hnb-media,HNB_MEDIA,2026-09-21.1,1.0,HNB_MEDIA_INDICATORS_1.0,descriptive_archive_counts_not_independently_validated
api,2024-01,2026-08,slobodnadalmacija.hr,299,299,207836,14.386343078196271,1,eligible,42,api,hnb-media,HNB_MEDIA,2026-09-21.1,1.0,HNB_MEDIA_INDICATORS_1.0,descriptive_archive_counts_not_independently_validated
api,2024-01,2026-08,sound-report.com,0,0,2704,0.0,0,below_ranking_threshold,,api,hnb-media,HNB_MEDIA,2026-09-21.1,1.0,HNB_MEDIA_INDICATORS_1.0,descriptive_archive_counts_not_independently_validated
api,2024-01,2026-08,split.com.hr,1,1,664,15.060240963855422,0,below_ranking_threshold,,api,hnb-media,HNB_MEDIA,2026-09-21.1,1.0,HNB_MEDIA_INDICATORS_1.0,descriptive_archive_counts_not_independently_validated
api,2024-01,2026-08,sportalo.hr,0,0,5064,0.0,0,below_ranking_threshold,,api,hnb-media,HNB_MEDIA,2026-09-21.1,1.0,HNB_MEDIA_INDICATORS_1.0,descriptive_archive_counts_not_independently_validated
api,2024-01,2026-08,sportcom.hr,0,0,15527,0.0,0,below_ranking_threshold,,api,hnb-media,HNB_MEDIA,2026-09-21.1,1.0,HNB_MEDIA_INDICATORS_1.0,descriptive_archive_counts_not_independently_validated
api,2024-01,2026-08,sportnet.hr,0,0,31844,0.0,0,below_ranking_threshold,,api,hnb-media,HNB_MEDIA,2026-09-21.1,1.0,HNB_MEDIA_INDICATORS_1.0,descriptive_archive_counts_not_independently_validated
api,2024-01,2026-08,sportnews.hr,1,1,901,11.098779134295228,0,below_ranking_threshold,,api,hnb-media,HNB_MEDIA,2026-09-21.1,1.0,HNB_MEDIA_INDICATORS_1.0,descriptive_archive_counts_not_independently_validated
api,2024-01,2026-08,srbi.hr,0,0,575,0.0,0,below_ranking_threshold,,api,hnb-media,HNB_MEDIA,2026-09-21.1,1.0,HNB_MEDIA_INDICATORS_1.0,descriptive_archive_counts_not_independently_validated
api,2024-01,2026-08,srednja.hr,13,13,10487,12.396300181176695,0,below_ranking_threshold,,api,hnb-media,HNB_MEDIA,2026-09-21.1,1.0,HNB_MEDIA_INDICATORS_1.0,descriptive_archive_counts_not_independently_validated
api,2024-01,2026-08,startnews.hr,3,3,1198,25.041736227045075,0,below_ranking_threshold,,api,hnb-media,HNB_MEDIA,2026-09-21.1,1.0,HNB_MEDIA_INDICATORS_1.0,descriptive_archive_counts_not_independently_validated
api,2024-01,2026-08,story.hr,11,11,40361,2.7254032357969327,0,below_ranking_threshold,,api,hnb-media,HNB_MEDIA,2026-09-21.1,1.0,HNB_MEDIA_INDICATORS_1.0,descriptive_archive_counts_not_independently_validated
api,2024-01,2026-08,storybook.hr,0,0,1,0.0,0,below_ranking_threshold,,api,hnb-media,HNB_MEDIA,2026-09-21.1,1.0,HNB_MEDIA_INDICATORS_1.0,descriptive_archive_counts_not_independently_validated
api,2024-01,2026-08,stratego.hr,1,1,35,285.7142857142857,0,below_ranking_threshold,,api,hnb-media,HNB_MEDIA,2026-09-21.1,1.0,HNB_MEDIA_INDICATORS_1.0,descriptive_archive_counts_not_independently_validated
api,2024-01,2026-08,studentski.hr,27,27,9795,27.56508422664625,0,below_ranking_threshold,,api,hnb-media,HNB_MEDIA,2026-09-21.1,1.0,HNB_MEDIA_INDICATORS_1.0,descriptive_archive_counts_not_independently_validated
api,2024-01,2026-08,studioeuropa.online,0,0,56,0.0,0,below_ranking_threshold,,api,hnb-media,HNB_MEDIA,2026-09-21.1,1.0,HNB_MEDIA_INDICATORS_1.0,descriptive_archive_counts_not_independently_validated
api,2024-01,2026-08,stv.hr,0,0,2519,0.0,0,below_ranking_threshold,,api,hnb-media,HNB_MEDIA,2026-09-21.1,1.0,HNB_MEDIA_INDICATORS_1.0,descriptive_archive_counts_not_independently_validated
api,2024-01,2026-08,superportal.hr,0,0,2757,0.0,0,below_ranking_threshold,,api,hnb-media,HNB_MEDIA,2026-09-21.1,1.0,HNB_MEDIA_INDICATORS_1.0,descriptive_archive_counts_not_independently_validated
api,2024-01,2026-08,svijet.hr,66,66,5881,112.22581193674546,1,eligible,2,api,hnb-media,HNB_MEDIA,2026-09-21.1,1.0,HNB_MEDIA_INDICATORS_1.0,descriptive_archive_counts_not_independently_validated
api,2024-01,2026-08,svijetsigurnosti.com,4,4,972,41.1522633744856,0,below_ranking_threshold,,api,hnb-media,HNB_MEDIA,2026-09-21.1,1.0,HNB_MEDIA_INDICATORS_1.0,descriptive_archive_counts_not_independently_validated
api,2024-01,2026-08,teklic.hr,15,15,11738,12.779008348952122,0,below_ranking_threshold,,api,hnb-media,HNB_MEDIA,2026-09-21.1,1.0,HNB_MEDIA_INDICATORS_1.0,descriptive_archive_counts_not_independently_validated
api,2024-01,2026-08,telegram.hr,450,450,91843,48.996657339154865,1,eligible,12,api,hnb-media,HNB_MEDIA,2026-09-21.1,1.0,HNB_MEDIA_INDICATORS_1.0,descriptive_archive_counts_not_independently_validated
api,2024-01,2026-08,teleskop.hr,51,51,6887,74.05256279947727,1,eligible,6,api,hnb-media,HNB_MEDIA,2026-09-21.1,1.0,HNB_MEDIA_INDICATORS_1.0,descriptive_archive_counts_not_independently_validated
api,2024-01,2026-08,thedubrovniktimes.com,4,4,423,94.56264775413712,0,below_ranking_threshold,,api,hnb-media,HNB_MEDIA,2026-09-21.1,1.0,HNB_MEDIA_INDICATORS_1.0,descriptive_archive_counts_not_independently_validated
api,2024-01,2026-08,tiramola-media.info,2,2,1014,19.723865877712033,0,below_ranking_threshold,,api,hnb-media,HNB_MEDIA,2026-09-21.1,1.0,HNB_MEDIA_INDICATORS_1.0,descriptive_archive_counts_not_independently_validated
api,2024-01,2026-08,tjedno.hr,2,2,706,28.328611898016998,0,below_ranking_threshold,,api,hnb-media,HNB_MEDIA,2026-09-21.1,1.0,HNB_MEDIA_INDICATORS_1.0,descriptive_archive_counts_not_independently_validated
api,2024-01,2026-08,tockanai.hr,76,76,3465,219.33621933621933,0,below_ranking_threshold,,api,hnb-media,HNB_MEDIA,2026-09-21.1,1.0,HNB_MEDIA_INDICATORS_1.0,descriptive_archive_counts_not_independently_validated
api,2024-01,2026-08,torpedo.media,13,13,19866,6.543843753146079,0,below_ranking_threshold,,api,hnb-media,HNB_MEDIA,2026-09-21.1,1.0,HNB_MEDIA_INDICATORS_1.0,descriptive_archive_counts_not_independently_validated
api,2024-01,2026-08,totalinfo.hr,207,207,20149,102.73462702863665,1,eligible,3,api,hnb-media,HNB_MEDIA,2026-09-21.1,1.0,HNB_MEDIA_INDICATORS_1.0,descriptive_archive_counts_not_independently_validated
api,2024-01,2026-08,tportal.hr,681,681,191010,35.652583634364696,1,eligible,21,api,hnb-media,HNB_MEDIA,2026-09-21.1,1.0,HNB_MEDIA_INDICATORS_1.0,descriptive_archive_counts_not_independently_validated
api,2024-01,2026-08,trend.com.hr,1,1,4762,2.099958000839983,0,below_ranking_threshold,,api,hnb-media,HNB_MEDIA,2026-09-21.1,1.0,HNB_MEDIA_INDICATORS_1.0,descriptive_archive_counts_not_independently_validated
api,2024-01,2026-08,tris.com.hr,10,10,2112,47.34848484848485,0,below_ranking_threshold,,api,hnb-media,HNB_MEDIA,2026-09-21.1,1.0,HNB_MEDIA_INDICATORS_1.0,descriptive_archive_counts_not_independently_validated
api,2024-01,2026-08,tunera.info,0,0,6426,0.0,0,below_ranking_threshold,,api,hnb-media,HNB_MEDIA,2026-09-21.1,1.0,HNB_MEDIA_INDICATORS_1.0,descriptive_archive_counts_not_independently_validated
api,2024-01,2026-08,turistickeprice.hr,0,0,2064,0.0,0,below_ranking_threshold,,api,hnb-media,HNB_MEDIA,2026-09-21.1,1.0,HNB_MEDIA_INDICATORS_1.0,descriptive_archive_counts_not_independently_validated
api,2024-01,2026-08,turizam.media,0,0,1,0.0,0,below_ranking_threshold,,api,hnb-media,HNB_MEDIA,2026-09-21.1,1.0,HNB_MEDIA_INDICATORS_1.0,descriptive_archive_counts_not_independently_validated
api,2024-01,2026-08,turizmoteka.hr,23,23,4969,46.2869792714832,0,below_ranking_threshold,,api,hnb-media,HNB_MEDIA,2026-09-21.1,1.0,HNB_MEDIA_INDICATORS_1.0,descriptive_archive_counts_not_independently_validated
api,2024-01,2026-08,valpovstina.info,2,2,4911,4.072490327835472,0,below_ranking_threshold,,api,hnb-media,HNB_MEDIA,2026-09-21.1,1.0,HNB_MEDIA_INDICATORS_1.0,descriptive_archive_counts_not_independently_validated
api,2024-01,2026-08,varazdinske-vijesti.hr,37,37,25925,14.271938283510126,0,below_ranking_threshold,,api,hnb-media,HNB_MEDIA,2026-09-21.1,1.0,HNB_MEDIA_INDICATORS_1.0,descriptive_archive_counts_not_independently_validated
api,2024-01,2026-08,vecernji.hr,443,443,190997,23.19408158243323,1,eligible,34,api,hnb-media,HNB_MEDIA,2026-09-21.1,1.0,HNB_MEDIA_INDICATORS_1.0,descriptive_archive_counts_not_independently_validated
api,2024-01,2026-08,vgdanas.hr,0,0,7753,0.0,0,below_ranking_threshold,,api,hnb-media,HNB_MEDIA,2026-09-21.1,1.0,HNB_MEDIA_INDICATORS_1.0,descriptive_archive_counts_not_independently_validated
api,2024-01,2026-08,vidi.hr,5,5,4107,12.174336498660823,0,below_ranking_threshold,,api,hnb-media,HNB_MEDIA,2026-09-21.1,1.0,HNB_MEDIA_INDICATORS_1.0,descriptive_archive_counts_not_independently_validated
api,2024-01,2026-08,vinkulja.hr,24,24,7684,31.23373243102551,0,below_ranking_threshold,,api,hnb-media,HNB_MEDIA,2026-09-21.1,1.0,HNB_MEDIA_INDICATORS_1.0,descriptive_archive_counts_not_independently_validated
api,2024-01,2026-08,virovitica.net,15,15,3444,43.55400696864111,0,below_ranking_threshold,,api,hnb-media,HNB_MEDIA,2026-09-21.1,1.0,HNB_MEDIA_INDICATORS_1.0,descriptive_archive_counts_not_independently_validated
api,2024-01,2026-08,vitamini.hr,0,0,1,0.0,0,below_ranking_threshold,,api,hnb-media,HNB_MEDIA,2026-09-21.1,1.0,HNB_MEDIA_INDICATORS_1.0,descriptive_archive_counts_not_independently_validated
api,2024-01,2026-08,vizkultura.hr,0,0,665,0.0,0,below_ranking_threshold,,api,hnb-media,HNB_MEDIA,2026-09-21.1,1.0,HNB_MEDIA_INDICATORS_1.0,descriptive_archive_counts_not_independently_validated
api,2024-01,2026-08,vodnjanski.info,1,1,15,666.6666666666666,0,below_ranking_threshold,,api,hnb-media,HNB_MEDIA,2026-09-21.1,1.0,HNB_MEDIA_INDICATORS_1.0,descriptive_archive_counts_not_independently_validated
api,2024-01,2026-08,vogueadria.com,0,0,9318,0.0,0,below_ranking_threshold,,api,hnb-media,HNB_MEDIA,2026-09-21.1,1.0,HNB_MEDIA_INDICATORS_1.0,descriptive_archive_counts_not_independently_validated
api,2024-01,2026-08,volimivanic.info,0,0,889,0.0,0,below_ranking_threshold,,api,hnb-media,HNB_MEDIA,2026-09-21.1,1.0,HNB_MEDIA_INDICATORS_1.0,descriptive_archive_counts_not_independently_validated
api,2024-01,2026-08,voxfeminae.net,1,1,530,18.867924528301888,0,below_ranking_threshold,,api,hnb-media,HNB_MEDIA,2026-09-21.1,1.0,HNB_MEDIA_INDICATORS_1.0,descriptive_archive_counts_not_independently_validated
api,2024-01,2026-08,vzaktualno.hr,14,14,15920,8.793969849246231,0,below_ranking_threshold,,api,hnb-media,HNB_MEDIA,2026-09-21.1,1.0,HNB_MEDIA_INDICATORS_1.0,descriptive_archive_counts_not_independently_validated
api,2024-01,2026-08,wall.hr,0,0,621,0.0,0,below_ranking_threshold,,api,hnb-media,HNB_MEDIA,2026-09-21.1,1.0,HNB_MEDIA_INDICATORS_1.0,descriptive_archive_counts_not_independently_validated
api,2024-01,2026-08,womeninadria.com,39,39,4455,87.54208754208754,0,below_ranking_threshold,,api,hnb-media,HNB_MEDIA,2026-09-21.1,1.0,HNB_MEDIA_INDICATORS_1.0,descriptive_archive_counts_not_independently_validated
api,2024-01,2026-08,xpress.hr,0,0,30,0.0,0,below_ranking_threshold,,api,hnb-media,HNB_MEDIA,2026-09-21.1,1.0,HNB_MEDIA_INDICATORS_1.0,descriptive_archive_counts_not_independently_validated
api,2024-01,2026-08,zadarnews.hr,2,2,1211,16.515276630883566,0,below_ranking_threshold,,api,hnb-media,HNB_MEDIA,2026-09-21.1,1.0,HNB_MEDIA_INDICATORS_1.0,descriptive_archive_counts_not_independently_validated
api,2024-01,2026-08,zadarskiportal.com,15,15,3981,37.67897513187641,0,below_ranking_threshold,,api,hnb-media,HNB_MEDIA,2026-09-21.1,1.0,HNB_MEDIA_INDICATORS_1.0,descriptive_archive_counts_not_independently_validated
api,2024-01,2026-08,zadarskitjednik.hr,29,29,6403,45.291269717320006,0,below_ranking_threshold,,api,hnb-media,HNB_MEDIA,2026-09-21.1,1.0,HNB_MEDIA_INDICATORS_1.0,descriptive_archive_counts_not_independently_validated
api,2024-01,2026-08,zagorje.com,78,78,35669,21.867728279458355,1,eligible,36,api,hnb-media,HNB_MEDIA,2026-09-21.1,1.0,HNB_MEDIA_INDICATORS_1.0,descriptive_archive_counts_not_independently_validated
api,2024-01,2026-08,zagreb.info,197,197,44819,43.954572837412705,1,eligible,18,api,hnb-media,HNB_MEDIA,2026-09-21.1,1.0,HNB_MEDIA_INDICATORS_1.0,descriptive_archive_counts_not_independently_validated
api,2024-01,2026-08,zagrebancija.com,1,1,785,12.738853503184714,0,below_ranking_threshold,,api,hnb-media,HNB_MEDIA,2026-09-21.1,1.0,HNB_MEDIA_INDICATORS_1.0,descriptive_archive_counts_not_independently_validated
api,2024-01,2026-08,zagrebi.hr,0,0,142,0.0,0,below_ranking_threshold,,api,hnb-media,HNB_MEDIA,2026-09-21.1,1.0,HNB_MEDIA_INDICATORS_1.0,descriptive_archive_counts_not_independently_validated
api,2024-01,2026-08,zamaaero.com,0,0,1891,0.0,0,below_ranking_threshold,,api,hnb-media,HNB_MEDIA,2026-09-21.1,1.0,HNB_MEDIA_INDICATORS_1.0,descriptive_archive_counts_not_independently_validated
api,2024-01,2026-08,zaposlena.hr,2,2,434,46.08294930875576,0,below_ranking_threshold,,api,hnb-media,HNB_MEDIA,2026-09-21.1,1.0,HNB_MEDIA_INDICATORS_1.0,descriptive_archive_counts_not_independently_validated
api,2024-01,2026-08,zastita.info,24,24,3014,79.62840079628401,0,below_ranking_threshold,,api,hnb-media,HNB_MEDIA,2026-09-21.1,1.0,HNB_MEDIA_INDICATORS_1.0,descriptive_archive_counts_not_independently_validated
api,2024-01,2026-08,zenskirecenziraj.com,1,1,2673,3.741114852225963,0,below_ranking_threshold,,api,hnb-media,HNB_MEDIA,2026-09-21.1,1.0,HNB_MEDIA_INDICATORS_1.0,descriptive_archive_counts_not_independently_validated
api,2024-01,2026-08,zgexpress.net,2,2,2831,7.064641469445426,0,below_ranking_threshold,,api,hnb-media,HNB_MEDIA,2026-09-21.1,1.0,HNB_MEDIA_INDICATORS_1.0,descriptive_archive_counts_not_independently_validated
api,2024-01,2026-08,ziher.hr,0,0,2337,0.0,0,below_ranking_threshold,,api,hnb-media,HNB_MEDIA,2026-09-21.1,1.0,HNB_MEDIA_INDICATORS_1.0,descriptive_archive_counts_not_independently_validated
api,2024-01,2026-08,zip.com.hr,0,0,3,0.0,0,below_ranking_threshold,,api,hnb-media,HNB_MEDIA,2026-09-21.1,1.0,HNB_MEDIA_INDICATORS_1.0,descriptive_archive_counts_not_independently_validated
api,2024-01,2026-08,zmaj.info,0,0,4,0.0,0,below_ranking_threshold,,api,hnb-media,HNB_MEDIA,2026-09-21.1,1.0,HNB_MEDIA_INDICATORS_1.0,descriptive_archive_counts_not_independently_validated
api,2024-01,2026-08,znet.hr,102,102,12797,79.7061811362038,1,eligible,5,api,hnb-media,HNB_MEDIA,2026-09-21.1,1.0,HNB_MEDIA_INDICATORS_1.0,descriptive_archive_counts_not_independently_validated
api,2024-01,2026-08,zupcica.hr,0,0,3722,0.0,0,below_ranking_threshold,,api,hnb-media,HNB_MEDIA,2026-09-21.1,1.0,HNB_MEDIA_INDICATORS_1.0,descriptive_archive_counts_not_independently_validated
api,2024-01,2026-08,zupskiportal.hr,0,0,609,0.0,0,below_ranking_threshold,,api,hnb-media,HNB_MEDIA,2026-09-21.1,1.0,HNB_MEDIA_INDICATORS_1.0,descriptive_archive_counts_not_independently_validated
