source_id,source_label,source_role,medium,croatian_eligibility,language,ownership,register_id,evidence_url,checked
01portal.hr,01portal.hr,editorial,web,current_AEM_register,not_restricted; vendor_metadata_only,not_independently_audited,7/18,https://pmu.e-mediji.hr/Forms/Common/DownloadStatic.aspx?id=1#page=20,2026-09-21
023.hr,023.hr,editorial,web,current_AEM_register,not_restricted; vendor_metadata_only,not_independently_audited,50/23,https://pmu.e-mediji.hr/Forms/Common/DownloadStatic.aspx?id=1#page=50,2026-09-21
034portal.hr,034portal.hr,editorial,web,current_AEM_register,not_restricted; vendor_metadata_only,not_independently_audited,46/18,https://pmu.e-mediji.hr/Forms/Common/DownloadStatic.aspx?id=1#page=24,2026-09-21
035portal.hr,035portal.hr,editorial,web,current_AEM_register,not_restricted; vendor_metadata_only,not_independently_audited,21/15,https://pmu.e-mediji.hr/Forms/Common/DownloadStatic.aspx?id=1#page=10,2026-09-21
044portal.hr,044portal.hr,editorial,web,current_AEM_register,not_restricted; vendor_metadata_only,not_independently_audited,41/19,https://pmu.e-mediji.hr/Forms/Common/DownloadStatic.aspx?id=1#page=28,2026-09-21
057info.hr,057info.hr,editorial,web,current_AEM_register,not_restricted; vendor_metadata_only,not_independently_audited,53/16,https://pmu.e-mediji.hr/Forms/Common/DownloadStatic.aspx?id=1#page=15,2026-09-21
24sata.hr,24sata.hr,editorial,web,current_AEM_register,not_restricted; vendor_metadata_only,not_independently_audited,33/12,https://pmu.e-mediji.hr/Forms/Common/DownloadStatic.aspx?id=1#page=4,2026-09-21
33515.net,33515.net,editorial,web,current_AEM_register,not_restricted; vendor_metadata_only,not_independently_audited,77/22,https://pmu.e-mediji.hr/Forms/Common/DownloadStatic.aspx?id=1#page=44,2026-09-21
5g.hr,5g.hr,editorial,web,current_AEM_register,not_restricted; vendor_metadata_only,not_independently_audited,29/21,https://pmu.e-mediji.hr/Forms/Common/DownloadStatic.aspx?id=1#page=36,2026-09-21
5portal.hr,5portal.hr,editorial,web,current_AEM_register,not_restricted; vendor_metadata_only,not_independently_audited,6/22,https://pmu.e-mediji.hr/Forms/Common/DownloadStatic.aspx?id=1#page=38,2026-09-21
7dnevno.hr,7dnevno.hr,editorial,web,current_AEM_register,not_restricted; vendor_metadata_only,not_independently_audited,19/19,https://pmu.e-mediji.hr/Forms/Common/DownloadStatic.aspx?id=1#page=27,2026-09-21
adria.fun,adria.fun,editorial,web,current_AEM_register,not_restricted; vendor_metadata_only,not_independently_audited,28/23,https://pmu.e-mediji.hr/Forms/Common/DownloadStatic.aspx?id=1#page=48,2026-09-21
advance.hr,advance.hr,editorial,web,current_AEM_register,not_restricted; vendor_metadata_only,not_independently_audited,33/15,https://pmu.e-mediji.hr/Forms/Common/DownloadStatic.aspx?id=1#page=11,2026-09-21
after5.hr,after5.hr,editorial,web,current_AEM_register,not_restricted; vendor_metadata_only,not_independently_audited,78/22,https://pmu.e-mediji.hr/Forms/Common/DownloadStatic.aspx?id=1#page=45,2026-09-21
agroistra.hr,agroistra.hr,editorial,web,current_AEM_register,not_restricted; vendor_metadata_only,not_independently_audited,48/21,https://pmu.e-mediji.hr/Forms/Common/DownloadStatic.aspx?id=1#page=37,2026-09-21
agroklub.com,agroklub.com,editorial,web,current_AEM_register,not_restricted; vendor_metadata_only,not_independently_audited,33/17,https://pmu.e-mediji.hr/Forms/Common/DownloadStatic.aspx?id=1#page=18,2026-09-21
agroportal.hr,agroportal.hr,editorial,web,current_AEM_register,not_restricted; vendor_metadata_only,not_independently_audited,54/16,https://pmu.e-mediji.hr/Forms/Common/DownloadStatic.aspx?id=1#page=15,2026-09-21
aktivirajkarlovac.net,aktivirajkarlovac.net,editorial,web,current_AEM_register,not_restricted; vendor_metadata_only,not_independently_audited,68/16,https://pmu.e-mediji.hr/Forms/Common/DownloadStatic.aspx?id=1#page=16,2026-09-21
antenazadar.hr,antenazadar.hr,editorial,web,current_AEM_register,not_restricted; vendor_metadata_only,not_independently_audited,46/17,https://pmu.e-mediji.hr/Forms/Common/DownloadStatic.aspx?id=1#page=19,2026-09-21
apoliticni.hr,apoliticni.hr,editorial,web,current_AEM_register,not_restricted; vendor_metadata_only,not_independently_audited,17/15,https://pmu.e-mediji.hr/Forms/Common/DownloadStatic.aspx?id=1#page=10,2026-09-21
arhivanalitika.hr,arhivanalitika.hr,editorial,web,current_AEM_register,not_restricted; vendor_metadata_only,not_independently_audited,26/17,https://pmu.e-mediji.hr/Forms/Common/DownloadStatic.aspx?id=1#page=18,2026-09-21
artcaffe.eu,artcaffe.eu,editorial,web,current_AEM_register,not_restricted; vendor_metadata_only,not_independently_audited,43/22,https://pmu.e-mediji.hr/Forms/Common/DownloadStatic.aspx?id=1#page=42,2026-09-21
artkvart.hr,artkvart.hr,editorial,web,current_AEM_register,not_restricted; vendor_metadata_only,not_independently_audited,47/23,https://pmu.e-mediji.hr/Forms/Common/DownloadStatic.aspx?id=1#page=50,2026-09-21
autograf.hr,autograf.hr,editorial,web,current_AEM_register,not_restricted; vendor_metadata_only,not_independently_audited,41/18,https://pmu.e-mediji.hr/Forms/Common/DownloadStatic.aspx?id=1#page=23,2026-09-21
automotorisport.hr,automotorisport.hr,editorial,web,current_AEM_register,not_restricted; vendor_metadata_only,not_independently_audited,10/14,https://pmu.e-mediji.hr/Forms/Common/DownloadStatic.aspx?id=1#page=5,2026-09-21
autoportal.hr,autoportal.hr,editorial,web,current_AEM_register,not_restricted; vendor_metadata_only,not_independently_audited,6/21,https://pmu.e-mediji.hr/Forms/Common/DownloadStatic.aspx?id=1#page=34,2026-09-21
autorizirano.hr,autorizirano.hr,editorial,web,current_AEM_register,not_restricted; vendor_metadata_only,not_independently_audited,75/22,https://pmu.e-mediji.hr/Forms/Common/DownloadStatic.aspx?id=1#page=44,2026-09-21
avioradar.net,avioradar.net,editorial,web,current_AEM_register,not_restricted; vendor_metadata_only,not_independently_audited,32/24,https://pmu.e-mediji.hr/Forms/Common/DownloadStatic.aspx?id=1#page=53,2026-09-21
b-media.hr,b-media.hr,editorial,web,current_AEM_register,not_restricted; vendor_metadata_only,not_independently_audited,26/21,https://pmu.e-mediji.hr/Forms/Common/DownloadStatic.aspx?id=1#page=35,2026-09-21
baksinews.com,baksinews.com,editorial,web,current_AEM_register,not_restricted; vendor_metadata_only,not_independently_audited,23/20,https://pmu.e-mediji.hr/Forms/Common/DownloadStatic.aspx?id=1#page=30,2026-09-21
baranjainfo.hr,baranjainfo.hr,editorial,web,current_AEM_register,not_restricted; vendor_metadata_only,not_independently_audited,5/19,https://pmu.e-mediji.hr/Forms/Common/DownloadStatic.aspx?id=1#page=25,2026-09-21
basketball.hr,basketball.hr,editorial,web,current_AEM_register,not_restricted; vendor_metadata_only,not_independently_audited,34/17,https://pmu.e-mediji.hr/Forms/Common/DownloadStatic.aspx?id=1#page=18,2026-09-21
baustela.hr,baustela.hr,editorial,web,current_AEM_register,not_restricted; vendor_metadata_only,not_independently_audited,8/21,https://pmu.e-mediji.hr/Forms/Common/DownloadStatic.aspx?id=1#page=34,2026-09-21
bbzinfo.hr,bbzinfo.hr,editorial,web,current_AEM_register,not_restricted; vendor_metadata_only,not_independently_audited,46/23,https://pmu.e-mediji.hr/Forms/Common/DownloadStatic.aspx?id=1#page=49,2026-09-21
bebe.hr,bebe.hr,editorial,web,current_AEM_register,not_restricted; vendor_metadata_only,not_independently_audited,52/24,https://pmu.e-mediji.hr/Forms/Common/DownloadStatic.aspx?id=1#page=55,2026-09-21
bilten.org,bilten.org,editorial,web,current_AEM_register,not_restricted; vendor_metadata_only,not_independently_audited,52/17,https://pmu.e-mediji.hr/Forms/Common/DownloadStatic.aspx?id=1#page=19,2026-09-21
biramdobro.hr,biramdobro.hr,editorial,web,current_AEM_register,not_restricted; vendor_metadata_only,not_independently_audited,10/23,https://pmu.e-mediji.hr/Forms/Common/DownloadStatic.aspx?id=1#page=46,2026-09-21
bitno.net,bitno.net,editorial,web,current_AEM_register,not_restricted; vendor_metadata_only,not_independently_audited,66/14,https://pmu.e-mediji.hr/Forms/Common/DownloadStatic.aspx?id=1#page=8,2026-09-21
bjelovar.info,bjelovar.info,editorial,web,current_AEM_register,not_restricted; vendor_metadata_only,not_independently_audited,6/19,https://pmu.e-mediji.hr/Forms/Common/DownloadStatic.aspx?id=1#page=25,2026-09-21
bjelovar.live,bjelovar.live,editorial,web,current_AEM_register,not_restricted; vendor_metadata_only,not_independently_audited,54/18,https://pmu.e-mediji.hr/Forms/Common/DownloadStatic.aspx?id=1#page=24,2026-09-21
bjelovarac.hr,bjelovarac.hr,editorial,web,current_AEM_register,not_restricted; vendor_metadata_only,not_independently_audited,29/17,https://pmu.e-mediji.hr/Forms/Common/DownloadStatic.aspx?id=1#page=18,2026-09-21
bjelovarsko-bilogorske-novosti.com.hr,bjelovarsko-bilogorske-novosti.com.hr,editorial,web,current_AEM_register,not_restricted; vendor_metadata_only,not_independently_audited,24/21,https://pmu.e-mediji.hr/Forms/Common/DownloadStatic.aspx?id=1#page=35,2026-09-21
blagamisterije.com,blagamisterije.com,editorial,web,current_AEM_register,not_restricted; vendor_metadata_only,not_independently_audited,3/20,https://pmu.e-mediji.hr/Forms/Common/DownloadStatic.aspx?id=1#page=29,2026-09-21
bodulija.net,bodulija.net,editorial,web,current_AEM_register,not_restricted; vendor_metadata_only,not_independently_audited,67/22,https://pmu.e-mediji.hr/Forms/Common/DownloadStatic.aspx?id=1#page=44,2026-09-21
bojezemlje.hr,bojezemlje.hr,editorial,web,current_AEM_register,not_restricted; vendor_metadata_only,not_independently_audited,39/22,https://pmu.e-mediji.hr/Forms/Common/DownloadStatic.aspx?id=1#page=41,2026-09-21
boljani.info,boljani.info,editorial,web,current_AEM_register,not_restricted; vendor_metadata_only,not_independently_audited,11/17,https://pmu.e-mediji.hr/Forms/Common/DownloadStatic.aspx?id=1#page=17,2026-09-21
bonton.hr,bonton.hr,editorial,web,current_AEM_register,not_restricted; vendor_metadata_only,not_independently_audited,4/25,https://pmu.e-mediji.hr/Forms/Common/DownloadStatic.aspx?id=1#page=56,2026-09-21
book.hr,book.hr,editorial,web,current_AEM_register,not_restricted; vendor_metadata_only,not_independently_audited,5/18,https://pmu.e-mediji.hr/Forms/Common/DownloadStatic.aspx?id=1#page=20,2026-09-21
booksa.hr,booksa.hr,editorial,web,current_AEM_register,not_restricted; vendor_metadata_only,not_independently_audited,2/14,https://pmu.e-mediji.hr/Forms/Common/DownloadStatic.aspx?id=1#page=5,2026-09-21
braniteljski-portal.com,braniteljski-portal.com,editorial,web,current_AEM_register,not_restricted; vendor_metadata_only,not_independently_audited,57/22,https://pmu.e-mediji.hr/Forms/Common/DownloadStatic.aspx?id=1#page=43,2026-09-21
brodportal.hr,brodportal.hr,editorial,web,current_AEM_register,not_restricted; vendor_metadata_only,not_independently_audited,9/14,https://pmu.e-mediji.hr/Forms/Common/DownloadStatic.aspx?id=1#page=5,2026-09-21
budica.info,budica.info,editorial,web,current_AEM_register,not_restricted; vendor_metadata_only,not_independently_audited,06/24,https://pmu.e-mediji.hr/Forms/Common/DownloadStatic.aspx?id=1#page=50,2026-09-21
budidobro.com,budidobro.com,editorial,web,current_AEM_register,not_restricted; vendor_metadata_only,not_independently_audited,34/22,https://pmu.e-mediji.hr/Forms/Common/DownloadStatic.aspx?id=1#page=41,2026-09-21
burarovinj.hr,burarovinj.hr,editorial,web,current_AEM_register,not_restricted; vendor_metadata_only,not_independently_audited,08/23,https://pmu.e-mediji.hr/Forms/Common/DownloadStatic.aspx?id=1#page=45,2026-09-21
burin.hr,burin.hr,editorial,web,current_AEM_register,not_restricted; vendor_metadata_only,not_independently_audited,38/21,https://pmu.e-mediji.hr/Forms/Common/DownloadStatic.aspx?id=1#page=36,2026-09-21
buro247.hr,buro247.hr,editorial,web,current_AEM_register,not_restricted; vendor_metadata_only,not_independently_audited,38/15,https://pmu.e-mediji.hr/Forms/Common/DownloadStatic.aspx?id=1#page=11,2026-09-21
burzanautike.com,burzanautike.com,editorial,web,current_AEM_register,not_restricted; vendor_metadata_only,not_independently_audited,14/24,https://pmu.e-mediji.hr/Forms/Common/DownloadStatic.aspx?id=1#page=51,2026-09-21
cajtung.com,cajtung.com,editorial,web,current_AEM_register,not_restricted; vendor_metadata_only,not_independently_audited,23/17,https://pmu.e-mediji.hr/Forms/Common/DownloadStatic.aspx?id=1#page=17,2026-09-21
chill.hr,chill.hr,editorial,web,current_AEM_register,not_restricted; vendor_metadata_only,not_independently_audited,34/23,https://pmu.e-mediji.hr/Forms/Common/DownloadStatic.aspx?id=1#page=48,2026-09-21
cityportal.hr,cityportal.hr,editorial,web,current_AEM_register,not_restricted; vendor_metadata_only,not_independently_audited,07/12,https://pmu.e-mediji.hr/Forms/Common/DownloadStatic.aspx?id=1#page=3,2026-09-21
combatplus.eu,combatplus.eu,editorial,web,current_AEM_register,not_restricted; vendor_metadata_only,not_independently_audited,34/24,https://pmu.e-mediji.hr/Forms/Common/DownloadStatic.aspx?id=1#page=53,2026-09-21
compas.com.hr,compas.com.hr,editorial,web,current_AEM_register,not_restricted; vendor_metadata_only,not_independently_audited,28/22,https://pmu.e-mediji.hr/Forms/Common/DownloadStatic.aspx?id=1#page=40,2026-09-21
cool.hr,cool.hr,editorial,web,current_AEM_register,not_restricted; vendor_metadata_only,not_independently_audited,40/15,https://pmu.e-mediji.hr/Forms/Common/DownloadStatic.aspx?id=1#page=11,2026-09-21
cosmopolitan.hr,cosmopolitan.hr,editorial,web,current_AEM_register,not_restricted; vendor_metadata_only,not_independently_audited,15/11,https://pmu.e-mediji.hr/Forms/Common/DownloadStatic.aspx?id=1#page=1,2026-09-21
coverstyle.hr,coverstyle.hr,editorial,web,current_AEM_register,not_restricted; vendor_metadata_only,not_independently_audited,44/17,https://pmu.e-mediji.hr/Forms/Common/DownloadStatic.aspx?id=1#page=18,2026-09-21
credibile.eu,credibile.eu,editorial,web,current_AEM_register,not_restricted; vendor_metadata_only,not_independently_audited,2/25,https://pmu.e-mediji.hr/Forms/Common/DownloadStatic.aspx?id=1#page=56,2026-09-21
crikva.hr,crikva.hr,editorial,web,current_AEM_register,not_restricted; vendor_metadata_only,not_independently_audited,60/16,https://pmu.e-mediji.hr/Forms/Common/DownloadStatic.aspx?id=1#page=15,2026-09-21
crnemambe.hr,crnemambe.hr,editorial,web,current_AEM_register,not_restricted; vendor_metadata_only,not_independently_audited,57/16,https://pmu.e-mediji.hr/Forms/Common/DownloadStatic.aspx?id=1#page=15,2026-09-21
cro-east.eu,cro-east.eu,editorial,web,current_AEM_register,not_restricted; vendor_metadata_only,not_independently_audited,37/24,https://pmu.e-mediji.hr/Forms/Common/DownloadStatic.aspx?id=1#page=53,2026-09-21
cro-kultura.com,cro-kultura.com,editorial,web,current_AEM_register,not_restricted; vendor_metadata_only,not_independently_audited,65/17,https://pmu.e-mediji.hr/Forms/Common/DownloadStatic.aspx?id=1#page=20,2026-09-21
croatianaviation.com,croatianaviation.com,editorial,web,current_AEM_register,not_restricted; vendor_metadata_only,not_independently_audited,40/21,https://pmu.e-mediji.hr/Forms/Common/DownloadStatic.aspx?id=1#page=36,2026-09-21
crol.hr,crol.hr,editorial,web,current_AEM_register,not_restricted; vendor_metadata_only,not_independently_audited,40/14,https://pmu.e-mediji.hr/Forms/Common/DownloadStatic.aspx?id=1#page=7,2026-09-21
crona.hr,crona.hr,editorial,web,current_AEM_register,not_restricted; vendor_metadata_only,not_independently_audited,49/21,https://pmu.e-mediji.hr/Forms/Common/DownloadStatic.aspx?id=1#page=37,2026-09-21
cronika.hr,cronika.hr,editorial,web,current_AEM_register,not_restricted; vendor_metadata_only,not_independently_audited,20/20,https://pmu.e-mediji.hr/Forms/Common/DownloadStatic.aspx?id=1#page=30,2026-09-21
cybermed.hr,cybermed.hr,editorial,web,current_AEM_register,not_restricted; vendor_metadata_only,not_independently_audited,09/24,https://pmu.e-mediji.hr/Forms/Common/DownloadStatic.aspx?id=1#page=51,2026-09-21
dalmacijadanas.hr,dalmacijadanas.hr,editorial,web,current_AEM_register,not_restricted; vendor_metadata_only,not_independently_audited,19/17,https://pmu.e-mediji.hr/Forms/Common/DownloadStatic.aspx?id=1#page=17,2026-09-21
dalmacijanews.hr,dalmacijanews.hr,editorial,web,current_AEM_register,not_restricted; vendor_metadata_only,not_independently_audited,15/15,https://pmu.e-mediji.hr/Forms/Common/DownloadStatic.aspx?id=1#page=10,2026-09-21
dalmatinskiportal.hr,dalmatinskiportal.hr,editorial,web,current_AEM_register,not_restricted; vendor_metadata_only,not_independently_audited,46/16,https://pmu.e-mediji.hr/Forms/Common/DownloadStatic.aspx?id=1#page=15,2026-09-21
danas.hr,danas.hr,editorial,web,current_AEM_register,not_restricted; vendor_metadata_only,not_independently_audited,22/18,https://pmu.e-mediji.hr/Forms/Common/DownloadStatic.aspx?id=1#page=22,2026-09-21
danica.hr,danica.hr,editorial,web,current_AEM_register,not_restricted; vendor_metadata_only,not_independently_audited,17/19,https://pmu.e-mediji.hr/Forms/Common/DownloadStatic.aspx?id=1#page=27,2026-09-21
dijalog.hr,dijalog.hr,editorial,web,current_AEM_register,not_restricted; vendor_metadata_only,not_independently_audited,01/24,https://pmu.e-mediji.hr/Forms/Common/DownloadStatic.aspx?id=1#page=50,2026-09-21
direktno.hr,direktno.hr,editorial,web,current_AEM_register,not_restricted; vendor_metadata_only,not_independently_audited,5/15,https://pmu.e-mediji.hr/Forms/Common/DownloadStatic.aspx?id=1#page=9,2026-09-21
dizajn.hr,dizajn.hr,editorial,web,current_AEM_register,not_restricted; vendor_metadata_only,not_independently_audited,55/15,https://pmu.e-mediji.hr/Forms/Common/DownloadStatic.aspx?id=1#page=12,2026-09-21
djecjaposla.com,djecjaposla.com,editorial,web,current_AEM_register,not_restricted; vendor_metadata_only,not_independently_audited,52/15,https://pmu.e-mediji.hr/Forms/Common/DownloadStatic.aspx?id=1#page=11,2026-09-21
djsport.hr,djsport.hr,editorial,web,current_AEM_register,not_restricted; vendor_metadata_only,not_independently_audited,20/24,https://pmu.e-mediji.hr/Forms/Common/DownloadStatic.aspx?id=1#page=52,2026-09-21
dnevnik.hr,dnevnik.hr,editorial,web,current_AEM_register,not_restricted; vendor_metadata_only,not_independently_audited,32/12,https://pmu.e-mediji.hr/Forms/Common/DownloadStatic.aspx?id=1#page=4,2026-09-21
dnevno.hr,dnevno.hr,editorial,web,current_AEM_register,not_restricted; vendor_metadata_only,not_independently_audited,15/18,https://pmu.e-mediji.hr/Forms/Common/DownloadStatic.aspx?id=1#page=21,2026-09-21
dobarzivot.net,dobarzivot.net,editorial,web,current_AEM_register,not_restricted; vendor_metadata_only,not_independently_audited,15/16,https://pmu.e-mediji.hr/Forms/Common/DownloadStatic.aspx?id=1#page=13,2026-09-21
dobre-price.hr,dobre-price.hr,editorial,web,current_AEM_register,not_restricted; vendor_metadata_only,not_independently_audited,44/23,https://pmu.e-mediji.hr/Forms/Common/DownloadStatic.aspx?id=1#page=49,2026-09-21
dogadjanja.net,dogadjanja.net,editorial,web,current_AEM_register,not_restricted; vendor_metadata_only,not_independently_audited,64/22,https://pmu.e-mediji.hr/Forms/Common/DownloadStatic.aspx?id=1#page=43,2026-09-21
dokumentarni.net,dokumentarni.net,editorial,web,current_AEM_register,not_restricted; vendor_metadata_only,not_independently_audited,61/14,https://pmu.e-mediji.hr/Forms/Common/DownloadStatic.aspx?id=1#page=8,2026-09-21
domoljubni.hr,domoljubni.hr,editorial,web,current_AEM_register,not_restricted; vendor_metadata_only,not_independently_audited,10/24,https://pmu.e-mediji.hr/Forms/Common/DownloadStatic.aspx?id=1#page=51,2026-09-21
domoljubniradio.hr,domoljubniradio.hr,editorial,web,current_AEM_register,not_restricted; vendor_metadata_only,not_independently_audited,38/19,https://pmu.e-mediji.hr/Forms/Common/DownloadStatic.aspx?id=1#page=28,2026-09-21
domovinskirat.hr,domovinskirat.hr,editorial,web,current_AEM_register,not_restricted; vendor_metadata_only,not_independently_audited,26/23,https://pmu.e-mediji.hr/Forms/Common/DownloadStatic.aspx?id=1#page=48,2026-09-21
drava-info.hr,drava-info.hr,editorial,web,current_AEM_register,not_restricted; vendor_metadata_only,not_independently_audited,60/15,https://pmu.e-mediji.hr/Forms/Common/DownloadStatic.aspx?id=1#page=12,2026-09-21
du-sportivo.hr,du-sportivo.hr,editorial,web,current_AEM_register,not_restricted; vendor_metadata_only,not_independently_audited,38/24,https://pmu.e-mediji.hr/Forms/Common/DownloadStatic.aspx?id=1#page=54,2026-09-21
dubrovacki.slobodnadalmacija.hr,dubrovacki.slobodnadalmacija.hr,editorial,web,current_AEM_register,not_restricted; vendor_metadata_only,not_independently_audited,15/14,https://pmu.e-mediji.hr/Forms/Common/DownloadStatic.aspx?id=1#page=6,2026-09-21
dubrovackidnevnik.hr,dubrovackidnevnik.hr,editorial,web,current_AEM_register,not_restricted; vendor_metadata_only,not_independently_audited,57/14,https://pmu.e-mediji.hr/Forms/Common/DownloadStatic.aspx?id=1#page=8,2026-09-21
dubrovnikinsider.hr,dubrovnikinsider.hr,editorial,web,current_AEM_register,not_restricted; vendor_metadata_only,not_independently_audited,60/17,https://pmu.e-mediji.hr/Forms/Common/DownloadStatic.aspx?id=1#page=19,2026-09-21
dubrovniknet.hr,dubrovniknet.hr,editorial,web,current_AEM_register,not_restricted; vendor_metadata_only,not_independently_audited,29/16,https://pmu.e-mediji.hr/Forms/Common/DownloadStatic.aspx?id=1#page=14,2026-09-21
dubrovnikportal.com,dubrovnikportal.com,editorial,web,current_AEM_register,not_restricted; vendor_metadata_only,not_independently_audited,65/16,https://pmu.e-mediji.hr/Forms/Common/DownloadStatic.aspx?id=1#page=16,2026-09-21
dubrovnikpress.hr,dubrovnikpress.hr,editorial,web,current_AEM_register,not_restricted; vendor_metadata_only,not_independently_audited,57/11,https://pmu.e-mediji.hr/Forms/Common/DownloadStatic.aspx?id=1#page=3,2026-09-21
dugopolje.org,dugopolje.org,editorial,web,current_AEM_register,not_restricted; vendor_metadata_only,not_independently_audited,14/18,https://pmu.e-mediji.hr/Forms/Common/DownloadStatic.aspx?id=1#page=21,2026-09-21
dugoselo.info,dugoselo.info,editorial,web,current_AEM_register,not_restricted; vendor_metadata_only,not_independently_audited,33/22,https://pmu.e-mediji.hr/Forms/Common/DownloadStatic.aspx?id=1#page=41,2026-09-21
dulist.hr,dulist.hr,editorial,web,current_AEM_register,not_restricted; vendor_metadata_only,not_independently_audited,7/13,https://pmu.e-mediji.hr/Forms/Common/DownloadStatic.aspx?id=1#page=4,2026-09-21
ebrod.net,ebrod.net,editorial,web,current_AEM_register,not_restricted; vendor_metadata_only,not_independently_audited,29/19,https://pmu.e-mediji.hr/Forms/Common/DownloadStatic.aspx?id=1#page=27,2026-09-21
egradnja.hr,egradnja.hr,editorial,web,current_AEM_register,not_restricted; vendor_metadata_only,not_independently_audited,33/24,https://pmu.e-mediji.hr/Forms/Common/DownloadStatic.aspx?id=1#page=53,2026-09-21
eivanec.com,eivanec.com,editorial,web,current_AEM_register,not_restricted; vendor_metadata_only,not_independently_audited,14/22,https://pmu.e-mediji.hr/Forms/Common/DownloadStatic.aspx?id=1#page=39,2026-09-21
ekovjesnik.hr,ekovjesnik.hr,editorial,web,current_AEM_register,not_restricted; vendor_metadata_only,not_independently_audited,57/17,https://pmu.e-mediji.hr/Forms/Common/DownloadStatic.aspx?id=1#page=19,2026-09-21
emedjimurje.net.hr,emedjimurje.net.hr,editorial,web,current_AEM_register,not_restricted; vendor_metadata_only,not_independently_audited,56/21,https://pmu.e-mediji.hr/Forms/Common/DownloadStatic.aspx?id=1#page=38,2026-09-21
energetika-net.com,energetika-net.com,editorial,web,current_AEM_register,not_restricted; vendor_metadata_only,not_independently_audited,7/21,https://pmu.e-mediji.hr/Forms/Common/DownloadStatic.aspx?id=1#page=34,2026-09-21
epodravina.hr,epodravina.hr,editorial,web,current_AEM_register,not_restricted; vendor_metadata_only,not_independently_audited,64/14,https://pmu.e-mediji.hr/Forms/Common/DownloadStatic.aspx?id=1#page=8,2026-09-21
epoha.com.hr,epoha.com.hr,editorial,web,current_AEM_register,not_restricted; vendor_metadata_only,not_independently_audited,11/20,https://pmu.e-mediji.hr/Forms/Common/DownloadStatic.aspx?id=1#page=29,2026-09-21
euprojekti.hr,euprojekti.hr,editorial,web,current_AEM_register,not_restricted; vendor_metadata_only,not_independently_audited,65/22,https://pmu.e-mediji.hr/Forms/Common/DownloadStatic.aspx?id=1#page=44,2026-09-21
euractiv.hr,euractiv.hr,editorial,web,current_AEM_register,not_restricted; vendor_metadata_only,not_independently_audited,52/18,https://pmu.e-mediji.hr/Forms/Common/DownloadStatic.aspx?id=1#page=24,2026-09-21
evarazdin.hr,evarazdin.hr,editorial,web,current_AEM_register,not_restricted; vendor_metadata_only,not_independently_audited,35/21,https://pmu.e-mediji.hr/Forms/Common/DownloadStatic.aspx?id=1#page=36,2026-09-21
evoprice.net,evoprice.net,editorial,web,current_AEM_register,not_restricted; vendor_metadata_only,not_independently_audited,04/24,https://pmu.e-mediji.hr/Forms/Common/DownloadStatic.aspx?id=1#page=50,2026-09-21
express.hr,express.hr,editorial,web,current_AEM_register,not_restricted; vendor_metadata_only,not_independently_audited,25/15,https://pmu.e-mediji.hr/Forms/Common/DownloadStatic.aspx?id=1#page=10,2026-09-21
ezadar.net.hr,ezadar.net.hr,editorial,web,current_AEM_register,not_restricted; vendor_metadata_only,not_independently_audited,12/11,https://pmu.e-mediji.hr/Forms/Common/DownloadStatic.aspx?id=1#page=1,2026-09-21
faktograf.hr,faktograf.hr,editorial,web,current_AEM_register,not_restricted; vendor_metadata_only,not_independently_audited,42/18,https://pmu.e-mediji.hr/Forms/Common/DownloadStatic.aspx?id=1#page=24,2026-09-21
feral1.news,feral1.news,editorial,web,current_AEM_register,not_restricted; vendor_metadata_only,not_independently_audited,12/24,https://pmu.e-mediji.hr/Forms/Common/DownloadStatic.aspx?id=1#page=51,2026-09-21
ferata.hr,ferata.hr,editorial,web,current_AEM_register,not_restricted; vendor_metadata_only,not_independently_audited,08/12,https://pmu.e-mediji.hr/Forms/Common/DownloadStatic.aspx?id=1#page=3,2026-09-21
fightsite.hr,fightsite.hr,editorial,web,current_AEM_register,not_restricted; vendor_metadata_only,not_independently_audited,14/19,https://pmu.e-mediji.hr/Forms/Common/DownloadStatic.aspx?id=1#page=26,2026-09-21
filmovi.hr,filmovi.hr,editorial,web,current_AEM_register,not_restricted; vendor_metadata_only,not_independently_audited,25/14,https://pmu.e-mediji.hr/Forms/Common/DownloadStatic.aspx?id=1#page=6,2026-09-21
fiuman.hr,fiuman.hr,editorial,web,current_AEM_register,not_restricted; vendor_metadata_only,not_independently_audited,39/18,https://pmu.e-mediji.hr/Forms/Common/DownloadStatic.aspx?id=1#page=23,2026-09-21
foodfacts.news,foodfacts.news,other_own,web,current_AEM_register,not_restricted; vendor_metadata_only,not_independently_audited,23/24,https://pmu.e-mediji.hr/Forms/Common/DownloadStatic.aspx?id=1#page=52,2026-09-21
forum.tm,forum.tm,editorial,web,current_AEM_register,not_restricted; vendor_metadata_only,not_independently_audited,13/14,https://pmu.e-mediji.hr/Forms/Common/DownloadStatic.aspx?id=1#page=5,2026-09-21
frendica.online,frendica.online,editorial,web,current_AEM_register,not_restricted; vendor_metadata_only,not_independently_audited,30/23,https://pmu.e-mediji.hr/Forms/Common/DownloadStatic.aspx?id=1#page=48,2026-09-21
gacka053.com,gacka053.com,editorial,web,current_AEM_register,not_restricted; vendor_metadata_only,not_independently_audited,29/22,https://pmu.e-mediji.hr/Forms/Common/DownloadStatic.aspx?id=1#page=41,2026-09-21
gameperspectives.hr,gameperspectives.hr,editorial,web,current_AEM_register,not_restricted; vendor_metadata_only,not_independently_audited,16/21,https://pmu.e-mediji.hr/Forms/Common/DownloadStatic.aspx?id=1#page=34,2026-09-21
generacija.hr,generacija.hr,editorial,web,current_AEM_register,not_restricted; vendor_metadata_only,not_independently_audited,7/19,https://pmu.e-mediji.hr/Forms/Common/DownloadStatic.aspx?id=1#page=26,2026-09-21
geopolitika.news,geopolitika.news,editorial,web,current_AEM_register,not_restricted; vendor_metadata_only,not_independently_audited,20/18,https://pmu.e-mediji.hr/Forms/Common/DownloadStatic.aspx?id=1#page=22,2026-09-21
germanijak.hr,germanijak.hr,editorial,web,current_AEM_register,not_restricted; vendor_metadata_only,not_independently_audited,51/21,https://pmu.e-mediji.hr/Forms/Common/DownloadStatic.aspx?id=1#page=37,2026-09-21
giornal.hr,giornal.hr,editorial,web,current_AEM_register,not_restricted; vendor_metadata_only,not_independently_audited,34/21,https://pmu.e-mediji.hr/Forms/Common/DownloadStatic.aspx?id=1#page=36,2026-09-21
glamur.tv,glamur.tv,editorial,web,current_AEM_register,not_restricted; vendor_metadata_only,not_independently_audited,13/24,https://pmu.e-mediji.hr/Forms/Common/DownloadStatic.aspx?id=1#page=51,2026-09-21
glas-slavonije.hr,glas-slavonije.hr,editorial,web,current_AEM_register,not_restricted; vendor_metadata_only,not_independently_audited,19/13,https://pmu.e-mediji.hr/Forms/Common/DownloadStatic.aspx?id=1#page=4,2026-09-21
glasgacke.hr,glasgacke.hr,editorial,web,current_AEM_register,not_restricted; vendor_metadata_only,not_independently_audited,25/12,https://pmu.e-mediji.hr/Forms/Common/DownloadStatic.aspx?id=1#page=3,2026-09-21
glasgrada.hr,glasgrada.hr,editorial,web,current_AEM_register,not_restricted; vendor_metadata_only,not_independently_audited,44/16,https://pmu.e-mediji.hr/Forms/Common/DownloadStatic.aspx?id=1#page=14,2026-09-21
glasistre.hr,glasistre.hr,editorial,web,current_AEM_register,not_restricted; vendor_metadata_only,not_independently_audited,20/11,https://pmu.e-mediji.hr/Forms/Common/DownloadStatic.aspx?id=1#page=1,2026-09-21
glaslike.hr,glaslike.hr,editorial,web,current_AEM_register,not_restricted; vendor_metadata_only,not_independently_audited,65/15,https://pmu.e-mediji.hr/Forms/Common/DownloadStatic.aspx?id=1#page=12,2026-09-21
glaspodravine.hr,glaspodravine.hr,editorial,web,current_AEM_register,not_restricted; vendor_metadata_only,not_independently_audited,28/15,https://pmu.e-mediji.hr/Forms/Common/DownloadStatic.aspx?id=1#page=11,2026-09-21
glazba.hr,glazba.hr,editorial,web,current_AEM_register,not_restricted; vendor_metadata_only,not_independently_audited,52/22,https://pmu.e-mediji.hr/Forms/Common/DownloadStatic.aspx?id=1#page=43,2026-09-21
glina.hr,glina.hr,editorial,web,current_AEM_register,not_restricted; vendor_metadata_only,not_independently_audited,31/18,https://pmu.e-mediji.hr/Forms/Common/DownloadStatic.aspx?id=1#page=23,2026-09-21
globalnovine.eu,globalnovine.eu,editorial,web,current_AEM_register,not_restricted; vendor_metadata_only,not_independently_audited,1/19,https://pmu.e-mediji.hr/Forms/Common/DownloadStatic.aspx?id=1#page=25,2026-09-21
gloria.hr,gloria.hr,editorial,web,current_AEM_register,not_restricted; vendor_metadata_only,not_independently_audited,3/16,https://pmu.e-mediji.hr/Forms/Common/DownloadStatic.aspx?id=1#page=12,2026-09-21
gloriaglam.hr,gloriaglam.hr,editorial,web,current_AEM_register,not_restricted; vendor_metadata_only,not_independently_audited,7/20,https://pmu.e-mediji.hr/Forms/Common/DownloadStatic.aspx?id=1#page=29,2026-09-21
gol.dnevnik.hr,gol.dnevnik.hr,editorial,web,current_AEM_register,not_restricted; vendor_metadata_only,not_independently_audited,26/20,https://pmu.e-mediji.hr/Forms/Common/DownloadStatic.aspx?id=1#page=31,2026-09-21
gong.hr,gong.hr,editorial,web,current_AEM_register,not_restricted; vendor_metadata_only,not_independently_audited,20/14,https://pmu.e-mediji.hr/Forms/Common/DownloadStatic.aspx?id=1#page=6,2026-09-21
gorgonija.com,gorgonija.com,editorial,web,current_AEM_register,not_restricted; vendor_metadata_only,not_independently_audited,45/20,https://pmu.e-mediji.hr/Forms/Common/DownloadStatic.aspx?id=1#page=32,2026-09-21
gorica.info,gorica.info,editorial,web,current_AEM_register,not_restricted; vendor_metadata_only,not_independently_audited,37/20,https://pmu.e-mediji.hr/Forms/Common/DownloadStatic.aspx?id=1#page=32,2026-09-21
gorskenovosti.net,gorskenovosti.net,editorial,web,current_AEM_register,not_restricted; vendor_metadata_only,not_independently_audited,77/22,https://pmu.e-mediji.hr/Forms/Common/DownloadStatic.aspx?id=1#page=45,2026-09-21
grad-bjelovar.com,grad-bjelovar.com,editorial,web,current_AEM_register,not_restricted; vendor_metadata_only,not_independently_audited,36/22,https://pmu.e-mediji.hr/Forms/Common/DownloadStatic.aspx?id=1#page=41,2026-09-21
grademoj.hr,grademoj.hr,editorial,web,current_AEM_register,not_restricted; vendor_metadata_only,not_independently_audited,53/24,https://pmu.e-mediji.hr/Forms/Common/DownloadStatic.aspx?id=1#page=55,2026-09-21
gradonacelnik.hr,gradonacelnik.hr,editorial,web,current_AEM_register,not_restricted; vendor_metadata_only,not_independently_audited,2/19,https://pmu.e-mediji.hr/Forms/Common/DownloadStatic.aspx?id=1#page=25,2026-09-21
grazia.hr,grazia.hr,editorial,web,current_AEM_register,not_restricted; vendor_metadata_only,not_independently_audited,11/24,https://pmu.e-mediji.hr/Forms/Common/DownloadStatic.aspx?id=1#page=51,2026-09-21
green.hr,green.hr,editorial,web,current_AEM_register,not_restricted; vendor_metadata_only,not_independently_audited,58/22,https://pmu.e-mediji.hr/Forms/Common/DownloadStatic.aspx?id=1#page=43,2026-09-21
gric-gric.com,gric-gric.com,editorial,web,current_AEM_register,not_restricted; vendor_metadata_only,not_independently_audited,47/22,https://pmu.e-mediji.hr/Forms/Common/DownloadStatic.aspx?id=1#page=42,2026-09-21
gspress.net,gspress.net,editorial,web,current_AEM_register,not_restricted; vendor_metadata_only,not_independently_audited,32/16,https://pmu.e-mediji.hr/Forms/Common/DownloadStatic.aspx?id=1#page=14,2026-09-21
h-alter.org,h-alter.org,editorial,web,current_AEM_register,not_restricted; vendor_metadata_only,not_independently_audited,55/11,https://pmu.e-mediji.hr/Forms/Common/DownloadStatic.aspx?id=1#page=2,2026-09-21
haus.hr,haus.hr,editorial,web,current_AEM_register,not_restricted; vendor_metadata_only,not_independently_audited,40/24,https://pmu.e-mediji.hr/Forms/Common/DownloadStatic.aspx?id=1#page=54,2026-09-21
heritagecroatia.com,heritagecroatia.com,editorial,web,current_AEM_register,not_restricted; vendor_metadata_only,not_independently_audited,53/21,https://pmu.e-mediji.hr/Forms/Common/DownloadStatic.aspx?id=1#page=37,2026-09-21
hia.com.hr,hia.com.hr,editorial,web,current_AEM_register,not_restricted; vendor_metadata_only,not_independently_audited,33/19,https://pmu.e-mediji.hr/Forms/Common/DownloadStatic.aspx?id=1#page=28,2026-09-21
hina.hr,hina.hr,editorial,web,current_AEM_register,not_restricted; vendor_metadata_only,not_independently_audited,8/15,https://pmu.e-mediji.hr/Forms/Common/DownloadStatic.aspx?id=1#page=9,2026-09-21
hkm.hr,hkm.hr,editorial,web,current_AEM_register,not_restricted; vendor_metadata_only,not_independently_audited,33/20,https://pmu.e-mediji.hr/Forms/Common/DownloadStatic.aspx?id=1#page=31,2026-09-21
hkv.hr,hkv.hr,editorial,web,current_AEM_register,not_restricted; vendor_metadata_only,not_independently_audited,68/14,https://pmu.e-mediji.hr/Forms/Common/DownloadStatic.aspx?id=1#page=9,2026-09-21
hnd.hr,hnd.hr,other_own,web,current_AEM_register,not_restricted; vendor_metadata_only,not_independently_audited,10/16,https://pmu.e-mediji.hr/Forms/Common/DownloadStatic.aspx?id=1#page=13,2026-09-21
hou.hr,hou.hr,editorial,web,current_AEM_register,not_restricted; vendor_metadata_only,not_independently_audited,21/24,https://pmu.e-mediji.hr/Forms/Common/DownloadStatic.aspx?id=1#page=52,2026-09-21
hr.bloombergadria.com,hr.bloombergadria.com,editorial,web,current_AEM_register,not_restricted; vendor_metadata_only,not_independently_audited,51/22,https://pmu.e-mediji.hr/Forms/Common/DownloadStatic.aspx?id=1#page=42,2026-09-21
hrt.hr,hrt.hr,editorial,web,current_AEM_register,not_restricted; vendor_metadata_only,not_independently_audited,19/16,https://pmu.e-mediji.hr/Forms/Common/DownloadStatic.aspx?id=1#page=13,2026-09-21
hrturizam.hr,hrturizam.hr,editorial,web,current_AEM_register,not_restricted; vendor_metadata_only,not_independently_audited,12/21,https://pmu.e-mediji.hr/Forms/Common/DownloadStatic.aspx?id=1#page=34,2026-09-21
hrvatska-danas.com,hrvatska-danas.com,editorial,web,current_AEM_register,not_restricted; vendor_metadata_only,not_independently_audited,71/16,https://pmu.e-mediji.hr/Forms/Common/DownloadStatic.aspx?id=1#page=16,2026-09-21
hrvatskauzivo.com,hrvatskauzivo.com,editorial,web,current_AEM_register,not_restricted; vendor_metadata_only,not_independently_audited,40/20,https://pmu.e-mediji.hr/Forms/Common/DownloadStatic.aspx?id=1#page=32,2026-09-21
hrvatski-glasnik.com,hrvatski-glasnik.com,editorial,web,current_AEM_register,not_restricted; vendor_metadata_only,not_independently_audited,39/20,https://pmu.e-mediji.hr/Forms/Common/DownloadStatic.aspx?id=1#page=32,2026-09-21
hrvatskoglumiste.hr,hrvatskoglumiste.hr,editorial,web,current_AEM_register,not_restricted; vendor_metadata_only,not_independently_audited,58/20,https://pmu.e-mediji.hr/Forms/Common/DownloadStatic.aspx?id=1#page=33,2026-09-21
huknet1.hr,huknet1.hr,editorial,web,current_AEM_register,not_restricted; vendor_metadata_only,not_independently_audited,08/24,https://pmu.e-mediji.hr/Forms/Common/DownloadStatic.aspx?id=1#page=51,2026-09-21
ictbusiness.biz,ictbusiness.biz,editorial,web,current_AEM_register,not_restricted; vendor_metadata_only,not_independently_audited,17/21,https://pmu.e-mediji.hr/Forms/Common/DownloadStatic.aspx?id=1#page=35,2026-09-21
ictbusiness.info,ictbusiness.info,editorial,web,current_AEM_register,not_restricted; vendor_metadata_only,not_independently_audited,18/21,https://pmu.e-mediji.hr/Forms/Common/DownloadStatic.aspx?id=1#page=35,2026-09-21
icv.hr,icv.hr,editorial,web,current_AEM_register,not_restricted; vendor_metadata_only,not_independently_audited,8/13,https://pmu.e-mediji.hr/Forms/Common/DownloadStatic.aspx?id=1#page=4,2026-09-21
ideje.hr,ideje.hr,editorial,web,current_AEM_register,not_restricted; vendor_metadata_only,not_independently_audited,41/22,https://pmu.e-mediji.hr/Forms/Common/DownloadStatic.aspx?id=1#page=42,2026-09-21
identitet.hr,identitet.hr,editorial,web,current_AEM_register,not_restricted; vendor_metadata_only,not_independently_audited,12/18,https://pmu.e-mediji.hr/Forms/Common/DownloadStatic.aspx?id=1#page=21,2026-09-21
imperijal.net,imperijal.net,editorial,web,current_AEM_register,not_restricted; vendor_metadata_only,not_independently_audited,48/20,https://pmu.e-mediji.hr/Forms/Common/DownloadStatic.aspx?id=1#page=33,2026-09-21
in-portal.hr,in-portal.hr,editorial,web,current_AEM_register,not_restricted; vendor_metadata_only,not_independently_audited,17/13,https://pmu.e-mediji.hr/Forms/Common/DownloadStatic.aspx?id=1#page=4,2026-09-21
incerummedia.hr,incerummedia.hr,editorial,web,current_AEM_register,not_restricted; vendor_metadata_only,not_independently_audited,03/24,https://pmu.e-mediji.hr/Forms/Common/DownloadStatic.aspx?id=1#page=50,2026-09-21
index.hr,index.hr,editorial,web,current_AEM_register,not_restricted; vendor_metadata_only,not_independently_audited,44/11,https://pmu.e-mediji.hr/Forms/Common/DownloadStatic.aspx?id=1#page=2,2026-09-21
indirektno.com,indirektno.com,editorial,web,current_AEM_register,not_restricted; vendor_metadata_only,not_independently_audited,23/16,https://pmu.e-mediji.hr/Forms/Common/DownloadStatic.aspx?id=1#page=14,2026-09-21
infopix.hr,infopix.hr,editorial,web,current_AEM_register,not_restricted; vendor_metadata_only,not_independently_audited,5/25,https://pmu.e-mediji.hr/Forms/Common/DownloadStatic.aspx?id=1#page=56,2026-09-21
infovodice.com,infovodice.com,editorial,web,current_AEM_register,not_restricted; vendor_metadata_only,not_independently_audited,24/16,https://pmu.e-mediji.hr/Forms/Common/DownloadStatic.aspx?id=1#page=14,2026-09-21
infozona.hr,infozona.hr,editorial,web,current_AEM_register,not_restricted; vendor_metadata_only,not_independently_audited,26/11,https://pmu.e-mediji.hr/Forms/Common/DownloadStatic.aspx?id=1#page=1,2026-09-21
insider.story.hr,insider.story.hr,editorial,web,current_AEM_register,not_restricted; vendor_metadata_only,not_independently_audited,45/24,https://pmu.e-mediji.hr/Forms/Common/DownloadStatic.aspx?id=1#page=54,2026-09-21
inverzija.net,inverzija.net,editorial,web,current_AEM_register,not_restricted; vendor_metadata_only,not_independently_audited,49/14,https://pmu.e-mediji.hr/Forms/Common/DownloadStatic.aspx?id=1#page=7,2026-09-21
ipress.hr,ipress.hr,editorial,web,current_AEM_register,not_restricted; vendor_metadata_only,not_independently_audited,2/13,https://pmu.e-mediji.hr/Forms/Common/DownloadStatic.aspx?id=1#page=4,2026-09-21
istarski.hr,istarski.hr,editorial,web,current_AEM_register,not_restricted; vendor_metadata_only,not_independently_audited,17/22,https://pmu.e-mediji.hr/Forms/Common/DownloadStatic.aspx?id=1#page=39,2026-09-21
istok.hr,istok.hr,editorial,web,current_AEM_register,not_restricted; vendor_metadata_only,not_independently_audited,15/25,https://pmu.e-mediji.hr/Forms/Common/DownloadStatic.aspx?id=1#page=57,2026-09-21
istra24.hr,istra24.hr,editorial,web,current_AEM_register,not_restricted; vendor_metadata_only,not_independently_audited,1/22,https://pmu.e-mediji.hr/Forms/Common/DownloadStatic.aspx?id=1#page=38,2026-09-21
istrage.hr,istrage.hr,editorial,web,current_AEM_register,not_restricted; vendor_metadata_only,not_independently_audited,4/20,https://pmu.e-mediji.hr/Forms/Common/DownloadStatic.aspx?id=1#page=29,2026-09-21
istrain.hr,istrain.hr,editorial,web,current_AEM_register,not_restricted; vendor_metadata_only,not_independently_audited,3/19,https://pmu.e-mediji.hr/Forms/Common/DownloadStatic.aspx?id=1#page=25,2026-09-21
istrasport.eu,istrasport.eu,editorial,web,current_AEM_register,not_restricted; vendor_metadata_only,not_independently_audited,7/22,https://pmu.e-mediji.hr/Forms/Common/DownloadStatic.aspx?id=1#page=38,2026-09-21
istriaterramagica.eu,istriaterramagica.eu,editorial,web,current_AEM_register,not_restricted; vendor_metadata_only,not_independently_audited,2/22,https://pmu.e-mediji.hr/Forms/Common/DownloadStatic.aspx?id=1#page=38,2026-09-21
jaska.hr,jaska.hr,editorial,web,current_AEM_register,not_restricted; vendor_metadata_only,not_independently_audited,10/15,https://pmu.e-mediji.hr/Forms/Common/DownloadStatic.aspx?id=1#page=9,2026-09-21
jaskadanas.hr,jaskadanas.hr,editorial,web,current_AEM_register,not_restricted; vendor_metadata_only,not_independently_audited,2/18,https://pmu.e-mediji.hr/Forms/Common/DownloadStatic.aspx?id=1#page=20,2026-09-21
jatrgovac.hr,jatrgovac.hr,editorial,web,current_AEM_register,not_restricted; vendor_metadata_only,not_independently_audited,29/24,https://pmu.e-mediji.hr/Forms/Common/DownloadStatic.aspx?id=1#page=53,2026-09-21
journal.hr,journal.hr,editorial,web,current_AEM_register,not_restricted; vendor_metadata_only,not_independently_audited,16/24,https://pmu.e-mediji.hr/Forms/Common/DownloadStatic.aspx?id=1#page=51,2026-09-21
jutarnji.hr,jutarnji.hr,editorial,web,current_AEM_register,not_restricted; vendor_metadata_only,not_independently_audited,5/16,https://pmu.e-mediji.hr/Forms/Common/DownloadStatic.aspx?id=1#page=13,2026-09-21
juzni.hr,juzni.hr,editorial,web,current_AEM_register,not_restricted; vendor_metadata_only,not_independently_audited,38/22,https://pmu.e-mediji.hr/Forms/Common/DownloadStatic.aspx?id=1#page=41,2026-09-21
kalelargainfo.hr,kalelargainfo.hr,editorial,web,current_AEM_register,not_restricted; vendor_metadata_only,not_independently_audited,61/15,https://pmu.e-mediji.hr/Forms/Common/DownloadStatic.aspx?id=1#page=12,2026-09-21
kampanja.net,kampanja.net,editorial,web,current_AEM_register,not_restricted; vendor_metadata_only,not_independently_audited,76/22,https://pmu.e-mediji.hr/Forms/Common/DownloadStatic.aspx?id=1#page=44,2026-09-21
kanal5.hr,kanal5.hr,editorial,web,current_AEM_register,not_restricted; vendor_metadata_only,not_independently_audited,44/20,https://pmu.e-mediji.hr/Forms/Common/DownloadStatic.aspx?id=1#page=32,2026-09-21
kaportal.hr,kaportal.hr,editorial,web,current_AEM_register,not_restricted; vendor_metadata_only,not_independently_audited,25/11,https://pmu.e-mediji.hr/Forms/Common/DownloadStatic.aspx?id=1#page=1,2026-09-21
karlobag.eu,karlobag.eu,editorial,web,current_AEM_register,not_restricted; vendor_metadata_only,not_independently_audited,17/24,https://pmu.e-mediji.hr/Forms/Common/DownloadStatic.aspx?id=1#page=52,2026-09-21
karlovacki.hr,karlovacki.hr,editorial,web,current_AEM_register,not_restricted; vendor_metadata_only,not_independently_audited,34/20,https://pmu.e-mediji.hr/Forms/Common/DownloadStatic.aspx?id=1#page=31,2026-09-21
kazaliste.hr,kazaliste.hr,editorial,web,current_AEM_register,not_restricted; vendor_metadata_only,not_independently_audited,26/14,https://pmu.e-mediji.hr/Forms/Common/DownloadStatic.aspx?id=1#page=6,2026-09-21
kepesujsag.com,kepesujsag.com,editorial,web,current_AEM_register,not_restricted; vendor_metadata_only,not_independently_audited,63/17,https://pmu.e-mediji.hr/Forms/Common/DownloadStatic.aspx?id=1#page=20,2026-09-21
kigo.hr,kigo.hr,editorial,web,current_AEM_register,not_restricted; vendor_metadata_only,not_independently_audited,17/18,https://pmu.e-mediji.hr/Forms/Common/DownloadStatic.aspx?id=1#page=21,2026-09-21
klasika.hr,klasika.hr,editorial,web,current_AEM_register,not_restricted; vendor_metadata_only,not_independently_audited,27/14,https://pmu.e-mediji.hr/Forms/Common/DownloadStatic.aspx?id=1#page=6,2026-09-21
klikaj.hr,klikaj.hr,editorial,web,current_AEM_register,not_restricted; vendor_metadata_only,not_independently_audited,70/16,https://pmu.e-mediji.hr/Forms/Common/DownloadStatic.aspx?id=1#page=16,2026-09-21
klikni.hr,klikni.hr,editorial,web,current_AEM_register,not_restricted; vendor_metadata_only,not_independently_audited,2/20,https://pmu.e-mediji.hr/Forms/Common/DownloadStatic.aspx?id=1#page=29,2026-09-21
klikni.news,klikni.news,editorial,web,current_AEM_register,not_restricted; vendor_metadata_only,not_independently_audited,35/22,https://pmu.e-mediji.hr/Forms/Common/DownloadStatic.aspx?id=1#page=41,2026-09-21
klikploce.com.hr,klikploce.com.hr,editorial,web,current_AEM_register,not_restricted; vendor_metadata_only,not_independently_audited,04/23,https://pmu.e-mediji.hr/Forms/Common/DownloadStatic.aspx?id=1#page=45,2026-09-21
klimatski.hr,klimatski.hr,editorial,web,current_AEM_register,not_restricted; vendor_metadata_only,not_independently_audited,28/24,https://pmu.e-mediji.hr/Forms/Common/DownloadStatic.aspx?id=1#page=53,2026-09-21
kodex.hr,kodex.hr,editorial,web,current_AEM_register,not_restricted; vendor_metadata_only,not_independently_audited,8/25,https://pmu.e-mediji.hr/Forms/Common/DownloadStatic.aspx?id=1#page=56,2026-09-21
komarilos.com,komarilos.com,editorial,web,current_AEM_register,not_restricted; vendor_metadata_only,not_independently_audited,02/24,https://pmu.e-mediji.hr/Forms/Common/DownloadStatic.aspx?id=1#page=50,2026-09-21
krenizdravo.dnevnik.hr,krenizdravo.dnevnik.hr,editorial,web,current_AEM_register,not_restricted; vendor_metadata_only,not_independently_audited,52/21,https://pmu.e-mediji.hr/Forms/Common/DownloadStatic.aspx?id=1#page=37,2026-09-21
kritika-hdp.hr,kritika-hdp.hr,editorial,web,current_AEM_register,not_restricted; vendor_metadata_only,not_independently_audited,43/20,https://pmu.e-mediji.hr/Forms/Common/DownloadStatic.aspx?id=1#page=32,2026-09-21
krizevci.info,krizevci.info,editorial,web,current_AEM_register,not_restricted; vendor_metadata_only,not_independently_audited,53/11,https://pmu.e-mediji.hr/Forms/Common/DownloadStatic.aspx?id=1#page=2,2026-09-21
krizevci.tv,krizevci.tv,editorial,web,current_AEM_register,not_restricted; vendor_metadata_only,not_independently_audited,25/23,https://pmu.e-mediji.hr/Forms/Common/DownloadStatic.aspx?id=1#page=48,2026-09-21
kronikevg.com,kronikevg.com,editorial,web,current_AEM_register,not_restricted; vendor_metadata_only,not_independently_audited,26/22,https://pmu.e-mediji.hr/Forms/Common/DownloadStatic.aspx?id=1#page=40,2026-09-21
krugaresnica.info,krugaresnica.info,editorial,web,current_AEM_register,not_restricted; vendor_metadata_only,not_independently_audited,33/21,https://pmu.e-mediji.hr/Forms/Common/DownloadStatic.aspx?id=1#page=36,2026-09-21
kulturauzagrebu.hr,kulturauzagrebu.hr,editorial,web,current_AEM_register,not_restricted; vendor_metadata_only,not_independently_audited,18/23,https://pmu.e-mediji.hr/Forms/Common/DownloadStatic.aspx?id=1#page=46,2026-09-21
kulturistra.hr,kulturistra.hr,editorial,web,current_AEM_register,not_restricted; vendor_metadata_only,not_independently_audited,54/14,https://pmu.e-mediji.hr/Forms/Common/DownloadStatic.aspx?id=1#page=8,2026-09-21
kulturpunkt.hr,kulturpunkt.hr,editorial,web,current_AEM_register,not_restricted; vendor_metadata_only,not_independently_audited,22/13,https://pmu.e-mediji.hr/Forms/Common/DownloadStatic.aspx?id=1#page=4,2026-09-21
kutjevacki.hr,kutjevacki.hr,other_own,web,current_AEM_register,not_restricted; vendor_metadata_only,not_independently_audited,13/23,https://pmu.e-mediji.hr/Forms/Common/DownloadStatic.aspx?id=1#page=46,2026-09-21
labinskakomuna.eu,labinskakomuna.eu,editorial,web,current_AEM_register,not_restricted; vendor_metadata_only,not_independently_audited,8/22,https://pmu.e-mediji.hr/Forms/Common/DownloadStatic.aspx?id=1#page=39,2026-09-21
labinstina.info,labinstina.info,editorial,web,current_AEM_register,not_restricted; vendor_metadata_only,not_independently_audited,29/23,https://pmu.e-mediji.hr/Forms/Common/DownloadStatic.aspx?id=1#page=48,2026-09-21
laudato.hr,laudato.hr,editorial,web,current_AEM_register,not_restricted; vendor_metadata_only,not_independently_audited,31/14,https://pmu.e-mediji.hr/Forms/Common/DownloadStatic.aspx?id=1#page=7,2026-09-21
lavoce.hr,lavoce.hr,editorial,web,current_AEM_register,not_restricted; vendor_metadata_only,not_independently_audited,48/15,https://pmu.e-mediji.hr/Forms/Common/DownloadStatic.aspx?id=1#page=11,2026-09-21
libar.media,libar.media,editorial,web,current_AEM_register,not_restricted; vendor_metadata_only,not_independently_audited,23/21,https://pmu.e-mediji.hr/Forms/Common/DownloadStatic.aspx?id=1#page=35,2026-09-21
libela.org,libela.org,editorial,web,current_AEM_register,not_restricted; vendor_metadata_only,not_independently_audited,47/14,https://pmu.e-mediji.hr/Forms/Common/DownloadStatic.aspx?id=1#page=7,2026-09-21
liberal.hr,liberal.hr,editorial,web,current_AEM_register,not_restricted; vendor_metadata_only,not_independently_audited,25/21,https://pmu.e-mediji.hr/Forms/Common/DownloadStatic.aspx?id=1#page=35,2026-09-21
liberoportal.hr,liberoportal.hr,editorial,web,current_AEM_register,not_restricted; vendor_metadata_only,not_independently_audited,58/17,https://pmu.e-mediji.hr/Forms/Common/DownloadStatic.aspx?id=1#page=19,2026-09-21
licegrada.hr,licegrada.hr,editorial,web,current_AEM_register,not_restricted; vendor_metadata_only,not_independently_audited,30/18,https://pmu.e-mediji.hr/Forms/Common/DownloadStatic.aspx?id=1#page=22,2026-09-21
lickiput.hr,lickiput.hr,editorial,web,current_AEM_register,not_restricted; vendor_metadata_only,not_independently_audited,8/18,https://pmu.e-mediji.hr/Forms/Common/DownloadStatic.aspx?id=1#page=20,2026-09-21
lider.media,lider.media,editorial,web,current_AEM_register,not_restricted; vendor_metadata_only,not_independently_audited,10/21,https://pmu.e-mediji.hr/Forms/Common/DownloadStatic.aspx?id=1#page=34,2026-09-21
lifebuzz.hr,lifebuzz.hr,editorial,web,current_AEM_register,not_restricted; vendor_metadata_only,not_independently_audited,49/24,https://pmu.e-mediji.hr/Forms/Common/DownloadStatic.aspx?id=1#page=55,2026-09-21
lifestyle.verdi-farm.com,lifestyle.verdi-farm.com,editorial,web,current_AEM_register,not_restricted; vendor_metadata_only,not_independently_audited,42/24,https://pmu.e-mediji.hr/Forms/Common/DownloadStatic.aspx?id=1#page=54,2026-09-21
lika-express.hr,lika-express.hr,editorial,web,current_AEM_register,not_restricted; vendor_metadata_only,not_independently_audited,47/16,https://pmu.e-mediji.hr/Forms/Common/DownloadStatic.aspx?id=1#page=15,2026-09-21
lika-online.com,lika-online.com,editorial,web,current_AEM_register,not_restricted; vendor_metadata_only,not_independently_audited,69/16,https://pmu.e-mediji.hr/Forms/Common/DownloadStatic.aspx?id=1#page=16,2026-09-21
likaclub.eu,likaclub.eu,editorial,web,current_AEM_register,not_restricted; vendor_metadata_only,not_independently_audited,34/18,https://pmu.e-mediji.hr/Forms/Common/DownloadStatic.aspx?id=1#page=23,2026-09-21
likaportal.com,likaportal.com,editorial,web,current_AEM_register,not_restricted; vendor_metadata_only,not_independently_audited,36/19,https://pmu.e-mediji.hr/Forms/Common/DownloadStatic.aspx?id=1#page=28,2026-09-21
likemetkovic.hr,likemetkovic.hr,editorial,web,current_AEM_register,not_restricted; vendor_metadata_only,not_independently_audited,1/20,https://pmu.e-mediji.hr/Forms/Common/DownloadStatic.aspx?id=1#page=29,2026-09-21
lipadona.com,lipadona.com,editorial,web,current_AEM_register,not_restricted; vendor_metadata_only,not_independently_audited,3/25,https://pmu.e-mediji.hr/Forms/Common/DownloadStatic.aspx?id=1#page=56,2026-09-21
lokalnevijesti.hr,lokalnevijesti.hr,editorial,web,current_AEM_register,not_restricted; vendor_metadata_only,not_independently_audited,32/22,https://pmu.e-mediji.hr/Forms/Common/DownloadStatic.aspx?id=1#page=41,2026-09-21
ludbreske-novine.com.hr,ludbreske-novine.com.hr,editorial,web,current_AEM_register,not_restricted; vendor_metadata_only,not_independently_audited,19/24,https://pmu.e-mediji.hr/Forms/Common/DownloadStatic.aspx?id=1#page=52,2026-09-21
lumino.hr,lumino.hr,editorial,web,current_AEM_register,not_restricted; vendor_metadata_only,not_independently_audited,6/25,https://pmu.e-mediji.hr/Forms/Common/DownloadStatic.aspx?id=1#page=56,2026-09-21
lupa.lupiga.com,lupa.lupiga.com,editorial,web,current_AEM_register,not_restricted; vendor_metadata_only,not_independently_audited,27/24,https://pmu.e-mediji.hr/Forms/Common/DownloadStatic.aspx?id=1#page=52,2026-09-21
lupiga.com,lupiga.com,editorial,web,current_AEM_register,not_restricted; vendor_metadata_only,not_independently_audited,14/14,https://pmu.e-mediji.hr/Forms/Common/DownloadStatic.aspx?id=1#page=6,2026-09-21
luxurysociety.hr,luxurysociety.hr,editorial,web,current_AEM_register,not_restricted; vendor_metadata_only,not_independently_audited,31/23,https://pmu.e-mediji.hr/Forms/Common/DownloadStatic.aspx?id=1#page=48,2026-09-21
makarska-danas.com,makarska-danas.com,editorial,web,current_AEM_register,not_restricted; vendor_metadata_only,not_independently_audited,26/19,https://pmu.e-mediji.hr/Forms/Common/DownloadStatic.aspx?id=1#page=27,2026-09-21
mali-veliki.eu,mali-veliki.eu,editorial,web,current_AEM_register,not_restricted; vendor_metadata_only,not_independently_audited,14/25,https://pmu.e-mediji.hr/Forms/Common/DownloadStatic.aspx?id=1#page=57,2026-09-21
mamatataja.hr,mamatataja.hr,editorial,web,current_AEM_register,not_restricted; vendor_metadata_only,not_independently_audited,59/22,https://pmu.e-mediji.hr/Forms/Common/DownloadStatic.aspx?id=1#page=43,2026-09-21
mamboistriano.com,mamboistriano.com,editorial,web,current_AEM_register,not_restricted; vendor_metadata_only,not_independently_audited,51/17,https://pmu.e-mediji.hr/Forms/Common/DownloadStatic.aspx?id=1#page=19,2026-09-21
mancave.hr,mancave.hr,editorial,web,current_AEM_register,not_restricted; vendor_metadata_only,not_independently_audited,44/21,https://pmu.e-mediji.hr/Forms/Common/DownloadStatic.aspx?id=1#page=37,2026-09-21
markopolosport.net,markopolosport.net,editorial,web,current_AEM_register,not_restricted; vendor_metadata_only,not_independently_audited,41/16,https://pmu.e-mediji.hr/Forms/Common/DownloadStatic.aspx?id=1#page=14,2026-09-21
matica.hr,matica.hr,editorial,web,current_AEM_register,not_restricted; vendor_metadata_only,not_independently_audited,43/23,https://pmu.e-mediji.hr/Forms/Common/DownloadStatic.aspx?id=1#page=49,2026-09-21
maz.hr,maz.hr,editorial,web,current_AEM_register,not_restricted; vendor_metadata_only,not_independently_audited,9/15,https://pmu.e-mediji.hr/Forms/Common/DownloadStatic.aspx?id=1#page=9,2026-09-21
mediadaily.biz,mediadaily.biz,editorial,web,current_AEM_register,not_restricted; vendor_metadata_only,not_independently_audited,27/18,https://pmu.e-mediji.hr/Forms/Common/DownloadStatic.aspx?id=1#page=22,2026-09-21
medjimurjepress.net,medjimurjepress.net,editorial,web,current_AEM_register,not_restricted; vendor_metadata_only,not_independently_audited,40/18,https://pmu.e-mediji.hr/Forms/Common/DownloadStatic.aspx?id=1#page=23,2026-09-21
medjimurski.hr,medjimurski.hr,editorial,web,current_AEM_register,not_restricted; vendor_metadata_only,not_independently_audited,15/22,https://pmu.e-mediji.hr/Forms/Common/DownloadStatic.aspx?id=1#page=39,2026-09-21
mega-media.hr,mega-media.hr,editorial,web,current_AEM_register,not_restricted; vendor_metadata_only,not_independently_audited,45/21,https://pmu.e-mediji.hr/Forms/Common/DownloadStatic.aspx?id=1#page=37,2026-09-21
metkovic-news.com,metkovic-news.com,editorial,web,current_AEM_register,not_restricted; vendor_metadata_only,not_independently_audited,35/20,https://pmu.e-mediji.hr/Forms/Common/DownloadStatic.aspx?id=1#page=31,2026-09-21
metkovicnet.com,metkovicnet.com,editorial,web,current_AEM_register,not_restricted; vendor_metadata_only,not_independently_audited,38/18,https://pmu.e-mediji.hr/Forms/Common/DownloadStatic.aspx?id=1#page=23,2026-09-21
metropolitan.hr,metropolitan.hr,editorial,web,current_AEM_register,not_restricted; vendor_metadata_only,not_independently_audited,8/20,https://pmu.e-mediji.hr/Forms/Common/DownloadStatic.aspx?id=1#page=29,2026-09-21
miholjstina.info,miholjstina.info,editorial,web,current_AEM_register,not_restricted; vendor_metadata_only,not_independently_audited,38/20,https://pmu.e-mediji.hr/Forms/Common/DownloadStatic.aspx?id=1#page=32,2026-09-21
mimladi.hr,mimladi.hr,editorial,web,current_AEM_register,not_restricted; vendor_metadata_only,not_independently_audited,18/18,https://pmu.e-mediji.hr/Forms/Common/DownloadStatic.aspx?id=1#page=21,2026-09-21
mirovina.hr,mirovina.hr,editorial,web,current_AEM_register,not_restricted; vendor_metadata_only,not_independently_audited,29/18,https://pmu.e-mediji.hr/Forms/Common/DownloadStatic.aspx?id=1#page=22,2026-09-21
misao.hr,misao.hr,editorial,web,current_AEM_register,not_restricted; vendor_metadata_only,not_independently_audited,23/25,https://pmu.e-mediji.hr/Forms/Common/DownloadStatic.aspx?id=1#page=58,2026-09-21
mixmagadria.com,mixmagadria.com,editorial,web,current_AEM_register,not_restricted; vendor_metadata_only,not_independently_audited,17/25,https://pmu.e-mediji.hr/Forms/Common/DownloadStatic.aspx?id=1#page=57,2026-09-21
mmcng.hr,mmcng.hr,editorial,web,current_AEM_register,not_restricted; vendor_metadata_only,not_independently_audited,18/25,https://pmu.e-mediji.hr/Forms/Common/DownloadStatic.aspx?id=1#page=57,2026-09-21
mnovine.hr,mnovine.hr,editorial,web,current_AEM_register,not_restricted; vendor_metadata_only,not_independently_audited,71/15,https://pmu.e-mediji.hr/Forms/Common/DownloadStatic.aspx?id=1#page=12,2026-09-21
moja-domovina.net,moja-domovina.net,editorial,web,current_AEM_register,not_restricted; vendor_metadata_only,not_independently_audited,22/24,https://pmu.e-mediji.hr/Forms/Common/DownloadStatic.aspx?id=1#page=52,2026-09-21
mojadalmacija.com,mojadalmacija.com,editorial,web,current_AEM_register,not_restricted; vendor_metadata_only,not_independently_audited,41/24,https://pmu.e-mediji.hr/Forms/Common/DownloadStatic.aspx?id=1#page=54,2026-09-21
mojarijeka.hr,mojarijeka.hr,other_own,web,current_AEM_register,not_restricted; vendor_metadata_only,not_independently_audited,21/11,https://pmu.e-mediji.hr/Forms/Common/DownloadStatic.aspx?id=1#page=1,2026-09-21
moje-djakovo.com,moje-djakovo.com,editorial,web,current_AEM_register,not_restricted; vendor_metadata_only,not_independently_audited,11/22,https://pmu.e-mediji.hr/Forms/Common/DownloadStatic.aspx?id=1#page=39,2026-09-21
mojevrijeme.hr,mojevrijeme.hr,editorial,web,current_AEM_register,not_restricted; vendor_metadata_only,not_independently_audited,43/15,https://pmu.e-mediji.hr/Forms/Common/DownloadStatic.aspx?id=1#page=11,2026-09-21
mojfaks.dnevnik.hr,mojfaks.dnevnik.hr,editorial,web,current_AEM_register,not_restricted; vendor_metadata_only,not_independently_audited,3/21,https://pmu.e-mediji.hr/Forms/Common/DownloadStatic.aspx?id=1#page=33,2026-09-21
mojportal.hr,mojportal.hr,editorial,web,current_AEM_register,not_restricted; vendor_metadata_only,not_independently_audited,55/20,https://pmu.e-mediji.hr/Forms/Common/DownloadStatic.aspx?id=1#page=33,2026-09-21
mojzagreb.info,mojzagreb.info,editorial,web,current_AEM_register,not_restricted; vendor_metadata_only,not_independently_audited,55/17,https://pmu.e-mediji.hr/Forms/Common/DownloadStatic.aspx?id=1#page=19,2026-09-21
mok.hr,mok.hr,editorial,web,current_AEM_register,not_restricted; vendor_metadata_only,not_independently_audited,29/11,https://pmu.e-mediji.hr/Forms/Common/DownloadStatic.aspx?id=1#page=2,2026-09-21
morski.hr,morski.hr,editorial,web,current_AEM_register,not_restricted; vendor_metadata_only,not_independently_audited,6/20,https://pmu.e-mediji.hr/Forms/Common/DownloadStatic.aspx?id=1#page=29,2026-09-21
motorevija.com.hr,motorevija.com.hr,editorial,web,current_AEM_register,not_restricted; vendor_metadata_only,not_independently_audited,11/14,https://pmu.e-mediji.hr/Forms/Common/DownloadStatic.aspx?id=1#page=5,2026-09-21
msm.hr,msm.hr,editorial,web,current_AEM_register,not_restricted; vendor_metadata_only,not_independently_audited,20/22,https://pmu.e-mediji.hr/Forms/Common/DownloadStatic.aspx?id=1#page=40,2026-09-21
muralist.hr,muralist.hr,editorial,web,current_AEM_register,not_restricted; vendor_metadata_only,not_independently_audited,48/22,https://pmu.e-mediji.hr/Forms/Common/DownloadStatic.aspx?id=1#page=42,2026-09-21
music-box.hr,music-box.hr,editorial,web,current_AEM_register,not_restricted; vendor_metadata_only,not_independently_audited,8/17,https://pmu.e-mediji.hr/Forms/Common/DownloadStatic.aspx?id=1#page=17,2026-09-21
muzika.hr,muzika.hr,editorial,web,current_AEM_register,not_restricted; vendor_metadata_only,not_independently_audited,45/18,https://pmu.e-mediji.hr/Forms/Common/DownloadStatic.aspx?id=1#page=24,2026-09-21
mvinfo.hr,mvinfo.hr,editorial,web,current_AEM_register,not_restricted; vendor_metadata_only,not_independently_audited,6/14,https://pmu.e-mediji.hr/Forms/Common/DownloadStatic.aspx?id=1#page=5,2026-09-21
nacelnik.hr,nacelnik.hr,editorial,web,current_AEM_register,not_restricted; vendor_metadata_only,not_independently_audited,4/22,https://pmu.e-mediji.hr/Forms/Common/DownloadStatic.aspx?id=1#page=38,2026-09-21
nacional.hr,nacional.hr,editorial,web,current_AEM_register,not_restricted; vendor_metadata_only,not_independently_audited,26/15,https://pmu.e-mediji.hr/Forms/Common/DownloadStatic.aspx?id=1#page=10,2026-09-21
nacionalnemanjine.hr,nacionalnemanjine.hr,editorial,web,current_AEM_register,not_restricted; vendor_metadata_only,not_independently_audited,18/16,https://pmu.e-mediji.hr/Forms/Common/DownloadStatic.aspx?id=1#page=13,2026-09-21
nacionalno.hr,nacionalno.hr,editorial,web,current_AEM_register,not_restricted; vendor_metadata_only,not_independently_audited,54/17,https://pmu.e-mediji.hr/Forms/Common/DownloadStatic.aspx?id=1#page=19,2026-09-21
nacionalnoplus.hr,nacionalnoplus.hr,editorial,web,current_AEM_register,not_restricted; vendor_metadata_only,not_independently_audited,7/25,https://pmu.e-mediji.hr/Forms/Common/DownloadStatic.aspx?id=1#page=56,2026-09-21
najboljeizlike.com,najboljeizlike.com,editorial,web,current_AEM_register,not_restricted; vendor_metadata_only,not_independently_audited,03/23,https://pmu.e-mediji.hr/Forms/Common/DownloadStatic.aspx?id=1#page=45,2026-09-21
najboljeknjige.com,najboljeknjige.com,editorial,web,current_AEM_register,not_restricted; vendor_metadata_only,not_independently_audited,22/15,https://pmu.e-mediji.hr/Forms/Common/DownloadStatic.aspx?id=1#page=10,2026-09-21
narod.hr,narod.hr,editorial,web,current_AEM_register,not_restricted; vendor_metadata_only,not_independently_audited,21/14,https://pmu.e-mediji.hr/Forms/Common/DownloadStatic.aspx?id=1#page=6,2026-09-21
nasabujstina.com,nasabujstina.com,editorial,web,current_AEM_register,not_restricted; vendor_metadata_only,not_independently_audited,28/18,https://pmu.e-mediji.hr/Forms/Common/DownloadStatic.aspx?id=1#page=22,2026-09-21
nasice.com,nasice.com,editorial,web,current_AEM_register,not_restricted; vendor_metadata_only,not_independently_audited,10/22,https://pmu.e-mediji.hr/Forms/Common/DownloadStatic.aspx?id=1#page=39,2026-09-21
nasiskolji.hr,nasiskolji.hr,editorial,web,current_AEM_register,not_restricted; vendor_metadata_only,not_independently_audited,41/15,https://pmu.e-mediji.hr/Forms/Common/DownloadStatic.aspx?id=1#page=11,2026-09-21
naturala.hr,naturala.hr,editorial,web,current_AEM_register,not_restricted; vendor_metadata_only,not_independently_audited,15/21,https://pmu.e-mediji.hr/Forms/Common/DownloadStatic.aspx?id=1#page=34,2026-09-21
nauticka-patrola.hr,nauticka-patrola.hr,editorial,web,current_AEM_register,not_restricted; vendor_metadata_only,not_independently_audited,45/22,https://pmu.e-mediji.hr/Forms/Common/DownloadStatic.aspx?id=1#page=42,2026-09-21
nemo-casopis.com,nemo-casopis.com,editorial,web,current_AEM_register,not_restricted; vendor_metadata_only,not_independently_audited,52/20,https://pmu.e-mediji.hr/Forms/Common/DownloadStatic.aspx?id=1#page=33,2026-09-21
net.hr,net.hr,editorial,web,current_AEM_register,not_restricted; vendor_metadata_only,not_independently_audited,05/11,https://pmu.e-mediji.hr/Forms/Common/DownloadStatic.aspx?id=1#page=1,2026-09-21
netokracija.com,netokracija.com,editorial,web,current_AEM_register,not_restricted; vendor_metadata_only,not_independently_audited,13/20,https://pmu.e-mediji.hr/Forms/Common/DownloadStatic.aspx?id=1#page=30,2026-09-21
nismosame.com,nismosame.com,editorial,web,current_AEM_register,not_restricted; vendor_metadata_only,not_independently_audited,21/19,https://pmu.e-mediji.hr/Forms/Common/DownloadStatic.aspx?id=1#page=27,2026-09-21
nizagorjemalo.hr,nizagorjemalo.hr,editorial,web,current_AEM_register,not_restricted; vendor_metadata_only,not_independently_audited,19/22,https://pmu.e-mediji.hr/Forms/Common/DownloadStatic.aspx?id=1#page=40,2026-09-21
nogometplus.net,nogometplus.net,editorial,web,current_AEM_register,not_restricted; vendor_metadata_only,not_independently_audited,60/14,https://pmu.e-mediji.hr/Forms/Common/DownloadStatic.aspx?id=1#page=8,2026-09-21
novagra.hr,novagra.hr,editorial,web,current_AEM_register,not_restricted; vendor_metadata_only,not_independently_audited,35/11,https://pmu.e-mediji.hr/Forms/Common/DownloadStatic.aspx?id=1#page=2,2026-09-21
novagradiska.eu,novagradiska.eu,editorial,web,current_AEM_register,not_restricted; vendor_metadata_only,not_independently_audited,19/20,https://pmu.e-mediji.hr/Forms/Common/DownloadStatic.aspx?id=1#page=30,2026-09-21
novalja.cool,novalja.cool,editorial,web,current_AEM_register,not_restricted; vendor_metadata_only,not_independently_audited,63/15,https://pmu.e-mediji.hr/Forms/Common/DownloadStatic.aspx?id=1#page=12,2026-09-21
novilist.hr,novilist.hr,editorial,web,current_AEM_register,not_restricted; vendor_metadata_only,not_independently_audited,09/12,https://pmu.e-mediji.hr/Forms/Common/DownloadStatic.aspx?id=1#page=3,2026-09-21
noviradio.hr,noviradio.hr,editorial,web,current_AEM_register,not_restricted; vendor_metadata_only,not_independently_audited,14/20,https://pmu.e-mediji.hr/Forms/Common/DownloadStatic.aspx?id=1#page=30,2026-09-21
novo.hr,novo.hr,editorial,web,current_AEM_register,not_restricted; vendor_metadata_only,not_independently_audited,2/17,https://pmu.e-mediji.hr/Forms/Common/DownloadStatic.aspx?id=1#page=16,2026-09-21
novosti.hr,novosti.hr,editorial,web,current_AEM_register,not_restricted; vendor_metadata_only,not_independently_audited,74/22,https://pmu.e-mediji.hr/Forms/Common/DownloadStatic.aspx?id=1#page=44,2026-09-21
objektivno.hr,objektivno.hr,editorial,web,current_AEM_register,not_restricted; vendor_metadata_only,not_independently_audited,14/13,https://pmu.e-mediji.hr/Forms/Common/DownloadStatic.aspx?id=1#page=4,2026-09-21
obris.org,obris.org,editorial,web,current_AEM_register,not_restricted; vendor_metadata_only,not_independently_audited,21/20,https://pmu.e-mediji.hr/Forms/Common/DownloadStatic.aspx?id=1#page=30,2026-09-21
obrtnik.hr,obrtnik.hr,editorial,web,current_AEM_register,not_restricted; vendor_metadata_only,not_independently_audited,07/24,https://pmu.e-mediji.hr/Forms/Common/DownloadStatic.aspx?id=1#page=51,2026-09-21
ogportal.com,ogportal.com,editorial,web,current_AEM_register,not_restricted; vendor_metadata_only,not_independently_audited,3/17,https://pmu.e-mediji.hr/Forms/Common/DownloadStatic.aspx?id=1#page=16,2026-09-21
ogulin.eu,ogulin.eu,editorial,web,current_AEM_register,not_restricted; vendor_metadata_only,not_independently_audited,39/19,https://pmu.e-mediji.hr/Forms/Common/DownloadStatic.aspx?id=1#page=28,2026-09-21
ok360.hr,ok360.hr,editorial,web,current_AEM_register,not_restricted; vendor_metadata_only,not_independently_audited,15/24,https://pmu.e-mediji.hr/Forms/Common/DownloadStatic.aspx?id=1#page=51,2026-09-21
orioninfovk.com,orioninfovk.com,editorial,web,current_AEM_register,not_restricted; vendor_metadata_only,not_independently_audited,41/23,https://pmu.e-mediji.hr/Forms/Common/DownloadStatic.aspx?id=1#page=49,2026-09-21
osijekexpress.com,osijekexpress.com,editorial,web,current_AEM_register,not_restricted; vendor_metadata_only,not_independently_audited,35/19,https://pmu.e-mediji.hr/Forms/Common/DownloadStatic.aspx?id=1#page=28,2026-09-21
osijeknews.hr,osijeknews.hr,editorial,web,current_AEM_register,not_restricted; vendor_metadata_only,not_independently_audited,37/18,https://pmu.e-mediji.hr/Forms/Common/DownloadStatic.aspx?id=1#page=23,2026-09-21
otoci.eu,otoci.eu,editorial,web,current_AEM_register,not_restricted; vendor_metadata_only,not_independently_audited,63/17,https://pmu.e-mediji.hr/Forms/Common/DownloadStatic.aspx?id=1#page=20,2026-09-21
otoci.net,otoci.net,editorial,web,current_AEM_register,not_restricted; vendor_metadata_only,not_independently_audited,52/14,https://pmu.e-mediji.hr/Forms/Common/DownloadStatic.aspx?id=1#page=8,2026-09-21
otvoreno.hr,otvoreno.hr,editorial,web,current_AEM_register,not_restricted; vendor_metadata_only,not_independently_audited,19/18,https://pmu.e-mediji.hr/Forms/Common/DownloadStatic.aspx?id=1#page=21,2026-09-21
p-portal.net,p-portal.net,editorial,web,current_AEM_register,not_restricted; vendor_metadata_only,not_independently_audited,53/14,https://pmu.e-mediji.hr/Forms/Common/DownloadStatic.aspx?id=1#page=8,2026-09-21
pakrackilist.hr,pakrackilist.hr,editorial,web,current_AEM_register,not_restricted; vendor_metadata_only,not_independently_audited,36/17,https://pmu.e-mediji.hr/Forms/Common/DownloadStatic.aspx?id=1#page=18,2026-09-21
panopticum.hr,panopticum.hr,editorial,web,current_AEM_register,not_restricted; vendor_metadata_only,not_independently_audited,59/16,https://pmu.e-mediji.hr/Forms/Common/DownloadStatic.aspx?id=1#page=15,2026-09-21
paraf.hr,paraf.hr,editorial,web,current_AEM_register,not_restricted; vendor_metadata_only,not_independently_audited,64/18,https://pmu.e-mediji.hr/Forms/Common/DownloadStatic.aspx?id=1#page=25,2026-09-21
parentium.com,parentium.com,editorial,web,current_AEM_register,not_restricted; vendor_metadata_only,not_independently_audited,39/11,https://pmu.e-mediji.hr/Forms/Common/DownloadStatic.aspx?id=1#page=2,2026-09-21
pcchip.hr,pcchip.hr,editorial,web,current_AEM_register,not_restricted; vendor_metadata_only,not_independently_audited,22/17,https://pmu.e-mediji.hr/Forms/Common/DownloadStatic.aspx?id=1#page=17,2026-09-21
phralipen.hr,phralipen.hr,editorial,web,current_AEM_register,not_restricted; vendor_metadata_only,not_independently_audited,56/17,https://pmu.e-mediji.hr/Forms/Common/DownloadStatic.aspx?id=1#page=19,2026-09-21
planetmagazin.net,planetmagazin.net,editorial,web,current_AEM_register,not_restricted; vendor_metadata_only,not_independently_audited,40/19,https://pmu.e-mediji.hr/Forms/Common/DownloadStatic.aspx?id=1#page=28,2026-09-21
plesnascena.hr,plesnascena.hr,editorial,web,current_AEM_register,not_restricted; vendor_metadata_only,not_independently_audited,24/14,https://pmu.e-mediji.hr/Forms/Common/DownloadStatic.aspx?id=1#page=6,2026-09-21
plitvicetimes.com,plitvicetimes.com,editorial,web,current_AEM_register,not_restricted; vendor_metadata_only,not_independently_audited,41/20,https://pmu.e-mediji.hr/Forms/Common/DownloadStatic.aspx?id=1#page=32,2026-09-21
ploce.com.hr,ploce.com.hr,editorial,web,current_AEM_register,not_restricted; vendor_metadata_only,not_independently_audited,11/23,https://pmu.e-mediji.hr/Forms/Common/DownloadStatic.aspx?id=1#page=46,2026-09-21
plusportal.hr,plusportal.hr,editorial,web,current_AEM_register,not_restricted; vendor_metadata_only,not_independently_audited,5/14,https://pmu.e-mediji.hr/Forms/Common/DownloadStatic.aspx?id=1#page=5,2026-09-21
podravski.hr,podravski.hr,editorial,web,current_AEM_register,not_restricted; vendor_metadata_only,not_independently_audited,62/17,https://pmu.e-mediji.hr/Forms/Common/DownloadStatic.aspx?id=1#page=19,2026-09-21
podstrana-portal.com,podstrana-portal.com,editorial,web,current_AEM_register,not_restricted; vendor_metadata_only,not_independently_audited,40/22,https://pmu.e-mediji.hr/Forms/Common/DownloadStatic.aspx?id=1#page=42,2026-09-21
podstrana.info,podstrana.info,editorial,web,current_AEM_register,not_restricted; vendor_metadata_only,not_independently_audited,59/24,https://pmu.e-mediji.hr/Forms/Common/DownloadStatic.aspx?id=1#page=56,2026-09-21
poduckun.net,poduckun.net,editorial,web,current_AEM_register,not_restricted; vendor_metadata_only,not_independently_audited,54/22,https://pmu.e-mediji.hr/Forms/Common/DownloadStatic.aspx?id=1#page=43,2026-09-21
pogled.hr,pogled.hr,editorial,web,current_AEM_register,not_restricted; vendor_metadata_only,not_independently_audited,12/25,https://pmu.e-mediji.hr/Forms/Common/DownloadStatic.aspx?id=1#page=57,2026-09-21
pogledaj.to,pogledaj.to,editorial,web,current_AEM_register,not_restricted; vendor_metadata_only,not_independently_audited,38/14,https://pmu.e-mediji.hr/Forms/Common/DownloadStatic.aspx?id=1#page=7,2026-09-21
pomaknigranice.hr,pomaknigranice.hr,editorial,web,current_AEM_register,not_restricted; vendor_metadata_only,not_independently_audited,25/24,https://pmu.e-mediji.hr/Forms/Common/DownloadStatic.aspx?id=1#page=52,2026-09-21
popweb.hr,popweb.hr,editorial,web,current_AEM_register,not_restricted; vendor_metadata_only,not_independently_audited,26/22,https://pmu.e-mediji.hr/Forms/Common/DownloadStatic.aspx?id=1#page=40,2026-09-21
porestina.info,porestina.info,editorial,web,current_AEM_register,not_restricted; vendor_metadata_only,not_independently_audited,27/22,https://pmu.e-mediji.hr/Forms/Common/DownloadStatic.aspx?id=1#page=40,2026-09-21
portal-ostro.hr,portal-ostro.hr,editorial,web,current_AEM_register,not_restricted; vendor_metadata_only,not_independently_audited,46/21,https://pmu.e-mediji.hr/Forms/Common/DownloadStatic.aspx?id=1#page=37,2026-09-21
portal.braniteljski-forum.com,portal.braniteljski-forum.com,editorial,web,current_AEM_register,not_restricted; vendor_metadata_only,not_independently_audited,62/18,https://pmu.e-mediji.hr/Forms/Common/DownloadStatic.aspx?id=1#page=25,2026-09-21
portal.hr,portal.hr,editorial,web,current_AEM_register,not_restricted; vendor_metadata_only,not_independently_audited,1/14,https://pmu.e-mediji.hr/Forms/Common/DownloadStatic.aspx?id=1#page=4,2026-09-21
portal53.hr,portal53.hr,editorial,web,current_AEM_register,not_restricted; vendor_metadata_only,not_independently_audited,40/11,https://pmu.e-mediji.hr/Forms/Common/DownloadStatic.aspx?id=1#page=2,2026-09-21
portalnovosti.com,portalnovosti.com,editorial,web,current_AEM_register,not_restricted; vendor_metadata_only,not_independently_audited,73/15,https://pmu.e-mediji.hr/Forms/Common/DownloadStatic.aspx?id=1#page=12,2026-09-21
portalzdravlje.hr,portalzdravlje.hr,editorial,web,current_AEM_register,not_restricted; vendor_metadata_only,not_independently_audited,39/21,https://pmu.e-mediji.hr/Forms/Common/DownloadStatic.aspx?id=1#page=36,2026-09-21
portofon.com,portofon.com,editorial,web,current_AEM_register,not_restricted; vendor_metadata_only,not_independently_audited,20/21,https://pmu.e-mediji.hr/Forms/Common/DownloadStatic.aspx?id=1#page=35,2026-09-21
portos.hr,portos.hr,editorial,web,current_AEM_register,not_restricted; vendor_metadata_only,not_independently_audited,10/25,https://pmu.e-mediji.hr/Forms/Common/DownloadStatic.aspx?id=1#page=56,2026-09-21
poslovni-savjetnik.com,poslovni-savjetnik.com,editorial,web,current_AEM_register,not_restricted; vendor_metadata_only,not_independently_audited,04/12,https://pmu.e-mediji.hr/Forms/Common/DownloadStatic.aspx?id=1#page=3,2026-09-21
poslovni.hr,poslovni.hr,editorial,web,current_AEM_register,not_restricted; vendor_metadata_only,not_independently_audited,7/15,https://pmu.e-mediji.hr/Forms/Common/DownloadStatic.aspx?id=1#page=9,2026-09-21
poslovnifm.com,poslovnifm.com,editorial,web,current_AEM_register,not_restricted; vendor_metadata_only,not_independently_audited,29/18,https://pmu.e-mediji.hr/Forms/Common/DownloadStatic.aspx?id=1#page=22,2026-09-21
poslovnipuls.com,poslovnipuls.com,editorial,web,current_AEM_register,not_restricted; vendor_metadata_only,not_independently_audited,49/18,https://pmu.e-mediji.hr/Forms/Common/DownloadStatic.aspx?id=1#page=24,2026-09-21
povijest.hr,povijest.hr,editorial,web,current_AEM_register,not_restricted; vendor_metadata_only,not_independently_audited,72/22,https://pmu.e-mediji.hr/Forms/Common/DownloadStatic.aspx?id=1#page=44,2026-09-21
pozega.eu,pozega.eu,editorial,web,current_AEM_register,not_restricted; vendor_metadata_only,not_independently_audited,3/15,https://pmu.e-mediji.hr/Forms/Common/DownloadStatic.aspx?id=1#page=9,2026-09-21
pozeska-kronika.hr,pozeska-kronika.hr,editorial,web,current_AEM_register,not_restricted; vendor_metadata_only,not_independently_audited,9/19,https://pmu.e-mediji.hr/Forms/Common/DownloadStatic.aspx?id=1#page=26,2026-09-21
pozeski.hr,pozeski.hr,editorial,web,current_AEM_register,not_restricted; vendor_metadata_only,not_independently_audited,47/21,https://pmu.e-mediji.hr/Forms/Common/DownloadStatic.aspx?id=1#page=37,2026-09-21
pozeskivodic.com,pozeskivodic.com,editorial,web,current_AEM_register,not_restricted; vendor_metadata_only,not_independently_audited,44/18,https://pmu.e-mediji.hr/Forms/Common/DownloadStatic.aspx?id=1#page=24,2026-09-21
pregrada.info,pregrada.info,editorial,web,current_AEM_register,not_restricted; vendor_metadata_only,not_independently_audited,67/14,https://pmu.e-mediji.hr/Forms/Common/DownloadStatic.aspx?id=1#page=9,2026-09-21
press032.com,press032.com,editorial,web,current_AEM_register,not_restricted; vendor_metadata_only,not_independently_audited,21/16,https://pmu.e-mediji.hr/Forms/Common/DownloadStatic.aspx?id=1#page=13,2026-09-21
pressedan.hr,pressedan.hr,editorial,web,current_AEM_register,not_restricted; vendor_metadata_only,not_independently_audited,37/15,https://pmu.e-mediji.hr/Forms/Common/DownloadStatic.aspx?id=1#page=11,2026-09-21
prglas.com,prglas.com,editorial,web,current_AEM_register,not_restricted; vendor_metadata_only,not_independently_audited,51/15,https://pmu.e-mediji.hr/Forms/Common/DownloadStatic.aspx?id=1#page=11,2026-09-21
prigorski.hr,prigorski.hr,editorial,web,current_AEM_register,not_restricted; vendor_metadata_only,not_independently_audited,35/18,https://pmu.e-mediji.hr/Forms/Common/DownloadStatic.aspx?id=1#page=23,2026-09-21
prigorskiradio.hr,prigorskiradio.hr,editorial,web,current_AEM_register,not_restricted; vendor_metadata_only,not_independently_audited,12/20,https://pmu.e-mediji.hr/Forms/Common/DownloadStatic.aspx?id=1#page=30,2026-09-21
primorskihrvat.hr,primorskihrvat.hr,editorial,web,current_AEM_register,not_restricted; vendor_metadata_only,not_independently_audited,31/20,https://pmu.e-mediji.hr/Forms/Common/DownloadStatic.aspx?id=1#page=31,2026-09-21
primostenplus.com,primostenplus.com,editorial,web,current_AEM_register,not_restricted; vendor_metadata_only,not_independently_audited,22/21,https://pmu.e-mediji.hr/Forms/Common/DownloadStatic.aspx?id=1#page=35,2026-09-21
promise.hr,promise.hr,editorial,web,current_AEM_register,not_restricted; vendor_metadata_only,not_independently_audited,27/16,https://pmu.e-mediji.hr/Forms/Common/DownloadStatic.aspx?id=1#page=14,2026-09-21
ps-portal.eu,ps-portal.eu,editorial,web,current_AEM_register,not_restricted; vendor_metadata_only,not_independently_audited,13/16,https://pmu.e-mediji.hr/Forms/Common/DownloadStatic.aspx?id=1#page=13,2026-09-21
pulskasvakodnevnica.com,pulskasvakodnevnica.com,editorial,web,current_AEM_register,not_restricted; vendor_metadata_only,not_independently_audited,55/24,https://pmu.e-mediji.hr/Forms/Common/DownloadStatic.aspx?id=1#page=55,2026-09-21
punkufer.dnevnik.hr,punkufer.dnevnik.hr,editorial,web,current_AEM_register,not_restricted; vendor_metadata_only,not_independently_audited,25/20,https://pmu.e-mediji.hr/Forms/Common/DownloadStatic.aspx?id=1#page=31,2026-09-21
putneprice.com,putneprice.com,editorial,web,current_AEM_register,not_restricted; vendor_metadata_only,not_independently_audited,42/23,https://pmu.e-mediji.hr/Forms/Common/DownloadStatic.aspx?id=1#page=49,2026-09-21
qliniqa.hr,qliniqa.hr,editorial,web,current_AEM_register,not_restricted; vendor_metadata_only,not_independently_audited,40/23,https://pmu.e-mediji.hr/Forms/Common/DownloadStatic.aspx?id=1#page=49,2026-09-21
rabdanas.hr,rabdanas.hr,editorial,web,current_AEM_register,not_restricted; vendor_metadata_only,not_independently_audited,25/23,https://pmu.e-mediji.hr/Forms/Common/DownloadStatic.aspx?id=1#page=48,2026-09-21
radio-banovina.hr,radio-banovina.hr,editorial,web,current_AEM_register,not_restricted; vendor_metadata_only,not_independently_audited,32/18,https://pmu.e-mediji.hr/Forms/Common/DownloadStatic.aspx?id=1#page=23,2026-09-21
radio-borovo.hr,radio-borovo.hr,editorial,web,current_AEM_register,not_restricted; vendor_metadata_only,not_independently_audited,31/24,https://pmu.e-mediji.hr/Forms/Common/DownloadStatic.aspx?id=1#page=53,2026-09-21
radio-gospic.com,radio-gospic.com,editorial,web,current_AEM_register,not_restricted; vendor_metadata_only,not_independently_audited,15/20,https://pmu.e-mediji.hr/Forms/Common/DownloadStatic.aspx?id=1#page=30,2026-09-21
radio-mreznica.hr,radio-mreznica.hr,editorial,web,current_AEM_register,not_restricted; vendor_metadata_only,not_independently_audited,32/21,https://pmu.e-mediji.hr/Forms/Common/DownloadStatic.aspx?id=1#page=36,2026-09-21
radio.rojc.eu,radio.rojc.eu,editorial,web,current_AEM_register,not_restricted; vendor_metadata_only,not_independently_audited,64/17,https://pmu.e-mediji.hr/Forms/Common/DownloadStatic.aspx?id=1#page=20,2026-09-21
radio105.hr,radio105.hr,editorial,web,current_AEM_register,not_restricted; vendor_metadata_only,not_independently_audited,20/25,https://pmu.e-mediji.hr/Forms/Common/DownloadStatic.aspx?id=1#page=57,2026-09-21
radio808.com,radio808.com,editorial,web,current_AEM_register,not_restricted; vendor_metadata_only,not_independently_audited,1/15,https://pmu.e-mediji.hr/Forms/Common/DownloadStatic.aspx?id=1#page=9,2026-09-21
radiong.hr,radiong.hr,editorial,web,current_AEM_register,not_restricted; vendor_metadata_only,not_independently_audited,10/18,https://pmu.e-mediji.hr/Forms/Common/DownloadStatic.aspx?id=1#page=21,2026-09-21
radiopag.hr,radiopag.hr,editorial,web,current_AEM_register,not_restricted; vendor_metadata_only,not_independently_audited,15/19,https://pmu.e-mediji.hr/Forms/Common/DownloadStatic.aspx?id=1#page=26,2026-09-21
radioprkos.hr,radioprkos.hr,editorial,web,current_AEM_register,not_restricted; vendor_metadata_only,not_independently_audited,57/24,https://pmu.e-mediji.hr/Forms/Common/DownloadStatic.aspx?id=1#page=55,2026-09-21
radiosamobor.hr,radiosamobor.hr,editorial,web,current_AEM_register,not_restricted; vendor_metadata_only,not_independently_audited,36/24,https://pmu.e-mediji.hr/Forms/Common/DownloadStatic.aspx?id=1#page=53,2026-09-21
radiostudent.hr,radiostudent.hr,editorial,web,current_AEM_register,not_restricted; vendor_metadata_only,not_independently_audited,30/14,https://pmu.e-mediji.hr/Forms/Common/DownloadStatic.aspx?id=1#page=6,2026-09-21
radnickaprava.org,radnickaprava.org,editorial,web,current_AEM_register,not_restricted; vendor_metadata_only,not_independently_audited,27/19,https://pmu.e-mediji.hr/Forms/Common/DownloadStatic.aspx?id=1#page=27,2026-09-21
ranirazvoj.org,ranirazvoj.org,other_own,web,current_AEM_register,not_restricted; vendor_metadata_only,not_independently_audited,50/24,https://pmu.e-mediji.hr/Forms/Common/DownloadStatic.aspx?id=1#page=55,2026-09-21
ravnododna.com,ravnododna.com,editorial,web,current_AEM_register,not_restricted; vendor_metadata_only,not_independently_audited,33/14,https://pmu.e-mediji.hr/Forms/Common/DownloadStatic.aspx?id=1#page=7,2026-09-21
razglas.org,razglas.org,editorial,web,current_AEM_register,not_restricted; vendor_metadata_only,not_independently_audited,29/24,https://pmu.e-mediji.hr/Forms/Common/DownloadStatic.aspx?id=1#page=53,2026-09-21
razvojni.hr,razvojni.hr,editorial,web,current_AEM_register,not_restricted; vendor_metadata_only,not_independently_audited,68/22,https://pmu.e-mediji.hr/Forms/Common/DownloadStatic.aspx?id=1#page=44,2026-09-21
reci.hr,reci.hr,editorial,web,current_AEM_register,not_restricted; vendor_metadata_only,not_independently_audited,22/20,https://pmu.e-mediji.hr/Forms/Common/DownloadStatic.aspx?id=1#page=30,2026-09-21
regionalexpress.hr,regionalexpress.hr,editorial,web,current_AEM_register,not_restricted; vendor_metadata_only,not_independently_audited,55/21,https://pmu.e-mediji.hr/Forms/Common/DownloadStatic.aspx?id=1#page=38,2026-09-21
regionalni.com,regionalni.com,editorial,web,current_AEM_register,not_restricted; vendor_metadata_only,not_independently_audited,9/22,https://pmu.e-mediji.hr/Forms/Common/DownloadStatic.aspx?id=1#page=39,2026-09-21
regionalni.hr,regionalni.hr,editorial,web,current_AEM_register,not_restricted; vendor_metadata_only,not_independently_audited,36/23,https://pmu.e-mediji.hr/Forms/Common/DownloadStatic.aspx?id=1#page=49,2026-09-21
rep.hr,rep.hr,editorial,web,current_AEM_register,not_restricted; vendor_metadata_only,not_independently_audited,12/23,https://pmu.e-mediji.hr/Forms/Common/DownloadStatic.aspx?id=1#page=46,2026-09-21
reporter.hr,reporter.hr,editorial,web,current_AEM_register,not_restricted; vendor_metadata_only,not_independently_audited,01/25,https://pmu.e-mediji.hr/Forms/Common/DownloadStatic.aspx?id=1#page=56,2026-09-21
restartaj.org,restartaj.org,editorial,web,current_AEM_register,not_restricted; vendor_metadata_only,not_independently_audited,24/24,https://pmu.e-mediji.hr/Forms/Common/DownloadStatic.aspx?id=1#page=52,2026-09-21
rijekadanas.com,rijekadanas.com,editorial,web,current_AEM_register,not_restricted; vendor_metadata_only,not_independently_audited,54/11,https://pmu.e-mediji.hr/Forms/Common/DownloadStatic.aspx?id=1#page=2,2026-09-21
riportal.net.hr,riportal.net.hr,editorial,web,current_AEM_register,not_restricted; vendor_metadata_only,not_independently_audited,51/18,https://pmu.e-mediji.hr/Forms/Common/DownloadStatic.aspx?id=1#page=24,2026-09-21
riprsten.com,riprsten.com,editorial,web,current_AEM_register,not_restricted; vendor_metadata_only,not_independently_audited,50/21,https://pmu.e-mediji.hr/Forms/Common/DownloadStatic.aspx?id=1#page=37,2026-09-21
rivijeranews.hr,rivijeranews.hr,editorial,web,current_AEM_register,not_restricted; vendor_metadata_only,not_independently_audited,61/18,https://pmu.e-mediji.hr/Forms/Common/DownloadStatic.aspx?id=1#page=25,2026-09-21
roditelji.story.hr,roditelji.story.hr,editorial,web,current_AEM_register,not_restricted; vendor_metadata_only,not_independently_audited,3/14,https://pmu.e-mediji.hr/Forms/Common/DownloadStatic.aspx?id=1#page=5,2026-09-21
romalen.com,romalen.com,editorial,web,current_AEM_register,not_restricted; vendor_metadata_only,not_independently_audited,48/23,https://pmu.e-mediji.hr/Forms/Common/DownloadStatic.aspx?id=1#page=50,2026-09-21
romi.hr,romi.hr,editorial,web,current_AEM_register,not_restricted; vendor_metadata_only,not_independently_audited,40/16,https://pmu.e-mediji.hr/Forms/Common/DownloadStatic.aspx?id=1#page=14,2026-09-21
rtl.hr,rtl.hr,editorial,web,current_AEM_register,not_restricted; vendor_metadata_only,not_independently_audited,22/25,https://pmu.e-mediji.hr/Forms/Common/DownloadStatic.aspx?id=1#page=58,2026-09-21
sabh.hr,sabh.hr,editorial,web,current_AEM_register,not_restricted; vendor_metadata_only,not_independently_audited,70/22,https://pmu.e-mediji.hr/Forms/Common/DownloadStatic.aspx?id=1#page=44,2026-09-21
samobor.info,samobor.info,editorial,web,current_AEM_register,not_restricted; vendor_metadata_only,not_independently_audited,35/24,https://pmu.e-mediji.hr/Forms/Common/DownloadStatic.aspx?id=1#page=53,2026-09-21
savjeti.hr,savjeti.hr,editorial,web,current_AEM_register,not_restricted; vendor_metadata_only,not_independently_audited,37/22,https://pmu.e-mediji.hr/Forms/Common/DownloadStatic.aspx?id=1#page=41,2026-09-21
scena.story.hr,scena.story.hr,editorial,web,current_AEM_register,not_restricted; vendor_metadata_only,not_independently_audited,44/24,https://pmu.e-mediji.hr/Forms/Common/DownloadStatic.aspx?id=1#page=54,2026-09-21
scubalife.hr,scubalife.hr,editorial,web,current_AEM_register,not_restricted; vendor_metadata_only,not_independently_audited,19/12,https://pmu.e-mediji.hr/Forms/Common/DownloadStatic.aspx?id=1#page=3,2026-09-21
selo.hr,selo.hr,editorial,web,current_AEM_register,not_restricted; vendor_metadata_only,not_independently_audited,05/24,https://pmu.e-mediji.hr/Forms/Common/DownloadStatic.aspx?id=1#page=50,2026-09-21
senjskabura.hr,senjskabura.hr,editorial,web,current_AEM_register,not_restricted; vendor_metadata_only,not_independently_audited,64/15,https://pmu.e-mediji.hr/Forms/Common/DownloadStatic.aspx?id=1#page=12,2026-09-21
sensa.story.hr,sensa.story.hr,editorial,web,current_AEM_register,not_restricted; vendor_metadata_only,not_independently_audited,4/14,https://pmu.e-mediji.hr/Forms/Common/DownloadStatic.aspx?id=1#page=5,2026-09-21
sesvete-danas.hr,sesvete-danas.hr,editorial,web,current_AEM_register,not_restricted; vendor_metadata_only,not_independently_audited,6/18,https://pmu.e-mediji.hr/Forms/Common/DownloadStatic.aspx?id=1#page=20,2026-09-21
she.hr,she.hr,editorial,web,current_AEM_register,not_restricted; vendor_metadata_only,not_independently_audited,27/12,https://pmu.e-mediji.hr/Forms/Common/DownloadStatic.aspx?id=1#page=3,2026-09-21
sib.net.hr,sib.net.hr,editorial,web,current_AEM_register,not_restricted; vendor_metadata_only,not_independently_audited,16/22,https://pmu.e-mediji.hr/Forms/Common/DownloadStatic.aspx?id=1#page=39,2026-09-21
sibenik.in,sibenik.in,editorial,web,current_AEM_register,not_restricted; vendor_metadata_only,not_independently_audited,15/12,https://pmu.e-mediji.hr/Forms/Common/DownloadStatic.aspx?id=1#page=3,2026-09-21
sibenski.slobodnadalmacija.hr,sibenski.slobodnadalmacija.hr,editorial,web,current_AEM_register,not_restricted; vendor_metadata_only,not_independently_audited,04/17,https://pmu.e-mediji.hr/Forms/Common/DownloadStatic.aspx?id=1#page=16,2026-09-21
sibenskikanal.hr,sibenskikanal.hr,editorial,web,current_AEM_register,not_restricted; vendor_metadata_only,not_independently_audited,21/25,https://pmu.e-mediji.hr/Forms/Common/DownloadStatic.aspx?id=1#page=57,2026-09-21
sibenskiportal.hr,sibenskiportal.hr,editorial,web,current_AEM_register,not_restricted; vendor_metadata_only,not_independently_audited,16/16,https://pmu.e-mediji.hr/Forms/Common/DownloadStatic.aspx?id=1#page=13,2026-09-21
sigureca.hr,sigureca.hr,editorial,web,current_AEM_register,not_restricted; vendor_metadata_only,not_independently_audited,54/24,https://pmu.e-mediji.hr/Forms/Common/DownloadStatic.aspx?id=1#page=55,2026-09-21
sinjskarera.hr,sinjskarera.hr,editorial,web,current_AEM_register,not_restricted; vendor_metadata_only,not_independently_audited,57/18,https://pmu.e-mediji.hr/Forms/Common/DownloadStatic.aspx?id=1#page=25,2026-09-21
sisak.info,sisak.info,editorial,web,current_AEM_register,not_restricted; vendor_metadata_only,not_independently_audited,10/11,https://pmu.e-mediji.hr/Forms/Common/DownloadStatic.aspx?id=1#page=1,2026-09-21
sisakportal.hr,sisakportal.hr,editorial,web,current_AEM_register,not_restricted; vendor_metadata_only,not_independently_audited,5/21,https://pmu.e-mediji.hr/Forms/Common/DownloadStatic.aspx?id=1#page=34,2026-09-21
sjever.hr,sjever.hr,editorial,web,current_AEM_register,not_restricted; vendor_metadata_only,not_independently_audited,18/19,https://pmu.e-mediji.hr/Forms/Common/DownloadStatic.aspx?id=1#page=27,2026-09-21
sjeverni.info,sjeverni.info,editorial,web,current_AEM_register,not_restricted; vendor_metadata_only,not_independently_audited,13/22,https://pmu.e-mediji.hr/Forms/Common/DownloadStatic.aspx?id=1#page=39,2026-09-21
sjeverozapad.hr,sjeverozapad.hr,editorial,web,current_AEM_register,not_restricted; vendor_metadata_only,not_independently_audited,51/24,https://pmu.e-mediji.hr/Forms/Common/DownloadStatic.aspx?id=1#page=55,2026-09-21
skitnice.hr,skitnice.hr,editorial,web,current_AEM_register,not_restricted; vendor_metadata_only,not_independently_audited,56/24,https://pmu.e-mediji.hr/Forms/Common/DownloadStatic.aspx?id=1#page=55,2026-09-21
skuhaj.story.hr,skuhaj.story.hr,editorial,web,current_AEM_register,not_restricted; vendor_metadata_only,not_independently_audited,38/23,https://pmu.e-mediji.hr/Forms/Common/DownloadStatic.aspx?id=1#page=49,2026-09-21
slatkopedija.hr,slatkopedija.hr,editorial,web,current_AEM_register,not_restricted; vendor_metadata_only,not_independently_audited,37/17,https://pmu.e-mediji.hr/Forms/Common/DownloadStatic.aspx?id=1#page=18,2026-09-21
slavonijainfo.com,slavonijainfo.com,editorial,web,current_AEM_register,not_restricted; vendor_metadata_only,not_independently_audited,51/20,https://pmu.e-mediji.hr/Forms/Common/DownloadStatic.aspx?id=1#page=33,2026-09-21
slavonski.hr,slavonski.hr,editorial,web,current_AEM_register,not_restricted; vendor_metadata_only,not_independently_audited,59/14,https://pmu.e-mediji.hr/Forms/Common/DownloadStatic.aspx?id=1#page=8,2026-09-21
slavonskiportal.com,slavonskiportal.com,editorial,web,current_AEM_register,not_restricted; vendor_metadata_only,not_independently_audited,43/17,https://pmu.e-mediji.hr/Forms/Common/DownloadStatic.aspx?id=1#page=18,2026-09-21
sloboda.hr,sloboda.hr,editorial,web,current_AEM_register,not_restricted; vendor_metadata_only,not_independently_audited,66/22,https://pmu.e-mediji.hr/Forms/Common/DownloadStatic.aspx?id=1#page=44,2026-09-21
slobodnadalmacija.hr,slobodnadalmacija.hr,editorial,web,current_AEM_register,not_restricted; vendor_metadata_only,not_independently_audited,07/14,https://pmu.e-mediji.hr/Forms/Common/DownloadStatic.aspx?id=1#page=5,2026-09-21
slobodnifilozofski.com,slobodnifilozofski.com,editorial,web,current_AEM_register,not_restricted; vendor_metadata_only,not_independently_audited,35/14,https://pmu.e-mediji.hr/Forms/Common/DownloadStatic.aspx?id=1#page=7,2026-09-21
smartlife.story.hr,smartlife.story.hr,editorial,web,current_AEM_register,not_restricted; vendor_metadata_only,not_independently_audited,32/23,https://pmu.e-mediji.hr/Forms/Common/DownloadStatic.aspx?id=1#page=48,2026-09-21
sociologija.hr,sociologija.hr,editorial,web,current_AEM_register,not_restricted; vendor_metadata_only,not_independently_audited,48/24,https://pmu.e-mediji.hr/Forms/Common/DownloadStatic.aspx?id=1#page=54,2026-09-21
sound-report.com,sound-report.com,editorial,web,current_AEM_register,not_restricted; vendor_metadata_only,not_independently_audited,9/18,https://pmu.e-mediji.hr/Forms/Common/DownloadStatic.aspx?id=1#page=21,2026-09-21
split.com.hr,split.com.hr,editorial,web,current_AEM_register,not_restricted; vendor_metadata_only,not_independently_audited,36/14,https://pmu.e-mediji.hr/Forms/Common/DownloadStatic.aspx?id=1#page=7,2026-09-21
sport-imotski.com,sport-imotski.com,editorial,web,current_AEM_register,not_restricted; vendor_metadata_only,not_independently_audited,37/21,https://pmu.e-mediji.hr/Forms/Common/DownloadStatic.aspx?id=1#page=36,2026-09-21
sportalo.hr,sportalo.hr,editorial,web,current_AEM_register,not_restricted; vendor_metadata_only,not_independently_audited,12/22,https://pmu.e-mediji.hr/Forms/Common/DownloadStatic.aspx?id=1#page=39,2026-09-21
sportcom.hr,sportcom.hr,editorial,web,current_AEM_register,not_restricted; vendor_metadata_only,not_independently_audited,34/19,https://pmu.e-mediji.hr/Forms/Common/DownloadStatic.aspx?id=1#page=28,2026-09-21
sportlife.story.hr,sportlife.story.hr,editorial,web,current_AEM_register,not_restricted; vendor_metadata_only,not_independently_audited,46/24,https://pmu.e-mediji.hr/Forms/Common/DownloadStatic.aspx?id=1#page=54,2026-09-21
sportnet.hr,sportnet.hr,editorial,web,current_AEM_register,not_restricted; vendor_metadata_only,not_independently_audited,14/23,https://pmu.e-mediji.hr/Forms/Common/DownloadStatic.aspx?id=1#page=46,2026-09-21
sportnews.hr,sportnews.hr,editorial,web,current_AEM_register,not_restricted; vendor_metadata_only,not_independently_audited,36/15,https://pmu.e-mediji.hr/Forms/Common/DownloadStatic.aspx?id=1#page=11,2026-09-21
sportokracija.com,sportokracija.com,editorial,web,current_AEM_register,not_restricted; vendor_metadata_only,not_independently_audited,42/20,https://pmu.e-mediji.hr/Forms/Common/DownloadStatic.aspx?id=1#page=32,2026-09-21
sportske.jutarnji.hr,sportske.jutarnji.hr,editorial,web,current_AEM_register,not_restricted; vendor_metadata_only,not_independently_audited,2/16,https://pmu.e-mediji.hr/Forms/Common/DownloadStatic.aspx?id=1#page=12,2026-09-21
srbi.hr,srbi.hr,editorial,web,current_AEM_register,not_restricted; vendor_metadata_only,not_independently_audited,25/18,https://pmu.e-mediji.hr/Forms/Common/DownloadStatic.aspx?id=1#page=22,2026-09-21
srcehrvatske.hr,srcehrvatske.hr,editorial,web,current_AEM_register,not_restricted; vendor_metadata_only,not_independently_audited,39/23,https://pmu.e-mediji.hr/Forms/Common/DownloadStatic.aspx?id=1#page=49,2026-09-21
srednja.hr,srednja.hr,editorial,web,current_AEM_register,not_restricted; vendor_metadata_only,not_independently_audited,58/15,https://pmu.e-mediji.hr/Forms/Common/DownloadStatic.aspx?id=1#page=12,2026-09-21
startnews.hr,startnews.hr,editorial,web,current_AEM_register,not_restricted; vendor_metadata_only,not_independently_audited,17/17,https://pmu.e-mediji.hr/Forms/Common/DownloadStatic.aspx?id=1#page=17,2026-09-21
stijena.info,stijena.info,editorial,web,current_AEM_register,not_restricted; vendor_metadata_only,not_independently_audited,9/25,https://pmu.e-mediji.hr/Forms/Common/DownloadStatic.aspx?id=1#page=56,2026-09-21
stina.hr,stina.hr,other_own,web,current_AEM_register,not_restricted; vendor_metadata_only,not_independently_audited,30/20,https://pmu.e-mediji.hr/Forms/Common/DownloadStatic.aspx?id=1#page=31,2026-09-21
story.hr,story.hr,editorial,web,current_AEM_register,not_restricted; vendor_metadata_only,not_independently_audited,03/11,https://pmu.e-mediji.hr/Forms/Common/DownloadStatic.aspx?id=1#page=1,2026-09-21
storybook.hr,storybook.hr,editorial,web,current_AEM_register,not_restricted; vendor_metadata_only,not_independently_audited,47/24,https://pmu.e-mediji.hr/Forms/Common/DownloadStatic.aspx?id=1#page=54,2026-09-21
stratego.hr,stratego.hr,editorial,web,current_AEM_register,not_restricted; vendor_metadata_only,not_independently_audited,31/17,https://pmu.e-mediji.hr/Forms/Common/DownloadStatic.aspx?id=1#page=18,2026-09-21
studentski.hr,studentski.hr,editorial,web,current_AEM_register,not_restricted; vendor_metadata_only,not_independently_audited,16/19,https://pmu.e-mediji.hr/Forms/Common/DownloadStatic.aspx?id=1#page=27,2026-09-21
studioeuropa.online,studioeuropa.online,editorial,web,current_AEM_register,not_restricted; vendor_metadata_only,not_independently_audited,23/22,https://pmu.e-mediji.hr/Forms/Common/DownloadStatic.aspx?id=1#page=40,2026-09-21
stv.hr,stv.hr,editorial,web,current_AEM_register,not_restricted; vendor_metadata_only,not_independently_audited,3/22,https://pmu.e-mediji.hr/Forms/Common/DownloadStatic.aspx?id=1#page=38,2026-09-21
superportal.hr,superportal.hr,editorial,web,current_AEM_register,not_restricted; vendor_metadata_only,not_independently_audited,12/15,https://pmu.e-mediji.hr/Forms/Common/DownloadStatic.aspx?id=1#page=10,2026-09-21
suvremenažena.hr,suvremenažena.hr,editorial,web,current_AEM_register,not_restricted; vendor_metadata_only,not_independently_audited,61/16,https://pmu.e-mediji.hr/Forms/Common/DownloadStatic.aspx?id=1#page=15,2026-09-21
svijet.hr,svijet.hr,editorial,web,current_AEM_register,not_restricted; vendor_metadata_only,not_independently_audited,60/11,https://pmu.e-mediji.hr/Forms/Common/DownloadStatic.aspx?id=1#page=3,2026-09-21
svijetsigurnosti.com,svijetsigurnosti.com,editorial,web,current_AEM_register,not_restricted; vendor_metadata_only,not_independently_audited,14/16,https://pmu.e-mediji.hr/Forms/Common/DownloadStatic.aspx?id=1#page=13,2026-09-21
teen385.dnevnik.hr,teen385.dnevnik.hr,editorial,web,current_AEM_register,not_restricted; vendor_metadata_only,not_independently_audited,2/21,https://pmu.e-mediji.hr/Forms/Common/DownloadStatic.aspx?id=1#page=33,2026-09-21
teklic.hr,teklic.hr,editorial,web,current_AEM_register,not_restricted; vendor_metadata_only,not_independently_audited,12/17,https://pmu.e-mediji.hr/Forms/Common/DownloadStatic.aspx?id=1#page=17,2026-09-21
telegram.hr,telegram.hr,editorial,web,current_AEM_register,not_restricted; vendor_metadata_only,not_independently_audited,16/15,https://pmu.e-mediji.hr/Forms/Common/DownloadStatic.aspx?id=1#page=10,2026-09-21
teleskop.hr,teleskop.hr,editorial,web,current_AEM_register,not_restricted; vendor_metadata_only,not_independently_audited,11/19,https://pmu.e-mediji.hr/Forms/Common/DownloadStatic.aspx?id=1#page=26,2026-09-21
terra-croatia.eu,terra-croatia.eu,editorial,web,current_AEM_register,not_restricted; vendor_metadata_only,not_independently_audited,06/23,https://pmu.e-mediji.hr/Forms/Common/DownloadStatic.aspx?id=1#page=45,2026-09-21
terra-vita.eu,terra-vita.eu,editorial,web,current_AEM_register,not_restricted; vendor_metadata_only,not_independently_audited,58/24,https://pmu.e-mediji.hr/Forms/Common/DownloadStatic.aspx?id=1#page=55,2026-09-21
thebestshop.hr,thebestshop.hr,editorial,web,current_AEM_register,not_restricted; vendor_metadata_only,not_independently_audited,50/20,https://pmu.e-mediji.hr/Forms/Common/DownloadStatic.aspx?id=1#page=33,2026-09-21
thedubrovniktimes.com,thedubrovniktimes.com,editorial,web,current_AEM_register,not_restricted; vendor_metadata_only,not_independently_audited,26/18,https://pmu.e-mediji.hr/Forms/Common/DownloadStatic.aspx?id=1#page=22,2026-09-21
tiramola-media.info,tiramola-media.info,editorial,web,current_AEM_register,not_restricted; vendor_metadata_only,not_independently_audited,11/25,https://pmu.e-mediji.hr/Forms/Common/DownloadStatic.aspx?id=1#page=57,2026-09-21
tjedno.hr,tjedno.hr,editorial,web,current_AEM_register,not_restricted; vendor_metadata_only,not_independently_audited,33/18,https://pmu.e-mediji.hr/Forms/Common/DownloadStatic.aspx?id=1#page=23,2026-09-21
tockanai.hr,tockanai.hr,editorial,web,current_AEM_register,not_restricted; vendor_metadata_only,not_independently_audited,46/20,https://pmu.e-mediji.hr/Forms/Common/DownloadStatic.aspx?id=1#page=32,2026-09-21
torpedo.media,torpedo.media,editorial,web,current_AEM_register,not_restricted; vendor_metadata_only,not_independently_audited,23/18,https://pmu.e-mediji.hr/Forms/Common/DownloadStatic.aspx?id=1#page=22,2026-09-21
total-croatia-news.com,total-croatia-news.com,editorial,web,current_AEM_register,not_restricted; vendor_metadata_only,not_independently_audited,60/18,https://pmu.e-mediji.hr/Forms/Common/DownloadStatic.aspx?id=1#page=25,2026-09-21
totalinfo.hr,totalinfo.hr,editorial,web,current_AEM_register,not_restricted; vendor_metadata_only,not_independently_audited,64/16,https://pmu.e-mediji.hr/Forms/Common/DownloadStatic.aspx?id=1#page=16,2026-09-21
tportal.hr,tportal.hr,editorial,web,current_AEM_register,not_restricted; vendor_metadata_only,not_independently_audited,22/11,https://pmu.e-mediji.hr/Forms/Common/DownloadStatic.aspx?id=1#page=1,2026-09-21
tragento.com,tragento.com,editorial,web,current_AEM_register,not_restricted; vendor_metadata_only,not_independently_audited,49/24,https://pmu.e-mediji.hr/Forms/Common/DownloadStatic.aspx?id=1#page=55,2026-09-21
trcanje.hr,trcanje.hr,editorial,web,current_AEM_register,not_restricted; vendor_metadata_only,not_independently_audited,11/21,https://pmu.e-mediji.hr/Forms/Common/DownloadStatic.aspx?id=1#page=34,2026-09-21
trecadob.com,trecadob.com,editorial,web,current_AEM_register,not_restricted; vendor_metadata_only,not_independently_audited,20/19,https://pmu.e-mediji.hr/Forms/Common/DownloadStatic.aspx?id=1#page=27,2026-09-21
trend.com.hr,trend.com.hr,editorial,web,current_AEM_register,not_restricted; vendor_metadata_only,not_independently_audited,46/11,https://pmu.e-mediji.hr/Forms/Common/DownloadStatic.aspx?id=1#page=2,2026-09-21
tris.com.hr,tris.com.hr,editorial,web,current_AEM_register,not_restricted; vendor_metadata_only,not_independently_audited,43/14,https://pmu.e-mediji.hr/Forms/Common/DownloadStatic.aspx?id=1#page=7,2026-09-21
trusty.hr,trusty.hr,editorial,web,current_AEM_register,not_restricted; vendor_metadata_only,not_independently_audited,37/16,https://pmu.e-mediji.hr/Forms/Common/DownloadStatic.aspx?id=1#page=14,2026-09-21
tunera.info,tunera.info,editorial,web,current_AEM_register,not_restricted; vendor_metadata_only,not_independently_audited,10/20,https://pmu.e-mediji.hr/Forms/Common/DownloadStatic.aspx?id=1#page=29,2026-09-21
turistickeprice.hr,turistickeprice.hr,editorial,web,current_AEM_register,not_restricted; vendor_metadata_only,not_independently_audited,13/21,https://pmu.e-mediji.hr/Forms/Common/DownloadStatic.aspx?id=1#page=34,2026-09-21
turizam.media,turizam.media,editorial,web,current_AEM_register,not_restricted; vendor_metadata_only,not_independently_audited,49/23,https://pmu.e-mediji.hr/Forms/Common/DownloadStatic.aspx?id=1#page=50,2026-09-21
turizam365.hr,turizam365.hr,editorial,web,current_AEM_register,not_restricted; vendor_metadata_only,not_independently_audited,24/22,https://pmu.e-mediji.hr/Forms/Common/DownloadStatic.aspx?id=1#page=40,2026-09-21
turizmoteka.hr,turizmoteka.hr,editorial,web,current_AEM_register,not_restricted; vendor_metadata_only,not_independently_audited,63/16,https://pmu.e-mediji.hr/Forms/Common/DownloadStatic.aspx?id=1#page=15,2026-09-21
urbano.hr,urbano.hr,editorial,web,current_AEM_register,not_restricted; vendor_metadata_only,not_independently_audited,60/22,https://pmu.e-mediji.hr/Forms/Common/DownloadStatic.aspx?id=1#page=43,2026-09-21
valpovstina.info,valpovstina.info,editorial,web,current_AEM_register,not_restricted; vendor_metadata_only,not_independently_audited,18/22,https://pmu.e-mediji.hr/Forms/Common/DownloadStatic.aspx?id=1#page=39,2026-09-21
varazdin-express.com.hr,varazdin-express.com.hr,editorial,web,current_AEM_register,not_restricted; vendor_metadata_only,not_independently_audited,5/20,https://pmu.e-mediji.hr/Forms/Common/DownloadStatic.aspx?id=1#page=29,2026-09-21
varazdinske-vijesti.hr,varazdinske-vijesti.hr,editorial,web,current_AEM_register,not_restricted; vendor_metadata_only,not_independently_audited,49/17,https://pmu.e-mediji.hr/Forms/Common/DownloadStatic.aspx?id=1#page=19,2026-09-21
varazdinski-klopotec.eu,varazdinski-klopotec.eu,editorial,web,current_AEM_register,not_restricted; vendor_metadata_only,not_independently_audited,39/24,https://pmu.e-mediji.hr/Forms/Common/DownloadStatic.aspx?id=1#page=54,2026-09-21
varazdinski.net.hr,varazdinski.net.hr,editorial,web,current_AEM_register,not_restricted; vendor_metadata_only,not_independently_audited,54/21,https://pmu.e-mediji.hr/Forms/Common/DownloadStatic.aspx?id=1#page=38,2026-09-21
vatrogastvo.hr,vatrogastvo.hr,editorial,web,current_AEM_register,not_restricted; vendor_metadata_only,not_independently_audited,23/19,https://pmu.e-mediji.hr/Forms/Common/DownloadStatic.aspx?id=1#page=27,2026-09-21
vecernji.hr,vecernji.hr,editorial,web,current_AEM_register,not_restricted; vendor_metadata_only,not_independently_audited,56/11,https://pmu.e-mediji.hr/Forms/Common/DownloadStatic.aspx?id=1#page=2,2026-09-21
velika.info,velika.info,editorial,web,current_AEM_register,not_restricted; vendor_metadata_only,not_independently_audited,02/23,https://pmu.e-mediji.hr/Forms/Common/DownloadStatic.aspx?id=1#page=45,2026-09-21
vgdanas.hr,vgdanas.hr,editorial,web,current_AEM_register,not_restricted; vendor_metadata_only,not_independently_audited,1/18,https://pmu.e-mediji.hr/Forms/Common/DownloadStatic.aspx?id=1#page=20,2026-09-21
vgradu.hr,vgradu.hr,editorial,web,current_AEM_register,not_restricted; vendor_metadata_only,not_independently_audited,19/21,https://pmu.e-mediji.hr/Forms/Common/DownloadStatic.aspx?id=1#page=35,2026-09-21
vidi.hr,vidi.hr,editorial,web,current_AEM_register,not_restricted; vendor_metadata_only,not_independently_audited,58/11,https://pmu.e-mediji.hr/Forms/Common/DownloadStatic.aspx?id=1#page=3,2026-09-21
vigilare.info,vigilare.info,editorial,web,current_AEM_register,not_restricted; vendor_metadata_only,not_independently_audited,24/23,https://pmu.e-mediji.hr/Forms/Common/DownloadStatic.aspx?id=1#page=47,2026-09-21
vinkulja.hr,vinkulja.hr,editorial,web,current_AEM_register,not_restricted; vendor_metadata_only,not_independently_audited,56/20,https://pmu.e-mediji.hr/Forms/Common/DownloadStatic.aspx?id=1#page=33,2026-09-21
virovitica.net,virovitica.net,editorial,web,current_AEM_register,not_restricted; vendor_metadata_only,not_independently_audited,09/23,https://pmu.e-mediji.hr/Forms/Common/DownloadStatic.aspx?id=1#page=45,2026-09-21
vitamini.hr,vitamini.hr,editorial,web,current_AEM_register,not_restricted; vendor_metadata_only,not_independently_audited,05/23,https://pmu.e-mediji.hr/Forms/Common/DownloadStatic.aspx?id=1#page=45,2026-09-21
vizkultura.hr,vizkultura.hr,editorial,web,current_AEM_register,not_restricted; vendor_metadata_only,not_independently_audited,37/14,https://pmu.e-mediji.hr/Forms/Common/DownloadStatic.aspx?id=1#page=7,2026-09-21
vjera.hr,vjera.hr,editorial,web,current_AEM_register,not_restricted; vendor_metadata_only,not_independently_audited,71/22,https://pmu.e-mediji.hr/Forms/Common/DownloadStatic.aspx?id=1#page=44,2026-09-21
vodnjanski.info,vodnjanski.info,editorial,web,current_AEM_register,not_restricted; vendor_metadata_only,not_independently_audited,25/17,https://pmu.e-mediji.hr/Forms/Common/DownloadStatic.aspx?id=1#page=18,2026-09-21
vogueadria.com,vogueadria.com,editorial,web,current_AEM_register,not_restricted; vendor_metadata_only,not_independently_audited,18/24,https://pmu.e-mediji.hr/Forms/Common/DownloadStatic.aspx?id=1#page=52,2026-09-21
volimivanic.info,volimivanic.info,editorial,web,current_AEM_register,not_restricted; vendor_metadata_only,not_independently_audited,27/15,https://pmu.e-mediji.hr/Forms/Common/DownloadStatic.aspx?id=1#page=10,2026-09-21
voxfeminae.net,voxfeminae.net,editorial,web,current_AEM_register,not_restricted; vendor_metadata_only,not_independently_audited,51/14,https://pmu.e-mediji.hr/Forms/Common/DownloadStatic.aspx?id=1#page=8,2026-09-21
vzaktualno.hr,vzaktualno.hr,editorial,web,current_AEM_register,not_restricted; vendor_metadata_only,not_independently_audited,07/23,https://pmu.e-mediji.hr/Forms/Common/DownloadStatic.aspx?id=1#page=45,2026-09-21
wall.hr,wall.hr,editorial,web,current_AEM_register,not_restricted; vendor_metadata_only,not_independently_audited,63/22,https://pmu.e-mediji.hr/Forms/Common/DownloadStatic.aspx?id=1#page=43,2026-09-21
womeninadria.com,womeninadria.com,editorial,web,current_AEM_register,not_restricted; vendor_metadata_only,not_independently_audited,11/15,https://pmu.e-mediji.hr/Forms/Common/DownloadStatic.aspx?id=1#page=9,2026-09-21
xpress.hr,xpress.hr,editorial,web,current_AEM_register,not_restricted; vendor_metadata_only,not_independently_audited,33/23,https://pmu.e-mediji.hr/Forms/Common/DownloadStatic.aspx?id=1#page=48,2026-09-21
zadar.tv,zadar.tv,editorial,web,current_AEM_register,not_restricted; vendor_metadata_only,not_independently_audited,57/20,https://pmu.e-mediji.hr/Forms/Common/DownloadStatic.aspx?id=1#page=33,2026-09-21
zadarnews.hr,zadarnews.hr,editorial,web,current_AEM_register,not_restricted; vendor_metadata_only,not_independently_audited,5/17,https://pmu.e-mediji.hr/Forms/Common/DownloadStatic.aspx?id=1#page=17,2026-09-21
zadarski.slobodnadalmacija.hr,zadarski.slobodnadalmacija.hr,editorial,web,current_AEM_register,not_restricted; vendor_metadata_only,not_independently_audited,14/15,https://pmu.e-mediji.hr/Forms/Common/DownloadStatic.aspx?id=1#page=10,2026-09-21
zadarskilist.novilist.hr,zadarskilist.novilist.hr,editorial,web,current_AEM_register,not_restricted; vendor_metadata_only,not_independently_audited,10/19,https://pmu.e-mediji.hr/Forms/Common/DownloadStatic.aspx?id=1#page=26,2026-09-21
zadarskiportal.com,zadarskiportal.com,editorial,web,current_AEM_register,not_restricted; vendor_metadata_only,not_independently_audited,37/23,https://pmu.e-mediji.hr/Forms/Common/DownloadStatic.aspx?id=1#page=49,2026-09-21
zadarskitjednik.hr,zadarskitjednik.hr,editorial,web,current_AEM_register,not_restricted; vendor_metadata_only,not_independently_audited,55/22,https://pmu.e-mediji.hr/Forms/Common/DownloadStatic.aspx?id=1#page=43,2026-09-21
zadovoljna.dnevnik.hr,zadovoljna.dnevnik.hr,editorial,web,current_AEM_register,not_restricted; vendor_metadata_only,not_independently_audited,29/20,https://pmu.e-mediji.hr/Forms/Common/DownloadStatic.aspx?id=1#page=31,2026-09-21
zagorje-international.net.hr,zagorje-international.net.hr,editorial,web,current_AEM_register,not_restricted; vendor_metadata_only,not_independently_audited,22/16,https://pmu.e-mediji.hr/Forms/Common/DownloadStatic.aspx?id=1#page=13,2026-09-21
zagorje.com,zagorje.com,editorial,web,current_AEM_register,not_restricted; vendor_metadata_only,not_independently_audited,18/17,https://pmu.e-mediji.hr/Forms/Common/DownloadStatic.aspx?id=1#page=17,2026-09-21
zagreb.in,zagreb.in,editorial,web,current_AEM_register,not_restricted; vendor_metadata_only,not_independently_audited,28/19,https://pmu.e-mediji.hr/Forms/Common/DownloadStatic.aspx?id=1#page=27,2026-09-21
zagreb.info,zagreb.info,editorial,web,current_AEM_register,not_restricted; vendor_metadata_only,not_independently_audited,16/18,https://pmu.e-mediji.hr/Forms/Common/DownloadStatic.aspx?id=1#page=21,2026-09-21
zagrebancija.com,zagrebancija.com,editorial,web,current_AEM_register,not_restricted; vendor_metadata_only,not_independently_audited,35/12,https://pmu.e-mediji.hr/Forms/Common/DownloadStatic.aspx?id=1#page=4,2026-09-21
zagrebi.hr,zagrebi.hr,editorial,web,current_AEM_register,not_restricted; vendor_metadata_only,not_independently_audited,22/22,https://pmu.e-mediji.hr/Forms/Common/DownloadStatic.aspx?id=1#page=40,2026-09-21
zamaaero.com,zamaaero.com,editorial,web,current_AEM_register,not_restricted; vendor_metadata_only,not_independently_audited,19/25,https://pmu.e-mediji.hr/Forms/Common/DownloadStatic.aspx?id=1#page=57,2026-09-21
zapadno.hr,zapadno.hr,editorial,web,current_AEM_register,not_restricted; vendor_metadata_only,not_independently_audited,27/23,https://pmu.e-mediji.hr/Forms/Common/DownloadStatic.aspx?id=1#page=48,2026-09-21
zaposlena.hr,zaposlena.hr,editorial,web,current_AEM_register,not_restricted; vendor_metadata_only,not_independently_audited,13/19,https://pmu.e-mediji.hr/Forms/Common/DownloadStatic.aspx?id=1#page=26,2026-09-21
zastita.info,zastita.info,editorial,web,current_AEM_register,not_restricted; vendor_metadata_only,not_independently_audited,36/20,https://pmu.e-mediji.hr/Forms/Common/DownloadStatic.aspx?id=1#page=31,2026-09-21
zazubice.com,zazubice.com,editorial,web,current_AEM_register,not_restricted; vendor_metadata_only,not_independently_audited,8/19,https://pmu.e-mediji.hr/Forms/Common/DownloadStatic.aspx?id=1#page=26,2026-09-21
zena.rtl.hr,zena.rtl.hr,editorial,web,current_AEM_register,not_restricted; vendor_metadata_only,not_independently_audited,23/11,https://pmu.e-mediji.hr/Forms/Common/DownloadStatic.aspx?id=1#page=1,2026-09-21
zene-domovinski-rat.hr,zene-domovinski-rat.hr,editorial,web,current_AEM_register,not_restricted; vendor_metadata_only,not_independently_audited,30/22,https://pmu.e-mediji.hr/Forms/Common/DownloadStatic.aspx?id=1#page=41,2026-09-21
zenskirecenziraj.com,zenskirecenziraj.com,editorial,web,current_AEM_register,not_restricted; vendor_metadata_only,not_independently_audited,13/25,https://pmu.e-mediji.hr/Forms/Common/DownloadStatic.aspx?id=1#page=57,2026-09-21
zgexpress.net,zgexpress.net,editorial,web,current_AEM_register,not_restricted; vendor_metadata_only,not_independently_audited,32/19,https://pmu.e-mediji.hr/Forms/Common/DownloadStatic.aspx?id=1#page=28,2026-09-21
zgkult.eu,zgkult.eu,editorial,web,current_AEM_register,not_restricted; vendor_metadata_only,not_independently_audited,50/18,https://pmu.e-mediji.hr/Forms/Common/DownloadStatic.aspx?id=1#page=24,2026-09-21
zgnogomet.com,zgnogomet.com,editorial,web,current_AEM_register,not_restricted; vendor_metadata_only,not_independently_audited,61/22,https://pmu.e-mediji.hr/Forms/Common/DownloadStatic.aspx?id=1#page=43,2026-09-21
zgprsten.hr,zgprsten.hr,editorial,web,current_AEM_register,not_restricted; vendor_metadata_only,not_independently_audited,3/18,https://pmu.e-mediji.hr/Forms/Common/DownloadStatic.aspx?id=1#page=20,2026-09-21
ziher.hr,ziher.hr,editorial,web,current_AEM_register,not_restricted; vendor_metadata_only,not_independently_audited,29/14,https://pmu.e-mediji.hr/Forms/Common/DownloadStatic.aspx?id=1#page=6,2026-09-21
zimo.dnevnik.hr,zimo.dnevnik.hr,editorial,web,current_AEM_register,not_restricted; vendor_metadata_only,not_independently_audited,28/20,https://pmu.e-mediji.hr/Forms/Common/DownloadStatic.aspx?id=1#page=31,2026-09-21
zip.com.hr,zip.com.hr,editorial,web,current_AEM_register,not_restricted; vendor_metadata_only,not_independently_audited,50/22,https://pmu.e-mediji.hr/Forms/Common/DownloadStatic.aspx?id=1#page=42,2026-09-21
zivim.hr,zivim.hr,editorial,web,current_AEM_register,not_restricted; vendor_metadata_only,not_independently_audited,33/16,https://pmu.e-mediji.hr/Forms/Common/DownloadStatic.aspx?id=1#page=14,2026-09-21
zmaj.info,zmaj.info,editorial,web,current_AEM_register,not_restricted; vendor_metadata_only,not_independently_audited,16/25,https://pmu.e-mediji.hr/Forms/Common/DownloadStatic.aspx?id=1#page=57,2026-09-21
znet.hr,znet.hr,editorial,web,current_AEM_register,not_restricted; vendor_metadata_only,not_independently_audited,11/12,https://pmu.e-mediji.hr/Forms/Common/DownloadStatic.aspx?id=1#page=3,2026-09-21
zupan.hr,zupan.hr,editorial,web,current_AEM_register,not_restricted; vendor_metadata_only,not_independently_audited,5/22,https://pmu.e-mediji.hr/Forms/Common/DownloadStatic.aspx?id=1#page=38,2026-09-21
zupanet.hr,zupanet.hr,editorial,web,current_AEM_register,not_restricted; vendor_metadata_only,not_independently_audited,21/22,https://pmu.e-mediji.hr/Forms/Common/DownloadStatic.aspx?id=1#page=40,2026-09-21
zupcica.hr,zupcica.hr,editorial,web,current_AEM_register,not_restricted; vendor_metadata_only,not_independently_audited,42/21,https://pmu.e-mediji.hr/Forms/Common/DownloadStatic.aspx?id=1#page=36,2026-09-21
zupskiportal.hr,zupskiportal.hr,editorial,web,current_AEM_register,not_restricted; vendor_metadata_only,not_independently_audited,49/22,https://pmu.e-mediji.hr/Forms/Common/DownloadStatic.aspx?id=1#page=42,2026-09-21
hnb.hr,hnb.hr,hnb_own,web,institutional_own,not_restricted; vendor_metadata_only,HNB,,https://www.hnb.hr/,2026-09-21
